utt_id,audio_path,emotion,session,gender,duration_s
Ses01F_impro01_F000,/mnt/ddn/kyudan/IEMOCAP/data/Ses01F_impro01_F000.wav,neutral,Ses01,F,1.946
Ses01F_impro01_F001,/mnt/ddn/kyudan/IEMOCAP/data/Ses01F_impro01_F001.wav,neutral,Ses01,F,1.382
Ses01F_impro01_F002,/mnt/ddn/kyudan/IEMOCAP/data/Ses01F_impro01_F002.wav,neutral,Ses01,F,3.13
Ses01F_impro01_F003,/mnt/ddn/kyudan/IEMOCAP/data/Ses01F_impro01_F003.wav,neutral,Ses01,F,1.498
Ses01F_impro01_F004,/mnt/ddn/kyudan/IEMOCAP/data/Ses01F_impro01_F004.wav,neutral,Ses01,F,3.414
Ses01F_impro01_F005,/mnt/ddn/kyudan/IEMOCAP/data/Ses01F_impro01_F005.wav,neutral,Ses01,F,4.03
Ses01F_impro01_F012,/mnt/ddn/kyudan/IEMOCAP/data/Ses01F_impro01_F012.wav,angry,Ses01,F,2.75
Ses01F_impro01_F014,/mnt/ddn/kyudan/IEMOCAP/data/Ses01F_impro01_F014.wav,neutral,Ses01,F,5.07
Ses01F_impro01_M011,/mnt/ddn/kyudan/IEMOCAP/data/Ses01F_impro01_M011.wav,angry,Ses01,M,7.24
Ses01F_impro01_M013,/mnt/ddn/kyudan/IEMOCAP/data/Ses01F_impro01_M013.wav,angry,Ses01,M,6.03
Ses01F_impro02_F000,/mnt/ddn/kyudan/IEMOCAP/data/Ses01F_impro02_F000.wav,sad,Ses01,F,9.331
Ses01F_impro02_F001,/mnt/ddn/kyudan/IEMOCAP/data/Ses01F_impro02_F001.wav,sad,Ses01,F,2.93
Ses01F_impro02_F002,/mnt/ddn/kyudan/IEMOCAP/data/Ses01F_impro02_F002.wav,sad,Ses01,F,5.723
Ses01F_impro02_F003,/mnt/ddn/kyudan/IEMOCAP/data/Ses01F_impro02_F003.wav,neutral,Ses01,F,5.652
Ses01F_impro02_F004,/mnt/ddn/kyudan/IEMOCAP/data/Ses01F_impro02_F004.wav,sad,Ses01,F,5.77
Ses01F_impro02_F005,/mnt/ddn/kyudan/IEMOCAP/data/Ses01F_impro02_F005.wav,sad,Ses01,F,2.56
Ses01F_impro02_F006,/mnt/ddn/kyudan/IEMOCAP/data/Ses01F_impro02_F006.wav,neutral,Ses01,F,4.215
Ses01F_impro02_F007,/mnt/ddn/kyudan/IEMOCAP/data/Ses01F_impro02_F007.wav,sad,Ses01,F,6.18
Ses01F_impro02_F008,/mnt/ddn/kyudan/IEMOCAP/data/Ses01F_impro02_F008.wav,sad,Ses01,F,3.887
Ses01F_impro02_F009,/mnt/ddn/kyudan/IEMOCAP/data/Ses01F_impro02_F009.wav,sad,Ses01,F,4.33
Ses01F_impro02_F010,/mnt/ddn/kyudan/IEMOCAP/data/Ses01F_impro02_F010.wav,sad,Ses01,F,4.25
Ses01F_impro02_F011,/mnt/ddn/kyudan/IEMOCAP/data/Ses01F_impro02_F011.wav,sad,Ses01,F,3.335
Ses01F_impro02_F012,/mnt/ddn/kyudan/IEMOCAP/data/Ses01F_impro02_F012.wav,sad,Ses01,F,3.03
Ses01F_impro02_F013,/mnt/ddn/kyudan/IEMOCAP/data/Ses01F_impro02_F013.wav,sad,Ses01,F,6.125
Ses01F_impro02_F014,/mnt/ddn/kyudan/IEMOCAP/data/Ses01F_impro02_F014.wav,sad,Ses01,F,7.4
Ses01F_impro02_F015,/mnt/ddn/kyudan/IEMOCAP/data/Ses01F_impro02_F015.wav,sad,Ses01,F,3.588
Ses01F_impro02_F016,/mnt/ddn/kyudan/IEMOCAP/data/Ses01F_impro02_F016.wav,neutral,Ses01,F,2.19
Ses01F_impro02_F017,/mnt/ddn/kyudan/IEMOCAP/data/Ses01F_impro02_F017.wav,sad,Ses01,F,6.655
Ses01F_impro02_F018,/mnt/ddn/kyudan/IEMOCAP/data/Ses01F_impro02_F018.wav,neutral,Ses01,F,3.05
Ses01F_impro02_F019,/mnt/ddn/kyudan/IEMOCAP/data/Ses01F_impro02_F019.wav,sad,Ses01,F,3.059
Ses01F_impro02_F020,/mnt/ddn/kyudan/IEMOCAP/data/Ses01F_impro02_F020.wav,sad,Ses01,F,4.53
Ses01F_impro02_M000,/mnt/ddn/kyudan/IEMOCAP/data/Ses01F_impro02_M000.wav,sad,Ses01,M,3.026
Ses01F_impro02_M001,/mnt/ddn/kyudan/IEMOCAP/data/Ses01F_impro02_M001.wav,sad,Ses01,M,5.796
Ses01F_impro02_M004,/mnt/ddn/kyudan/IEMOCAP/data/Ses01F_impro02_M004.wav,sad,Ses01,M,3.305
Ses01F_impro02_M005,/mnt/ddn/kyudan/IEMOCAP/data/Ses01F_impro02_M005.wav,sad,Ses01,M,4.95
Ses01F_impro02_M006,/mnt/ddn/kyudan/IEMOCAP/data/Ses01F_impro02_M006.wav,sad,Ses01,M,6.96
Ses01F_impro02_M007,/mnt/ddn/kyudan/IEMOCAP/data/Ses01F_impro02_M007.wav,angry,Ses01,M,3.83
Ses01F_impro02_M009,/mnt/ddn/kyudan/IEMOCAP/data/Ses01F_impro02_M009.wav,sad,Ses01,M,3.672
Ses01F_impro02_M010,/mnt/ddn/kyudan/IEMOCAP/data/Ses01F_impro02_M010.wav,sad,Ses01,M,4.219
Ses01F_impro02_M011,/mnt/ddn/kyudan/IEMOCAP/data/Ses01F_impro02_M011.wav,sad,Ses01,M,3.22
Ses01F_impro02_M012,/mnt/ddn/kyudan/IEMOCAP/data/Ses01F_impro02_M012.wav,neutral,Ses01,M,4.68
Ses01F_impro02_M013,/mnt/ddn/kyudan/IEMOCAP/data/Ses01F_impro02_M013.wav,sad,Ses01,M,4.73
Ses01F_impro02_M014,/mnt/ddn/kyudan/IEMOCAP/data/Ses01F_impro02_M014.wav,sad,Ses01,M,4.615
Ses01F_impro02_M015,/mnt/ddn/kyudan/IEMOCAP/data/Ses01F_impro02_M015.wav,neutral,Ses01,M,1.25
Ses01F_impro03_F000,/mnt/ddn/kyudan/IEMOCAP/data/Ses01F_impro03_F000.wav,happy,Ses01,F,2.86
Ses01F_impro03_F001,/mnt/ddn/kyudan/IEMOCAP/data/Ses01F_impro03_F001.wav,happy,Ses01,F,3.44
Ses01F_impro03_F002,/mnt/ddn/kyudan/IEMOCAP/data/Ses01F_impro03_F002.wav,happy,Ses01,F,2.57
Ses01F_impro03_F003,/mnt/ddn/kyudan/IEMOCAP/data/Ses01F_impro03_F003.wav,happy,Ses01,F,4.617
Ses01F_impro03_F004,/mnt/ddn/kyudan/IEMOCAP/data/Ses01F_impro03_F004.wav,happy,Ses01,F,3.77
Ses01F_impro03_F005,/mnt/ddn/kyudan/IEMOCAP/data/Ses01F_impro03_F005.wav,happy,Ses01,F,2.582
Ses01F_impro03_F006,/mnt/ddn/kyudan/IEMOCAP/data/Ses01F_impro03_F006.wav,happy,Ses01,F,6.34
Ses01F_impro03_F007,/mnt/ddn/kyudan/IEMOCAP/data/Ses01F_impro03_F007.wav,happy,Ses01,F,4.465
Ses01F_impro03_F008,/mnt/ddn/kyudan/IEMOCAP/data/Ses01F_impro03_F008.wav,happy,Ses01,F,2.67
Ses01F_impro03_F009,/mnt/ddn/kyudan/IEMOCAP/data/Ses01F_impro03_F009.wav,happy,Ses01,F,1.7
Ses01F_impro03_F010,/mnt/ddn/kyudan/IEMOCAP/data/Ses01F_impro03_F010.wav,happy,Ses01,F,3.205
Ses01F_impro03_F011,/mnt/ddn/kyudan/IEMOCAP/data/Ses01F_impro03_F011.wav,happy,Ses01,F,2.132
Ses01F_impro03_F012,/mnt/ddn/kyudan/IEMOCAP/data/Ses01F_impro03_F012.wav,happy,Ses01,F,2.285
Ses01F_impro03_F013,/mnt/ddn/kyudan/IEMOCAP/data/Ses01F_impro03_F013.wav,happy,Ses01,F,5.13
Ses01F_impro03_F014,/mnt/ddn/kyudan/IEMOCAP/data/Ses01F_impro03_F014.wav,happy,Ses01,F,5.74
Ses01F_impro03_F015,/mnt/ddn/kyudan/IEMOCAP/data/Ses01F_impro03_F015.wav,happy,Ses01,F,4.575
Ses01F_impro03_F016,/mnt/ddn/kyudan/IEMOCAP/data/Ses01F_impro03_F016.wav,happy,Ses01,F,2.052
Ses01F_impro03_F017,/mnt/ddn/kyudan/IEMOCAP/data/Ses01F_impro03_F017.wav,neutral,Ses01,F,2.982
Ses01F_impro03_F018,/mnt/ddn/kyudan/IEMOCAP/data/Ses01F_impro03_F018.wav,neutral,Ses01,F,2.922
Ses01F_impro03_F019,/mnt/ddn/kyudan/IEMOCAP/data/Ses01F_impro03_F019.wav,neutral,Ses01,F,1.42
Ses01F_impro03_F020,/mnt/ddn/kyudan/IEMOCAP/data/Ses01F_impro03_F020.wav,happy,Ses01,F,1.38
Ses01F_impro03_F021,/mnt/ddn/kyudan/IEMOCAP/data/Ses01F_impro03_F021.wav,happy,Ses01,F,5.46
Ses01F_impro03_F022,/mnt/ddn/kyudan/IEMOCAP/data/Ses01F_impro03_F022.wav,neutral,Ses01,F,2.252
Ses01F_impro03_F023,/mnt/ddn/kyudan/IEMOCAP/data/Ses01F_impro03_F023.wav,neutral,Ses01,F,0.842
Ses01F_impro03_F024,/mnt/ddn/kyudan/IEMOCAP/data/Ses01F_impro03_F024.wav,happy,Ses01,F,4.402
Ses01F_impro03_F025,/mnt/ddn/kyudan/IEMOCAP/data/Ses01F_impro03_F025.wav,happy,Ses01,F,3.93
Ses01F_impro03_F026,/mnt/ddn/kyudan/IEMOCAP/data/Ses01F_impro03_F026.wav,happy,Ses01,F,6.01
Ses01F_impro03_M000,/mnt/ddn/kyudan/IEMOCAP/data/Ses01F_impro03_M000.wav,neutral,Ses01,M,2.22
Ses01F_impro03_M001,/mnt/ddn/kyudan/IEMOCAP/data/Ses01F_impro03_M001.wav,neutral,Ses01,M,2.06
Ses01F_impro03_M003,/mnt/ddn/kyudan/IEMOCAP/data/Ses01F_impro03_M003.wav,happy,Ses01,M,3.978
Ses01F_impro03_M004,/mnt/ddn/kyudan/IEMOCAP/data/Ses01F_impro03_M004.wav,happy,Ses01,M,2.577
Ses01F_impro03_M005,/mnt/ddn/kyudan/IEMOCAP/data/Ses01F_impro03_M005.wav,happy,Ses01,M,2.37
Ses01F_impro03_M006,/mnt/ddn/kyudan/IEMOCAP/data/Ses01F_impro03_M006.wav,neutral,Ses01,M,2.09
Ses01F_impro03_M007,/mnt/ddn/kyudan/IEMOCAP/data/Ses01F_impro03_M007.wav,happy,Ses01,M,2.752
Ses01F_impro03_M008,/mnt/ddn/kyudan/IEMOCAP/data/Ses01F_impro03_M008.wav,neutral,Ses01,M,1.32
Ses01F_impro03_M009,/mnt/ddn/kyudan/IEMOCAP/data/Ses01F_impro03_M009.wav,neutral,Ses01,M,4.91
Ses01F_impro03_M010,/mnt/ddn/kyudan/IEMOCAP/data/Ses01F_impro03_M010.wav,happy,Ses01,M,2.82
Ses01F_impro03_M011,/mnt/ddn/kyudan/IEMOCAP/data/Ses01F_impro03_M011.wav,neutral,Ses01,M,3.93
Ses01F_impro03_M012,/mnt/ddn/kyudan/IEMOCAP/data/Ses01F_impro03_M012.wav,happy,Ses01,M,3.915
Ses01F_impro03_M013,/mnt/ddn/kyudan/IEMOCAP/data/Ses01F_impro03_M013.wav,happy,Ses01,M,2.797
Ses01F_impro03_M014,/mnt/ddn/kyudan/IEMOCAP/data/Ses01F_impro03_M014.wav,happy,Ses01,M,3.587
Ses01F_impro03_M015,/mnt/ddn/kyudan/IEMOCAP/data/Ses01F_impro03_M015.wav,happy,Ses01,M,2.18
Ses01F_impro03_M016,/mnt/ddn/kyudan/IEMOCAP/data/Ses01F_impro03_M016.wav,neutral,Ses01,M,1.805
Ses01F_impro03_M019,/mnt/ddn/kyudan/IEMOCAP/data/Ses01F_impro03_M019.wav,neutral,Ses01,M,4.79
Ses01F_impro03_M020,/mnt/ddn/kyudan/IEMOCAP/data/Ses01F_impro03_M020.wav,neutral,Ses01,M,4.62
Ses01F_impro03_M021,/mnt/ddn/kyudan/IEMOCAP/data/Ses01F_impro03_M021.wav,neutral,Ses01,M,2.68
Ses01F_impro03_M022,/mnt/ddn/kyudan/IEMOCAP/data/Ses01F_impro03_M022.wav,happy,Ses01,M,1.66
Ses01F_impro03_M023,/mnt/ddn/kyudan/IEMOCAP/data/Ses01F_impro03_M023.wav,happy,Ses01,M,3.69
Ses01F_impro03_M024,/mnt/ddn/kyudan/IEMOCAP/data/Ses01F_impro03_M024.wav,neutral,Ses01,M,2.22
Ses01F_impro04_F000,/mnt/ddn/kyudan/IEMOCAP/data/Ses01F_impro04_F000.wav,neutral,Ses01,F,4.394
Ses01F_impro04_F001,/mnt/ddn/kyudan/IEMOCAP/data/Ses01F_impro04_F001.wav,neutral,Ses01,F,4.405
Ses01F_impro04_F005,/mnt/ddn/kyudan/IEMOCAP/data/Ses01F_impro04_F005.wav,neutral,Ses01,F,2.41
Ses01F_impro04_F006,/mnt/ddn/kyudan/IEMOCAP/data/Ses01F_impro04_F006.wav,neutral,Ses01,F,3.557
Ses01F_impro04_F009,/mnt/ddn/kyudan/IEMOCAP/data/Ses01F_impro04_F009.wav,neutral,Ses01,F,1.384
Ses01F_impro04_F010,/mnt/ddn/kyudan/IEMOCAP/data/Ses01F_impro04_F010.wav,neutral,Ses01,F,5.85
Ses01F_impro04_F013,/mnt/ddn/kyudan/IEMOCAP/data/Ses01F_impro04_F013.wav,neutral,Ses01,F,4.237
Ses01F_impro04_F014,/mnt/ddn/kyudan/IEMOCAP/data/Ses01F_impro04_F014.wav,neutral,Ses01,F,1.49
Ses01F_impro04_F020,/mnt/ddn/kyudan/IEMOCAP/data/Ses01F_impro04_F020.wav,angry,Ses01,F,7.53
Ses01F_impro04_F028,/mnt/ddn/kyudan/IEMOCAP/data/Ses01F_impro04_F028.wav,angry,Ses01,F,2.01
Ses01F_impro04_F029,/mnt/ddn/kyudan/IEMOCAP/data/Ses01F_impro04_F029.wav,angry,Ses01,F,3.16
Ses01F_impro04_F030,/mnt/ddn/kyudan/IEMOCAP/data/Ses01F_impro04_F030.wav,angry,Ses01,F,3.185
Ses01F_impro04_F031,/mnt/ddn/kyudan/IEMOCAP/data/Ses01F_impro04_F031.wav,angry,Ses01,F,4.4
Ses01F_impro04_F032,/mnt/ddn/kyudan/IEMOCAP/data/Ses01F_impro04_F032.wav,angry,Ses01,F,2.9
Ses01F_impro04_F033,/mnt/ddn/kyudan/IEMOCAP/data/Ses01F_impro04_F033.wav,angry,Ses01,F,5.845
Ses01F_impro04_M000,/mnt/ddn/kyudan/IEMOCAP/data/Ses01F_impro04_M000.wav,neutral,Ses01,M,3.916
Ses01F_impro04_M001,/mnt/ddn/kyudan/IEMOCAP/data/Ses01F_impro04_M001.wav,neutral,Ses01,M,1.67
Ses01F_impro04_M002,/mnt/ddn/kyudan/IEMOCAP/data/Ses01F_impro04_M002.wav,neutral,Ses01,M,3.26
Ses01F_impro04_M003,/mnt/ddn/kyudan/IEMOCAP/data/Ses01F_impro04_M003.wav,neutral,Ses01,M,1.8
Ses01F_impro04_M004,/mnt/ddn/kyudan/IEMOCAP/data/Ses01F_impro04_M004.wav,neutral,Ses01,M,4.642
Ses01F_impro04_M005,/mnt/ddn/kyudan/IEMOCAP/data/Ses01F_impro04_M005.wav,neutral,Ses01,M,3.34
Ses01F_impro04_M006,/mnt/ddn/kyudan/IEMOCAP/data/Ses01F_impro04_M006.wav,neutral,Ses01,M,3.036
Ses01F_impro04_M007,/mnt/ddn/kyudan/IEMOCAP/data/Ses01F_impro04_M007.wav,neutral,Ses01,M,1.19
Ses01F_impro04_M008,/mnt/ddn/kyudan/IEMOCAP/data/Ses01F_impro04_M008.wav,neutral,Ses01,M,1.12
Ses01F_impro04_M009,/mnt/ddn/kyudan/IEMOCAP/data/Ses01F_impro04_M009.wav,neutral,Ses01,M,2.674
Ses01F_impro04_M010,/mnt/ddn/kyudan/IEMOCAP/data/Ses01F_impro04_M010.wav,neutral,Ses01,M,1.75
Ses01F_impro04_M011,/mnt/ddn/kyudan/IEMOCAP/data/Ses01F_impro04_M011.wav,neutral,Ses01,M,3.8
Ses01F_impro04_M012,/mnt/ddn/kyudan/IEMOCAP/data/Ses01F_impro04_M012.wav,neutral,Ses01,M,2.346
Ses01F_impro04_M013,/mnt/ddn/kyudan/IEMOCAP/data/Ses01F_impro04_M013.wav,neutral,Ses01,M,3.403
Ses01F_impro04_M014,/mnt/ddn/kyudan/IEMOCAP/data/Ses01F_impro04_M014.wav,neutral,Ses01,M,7.666
Ses01F_impro04_M015,/mnt/ddn/kyudan/IEMOCAP/data/Ses01F_impro04_M015.wav,neutral,Ses01,M,6.9
Ses01F_impro04_M016,/mnt/ddn/kyudan/IEMOCAP/data/Ses01F_impro04_M016.wav,neutral,Ses01,M,2.985
Ses01F_impro04_M017,/mnt/ddn/kyudan/IEMOCAP/data/Ses01F_impro04_M017.wav,neutral,Ses01,M,2.81
Ses01F_impro04_M018,/mnt/ddn/kyudan/IEMOCAP/data/Ses01F_impro04_M018.wav,neutral,Ses01,M,6.065
Ses01F_impro04_M019,/mnt/ddn/kyudan/IEMOCAP/data/Ses01F_impro04_M019.wav,neutral,Ses01,M,1.31
Ses01F_impro04_M020,/mnt/ddn/kyudan/IEMOCAP/data/Ses01F_impro04_M020.wav,neutral,Ses01,M,1.92
Ses01F_impro04_M021,/mnt/ddn/kyudan/IEMOCAP/data/Ses01F_impro04_M021.wav,neutral,Ses01,M,9.73
Ses01F_impro04_M022,/mnt/ddn/kyudan/IEMOCAP/data/Ses01F_impro04_M022.wav,neutral,Ses01,M,2.3
Ses01F_impro04_M023,/mnt/ddn/kyudan/IEMOCAP/data/Ses01F_impro04_M023.wav,neutral,Ses01,M,4.597
Ses01F_impro04_M024,/mnt/ddn/kyudan/IEMOCAP/data/Ses01F_impro04_M024.wav,neutral,Ses01,M,2.19
Ses01F_impro04_M025,/mnt/ddn/kyudan/IEMOCAP/data/Ses01F_impro04_M025.wav,neutral,Ses01,M,3.2
Ses01F_impro04_M026,/mnt/ddn/kyudan/IEMOCAP/data/Ses01F_impro04_M026.wav,neutral,Ses01,M,2.4
Ses01F_impro04_M027,/mnt/ddn/kyudan/IEMOCAP/data/Ses01F_impro04_M027.wav,neutral,Ses01,M,2.663
Ses01F_impro04_M028,/mnt/ddn/kyudan/IEMOCAP/data/Ses01F_impro04_M028.wav,neutral,Ses01,M,1.24
Ses01F_impro04_M031,/mnt/ddn/kyudan/IEMOCAP/data/Ses01F_impro04_M031.wav,neutral,Ses01,M,2.862
Ses01F_impro04_M032,/mnt/ddn/kyudan/IEMOCAP/data/Ses01F_impro04_M032.wav,neutral,Ses01,M,2.72
Ses01F_impro05_F006,/mnt/ddn/kyudan/IEMOCAP/data/Ses01F_impro05_F006.wav,angry,Ses01,F,1.67
Ses01F_impro05_F008,/mnt/ddn/kyudan/IEMOCAP/data/Ses01F_impro05_F008.wav,angry,Ses01,F,2.12
Ses01F_impro05_F009,/mnt/ddn/kyudan/IEMOCAP/data/Ses01F_impro05_F009.wav,angry,Ses01,F,7.32
Ses01F_impro05_F010,/mnt/ddn/kyudan/IEMOCAP/data/Ses01F_impro05_F010.wav,angry,Ses01,F,4.21
Ses01F_impro05_F011,/mnt/ddn/kyudan/IEMOCAP/data/Ses01F_impro05_F011.wav,angry,Ses01,F,1.667
Ses01F_impro05_F012,/mnt/ddn/kyudan/IEMOCAP/data/Ses01F_impro05_F012.wav,angry,Ses01,F,5.12
Ses01F_impro05_F013,/mnt/ddn/kyudan/IEMOCAP/data/Ses01F_impro05_F013.wav,angry,Ses01,F,3.31
Ses01F_impro05_F014,/mnt/ddn/kyudan/IEMOCAP/data/Ses01F_impro05_F014.wav,angry,Ses01,F,3.38
Ses01F_impro05_F015,/mnt/ddn/kyudan/IEMOCAP/data/Ses01F_impro05_F015.wav,angry,Ses01,F,15.495
Ses01F_impro05_F016,/mnt/ddn/kyudan/IEMOCAP/data/Ses01F_impro05_F016.wav,angry,Ses01,F,3.91
Ses01F_impro05_F017,/mnt/ddn/kyudan/IEMOCAP/data/Ses01F_impro05_F017.wav,angry,Ses01,F,9.365
Ses01F_impro05_F018,/mnt/ddn/kyudan/IEMOCAP/data/Ses01F_impro05_F018.wav,angry,Ses01,F,2.395
Ses01F_impro05_F019,/mnt/ddn/kyudan/IEMOCAP/data/Ses01F_impro05_F019.wav,angry,Ses01,F,5.375
Ses01F_impro05_F020,/mnt/ddn/kyudan/IEMOCAP/data/Ses01F_impro05_F020.wav,angry,Ses01,F,4.435
Ses01F_impro05_F021,/mnt/ddn/kyudan/IEMOCAP/data/Ses01F_impro05_F021.wav,angry,Ses01,F,4.76
Ses01F_impro05_F022,/mnt/ddn/kyudan/IEMOCAP/data/Ses01F_impro05_F022.wav,angry,Ses01,F,3.387
Ses01F_impro05_F023,/mnt/ddn/kyudan/IEMOCAP/data/Ses01F_impro05_F023.wav,angry,Ses01,F,1.92
Ses01F_impro05_F024,/mnt/ddn/kyudan/IEMOCAP/data/Ses01F_impro05_F024.wav,angry,Ses01,F,1.38
Ses01F_impro05_F025,/mnt/ddn/kyudan/IEMOCAP/data/Ses01F_impro05_F025.wav,angry,Ses01,F,3.11
Ses01F_impro05_F026,/mnt/ddn/kyudan/IEMOCAP/data/Ses01F_impro05_F026.wav,angry,Ses01,F,1.488
Ses01F_impro05_F027,/mnt/ddn/kyudan/IEMOCAP/data/Ses01F_impro05_F027.wav,angry,Ses01,F,4.625
Ses01F_impro05_F028,/mnt/ddn/kyudan/IEMOCAP/data/Ses01F_impro05_F028.wav,angry,Ses01,F,2.118
Ses01F_impro05_F029,/mnt/ddn/kyudan/IEMOCAP/data/Ses01F_impro05_F029.wav,angry,Ses01,F,3.95
Ses01F_impro05_F030,/mnt/ddn/kyudan/IEMOCAP/data/Ses01F_impro05_F030.wav,angry,Ses01,F,3.31
Ses01F_impro05_M000,/mnt/ddn/kyudan/IEMOCAP/data/Ses01F_impro05_M000.wav,neutral,Ses01,M,1.58
Ses01F_impro05_M001,/mnt/ddn/kyudan/IEMOCAP/data/Ses01F_impro05_M001.wav,happy,Ses01,M,1.23
Ses01F_impro05_M002,/mnt/ddn/kyudan/IEMOCAP/data/Ses01F_impro05_M002.wav,happy,Ses01,M,1.11
Ses01F_impro05_M003,/mnt/ddn/kyudan/IEMOCAP/data/Ses01F_impro05_M003.wav,neutral,Ses01,M,1.48
Ses01F_impro05_M004,/mnt/ddn/kyudan/IEMOCAP/data/Ses01F_impro05_M004.wav,neutral,Ses01,M,1.52
Ses01F_impro05_M005,/mnt/ddn/kyudan/IEMOCAP/data/Ses01F_impro05_M005.wav,neutral,Ses01,M,4.06
Ses01F_impro05_M006,/mnt/ddn/kyudan/IEMOCAP/data/Ses01F_impro05_M006.wav,neutral,Ses01,M,1.737
Ses01F_impro05_M007,/mnt/ddn/kyudan/IEMOCAP/data/Ses01F_impro05_M007.wav,neutral,Ses01,M,5.853
Ses01F_impro05_M008,/mnt/ddn/kyudan/IEMOCAP/data/Ses01F_impro05_M008.wav,neutral,Ses01,M,1.82
Ses01F_impro05_M009,/mnt/ddn/kyudan/IEMOCAP/data/Ses01F_impro05_M009.wav,neutral,Ses01,M,5.85
Ses01F_impro05_M010,/mnt/ddn/kyudan/IEMOCAP/data/Ses01F_impro05_M010.wav,neutral,Ses01,M,6.11
Ses01F_impro05_M011,/mnt/ddn/kyudan/IEMOCAP/data/Ses01F_impro05_M011.wav,neutral,Ses01,M,20.29
Ses01F_impro05_M012,/mnt/ddn/kyudan/IEMOCAP/data/Ses01F_impro05_M012.wav,neutral,Ses01,M,2.76
Ses01F_impro05_M013,/mnt/ddn/kyudan/IEMOCAP/data/Ses01F_impro05_M013.wav,neutral,Ses01,M,1.44
Ses01F_impro05_M014,/mnt/ddn/kyudan/IEMOCAP/data/Ses01F_impro05_M014.wav,neutral,Ses01,M,1.45
Ses01F_impro05_M015,/mnt/ddn/kyudan/IEMOCAP/data/Ses01F_impro05_M015.wav,neutral,Ses01,M,3.022
Ses01F_impro05_M016,/mnt/ddn/kyudan/IEMOCAP/data/Ses01F_impro05_M016.wav,neutral,Ses01,M,8.237
Ses01F_impro05_M017,/mnt/ddn/kyudan/IEMOCAP/data/Ses01F_impro05_M017.wav,neutral,Ses01,M,6.395
Ses01F_impro05_M019,/mnt/ddn/kyudan/IEMOCAP/data/Ses01F_impro05_M019.wav,neutral,Ses01,M,1.53
Ses01F_impro05_M020,/mnt/ddn/kyudan/IEMOCAP/data/Ses01F_impro05_M020.wav,neutral,Ses01,M,1.33
Ses01F_impro05_M022,/mnt/ddn/kyudan/IEMOCAP/data/Ses01F_impro05_M022.wav,neutral,Ses01,M,2.23
Ses01F_impro05_M023,/mnt/ddn/kyudan/IEMOCAP/data/Ses01F_impro05_M023.wav,neutral,Ses01,M,7.31
Ses01F_impro05_M024,/mnt/ddn/kyudan/IEMOCAP/data/Ses01F_impro05_M024.wav,neutral,Ses01,M,6.31
Ses01F_impro05_M025,/mnt/ddn/kyudan/IEMOCAP/data/Ses01F_impro05_M025.wav,neutral,Ses01,M,1.375
Ses01F_impro05_M026,/mnt/ddn/kyudan/IEMOCAP/data/Ses01F_impro05_M026.wav,neutral,Ses01,M,5.747
Ses01F_impro05_M027,/mnt/ddn/kyudan/IEMOCAP/data/Ses01F_impro05_M027.wav,neutral,Ses01,M,1.71
Ses01F_impro05_M028,/mnt/ddn/kyudan/IEMOCAP/data/Ses01F_impro05_M028.wav,neutral,Ses01,M,3.74
Ses01F_impro05_M029,/mnt/ddn/kyudan/IEMOCAP/data/Ses01F_impro05_M029.wav,neutral,Ses01,M,6.48
Ses01F_impro05_M030,/mnt/ddn/kyudan/IEMOCAP/data/Ses01F_impro05_M030.wav,neutral,Ses01,M,4.53
Ses01F_impro05_M031,/mnt/ddn/kyudan/IEMOCAP/data/Ses01F_impro05_M031.wav,neutral,Ses01,M,2.28
Ses01F_impro05_M034,/mnt/ddn/kyudan/IEMOCAP/data/Ses01F_impro05_M034.wav,neutral,Ses01,M,6.51
Ses01F_impro05_M035,/mnt/ddn/kyudan/IEMOCAP/data/Ses01F_impro05_M035.wav,neutral,Ses01,M,6.31
Ses01F_impro06_F000,/mnt/ddn/kyudan/IEMOCAP/data/Ses01F_impro06_F000.wav,sad,Ses01,F,3.376
Ses01F_impro06_F002,/mnt/ddn/kyudan/IEMOCAP/data/Ses01F_impro06_F002.wav,sad,Ses01,F,1.58
Ses01F_impro06_F003,/mnt/ddn/kyudan/IEMOCAP/data/Ses01F_impro06_F003.wav,neutral,Ses01,F,1.33
Ses01F_impro06_F004,/mnt/ddn/kyudan/IEMOCAP/data/Ses01F_impro06_F004.wav,neutral,Ses01,F,1.97
Ses01F_impro06_F005,/mnt/ddn/kyudan/IEMOCAP/data/Ses01F_impro06_F005.wav,sad,Ses01,F,6.688
Ses01F_impro06_F006,/mnt/ddn/kyudan/IEMOCAP/data/Ses01F_impro06_F006.wav,sad,Ses01,F,12.04
Ses01F_impro06_F007,/mnt/ddn/kyudan/IEMOCAP/data/Ses01F_impro06_F007.wav,sad,Ses01,F,8.0
Ses01F_impro06_F008,/mnt/ddn/kyudan/IEMOCAP/data/Ses01F_impro06_F008.wav,sad,Ses01,F,9.91
Ses01F_impro06_F009,/mnt/ddn/kyudan/IEMOCAP/data/Ses01F_impro06_F009.wav,neutral,Ses01,F,7.58
Ses01F_impro06_F010,/mnt/ddn/kyudan/IEMOCAP/data/Ses01F_impro06_F010.wav,sad,Ses01,F,5.84
Ses01F_impro06_F011,/mnt/ddn/kyudan/IEMOCAP/data/Ses01F_impro06_F011.wav,sad,Ses01,F,15.08
Ses01F_impro06_F012,/mnt/ddn/kyudan/IEMOCAP/data/Ses01F_impro06_F012.wav,sad,Ses01,F,8.97
Ses01F_impro06_F013,/mnt/ddn/kyudan/IEMOCAP/data/Ses01F_impro06_F013.wav,sad,Ses01,F,1.532
Ses01F_impro06_F014,/mnt/ddn/kyudan/IEMOCAP/data/Ses01F_impro06_F014.wav,sad,Ses01,F,1.99
Ses01F_impro06_F015,/mnt/ddn/kyudan/IEMOCAP/data/Ses01F_impro06_F015.wav,sad,Ses01,F,2.981
Ses01F_impro06_F016,/mnt/ddn/kyudan/IEMOCAP/data/Ses01F_impro06_F016.wav,neutral,Ses01,F,7.598
Ses01F_impro06_F017,/mnt/ddn/kyudan/IEMOCAP/data/Ses01F_impro06_F017.wav,sad,Ses01,F,5.27
Ses01F_impro06_F018,/mnt/ddn/kyudan/IEMOCAP/data/Ses01F_impro06_F018.wav,neutral,Ses01,F,7.2
Ses01F_impro06_F019,/mnt/ddn/kyudan/IEMOCAP/data/Ses01F_impro06_F019.wav,neutral,Ses01,F,1.66
Ses01F_impro06_F020,/mnt/ddn/kyudan/IEMOCAP/data/Ses01F_impro06_F020.wav,sad,Ses01,F,15.17
Ses01F_impro06_F021,/mnt/ddn/kyudan/IEMOCAP/data/Ses01F_impro06_F021.wav,sad,Ses01,F,16.585
Ses01F_impro06_F022,/mnt/ddn/kyudan/IEMOCAP/data/Ses01F_impro06_F022.wav,sad,Ses01,F,4.91
Ses01F_impro06_F023,/mnt/ddn/kyudan/IEMOCAP/data/Ses01F_impro06_F023.wav,sad,Ses01,F,4.03
Ses01F_impro06_F024,/mnt/ddn/kyudan/IEMOCAP/data/Ses01F_impro06_F024.wav,sad,Ses01,F,6.9
Ses01F_impro06_F025,/mnt/ddn/kyudan/IEMOCAP/data/Ses01F_impro06_F025.wav,sad,Ses01,F,18.95
Ses01F_impro06_F026,/mnt/ddn/kyudan/IEMOCAP/data/Ses01F_impro06_F026.wav,sad,Ses01,F,8.76
Ses01F_impro06_F027,/mnt/ddn/kyudan/IEMOCAP/data/Ses01F_impro06_F027.wav,neutral,Ses01,F,6.22
Ses01F_impro06_F028,/mnt/ddn/kyudan/IEMOCAP/data/Ses01F_impro06_F028.wav,sad,Ses01,F,29.13
Ses01F_impro06_M000,/mnt/ddn/kyudan/IEMOCAP/data/Ses01F_impro06_M000.wav,sad,Ses01,M,3.28
Ses01F_impro06_M001,/mnt/ddn/kyudan/IEMOCAP/data/Ses01F_impro06_M001.wav,neutral,Ses01,M,6.42
Ses01F_impro06_M002,/mnt/ddn/kyudan/IEMOCAP/data/Ses01F_impro06_M002.wav,neutral,Ses01,M,1.44
Ses01F_impro06_M003,/mnt/ddn/kyudan/IEMOCAP/data/Ses01F_impro06_M003.wav,sad,Ses01,M,6.05
Ses01F_impro06_M004,/mnt/ddn/kyudan/IEMOCAP/data/Ses01F_impro06_M004.wav,neutral,Ses01,M,1.32
Ses01F_impro06_M005,/mnt/ddn/kyudan/IEMOCAP/data/Ses01F_impro06_M005.wav,neutral,Ses01,M,1.67
Ses01F_impro06_M006,/mnt/ddn/kyudan/IEMOCAP/data/Ses01F_impro06_M006.wav,neutral,Ses01,M,1.49
Ses01F_impro06_M007,/mnt/ddn/kyudan/IEMOCAP/data/Ses01F_impro06_M007.wav,sad,Ses01,M,1.72
Ses01F_impro06_M008,/mnt/ddn/kyudan/IEMOCAP/data/Ses01F_impro06_M008.wav,neutral,Ses01,M,2.09
Ses01F_impro06_M009,/mnt/ddn/kyudan/IEMOCAP/data/Ses01F_impro06_M009.wav,neutral,Ses01,M,1.35
Ses01F_impro06_M010,/mnt/ddn/kyudan/IEMOCAP/data/Ses01F_impro06_M010.wav,neutral,Ses01,M,1.59
Ses01F_impro06_M011,/mnt/ddn/kyudan/IEMOCAP/data/Ses01F_impro06_M011.wav,neutral,Ses01,M,3.31
Ses01F_impro06_M012,/mnt/ddn/kyudan/IEMOCAP/data/Ses01F_impro06_M012.wav,neutral,Ses01,M,2.49
Ses01F_impro06_M013,/mnt/ddn/kyudan/IEMOCAP/data/Ses01F_impro06_M013.wav,neutral,Ses01,M,2.76
Ses01F_impro06_M014,/mnt/ddn/kyudan/IEMOCAP/data/Ses01F_impro06_M014.wav,neutral,Ses01,M,1.3
Ses01F_impro06_M015,/mnt/ddn/kyudan/IEMOCAP/data/Ses01F_impro06_M015.wav,neutral,Ses01,M,1.96
Ses01F_impro06_M016,/mnt/ddn/kyudan/IEMOCAP/data/Ses01F_impro06_M016.wav,neutral,Ses01,M,3.185
Ses01F_impro06_M017,/mnt/ddn/kyudan/IEMOCAP/data/Ses01F_impro06_M017.wav,sad,Ses01,M,1.77
Ses01F_impro07_F000,/mnt/ddn/kyudan/IEMOCAP/data/Ses01F_impro07_F000.wav,happy,Ses01,F,6.64
Ses01F_impro07_F001,/mnt/ddn/kyudan/IEMOCAP/data/Ses01F_impro07_F001.wav,happy,Ses01,F,5.197
Ses01F_impro07_F002,/mnt/ddn/kyudan/IEMOCAP/data/Ses01F_impro07_F002.wav,happy,Ses01,F,12.04
Ses01F_impro07_F003,/mnt/ddn/kyudan/IEMOCAP/data/Ses01F_impro07_F003.wav,happy,Ses01,F,2.38
Ses01F_impro07_F004,/mnt/ddn/kyudan/IEMOCAP/data/Ses01F_impro07_F004.wav,happy,Ses01,F,5.327
Ses01F_impro07_F005,/mnt/ddn/kyudan/IEMOCAP/data/Ses01F_impro07_F005.wav,happy,Ses01,F,2.93
Ses01F_impro07_F006,/mnt/ddn/kyudan/IEMOCAP/data/Ses01F_impro07_F006.wav,happy,Ses01,F,9.13
Ses01F_impro07_F007,/mnt/ddn/kyudan/IEMOCAP/data/Ses01F_impro07_F007.wav,happy,Ses01,F,9.73
Ses01F_impro07_F008,/mnt/ddn/kyudan/IEMOCAP/data/Ses01F_impro07_F008.wav,happy,Ses01,F,7.275
Ses01F_impro07_F009,/mnt/ddn/kyudan/IEMOCAP/data/Ses01F_impro07_F009.wav,happy,Ses01,F,2.277
Ses01F_impro07_F010,/mnt/ddn/kyudan/IEMOCAP/data/Ses01F_impro07_F010.wav,happy,Ses01,F,3.8
Ses01F_impro07_F011,/mnt/ddn/kyudan/IEMOCAP/data/Ses01F_impro07_F011.wav,happy,Ses01,F,5.255
Ses01F_impro07_F012,/mnt/ddn/kyudan/IEMOCAP/data/Ses01F_impro07_F012.wav,happy,Ses01,F,5.88
Ses01F_impro07_F013,/mnt/ddn/kyudan/IEMOCAP/data/Ses01F_impro07_F013.wav,happy,Ses01,F,7.2
Ses01F_impro07_F014,/mnt/ddn/kyudan/IEMOCAP/data/Ses01F_impro07_F014.wav,happy,Ses01,F,10.73
Ses01F_impro07_F015,/mnt/ddn/kyudan/IEMOCAP/data/Ses01F_impro07_F015.wav,happy,Ses01,F,2.887
Ses01F_impro07_F016,/mnt/ddn/kyudan/IEMOCAP/data/Ses01F_impro07_F016.wav,happy,Ses01,F,9.05
Ses01F_impro07_M000,/mnt/ddn/kyudan/IEMOCAP/data/Ses01F_impro07_M000.wav,happy,Ses01,M,1.81
Ses01F_impro07_M001,/mnt/ddn/kyudan/IEMOCAP/data/Ses01F_impro07_M001.wav,happy,Ses01,M,4.428
Ses01F_impro07_M002,/mnt/ddn/kyudan/IEMOCAP/data/Ses01F_impro07_M002.wav,happy,Ses01,M,5.17
Ses01F_impro07_M003,/mnt/ddn/kyudan/IEMOCAP/data/Ses01F_impro07_M003.wav,happy,Ses01,M,7.38
Ses01F_impro07_M004,/mnt/ddn/kyudan/IEMOCAP/data/Ses01F_impro07_M004.wav,happy,Ses01,M,7.895
Ses01F_impro07_M005,/mnt/ddn/kyudan/IEMOCAP/data/Ses01F_impro07_M005.wav,happy,Ses01,M,5.827
Ses01F_impro07_M006,/mnt/ddn/kyudan/IEMOCAP/data/Ses01F_impro07_M006.wav,happy,Ses01,M,5.702
Ses01F_impro07_M007,/mnt/ddn/kyudan/IEMOCAP/data/Ses01F_impro07_M007.wav,happy,Ses01,M,9.12
Ses01F_impro07_M008,/mnt/ddn/kyudan/IEMOCAP/data/Ses01F_impro07_M008.wav,happy,Ses01,M,2.612
Ses01F_impro07_M009,/mnt/ddn/kyudan/IEMOCAP/data/Ses01F_impro07_M009.wav,happy,Ses01,M,6.308
Ses01F_impro07_M010,/mnt/ddn/kyudan/IEMOCAP/data/Ses01F_impro07_M010.wav,happy,Ses01,M,1.55
Ses01F_impro07_M011,/mnt/ddn/kyudan/IEMOCAP/data/Ses01F_impro07_M011.wav,happy,Ses01,M,2.52
Ses01F_impro07_M012,/mnt/ddn/kyudan/IEMOCAP/data/Ses01F_impro07_M012.wav,neutral,Ses01,M,4.445
Ses01F_impro07_M013,/mnt/ddn/kyudan/IEMOCAP/data/Ses01F_impro07_M013.wav,neutral,Ses01,M,3.062
Ses01F_impro07_M014,/mnt/ddn/kyudan/IEMOCAP/data/Ses01F_impro07_M014.wav,happy,Ses01,M,5.08
Ses01F_impro07_M015,/mnt/ddn/kyudan/IEMOCAP/data/Ses01F_impro07_M015.wav,happy,Ses01,M,10.553
Ses01F_impro07_M016,/mnt/ddn/kyudan/IEMOCAP/data/Ses01F_impro07_M016.wav,happy,Ses01,M,5.74
Ses01F_impro07_M017,/mnt/ddn/kyudan/IEMOCAP/data/Ses01F_impro07_M017.wav,happy,Ses01,M,3.571
Ses01F_impro07_M018,/mnt/ddn/kyudan/IEMOCAP/data/Ses01F_impro07_M018.wav,neutral,Ses01,M,4.782
Ses01F_impro07_M019,/mnt/ddn/kyudan/IEMOCAP/data/Ses01F_impro07_M019.wav,happy,Ses01,M,13.145
Ses01F_script01_1_F005,/mnt/ddn/kyudan/IEMOCAP/data/Ses01F_script01_1_F005.wav,neutral,Ses01,F,4.949
Ses01F_script01_1_F007,/mnt/ddn/kyudan/IEMOCAP/data/Ses01F_script01_1_F007.wav,angry,Ses01,F,1.93
Ses01F_script01_1_F013,/mnt/ddn/kyudan/IEMOCAP/data/Ses01F_script01_1_F013.wav,angry,Ses01,F,7.94
Ses01F_script01_1_F015,/mnt/ddn/kyudan/IEMOCAP/data/Ses01F_script01_1_F015.wav,neutral,Ses01,F,4.491
Ses01F_script01_1_F016,/mnt/ddn/kyudan/IEMOCAP/data/Ses01F_script01_1_F016.wav,angry,Ses01,F,3.902
Ses01F_script01_1_F017,/mnt/ddn/kyudan/IEMOCAP/data/Ses01F_script01_1_F017.wav,angry,Ses01,F,3.86
Ses01F_script01_1_F018,/mnt/ddn/kyudan/IEMOCAP/data/Ses01F_script01_1_F018.wav,angry,Ses01,F,2.79
Ses01F_script01_1_F019,/mnt/ddn/kyudan/IEMOCAP/data/Ses01F_script01_1_F019.wav,angry,Ses01,F,2.07
Ses01F_script01_1_F034,/mnt/ddn/kyudan/IEMOCAP/data/Ses01F_script01_1_F034.wav,neutral,Ses01,F,2.74
Ses01F_script01_1_F035,/mnt/ddn/kyudan/IEMOCAP/data/Ses01F_script01_1_F035.wav,angry,Ses01,F,2.835
Ses01F_script01_1_F037,/mnt/ddn/kyudan/IEMOCAP/data/Ses01F_script01_1_F037.wav,angry,Ses01,F,3.47
Ses01F_script01_1_F038,/mnt/ddn/kyudan/IEMOCAP/data/Ses01F_script01_1_F038.wav,angry,Ses01,F,2.8
Ses01F_script01_1_F041,/mnt/ddn/kyudan/IEMOCAP/data/Ses01F_script01_1_F041.wav,angry,Ses01,F,9.78
Ses01F_script01_1_F042,/mnt/ddn/kyudan/IEMOCAP/data/Ses01F_script01_1_F042.wav,angry,Ses01,F,3.07
Ses01F_script01_1_M000,/mnt/ddn/kyudan/IEMOCAP/data/Ses01F_script01_1_M000.wav,neutral,Ses01,M,3.133
Ses01F_script01_1_M001,/mnt/ddn/kyudan/IEMOCAP/data/Ses01F_script01_1_M001.wav,neutral,Ses01,M,3.351
Ses01F_script01_1_M002,/mnt/ddn/kyudan/IEMOCAP/data/Ses01F_script01_1_M002.wav,neutral,Ses01,M,11.197
Ses01F_script01_1_M003,/mnt/ddn/kyudan/IEMOCAP/data/Ses01F_script01_1_M003.wav,neutral,Ses01,M,1.87
Ses01F_script01_1_M004,/mnt/ddn/kyudan/IEMOCAP/data/Ses01F_script01_1_M004.wav,neutral,Ses01,M,2.68
Ses01F_script01_1_M007,/mnt/ddn/kyudan/IEMOCAP/data/Ses01F_script01_1_M007.wav,neutral,Ses01,M,8.795
Ses01F_script01_1_M010,/mnt/ddn/kyudan/IEMOCAP/data/Ses01F_script01_1_M010.wav,neutral,Ses01,M,2.62
Ses01F_script01_1_M012,/mnt/ddn/kyudan/IEMOCAP/data/Ses01F_script01_1_M012.wav,neutral,Ses01,M,3.83
Ses01F_script01_1_M014,/mnt/ddn/kyudan/IEMOCAP/data/Ses01F_script01_1_M014.wav,neutral,Ses01,M,1.984
Ses01F_script01_1_M015,/mnt/ddn/kyudan/IEMOCAP/data/Ses01F_script01_1_M015.wav,neutral,Ses01,M,3.351
Ses01F_script01_1_M016,/mnt/ddn/kyudan/IEMOCAP/data/Ses01F_script01_1_M016.wav,neutral,Ses01,M,2.423
Ses01F_script01_1_M017,/mnt/ddn/kyudan/IEMOCAP/data/Ses01F_script01_1_M017.wav,neutral,Ses01,M,2.937
Ses01F_script01_1_M019,/mnt/ddn/kyudan/IEMOCAP/data/Ses01F_script01_1_M019.wav,angry,Ses01,M,10.25
Ses01F_script01_1_M023,/mnt/ddn/kyudan/IEMOCAP/data/Ses01F_script01_1_M023.wav,neutral,Ses01,M,2.291
Ses01F_script01_1_M024,/mnt/ddn/kyudan/IEMOCAP/data/Ses01F_script01_1_M024.wav,neutral,Ses01,M,9.754
Ses01F_script01_1_M025,/mnt/ddn/kyudan/IEMOCAP/data/Ses01F_script01_1_M025.wav,neutral,Ses01,M,4.562
Ses01F_script01_1_M034,/mnt/ddn/kyudan/IEMOCAP/data/Ses01F_script01_1_M034.wav,neutral,Ses01,M,5.653
Ses01F_script01_1_M039,/mnt/ddn/kyudan/IEMOCAP/data/Ses01F_script01_1_M039.wav,neutral,Ses01,M,2.61
Ses01F_script01_1_M040,/mnt/ddn/kyudan/IEMOCAP/data/Ses01F_script01_1_M040.wav,neutral,Ses01,M,3.38
Ses01F_script01_2_F003,/mnt/ddn/kyudan/IEMOCAP/data/Ses01F_script01_2_F003.wav,angry,Ses01,F,3.03
Ses01F_script01_2_F004,/mnt/ddn/kyudan/IEMOCAP/data/Ses01F_script01_2_F004.wav,angry,Ses01,F,1.95
Ses01F_script01_2_F005,/mnt/ddn/kyudan/IEMOCAP/data/Ses01F_script01_2_F005.wav,angry,Ses01,F,3.75
Ses01F_script01_2_F006,/mnt/ddn/kyudan/IEMOCAP/data/Ses01F_script01_2_F006.wav,angry,Ses01,F,4.39
Ses01F_script01_2_F007,/mnt/ddn/kyudan/IEMOCAP/data/Ses01F_script01_2_F007.wav,angry,Ses01,F,8.89
Ses01F_script01_2_F008,/mnt/ddn/kyudan/IEMOCAP/data/Ses01F_script01_2_F008.wav,angry,Ses01,F,10.78
Ses01F_script01_2_F009,/mnt/ddn/kyudan/IEMOCAP/data/Ses01F_script01_2_F009.wav,angry,Ses01,F,9.16
Ses01F_script01_2_F010,/mnt/ddn/kyudan/IEMOCAP/data/Ses01F_script01_2_F010.wav,angry,Ses01,F,9.81
Ses01F_script01_2_F011,/mnt/ddn/kyudan/IEMOCAP/data/Ses01F_script01_2_F011.wav,angry,Ses01,F,3.5
Ses01F_script01_2_F012,/mnt/ddn/kyudan/IEMOCAP/data/Ses01F_script01_2_F012.wav,angry,Ses01,F,14.14
Ses01F_script01_2_F013,/mnt/ddn/kyudan/IEMOCAP/data/Ses01F_script01_2_F013.wav,angry,Ses01,F,10.21
Ses01F_script01_2_M001,/mnt/ddn/kyudan/IEMOCAP/data/Ses01F_script01_2_M001.wav,neutral,Ses01,M,5.03
Ses01F_script01_2_M004,/mnt/ddn/kyudan/IEMOCAP/data/Ses01F_script01_2_M004.wav,neutral,Ses01,M,2.8
Ses01F_script01_2_M008,/mnt/ddn/kyudan/IEMOCAP/data/Ses01F_script01_2_M008.wav,neutral,Ses01,M,2.21
Ses01F_script01_2_M016,/mnt/ddn/kyudan/IEMOCAP/data/Ses01F_script01_2_M016.wav,angry,Ses01,M,3.43
Ses01F_script01_2_M017,/mnt/ddn/kyudan/IEMOCAP/data/Ses01F_script01_2_M017.wav,angry,Ses01,M,6.59
Ses01F_script01_3_F000,/mnt/ddn/kyudan/IEMOCAP/data/Ses01F_script01_3_F000.wav,neutral,Ses01,F,4.096
Ses01F_script01_3_F001,/mnt/ddn/kyudan/IEMOCAP/data/Ses01F_script01_3_F001.wav,neutral,Ses01,F,4.699
Ses01F_script01_3_F002,/mnt/ddn/kyudan/IEMOCAP/data/Ses01F_script01_3_F002.wav,neutral,Ses01,F,8.961
Ses01F_script01_3_F003,/mnt/ddn/kyudan/IEMOCAP/data/Ses01F_script01_3_F003.wav,neutral,Ses01,F,7.824
Ses01F_script01_3_F004,/mnt/ddn/kyudan/IEMOCAP/data/Ses01F_script01_3_F004.wav,neutral,Ses01,F,3.28
Ses01F_script01_3_F005,/mnt/ddn/kyudan/IEMOCAP/data/Ses01F_script01_3_F005.wav,neutral,Ses01,F,4.51
Ses01F_script01_3_F006,/mnt/ddn/kyudan/IEMOCAP/data/Ses01F_script01_3_F006.wav,neutral,Ses01,F,4.883
Ses01F_script01_3_F007,/mnt/ddn/kyudan/IEMOCAP/data/Ses01F_script01_3_F007.wav,neutral,Ses01,F,2.884
Ses01F_script01_3_F008,/mnt/ddn/kyudan/IEMOCAP/data/Ses01F_script01_3_F008.wav,neutral,Ses01,F,6.27
Ses01F_script01_3_F009,/mnt/ddn/kyudan/IEMOCAP/data/Ses01F_script01_3_F009.wav,neutral,Ses01,F,7.06
Ses01F_script01_3_F010,/mnt/ddn/kyudan/IEMOCAP/data/Ses01F_script01_3_F010.wav,happy,Ses01,F,1.403
Ses01F_script01_3_F011,/mnt/ddn/kyudan/IEMOCAP/data/Ses01F_script01_3_F011.wav,happy,Ses01,F,2.772
Ses01F_script01_3_F012,/mnt/ddn/kyudan/IEMOCAP/data/Ses01F_script01_3_F012.wav,happy,Ses01,F,5.147
Ses01F_script01_3_F013,/mnt/ddn/kyudan/IEMOCAP/data/Ses01F_script01_3_F013.wav,happy,Ses01,F,1.8
Ses01F_script01_3_F014,/mnt/ddn/kyudan/IEMOCAP/data/Ses01F_script01_3_F014.wav,neutral,Ses01,F,4.917
Ses01F_script01_3_F015,/mnt/ddn/kyudan/IEMOCAP/data/Ses01F_script01_3_F015.wav,neutral,Ses01,F,3.604
Ses01F_script01_3_F016,/mnt/ddn/kyudan/IEMOCAP/data/Ses01F_script01_3_F016.wav,neutral,Ses01,F,2.989
Ses01F_script01_3_F017,/mnt/ddn/kyudan/IEMOCAP/data/Ses01F_script01_3_F017.wav,happy,Ses01,F,2.17
Ses01F_script01_3_F018,/mnt/ddn/kyudan/IEMOCAP/data/Ses01F_script01_3_F018.wav,happy,Ses01,F,6.86
Ses01F_script01_3_F019,/mnt/ddn/kyudan/IEMOCAP/data/Ses01F_script01_3_F019.wav,happy,Ses01,F,2.77
Ses01F_script01_3_F020,/mnt/ddn/kyudan/IEMOCAP/data/Ses01F_script01_3_F020.wav,happy,Ses01,F,7.471
Ses01F_script01_3_F021,/mnt/ddn/kyudan/IEMOCAP/data/Ses01F_script01_3_F021.wav,happy,Ses01,F,2.755
Ses01F_script01_3_F022,/mnt/ddn/kyudan/IEMOCAP/data/Ses01F_script01_3_F022.wav,neutral,Ses01,F,5.37
Ses01F_script01_3_F024,/mnt/ddn/kyudan/IEMOCAP/data/Ses01F_script01_3_F024.wav,sad,Ses01,F,4.428
Ses01F_script01_3_F025,/mnt/ddn/kyudan/IEMOCAP/data/Ses01F_script01_3_F025.wav,sad,Ses01,F,7.94
Ses01F_script01_3_F026,/mnt/ddn/kyudan/IEMOCAP/data/Ses01F_script01_3_F026.wav,sad,Ses01,F,3.03
Ses01F_script01_3_F027,/mnt/ddn/kyudan/IEMOCAP/data/Ses01F_script01_3_F027.wav,sad,Ses01,F,3.14
Ses01F_script01_3_F028,/mnt/ddn/kyudan/IEMOCAP/data/Ses01F_script01_3_F028.wav,neutral,Ses01,F,2.53
Ses01F_script01_3_F029,/mnt/ddn/kyudan/IEMOCAP/data/Ses01F_script01_3_F029.wav,neutral,Ses01,F,2.232
Ses01F_script01_3_F030,/mnt/ddn/kyudan/IEMOCAP/data/Ses01F_script01_3_F030.wav,sad,Ses01,F,2.6
Ses01F_script01_3_F031,/mnt/ddn/kyudan/IEMOCAP/data/Ses01F_script01_3_F031.wav,neutral,Ses01,F,1.56
Ses01F_script01_3_F032,/mnt/ddn/kyudan/IEMOCAP/data/Ses01F_script01_3_F032.wav,sad,Ses01,F,4.043
Ses01F_script01_3_F033,/mnt/ddn/kyudan/IEMOCAP/data/Ses01F_script01_3_F033.wav,happy,Ses01,F,9.981
Ses01F_script01_3_F034,/mnt/ddn/kyudan/IEMOCAP/data/Ses01F_script01_3_F034.wav,happy,Ses01,F,17.913
Ses01F_script01_3_F035,/mnt/ddn/kyudan/IEMOCAP/data/Ses01F_script01_3_F035.wav,happy,Ses01,F,3.49
Ses01F_script01_3_M000,/mnt/ddn/kyudan/IEMOCAP/data/Ses01F_script01_3_M000.wav,neutral,Ses01,M,4.58
Ses01F_script01_3_M001,/mnt/ddn/kyudan/IEMOCAP/data/Ses01F_script01_3_M001.wav,neutral,Ses01,M,2.805
Ses01F_script01_3_M002,/mnt/ddn/kyudan/IEMOCAP/data/Ses01F_script01_3_M002.wav,happy,Ses01,M,2.368
Ses01F_script01_3_M003,/mnt/ddn/kyudan/IEMOCAP/data/Ses01F_script01_3_M003.wav,neutral,Ses01,M,2.32
Ses01F_script01_3_M004,/mnt/ddn/kyudan/IEMOCAP/data/Ses01F_script01_3_M004.wav,neutral,Ses01,M,2.3
Ses01F_script01_3_M005,/mnt/ddn/kyudan/IEMOCAP/data/Ses01F_script01_3_M005.wav,neutral,Ses01,M,9.28
Ses01F_script01_3_M006,/mnt/ddn/kyudan/IEMOCAP/data/Ses01F_script01_3_M006.wav,happy,Ses01,M,2.186
Ses01F_script01_3_M007,/mnt/ddn/kyudan/IEMOCAP/data/Ses01F_script01_3_M007.wav,happy,Ses01,M,9.17
Ses01F_script01_3_M008,/mnt/ddn/kyudan/IEMOCAP/data/Ses01F_script01_3_M008.wav,happy,Ses01,M,7.51
Ses01F_script01_3_M009,/mnt/ddn/kyudan/IEMOCAP/data/Ses01F_script01_3_M009.wav,happy,Ses01,M,8.448
Ses01F_script01_3_M010,/mnt/ddn/kyudan/IEMOCAP/data/Ses01F_script01_3_M010.wav,happy,Ses01,M,11.257
Ses01F_script01_3_M012,/mnt/ddn/kyudan/IEMOCAP/data/Ses01F_script01_3_M012.wav,happy,Ses01,M,4.469
Ses01F_script01_3_M013,/mnt/ddn/kyudan/IEMOCAP/data/Ses01F_script01_3_M013.wav,happy,Ses01,M,2.541
Ses01F_script01_3_M015,/mnt/ddn/kyudan/IEMOCAP/data/Ses01F_script01_3_M015.wav,happy,Ses01,M,2.96
Ses01F_script01_3_M016,/mnt/ddn/kyudan/IEMOCAP/data/Ses01F_script01_3_M016.wav,happy,Ses01,M,1.88
Ses01F_script01_3_M017,/mnt/ddn/kyudan/IEMOCAP/data/Ses01F_script01_3_M017.wav,happy,Ses01,M,2.062
Ses01F_script01_3_M018,/mnt/ddn/kyudan/IEMOCAP/data/Ses01F_script01_3_M018.wav,happy,Ses01,M,6.089
Ses01F_script01_3_M019,/mnt/ddn/kyudan/IEMOCAP/data/Ses01F_script01_3_M019.wav,happy,Ses01,M,5.638
Ses01F_script01_3_M020,/mnt/ddn/kyudan/IEMOCAP/data/Ses01F_script01_3_M020.wav,happy,Ses01,M,2.3
Ses01F_script01_3_M021,/mnt/ddn/kyudan/IEMOCAP/data/Ses01F_script01_3_M021.wav,sad,Ses01,M,3.56
Ses01F_script01_3_M022,/mnt/ddn/kyudan/IEMOCAP/data/Ses01F_script01_3_M022.wav,sad,Ses01,M,2.82
Ses01F_script01_3_M023,/mnt/ddn/kyudan/IEMOCAP/data/Ses01F_script01_3_M023.wav,sad,Ses01,M,7.575
Ses01F_script01_3_M024,/mnt/ddn/kyudan/IEMOCAP/data/Ses01F_script01_3_M024.wav,sad,Ses01,M,3.69
Ses01F_script01_3_M025,/mnt/ddn/kyudan/IEMOCAP/data/Ses01F_script01_3_M025.wav,sad,Ses01,M,8.23
Ses01F_script01_3_M026,/mnt/ddn/kyudan/IEMOCAP/data/Ses01F_script01_3_M026.wav,sad,Ses01,M,3.212
Ses01F_script01_3_M027,/mnt/ddn/kyudan/IEMOCAP/data/Ses01F_script01_3_M027.wav,sad,Ses01,M,2.228
Ses01F_script01_3_M028,/mnt/ddn/kyudan/IEMOCAP/data/Ses01F_script01_3_M028.wav,sad,Ses01,M,11.062
Ses01F_script01_3_M029,/mnt/ddn/kyudan/IEMOCAP/data/Ses01F_script01_3_M029.wav,sad,Ses01,M,20.85
Ses01F_script01_3_M030,/mnt/ddn/kyudan/IEMOCAP/data/Ses01F_script01_3_M030.wav,sad,Ses01,M,15.215
Ses01F_script01_3_M032,/mnt/ddn/kyudan/IEMOCAP/data/Ses01F_script01_3_M032.wav,sad,Ses01,M,13.32
Ses01F_script01_3_M033,/mnt/ddn/kyudan/IEMOCAP/data/Ses01F_script01_3_M033.wav,sad,Ses01,M,18.098
Ses01F_script01_3_M036,/mnt/ddn/kyudan/IEMOCAP/data/Ses01F_script01_3_M036.wav,sad,Ses01,M,10.68
Ses01F_script01_3_M037,/mnt/ddn/kyudan/IEMOCAP/data/Ses01F_script01_3_M037.wav,neutral,Ses01,M,3.06
Ses01F_script01_3_M038,/mnt/ddn/kyudan/IEMOCAP/data/Ses01F_script01_3_M038.wav,happy,Ses01,M,9.24
Ses01F_script02_1_F000,/mnt/ddn/kyudan/IEMOCAP/data/Ses01F_script02_1_F000.wav,neutral,Ses01,F,2.07
Ses01F_script02_1_F002,/mnt/ddn/kyudan/IEMOCAP/data/Ses01F_script02_1_F002.wav,neutral,Ses01,F,1.06
Ses01F_script02_1_F004,/mnt/ddn/kyudan/IEMOCAP/data/Ses01F_script02_1_F004.wav,neutral,Ses01,F,2.18
Ses01F_script02_1_F005,/mnt/ddn/kyudan/IEMOCAP/data/Ses01F_script02_1_F005.wav,angry,Ses01,F,2.36
Ses01F_script02_1_F006,/mnt/ddn/kyudan/IEMOCAP/data/Ses01F_script02_1_F006.wav,angry,Ses01,F,2.97
Ses01F_script02_1_F007,/mnt/ddn/kyudan/IEMOCAP/data/Ses01F_script02_1_F007.wav,angry,Ses01,F,1.82
Ses01F_script02_1_F008,/mnt/ddn/kyudan/IEMOCAP/data/Ses01F_script02_1_F008.wav,neutral,Ses01,F,1.37
Ses01F_script02_1_F009,/mnt/ddn/kyudan/IEMOCAP/data/Ses01F_script02_1_F009.wav,happy,Ses01,F,1.782
Ses01F_script02_1_F010,/mnt/ddn/kyudan/IEMOCAP/data/Ses01F_script02_1_F010.wav,sad,Ses01,F,1.92
Ses01F_script02_1_F012,/mnt/ddn/kyudan/IEMOCAP/data/Ses01F_script02_1_F012.wav,angry,Ses01,F,1.58
Ses01F_script02_1_F013,/mnt/ddn/kyudan/IEMOCAP/data/Ses01F_script02_1_F013.wav,angry,Ses01,F,1.99
Ses01F_script02_1_F015,/mnt/ddn/kyudan/IEMOCAP/data/Ses01F_script02_1_F015.wav,neutral,Ses01,F,2.325
Ses01F_script02_1_F016,/mnt/ddn/kyudan/IEMOCAP/data/Ses01F_script02_1_F016.wav,angry,Ses01,F,2.57
Ses01F_script02_1_F022,/mnt/ddn/kyudan/IEMOCAP/data/Ses01F_script02_1_F022.wav,angry,Ses01,F,12.425
Ses01F_script02_1_F024,/mnt/ddn/kyudan/IEMOCAP/data/Ses01F_script02_1_F024.wav,neutral,Ses01,F,2.61
Ses01F_script02_1_F025,/mnt/ddn/kyudan/IEMOCAP/data/Ses01F_script02_1_F025.wav,neutral,Ses01,F,2.47
Ses01F_script02_1_M000,/mnt/ddn/kyudan/IEMOCAP/data/Ses01F_script02_1_M000.wav,happy,Ses01,M,7.22
Ses01F_script02_1_M001,/mnt/ddn/kyudan/IEMOCAP/data/Ses01F_script02_1_M001.wav,neutral,Ses01,M,6.527
Ses01F_script02_1_M002,/mnt/ddn/kyudan/IEMOCAP/data/Ses01F_script02_1_M002.wav,happy,Ses01,M,3.04
Ses01F_script02_1_M003,/mnt/ddn/kyudan/IEMOCAP/data/Ses01F_script02_1_M003.wav,sad,Ses01,M,6.6
Ses01F_script02_1_M004,/mnt/ddn/kyudan/IEMOCAP/data/Ses01F_script02_1_M004.wav,happy,Ses01,M,8.669
Ses01F_script02_1_M005,/mnt/ddn/kyudan/IEMOCAP/data/Ses01F_script02_1_M005.wav,sad,Ses01,M,3.581
Ses01F_script02_1_M006,/mnt/ddn/kyudan/IEMOCAP/data/Ses01F_script02_1_M006.wav,angry,Ses01,M,5.95
Ses01F_script02_1_M007,/mnt/ddn/kyudan/IEMOCAP/data/Ses01F_script02_1_M007.wav,neutral,Ses01,M,3.53
Ses01F_script02_1_M008,/mnt/ddn/kyudan/IEMOCAP/data/Ses01F_script02_1_M008.wav,neutral,Ses01,M,1.55
Ses01F_script02_1_M009,/mnt/ddn/kyudan/IEMOCAP/data/Ses01F_script02_1_M009.wav,neutral,Ses01,M,1.72
Ses01F_script02_1_M010,/mnt/ddn/kyudan/IEMOCAP/data/Ses01F_script02_1_M010.wav,neutral,Ses01,M,1.13
Ses01F_script02_1_M011,/mnt/ddn/kyudan/IEMOCAP/data/Ses01F_script02_1_M011.wav,neutral,Ses01,M,6.722
Ses01F_script02_1_M013,/mnt/ddn/kyudan/IEMOCAP/data/Ses01F_script02_1_M013.wav,neutral,Ses01,M,3.987
Ses01F_script02_1_M014,/mnt/ddn/kyudan/IEMOCAP/data/Ses01F_script02_1_M014.wav,neutral,Ses01,M,10.488
Ses01F_script02_1_M015,/mnt/ddn/kyudan/IEMOCAP/data/Ses01F_script02_1_M015.wav,neutral,Ses01,M,6.702
Ses01F_script02_1_M016,/mnt/ddn/kyudan/IEMOCAP/data/Ses01F_script02_1_M016.wav,happy,Ses01,M,5.76
Ses01F_script02_1_M017,/mnt/ddn/kyudan/IEMOCAP/data/Ses01F_script02_1_M017.wav,neutral,Ses01,M,6.98
Ses01F_script02_1_M020,/mnt/ddn/kyudan/IEMOCAP/data/Ses01F_script02_1_M020.wav,neutral,Ses01,M,1.89
Ses01F_script02_1_M021,/mnt/ddn/kyudan/IEMOCAP/data/Ses01F_script02_1_M021.wav,neutral,Ses01,M,2.21
Ses01F_script02_1_M023,/mnt/ddn/kyudan/IEMOCAP/data/Ses01F_script02_1_M023.wav,neutral,Ses01,M,1.93
Ses01F_script02_1_M024,/mnt/ddn/kyudan/IEMOCAP/data/Ses01F_script02_1_M024.wav,neutral,Ses01,M,12.86
Ses01F_script02_1_M025,/mnt/ddn/kyudan/IEMOCAP/data/Ses01F_script02_1_M025.wav,neutral,Ses01,M,13.092
Ses01F_script02_1_M026,/mnt/ddn/kyudan/IEMOCAP/data/Ses01F_script02_1_M026.wav,neutral,Ses01,M,5.152
Ses01F_script02_1_M028,/mnt/ddn/kyudan/IEMOCAP/data/Ses01F_script02_1_M028.wav,happy,Ses01,M,10.84
Ses01F_script02_1_M029,/mnt/ddn/kyudan/IEMOCAP/data/Ses01F_script02_1_M029.wav,neutral,Ses01,M,7.378
Ses01F_script02_1_M031,/mnt/ddn/kyudan/IEMOCAP/data/Ses01F_script02_1_M031.wav,neutral,Ses01,M,7.01
Ses01F_script02_1_M032,/mnt/ddn/kyudan/IEMOCAP/data/Ses01F_script02_1_M032.wav,neutral,Ses01,M,6.657
Ses01F_script02_1_M033,/mnt/ddn/kyudan/IEMOCAP/data/Ses01F_script02_1_M033.wav,neutral,Ses01,M,2.27
Ses01F_script02_1_M034,/mnt/ddn/kyudan/IEMOCAP/data/Ses01F_script02_1_M034.wav,neutral,Ses01,M,5.54
Ses01F_script02_1_M035,/mnt/ddn/kyudan/IEMOCAP/data/Ses01F_script02_1_M035.wav,happy,Ses01,M,7.324
Ses01F_script02_1_M036,/mnt/ddn/kyudan/IEMOCAP/data/Ses01F_script02_1_M036.wav,happy,Ses01,M,8.273
Ses01F_script02_1_M037,/mnt/ddn/kyudan/IEMOCAP/data/Ses01F_script02_1_M037.wav,happy,Ses01,M,15.061
Ses01F_script02_1_M038,/mnt/ddn/kyudan/IEMOCAP/data/Ses01F_script02_1_M038.wav,happy,Ses01,M,14.623
Ses01F_script02_1_M039,/mnt/ddn/kyudan/IEMOCAP/data/Ses01F_script02_1_M039.wav,happy,Ses01,M,6.669
Ses01F_script02_1_M040,/mnt/ddn/kyudan/IEMOCAP/data/Ses01F_script02_1_M040.wav,happy,Ses01,M,7.415
Ses01F_script02_1_M041,/mnt/ddn/kyudan/IEMOCAP/data/Ses01F_script02_1_M041.wav,happy,Ses01,M,10.105
Ses01F_script02_1_M042,/mnt/ddn/kyudan/IEMOCAP/data/Ses01F_script02_1_M042.wav,happy,Ses01,M,5.585
Ses01F_script02_1_M043,/mnt/ddn/kyudan/IEMOCAP/data/Ses01F_script02_1_M043.wav,happy,Ses01,M,2.939
Ses01F_script02_1_M044,/mnt/ddn/kyudan/IEMOCAP/data/Ses01F_script02_1_M044.wav,happy,Ses01,M,3.688
Ses01F_script02_2_F000,/mnt/ddn/kyudan/IEMOCAP/data/Ses01F_script02_2_F000.wav,neutral,Ses01,F,2.478
Ses01F_script02_2_F001,/mnt/ddn/kyudan/IEMOCAP/data/Ses01F_script02_2_F001.wav,neutral,Ses01,F,1.873
Ses01F_script02_2_F003,/mnt/ddn/kyudan/IEMOCAP/data/Ses01F_script02_2_F003.wav,angry,Ses01,F,7.88
Ses01F_script02_2_F004,/mnt/ddn/kyudan/IEMOCAP/data/Ses01F_script02_2_F004.wav,angry,Ses01,F,12.264
Ses01F_script02_2_F005,/mnt/ddn/kyudan/IEMOCAP/data/Ses01F_script02_2_F005.wav,angry,Ses01,F,3.669
Ses01F_script02_2_F006,/mnt/ddn/kyudan/IEMOCAP/data/Ses01F_script02_2_F006.wav,angry,Ses01,F,6.29
Ses01F_script02_2_F008,/mnt/ddn/kyudan/IEMOCAP/data/Ses01F_script02_2_F008.wav,angry,Ses01,F,5.995
Ses01F_script02_2_F009,/mnt/ddn/kyudan/IEMOCAP/data/Ses01F_script02_2_F009.wav,angry,Ses01,F,4.2
Ses01F_script02_2_F010,/mnt/ddn/kyudan/IEMOCAP/data/Ses01F_script02_2_F010.wav,angry,Ses01,F,3.611
Ses01F_script02_2_F011,/mnt/ddn/kyudan/IEMOCAP/data/Ses01F_script02_2_F011.wav,angry,Ses01,F,4.28
Ses01F_script02_2_F015,/mnt/ddn/kyudan/IEMOCAP/data/Ses01F_script02_2_F015.wav,sad,Ses01,F,10.497
Ses01F_script02_2_F016,/mnt/ddn/kyudan/IEMOCAP/data/Ses01F_script02_2_F016.wav,angry,Ses01,F,3.17
Ses01F_script02_2_F017,/mnt/ddn/kyudan/IEMOCAP/data/Ses01F_script02_2_F017.wav,neutral,Ses01,F,6.95
Ses01F_script02_2_F018,/mnt/ddn/kyudan/IEMOCAP/data/Ses01F_script02_2_F018.wav,happy,Ses01,F,13.69
Ses01F_script02_2_F019,/mnt/ddn/kyudan/IEMOCAP/data/Ses01F_script02_2_F019.wav,happy,Ses01,F,16.271
Ses01F_script02_2_F020,/mnt/ddn/kyudan/IEMOCAP/data/Ses01F_script02_2_F020.wav,happy,Ses01,F,2.84
Ses01F_script02_2_F022,/mnt/ddn/kyudan/IEMOCAP/data/Ses01F_script02_2_F022.wav,sad,Ses01,F,6.375
Ses01F_script02_2_F023,/mnt/ddn/kyudan/IEMOCAP/data/Ses01F_script02_2_F023.wav,neutral,Ses01,F,2.324
Ses01F_script02_2_F024,/mnt/ddn/kyudan/IEMOCAP/data/Ses01F_script02_2_F024.wav,sad,Ses01,F,1.674
Ses01F_script02_2_F026,/mnt/ddn/kyudan/IEMOCAP/data/Ses01F_script02_2_F026.wav,neutral,Ses01,F,1.842
Ses01F_script02_2_F031,/mnt/ddn/kyudan/IEMOCAP/data/Ses01F_script02_2_F031.wav,angry,Ses01,F,5.486
Ses01F_script02_2_F034,/mnt/ddn/kyudan/IEMOCAP/data/Ses01F_script02_2_F034.wav,sad,Ses01,F,4.47
Ses01F_script02_2_F035,/mnt/ddn/kyudan/IEMOCAP/data/Ses01F_script02_2_F035.wav,sad,Ses01,F,13.543
Ses01F_script02_2_F036,/mnt/ddn/kyudan/IEMOCAP/data/Ses01F_script02_2_F036.wav,sad,Ses01,F,2.17
Ses01F_script02_2_F040,/mnt/ddn/kyudan/IEMOCAP/data/Ses01F_script02_2_F040.wav,sad,Ses01,F,9.989
Ses01F_script02_2_F041,/mnt/ddn/kyudan/IEMOCAP/data/Ses01F_script02_2_F041.wav,neutral,Ses01,F,5.615
Ses01F_script02_2_F042,/mnt/ddn/kyudan/IEMOCAP/data/Ses01F_script02_2_F042.wav,happy,Ses01,F,6.23
Ses01F_script02_2_F043,/mnt/ddn/kyudan/IEMOCAP/data/Ses01F_script02_2_F043.wav,happy,Ses01,F,3.835
Ses01F_script02_2_F044,/mnt/ddn/kyudan/IEMOCAP/data/Ses01F_script02_2_F044.wav,happy,Ses01,F,2.135
Ses01F_script02_2_F045,/mnt/ddn/kyudan/IEMOCAP/data/Ses01F_script02_2_F045.wav,happy,Ses01,F,4.593
Ses01F_script02_2_F046,/mnt/ddn/kyudan/IEMOCAP/data/Ses01F_script02_2_F046.wav,sad,Ses01,F,2.524
Ses01F_script02_2_F047,/mnt/ddn/kyudan/IEMOCAP/data/Ses01F_script02_2_F047.wav,neutral,Ses01,F,2.946
Ses01F_script02_2_M000,/mnt/ddn/kyudan/IEMOCAP/data/Ses01F_script02_2_M000.wav,happy,Ses01,M,3.097
Ses01F_script02_2_M001,/mnt/ddn/kyudan/IEMOCAP/data/Ses01F_script02_2_M001.wav,happy,Ses01,M,2.44
Ses01F_script02_2_M002,/mnt/ddn/kyudan/IEMOCAP/data/Ses01F_script02_2_M002.wav,neutral,Ses01,M,2.423
Ses01F_script02_2_M006,/mnt/ddn/kyudan/IEMOCAP/data/Ses01F_script02_2_M006.wav,neutral,Ses01,M,6.89
Ses01F_script02_2_M016,/mnt/ddn/kyudan/IEMOCAP/data/Ses01F_script02_2_M016.wav,neutral,Ses01,M,15.635
Ses01F_script02_2_M017,/mnt/ddn/kyudan/IEMOCAP/data/Ses01F_script02_2_M017.wav,neutral,Ses01,M,5.492
Ses01F_script02_2_M018,/mnt/ddn/kyudan/IEMOCAP/data/Ses01F_script02_2_M018.wav,happy,Ses01,M,3.331
Ses01F_script02_2_M019,/mnt/ddn/kyudan/IEMOCAP/data/Ses01F_script02_2_M019.wav,neutral,Ses01,M,10.555
Ses01F_script02_2_M021,/mnt/ddn/kyudan/IEMOCAP/data/Ses01F_script02_2_M021.wav,neutral,Ses01,M,5.087
Ses01F_script02_2_M022,/mnt/ddn/kyudan/IEMOCAP/data/Ses01F_script02_2_M022.wav,neutral,Ses01,M,5.362
Ses01F_script02_2_M023,/mnt/ddn/kyudan/IEMOCAP/data/Ses01F_script02_2_M023.wav,neutral,Ses01,M,2.96
Ses01F_script02_2_M024,/mnt/ddn/kyudan/IEMOCAP/data/Ses01F_script02_2_M024.wav,happy,Ses01,M,1.83
Ses01F_script02_2_M026,/mnt/ddn/kyudan/IEMOCAP/data/Ses01F_script02_2_M026.wav,happy,Ses01,M,3.99
Ses01F_script02_2_M030,/mnt/ddn/kyudan/IEMOCAP/data/Ses01F_script02_2_M030.wav,angry,Ses01,M,12.22
Ses01F_script02_2_M033,/mnt/ddn/kyudan/IEMOCAP/data/Ses01F_script02_2_M033.wav,neutral,Ses01,M,3.025
Ses01F_script02_2_M034,/mnt/ddn/kyudan/IEMOCAP/data/Ses01F_script02_2_M034.wav,angry,Ses01,M,1.93
Ses01F_script02_2_M037,/mnt/ddn/kyudan/IEMOCAP/data/Ses01F_script02_2_M037.wav,sad,Ses01,M,2.892
Ses01F_script02_2_M038,/mnt/ddn/kyudan/IEMOCAP/data/Ses01F_script02_2_M038.wav,sad,Ses01,M,3.624
Ses01F_script02_2_M040,/mnt/ddn/kyudan/IEMOCAP/data/Ses01F_script02_2_M040.wav,neutral,Ses01,M,6.78
Ses01F_script02_2_M042,/mnt/ddn/kyudan/IEMOCAP/data/Ses01F_script02_2_M042.wav,neutral,Ses01,M,4.259
Ses01F_script02_2_M043,/mnt/ddn/kyudan/IEMOCAP/data/Ses01F_script02_2_M043.wav,neutral,Ses01,M,1.402
Ses01F_script02_2_M044,/mnt/ddn/kyudan/IEMOCAP/data/Ses01F_script02_2_M044.wav,happy,Ses01,M,3.176
Ses01F_script02_2_M045,/mnt/ddn/kyudan/IEMOCAP/data/Ses01F_script02_2_M045.wav,sad,Ses01,M,2.2
Ses01F_script02_2_M046,/mnt/ddn/kyudan/IEMOCAP/data/Ses01F_script02_2_M046.wav,happy,Ses01,M,1.89
Ses01F_script02_2_M047,/mnt/ddn/kyudan/IEMOCAP/data/Ses01F_script02_2_M047.wav,neutral,Ses01,M,4.235
Ses01F_script02_2_M048,/mnt/ddn/kyudan/IEMOCAP/data/Ses01F_script02_2_M048.wav,neutral,Ses01,M,7.0
Ses01F_script02_2_M049,/mnt/ddn/kyudan/IEMOCAP/data/Ses01F_script02_2_M049.wav,happy,Ses01,M,2.486
Ses01F_script03_1_F003,/mnt/ddn/kyudan/IEMOCAP/data/Ses01F_script03_1_F003.wav,happy,Ses01,F,2.97
Ses01F_script03_1_F004,/mnt/ddn/kyudan/IEMOCAP/data/Ses01F_script03_1_F004.wav,happy,Ses01,F,3.98
Ses01F_script03_1_F005,/mnt/ddn/kyudan/IEMOCAP/data/Ses01F_script03_1_F005.wav,happy,Ses01,F,6.47
Ses01F_script03_1_F006,/mnt/ddn/kyudan/IEMOCAP/data/Ses01F_script03_1_F006.wav,happy,Ses01,F,2.534
Ses01F_script03_1_F007,/mnt/ddn/kyudan/IEMOCAP/data/Ses01F_script03_1_F007.wav,happy,Ses01,F,2.19
Ses01F_script03_1_F008,/mnt/ddn/kyudan/IEMOCAP/data/Ses01F_script03_1_F008.wav,happy,Ses01,F,3.998
Ses01F_script03_1_F009,/mnt/ddn/kyudan/IEMOCAP/data/Ses01F_script03_1_F009.wav,happy,Ses01,F,3.11
Ses01F_script03_1_F010,/mnt/ddn/kyudan/IEMOCAP/data/Ses01F_script03_1_F010.wav,happy,Ses01,F,2.53
Ses01F_script03_1_F011,/mnt/ddn/kyudan/IEMOCAP/data/Ses01F_script03_1_F011.wav,happy,Ses01,F,3.79
Ses01F_script03_1_F012,/mnt/ddn/kyudan/IEMOCAP/data/Ses01F_script03_1_F012.wav,happy,Ses01,F,1.52
Ses01F_script03_1_F013,/mnt/ddn/kyudan/IEMOCAP/data/Ses01F_script03_1_F013.wav,happy,Ses01,F,3.45
Ses01F_script03_1_F014,/mnt/ddn/kyudan/IEMOCAP/data/Ses01F_script03_1_F014.wav,happy,Ses01,F,5.98
Ses01F_script03_1_F015,/mnt/ddn/kyudan/IEMOCAP/data/Ses01F_script03_1_F015.wav,happy,Ses01,F,2.35
Ses01F_script03_1_F016,/mnt/ddn/kyudan/IEMOCAP/data/Ses01F_script03_1_F016.wav,happy,Ses01,F,2.868
Ses01F_script03_1_F017,/mnt/ddn/kyudan/IEMOCAP/data/Ses01F_script03_1_F017.wav,happy,Ses01,F,4.92
Ses01F_script03_1_F018,/mnt/ddn/kyudan/IEMOCAP/data/Ses01F_script03_1_F018.wav,happy,Ses01,F,2.75
Ses01F_script03_1_F019,/mnt/ddn/kyudan/IEMOCAP/data/Ses01F_script03_1_F019.wav,happy,Ses01,F,3.13
Ses01F_script03_1_F020,/mnt/ddn/kyudan/IEMOCAP/data/Ses01F_script03_1_F020.wav,happy,Ses01,F,4.58
Ses01F_script03_1_F021,/mnt/ddn/kyudan/IEMOCAP/data/Ses01F_script03_1_F021.wav,happy,Ses01,F,3.967
Ses01F_script03_1_F022,/mnt/ddn/kyudan/IEMOCAP/data/Ses01F_script03_1_F022.wav,happy,Ses01,F,9.16
Ses01F_script03_1_F023,/mnt/ddn/kyudan/IEMOCAP/data/Ses01F_script03_1_F023.wav,happy,Ses01,F,2.527
Ses01F_script03_1_F024,/mnt/ddn/kyudan/IEMOCAP/data/Ses01F_script03_1_F024.wav,happy,Ses01,F,5.07
Ses01F_script03_1_F025,/mnt/ddn/kyudan/IEMOCAP/data/Ses01F_script03_1_F025.wav,happy,Ses01,F,5.75
Ses01F_script03_1_F026,/mnt/ddn/kyudan/IEMOCAP/data/Ses01F_script03_1_F026.wav,happy,Ses01,F,2.7
Ses01F_script03_1_F027,/mnt/ddn/kyudan/IEMOCAP/data/Ses01F_script03_1_F027.wav,happy,Ses01,F,4.86
Ses01F_script03_1_F028,/mnt/ddn/kyudan/IEMOCAP/data/Ses01F_script03_1_F028.wav,happy,Ses01,F,3.982
Ses01F_script03_1_F029,/mnt/ddn/kyudan/IEMOCAP/data/Ses01F_script03_1_F029.wav,happy,Ses01,F,12.21
Ses01F_script03_1_F030,/mnt/ddn/kyudan/IEMOCAP/data/Ses01F_script03_1_F030.wav,happy,Ses01,F,7.18
Ses01F_script03_1_F031,/mnt/ddn/kyudan/IEMOCAP/data/Ses01F_script03_1_F031.wav,happy,Ses01,F,4.08
Ses01F_script03_1_M004,/mnt/ddn/kyudan/IEMOCAP/data/Ses01F_script03_1_M004.wav,happy,Ses01,M,2.79
Ses01F_script03_1_M005,/mnt/ddn/kyudan/IEMOCAP/data/Ses01F_script03_1_M005.wav,happy,Ses01,M,2.66
Ses01F_script03_1_M006,/mnt/ddn/kyudan/IEMOCAP/data/Ses01F_script03_1_M006.wav,happy,Ses01,M,5.39
Ses01F_script03_1_M007,/mnt/ddn/kyudan/IEMOCAP/data/Ses01F_script03_1_M007.wav,happy,Ses01,M,6.275
Ses01F_script03_1_M008,/mnt/ddn/kyudan/IEMOCAP/data/Ses01F_script03_1_M008.wav,happy,Ses01,M,5.264
Ses01F_script03_1_M009,/mnt/ddn/kyudan/IEMOCAP/data/Ses01F_script03_1_M009.wav,happy,Ses01,M,2.05
Ses01F_script03_1_M010,/mnt/ddn/kyudan/IEMOCAP/data/Ses01F_script03_1_M010.wav,happy,Ses01,M,8.06
Ses01F_script03_1_M011,/mnt/ddn/kyudan/IEMOCAP/data/Ses01F_script03_1_M011.wav,happy,Ses01,M,2.45
Ses01F_script03_1_M013,/mnt/ddn/kyudan/IEMOCAP/data/Ses01F_script03_1_M013.wav,happy,Ses01,M,10.198
Ses01F_script03_1_M014,/mnt/ddn/kyudan/IEMOCAP/data/Ses01F_script03_1_M014.wav,happy,Ses01,M,4.81
Ses01F_script03_1_M015,/mnt/ddn/kyudan/IEMOCAP/data/Ses01F_script03_1_M015.wav,happy,Ses01,M,6.93
Ses01F_script03_1_M016,/mnt/ddn/kyudan/IEMOCAP/data/Ses01F_script03_1_M016.wav,happy,Ses01,M,6.355
Ses01F_script03_1_M017,/mnt/ddn/kyudan/IEMOCAP/data/Ses01F_script03_1_M017.wav,happy,Ses01,M,4.15
Ses01F_script03_1_M018,/mnt/ddn/kyudan/IEMOCAP/data/Ses01F_script03_1_M018.wav,happy,Ses01,M,2.448
Ses01F_script03_1_M019,/mnt/ddn/kyudan/IEMOCAP/data/Ses01F_script03_1_M019.wav,happy,Ses01,M,5.2
Ses01F_script03_1_M020,/mnt/ddn/kyudan/IEMOCAP/data/Ses01F_script03_1_M020.wav,happy,Ses01,M,3.39
Ses01F_script03_1_M021,/mnt/ddn/kyudan/IEMOCAP/data/Ses01F_script03_1_M021.wav,happy,Ses01,M,3.992
Ses01F_script03_1_M022,/mnt/ddn/kyudan/IEMOCAP/data/Ses01F_script03_1_M022.wav,happy,Ses01,M,8.68
Ses01F_script03_1_M023,/mnt/ddn/kyudan/IEMOCAP/data/Ses01F_script03_1_M023.wav,happy,Ses01,M,2.913
Ses01F_script03_1_M024,/mnt/ddn/kyudan/IEMOCAP/data/Ses01F_script03_1_M024.wav,happy,Ses01,M,12.585
Ses01F_script03_1_M025,/mnt/ddn/kyudan/IEMOCAP/data/Ses01F_script03_1_M025.wav,happy,Ses01,M,7.58
Ses01F_script03_1_M026,/mnt/ddn/kyudan/IEMOCAP/data/Ses01F_script03_1_M026.wav,happy,Ses01,M,16.63
Ses01F_script03_1_M027,/mnt/ddn/kyudan/IEMOCAP/data/Ses01F_script03_1_M027.wav,happy,Ses01,M,6.168
Ses01F_script03_1_M028,/mnt/ddn/kyudan/IEMOCAP/data/Ses01F_script03_1_M028.wav,happy,Ses01,M,4.8
Ses01F_script03_1_M029,/mnt/ddn/kyudan/IEMOCAP/data/Ses01F_script03_1_M029.wav,happy,Ses01,M,1.89
Ses01F_script03_1_M031,/mnt/ddn/kyudan/IEMOCAP/data/Ses01F_script03_1_M031.wav,happy,Ses01,M,2.57
Ses01F_script03_1_M032,/mnt/ddn/kyudan/IEMOCAP/data/Ses01F_script03_1_M032.wav,happy,Ses01,M,1.535
Ses01F_script03_1_M033,/mnt/ddn/kyudan/IEMOCAP/data/Ses01F_script03_1_M033.wav,happy,Ses01,M,6.322
Ses01F_script03_1_M034,/mnt/ddn/kyudan/IEMOCAP/data/Ses01F_script03_1_M034.wav,happy,Ses01,M,4.27
Ses01F_script03_1_M035,/mnt/ddn/kyudan/IEMOCAP/data/Ses01F_script03_1_M035.wav,happy,Ses01,M,2.96
Ses01F_script03_1_M036,/mnt/ddn/kyudan/IEMOCAP/data/Ses01F_script03_1_M036.wav,happy,Ses01,M,5.182
Ses01F_script03_1_M037,/mnt/ddn/kyudan/IEMOCAP/data/Ses01F_script03_1_M037.wav,happy,Ses01,M,5.053
Ses01F_script03_1_M038,/mnt/ddn/kyudan/IEMOCAP/data/Ses01F_script03_1_M038.wav,happy,Ses01,M,4.56
Ses01F_script03_2_F000,/mnt/ddn/kyudan/IEMOCAP/data/Ses01F_script03_2_F000.wav,happy,Ses01,F,5.25
Ses01F_script03_2_F001,/mnt/ddn/kyudan/IEMOCAP/data/Ses01F_script03_2_F001.wav,happy,Ses01,F,4.07
Ses01F_script03_2_F002,/mnt/ddn/kyudan/IEMOCAP/data/Ses01F_script03_2_F002.wav,happy,Ses01,F,3.82
Ses01F_script03_2_F003,/mnt/ddn/kyudan/IEMOCAP/data/Ses01F_script03_2_F003.wav,happy,Ses01,F,5.36
Ses01F_script03_2_F004,/mnt/ddn/kyudan/IEMOCAP/data/Ses01F_script03_2_F004.wav,neutral,Ses01,F,5.65
Ses01F_script03_2_F005,/mnt/ddn/kyudan/IEMOCAP/data/Ses01F_script03_2_F005.wav,neutral,Ses01,F,2.032
Ses01F_script03_2_F013,/mnt/ddn/kyudan/IEMOCAP/data/Ses01F_script03_2_F013.wav,angry,Ses01,F,2.079
Ses01F_script03_2_F014,/mnt/ddn/kyudan/IEMOCAP/data/Ses01F_script03_2_F014.wav,angry,Ses01,F,2.18
Ses01F_script03_2_F015,/mnt/ddn/kyudan/IEMOCAP/data/Ses01F_script03_2_F015.wav,angry,Ses01,F,4.749
Ses01F_script03_2_F016,/mnt/ddn/kyudan/IEMOCAP/data/Ses01F_script03_2_F016.wav,angry,Ses01,F,4.59
Ses01F_script03_2_F017,/mnt/ddn/kyudan/IEMOCAP/data/Ses01F_script03_2_F017.wav,angry,Ses01,F,1.77
Ses01F_script03_2_F018,/mnt/ddn/kyudan/IEMOCAP/data/Ses01F_script03_2_F018.wav,angry,Ses01,F,1.84
Ses01F_script03_2_F021,/mnt/ddn/kyudan/IEMOCAP/data/Ses01F_script03_2_F021.wav,angry,Ses01,F,8.517
Ses01F_script03_2_F022,/mnt/ddn/kyudan/IEMOCAP/data/Ses01F_script03_2_F022.wav,angry,Ses01,F,2.63
Ses01F_script03_2_F023,/mnt/ddn/kyudan/IEMOCAP/data/Ses01F_script03_2_F023.wav,angry,Ses01,F,2.24
Ses01F_script03_2_F024,/mnt/ddn/kyudan/IEMOCAP/data/Ses01F_script03_2_F024.wav,angry,Ses01,F,4.35
Ses01F_script03_2_F025,/mnt/ddn/kyudan/IEMOCAP/data/Ses01F_script03_2_F025.wav,angry,Ses01,F,2.88
Ses01F_script03_2_F026,/mnt/ddn/kyudan/IEMOCAP/data/Ses01F_script03_2_F026.wav,angry,Ses01,F,5.85
Ses01F_script03_2_F027,/mnt/ddn/kyudan/IEMOCAP/data/Ses01F_script03_2_F027.wav,angry,Ses01,F,1.977
Ses01F_script03_2_F028,/mnt/ddn/kyudan/IEMOCAP/data/Ses01F_script03_2_F028.wav,angry,Ses01,F,2.47
Ses01F_script03_2_F029,/mnt/ddn/kyudan/IEMOCAP/data/Ses01F_script03_2_F029.wav,angry,Ses01,F,3.05
Ses01F_script03_2_F030,/mnt/ddn/kyudan/IEMOCAP/data/Ses01F_script03_2_F030.wav,neutral,Ses01,F,1.387
Ses01F_script03_2_F031,/mnt/ddn/kyudan/IEMOCAP/data/Ses01F_script03_2_F031.wav,neutral,Ses01,F,3.652
Ses01F_script03_2_F032,/mnt/ddn/kyudan/IEMOCAP/data/Ses01F_script03_2_F032.wav,neutral,Ses01,F,2.567
Ses01F_script03_2_F034,/mnt/ddn/kyudan/IEMOCAP/data/Ses01F_script03_2_F034.wav,angry,Ses01,F,5.056
Ses01F_script03_2_F035,/mnt/ddn/kyudan/IEMOCAP/data/Ses01F_script03_2_F035.wav,angry,Ses01,F,3.938
Ses01F_script03_2_F036,/mnt/ddn/kyudan/IEMOCAP/data/Ses01F_script03_2_F036.wav,angry,Ses01,F,8.83
Ses01F_script03_2_F037,/mnt/ddn/kyudan/IEMOCAP/data/Ses01F_script03_2_F037.wav,angry,Ses01,F,10.35
Ses01F_script03_2_F038,/mnt/ddn/kyudan/IEMOCAP/data/Ses01F_script03_2_F038.wav,angry,Ses01,F,5.425
Ses01F_script03_2_F039,/mnt/ddn/kyudan/IEMOCAP/data/Ses01F_script03_2_F039.wav,angry,Ses01,F,1.99
Ses01F_script03_2_F040,/mnt/ddn/kyudan/IEMOCAP/data/Ses01F_script03_2_F040.wav,angry,Ses01,F,18.43
Ses01F_script03_2_M001,/mnt/ddn/kyudan/IEMOCAP/data/Ses01F_script03_2_M001.wav,neutral,Ses01,M,6.452
Ses01F_script03_2_M002,/mnt/ddn/kyudan/IEMOCAP/data/Ses01F_script03_2_M002.wav,neutral,Ses01,M,4.38
Ses01F_script03_2_M004,/mnt/ddn/kyudan/IEMOCAP/data/Ses01F_script03_2_M004.wav,neutral,Ses01,M,4.23
Ses01F_script03_2_M007,/mnt/ddn/kyudan/IEMOCAP/data/Ses01F_script03_2_M007.wav,angry,Ses01,M,2.599
Ses01F_script03_2_M010,/mnt/ddn/kyudan/IEMOCAP/data/Ses01F_script03_2_M010.wav,neutral,Ses01,M,2.69
Ses01F_script03_2_M011,/mnt/ddn/kyudan/IEMOCAP/data/Ses01F_script03_2_M011.wav,neutral,Ses01,M,3.536
Ses01F_script03_2_M014,/mnt/ddn/kyudan/IEMOCAP/data/Ses01F_script03_2_M014.wav,angry,Ses01,M,2.25
Ses01F_script03_2_M016,/mnt/ddn/kyudan/IEMOCAP/data/Ses01F_script03_2_M016.wav,neutral,Ses01,M,3.35
Ses01F_script03_2_M018,/mnt/ddn/kyudan/IEMOCAP/data/Ses01F_script03_2_M018.wav,neutral,Ses01,M,2.982
Ses01F_script03_2_M019,/mnt/ddn/kyudan/IEMOCAP/data/Ses01F_script03_2_M019.wav,neutral,Ses01,M,1.37
Ses01F_script03_2_M020,/mnt/ddn/kyudan/IEMOCAP/data/Ses01F_script03_2_M020.wav,angry,Ses01,M,5.09
Ses01F_script03_2_M021,/mnt/ddn/kyudan/IEMOCAP/data/Ses01F_script03_2_M021.wav,angry,Ses01,M,3.192
Ses01F_script03_2_M022,/mnt/ddn/kyudan/IEMOCAP/data/Ses01F_script03_2_M022.wav,angry,Ses01,M,7.28
Ses01F_script03_2_M023,/mnt/ddn/kyudan/IEMOCAP/data/Ses01F_script03_2_M023.wav,angry,Ses01,M,3.72
Ses01F_script03_2_M024,/mnt/ddn/kyudan/IEMOCAP/data/Ses01F_script03_2_M024.wav,angry,Ses01,M,12.75
Ses01F_script03_2_M025,/mnt/ddn/kyudan/IEMOCAP/data/Ses01F_script03_2_M025.wav,angry,Ses01,M,4.49
Ses01F_script03_2_M026,/mnt/ddn/kyudan/IEMOCAP/data/Ses01F_script03_2_M026.wav,angry,Ses01,M,9.139
Ses01F_script03_2_M027,/mnt/ddn/kyudan/IEMOCAP/data/Ses01F_script03_2_M027.wav,angry,Ses01,M,14.84
Ses01F_script03_2_M028,/mnt/ddn/kyudan/IEMOCAP/data/Ses01F_script03_2_M028.wav,sad,Ses01,M,6.03
Ses01F_script03_2_M029,/mnt/ddn/kyudan/IEMOCAP/data/Ses01F_script03_2_M029.wav,angry,Ses01,M,5.078
Ses01F_script03_2_M030,/mnt/ddn/kyudan/IEMOCAP/data/Ses01F_script03_2_M030.wav,angry,Ses01,M,2.326
Ses01F_script03_2_M031,/mnt/ddn/kyudan/IEMOCAP/data/Ses01F_script03_2_M031.wav,neutral,Ses01,M,4.26
Ses01F_script03_2_M032,/mnt/ddn/kyudan/IEMOCAP/data/Ses01F_script03_2_M032.wav,angry,Ses01,M,2.949
Ses01F_script03_2_M033,/mnt/ddn/kyudan/IEMOCAP/data/Ses01F_script03_2_M033.wav,angry,Ses01,M,5.671
Ses01F_script03_2_M034,/mnt/ddn/kyudan/IEMOCAP/data/Ses01F_script03_2_M034.wav,angry,Ses01,M,3.178
Ses01F_script03_2_M035,/mnt/ddn/kyudan/IEMOCAP/data/Ses01F_script03_2_M035.wav,angry,Ses01,M,2.342
Ses01F_script03_2_M036,/mnt/ddn/kyudan/IEMOCAP/data/Ses01F_script03_2_M036.wav,angry,Ses01,M,4.268
Ses01F_script03_2_M037,/mnt/ddn/kyudan/IEMOCAP/data/Ses01F_script03_2_M037.wav,angry,Ses01,M,8.973
Ses01F_script03_2_M038,/mnt/ddn/kyudan/IEMOCAP/data/Ses01F_script03_2_M038.wav,angry,Ses01,M,2.067
Ses01F_script03_2_M039,/mnt/ddn/kyudan/IEMOCAP/data/Ses01F_script03_2_M039.wav,angry,Ses01,M,1.495
Ses01F_script03_2_M040,/mnt/ddn/kyudan/IEMOCAP/data/Ses01F_script03_2_M040.wav,angry,Ses01,M,16.0
Ses01M_impro01_F000,/mnt/ddn/kyudan/IEMOCAP/data/Ses01M_impro01_F000.wav,angry,Ses01,F,1.69
Ses01M_impro01_F001,/mnt/ddn/kyudan/IEMOCAP/data/Ses01M_impro01_F001.wav,angry,Ses01,F,2.05
Ses01M_impro01_F002,/mnt/ddn/kyudan/IEMOCAP/data/Ses01M_impro01_F002.wav,angry,Ses01,F,3.77
Ses01M_impro01_F007,/mnt/ddn/kyudan/IEMOCAP/data/Ses01M_impro01_F007.wav,angry,Ses01,F,3.42
Ses01M_impro01_F008,/mnt/ddn/kyudan/IEMOCAP/data/Ses01M_impro01_F008.wav,angry,Ses01,F,3.736
Ses01M_impro01_F011,/mnt/ddn/kyudan/IEMOCAP/data/Ses01M_impro01_F011.wav,angry,Ses01,F,2.16
Ses01M_impro01_F012,/mnt/ddn/kyudan/IEMOCAP/data/Ses01M_impro01_F012.wav,angry,Ses01,F,1.925
Ses01M_impro01_F019,/mnt/ddn/kyudan/IEMOCAP/data/Ses01M_impro01_F019.wav,angry,Ses01,F,3.61
Ses01M_impro01_F020,/mnt/ddn/kyudan/IEMOCAP/data/Ses01M_impro01_F020.wav,angry,Ses01,F,3.33
Ses01M_impro01_F021,/mnt/ddn/kyudan/IEMOCAP/data/Ses01M_impro01_F021.wav,angry,Ses01,F,4.912
Ses01M_impro01_F022,/mnt/ddn/kyudan/IEMOCAP/data/Ses01M_impro01_F022.wav,angry,Ses01,F,10.69
Ses01M_impro01_F024,/mnt/ddn/kyudan/IEMOCAP/data/Ses01M_impro01_F024.wav,neutral,Ses01,F,3.712
Ses01M_impro01_F025,/mnt/ddn/kyudan/IEMOCAP/data/Ses01M_impro01_F025.wav,neutral,Ses01,F,3.43
Ses01M_impro01_M003,/mnt/ddn/kyudan/IEMOCAP/data/Ses01M_impro01_M003.wav,neutral,Ses01,M,2.48
Ses01M_impro01_M010,/mnt/ddn/kyudan/IEMOCAP/data/Ses01M_impro01_M010.wav,neutral,Ses01,M,2.22
Ses01M_impro01_M020,/mnt/ddn/kyudan/IEMOCAP/data/Ses01M_impro01_M020.wav,angry,Ses01,M,3.62
Ses01M_impro01_M021,/mnt/ddn/kyudan/IEMOCAP/data/Ses01M_impro01_M021.wav,angry,Ses01,M,5.33
Ses01M_impro01_M025,/mnt/ddn/kyudan/IEMOCAP/data/Ses01M_impro01_M025.wav,angry,Ses01,M,3.345
Ses01M_impro01_M030,/mnt/ddn/kyudan/IEMOCAP/data/Ses01M_impro01_M030.wav,angry,Ses01,M,1.12
Ses01M_impro01_M031,/mnt/ddn/kyudan/IEMOCAP/data/Ses01M_impro01_M031.wav,angry,Ses01,M,2.67
Ses01M_impro01_M032,/mnt/ddn/kyudan/IEMOCAP/data/Ses01M_impro01_M032.wav,angry,Ses01,M,5.51
Ses01M_impro02_F000,/mnt/ddn/kyudan/IEMOCAP/data/Ses01M_impro02_F000.wav,neutral,Ses01,F,3.396
Ses01M_impro02_F009,/mnt/ddn/kyudan/IEMOCAP/data/Ses01M_impro02_F009.wav,sad,Ses01,F,3.3
Ses01M_impro02_F010,/mnt/ddn/kyudan/IEMOCAP/data/Ses01M_impro02_F010.wav,sad,Ses01,F,3.26
Ses01M_impro02_F012,/mnt/ddn/kyudan/IEMOCAP/data/Ses01M_impro02_F012.wav,angry,Ses01,F,2.287
Ses01M_impro02_F013,/mnt/ddn/kyudan/IEMOCAP/data/Ses01M_impro02_F013.wav,sad,Ses01,F,4.06
Ses01M_impro02_F014,/mnt/ddn/kyudan/IEMOCAP/data/Ses01M_impro02_F014.wav,sad,Ses01,F,2.608
Ses01M_impro02_F015,/mnt/ddn/kyudan/IEMOCAP/data/Ses01M_impro02_F015.wav,sad,Ses01,F,2.69
Ses01M_impro02_F016,/mnt/ddn/kyudan/IEMOCAP/data/Ses01M_impro02_F016.wav,sad,Ses01,F,2.86
Ses01M_impro02_F017,/mnt/ddn/kyudan/IEMOCAP/data/Ses01M_impro02_F017.wav,sad,Ses01,F,4.94
Ses01M_impro02_F018,/mnt/ddn/kyudan/IEMOCAP/data/Ses01M_impro02_F018.wav,sad,Ses01,F,4.82
Ses01M_impro02_F019,/mnt/ddn/kyudan/IEMOCAP/data/Ses01M_impro02_F019.wav,sad,Ses01,F,2.292
Ses01M_impro02_F020,/mnt/ddn/kyudan/IEMOCAP/data/Ses01M_impro02_F020.wav,sad,Ses01,F,4.86
Ses01M_impro02_F021,/mnt/ddn/kyudan/IEMOCAP/data/Ses01M_impro02_F021.wav,sad,Ses01,F,2.205
Ses01M_impro02_M000,/mnt/ddn/kyudan/IEMOCAP/data/Ses01M_impro02_M000.wav,neutral,Ses01,M,3.302
Ses01M_impro02_M001,/mnt/ddn/kyudan/IEMOCAP/data/Ses01M_impro02_M001.wav,sad,Ses01,M,3.76
Ses01M_impro02_M002,/mnt/ddn/kyudan/IEMOCAP/data/Ses01M_impro02_M002.wav,sad,Ses01,M,4.3
Ses01M_impro02_M003,/mnt/ddn/kyudan/IEMOCAP/data/Ses01M_impro02_M003.wav,sad,Ses01,M,2.715
Ses01M_impro02_M007,/mnt/ddn/kyudan/IEMOCAP/data/Ses01M_impro02_M007.wav,sad,Ses01,M,8.52
Ses01M_impro02_M009,/mnt/ddn/kyudan/IEMOCAP/data/Ses01M_impro02_M009.wav,sad,Ses01,M,2.922
Ses01M_impro02_M010,/mnt/ddn/kyudan/IEMOCAP/data/Ses01M_impro02_M010.wav,sad,Ses01,M,2.68
Ses01M_impro02_M011,/mnt/ddn/kyudan/IEMOCAP/data/Ses01M_impro02_M011.wav,sad,Ses01,M,4.19
Ses01M_impro02_M012,/mnt/ddn/kyudan/IEMOCAP/data/Ses01M_impro02_M012.wav,sad,Ses01,M,1.83
Ses01M_impro02_M013,/mnt/ddn/kyudan/IEMOCAP/data/Ses01M_impro02_M013.wav,sad,Ses01,M,4.425
Ses01M_impro02_M014,/mnt/ddn/kyudan/IEMOCAP/data/Ses01M_impro02_M014.wav,sad,Ses01,M,8.34
Ses01M_impro02_M015,/mnt/ddn/kyudan/IEMOCAP/data/Ses01M_impro02_M015.wav,sad,Ses01,M,2.282
Ses01M_impro02_M016,/mnt/ddn/kyudan/IEMOCAP/data/Ses01M_impro02_M016.wav,sad,Ses01,M,4.39
Ses01M_impro02_M017,/mnt/ddn/kyudan/IEMOCAP/data/Ses01M_impro02_M017.wav,sad,Ses01,M,6.68
Ses01M_impro02_M018,/mnt/ddn/kyudan/IEMOCAP/data/Ses01M_impro02_M018.wav,sad,Ses01,M,3.19
Ses01M_impro02_M019,/mnt/ddn/kyudan/IEMOCAP/data/Ses01M_impro02_M019.wav,sad,Ses01,M,3.52
Ses01M_impro02_M020,/mnt/ddn/kyudan/IEMOCAP/data/Ses01M_impro02_M020.wav,sad,Ses01,M,2.08
Ses01M_impro02_M021,/mnt/ddn/kyudan/IEMOCAP/data/Ses01M_impro02_M021.wav,sad,Ses01,M,3.76
Ses01M_impro02_M022,/mnt/ddn/kyudan/IEMOCAP/data/Ses01M_impro02_M022.wav,sad,Ses01,M,2.07
Ses01M_impro02_M023,/mnt/ddn/kyudan/IEMOCAP/data/Ses01M_impro02_M023.wav,sad,Ses01,M,5.31
Ses01M_impro02_M024,/mnt/ddn/kyudan/IEMOCAP/data/Ses01M_impro02_M024.wav,sad,Ses01,M,2.73
Ses01M_impro02_M025,/mnt/ddn/kyudan/IEMOCAP/data/Ses01M_impro02_M025.wav,sad,Ses01,M,2.45
Ses01M_impro03_F000,/mnt/ddn/kyudan/IEMOCAP/data/Ses01M_impro03_F000.wav,happy,Ses01,F,1.83
Ses01M_impro03_F002,/mnt/ddn/kyudan/IEMOCAP/data/Ses01M_impro03_F002.wav,happy,Ses01,F,1.377
Ses01M_impro03_F003,/mnt/ddn/kyudan/IEMOCAP/data/Ses01M_impro03_F003.wav,happy,Ses01,F,1.552
Ses01M_impro03_F004,/mnt/ddn/kyudan/IEMOCAP/data/Ses01M_impro03_F004.wav,happy,Ses01,F,2.598
Ses01M_impro03_F005,/mnt/ddn/kyudan/IEMOCAP/data/Ses01M_impro03_F005.wav,happy,Ses01,F,7.21
Ses01M_impro03_F006,/mnt/ddn/kyudan/IEMOCAP/data/Ses01M_impro03_F006.wav,happy,Ses01,F,3.735
Ses01M_impro03_F007,/mnt/ddn/kyudan/IEMOCAP/data/Ses01M_impro03_F007.wav,happy,Ses01,F,4.33
Ses01M_impro03_F008,/mnt/ddn/kyudan/IEMOCAP/data/Ses01M_impro03_F008.wav,happy,Ses01,F,7.2
Ses01M_impro03_F009,/mnt/ddn/kyudan/IEMOCAP/data/Ses01M_impro03_F009.wav,happy,Ses01,F,3.777
Ses01M_impro03_F010,/mnt/ddn/kyudan/IEMOCAP/data/Ses01M_impro03_F010.wav,happy,Ses01,F,11.057
Ses01M_impro03_F011,/mnt/ddn/kyudan/IEMOCAP/data/Ses01M_impro03_F011.wav,happy,Ses01,F,8.412
Ses01M_impro03_F012,/mnt/ddn/kyudan/IEMOCAP/data/Ses01M_impro03_F012.wav,happy,Ses01,F,7.52
Ses01M_impro03_F013,/mnt/ddn/kyudan/IEMOCAP/data/Ses01M_impro03_F013.wav,happy,Ses01,F,1.73
Ses01M_impro03_F014,/mnt/ddn/kyudan/IEMOCAP/data/Ses01M_impro03_F014.wav,happy,Ses01,F,3.26
Ses01M_impro03_F015,/mnt/ddn/kyudan/IEMOCAP/data/Ses01M_impro03_F015.wav,happy,Ses01,F,6.637
Ses01M_impro03_F016,/mnt/ddn/kyudan/IEMOCAP/data/Ses01M_impro03_F016.wav,happy,Ses01,F,4.423
Ses01M_impro03_F017,/mnt/ddn/kyudan/IEMOCAP/data/Ses01M_impro03_F017.wav,neutral,Ses01,F,2.91
Ses01M_impro03_F018,/mnt/ddn/kyudan/IEMOCAP/data/Ses01M_impro03_F018.wav,neutral,Ses01,F,1.26
Ses01M_impro03_F019,/mnt/ddn/kyudan/IEMOCAP/data/Ses01M_impro03_F019.wav,happy,Ses01,F,3.61
Ses01M_impro03_F020,/mnt/ddn/kyudan/IEMOCAP/data/Ses01M_impro03_F020.wav,happy,Ses01,F,1.78
Ses01M_impro03_F021,/mnt/ddn/kyudan/IEMOCAP/data/Ses01M_impro03_F021.wav,neutral,Ses01,F,3.53
Ses01M_impro03_F022,/mnt/ddn/kyudan/IEMOCAP/data/Ses01M_impro03_F022.wav,happy,Ses01,F,3.99
Ses01M_impro03_F023,/mnt/ddn/kyudan/IEMOCAP/data/Ses01M_impro03_F023.wav,happy,Ses01,F,7.78
Ses01M_impro03_F024,/mnt/ddn/kyudan/IEMOCAP/data/Ses01M_impro03_F024.wav,happy,Ses01,F,1.8
Ses01M_impro03_F025,/mnt/ddn/kyudan/IEMOCAP/data/Ses01M_impro03_F025.wav,happy,Ses01,F,3.675
Ses01M_impro03_F026,/mnt/ddn/kyudan/IEMOCAP/data/Ses01M_impro03_F026.wav,happy,Ses01,F,2.647
Ses01M_impro03_M000,/mnt/ddn/kyudan/IEMOCAP/data/Ses01M_impro03_M000.wav,happy,Ses01,M,2.64
Ses01M_impro03_M001,/mnt/ddn/kyudan/IEMOCAP/data/Ses01M_impro03_M001.wav,happy,Ses01,M,5.26
Ses01M_impro03_M002,/mnt/ddn/kyudan/IEMOCAP/data/Ses01M_impro03_M002.wav,happy,Ses01,M,1.28
Ses01M_impro03_M003,/mnt/ddn/kyudan/IEMOCAP/data/Ses01M_impro03_M003.wav,neutral,Ses01,M,3.61
Ses01M_impro03_M004,/mnt/ddn/kyudan/IEMOCAP/data/Ses01M_impro03_M004.wav,happy,Ses01,M,9.26
Ses01M_impro03_M005,/mnt/ddn/kyudan/IEMOCAP/data/Ses01M_impro03_M005.wav,happy,Ses01,M,4.19
Ses01M_impro03_M006,/mnt/ddn/kyudan/IEMOCAP/data/Ses01M_impro03_M006.wav,neutral,Ses01,M,7.463
Ses01M_impro03_M007,/mnt/ddn/kyudan/IEMOCAP/data/Ses01M_impro03_M007.wav,happy,Ses01,M,8.082
Ses01M_impro03_M008,/mnt/ddn/kyudan/IEMOCAP/data/Ses01M_impro03_M008.wav,happy,Ses01,M,15.068
Ses01M_impro03_M009,/mnt/ddn/kyudan/IEMOCAP/data/Ses01M_impro03_M009.wav,happy,Ses01,M,1.315
Ses01M_impro03_M010,/mnt/ddn/kyudan/IEMOCAP/data/Ses01M_impro03_M010.wav,happy,Ses01,M,2.68
Ses01M_impro03_M011,/mnt/ddn/kyudan/IEMOCAP/data/Ses01M_impro03_M011.wav,happy,Ses01,M,2.29
Ses01M_impro03_M012,/mnt/ddn/kyudan/IEMOCAP/data/Ses01M_impro03_M012.wav,happy,Ses01,M,1.72
Ses01M_impro03_M013,/mnt/ddn/kyudan/IEMOCAP/data/Ses01M_impro03_M013.wav,happy,Ses01,M,2.152
Ses01M_impro03_M014,/mnt/ddn/kyudan/IEMOCAP/data/Ses01M_impro03_M014.wav,neutral,Ses01,M,3.54
Ses01M_impro03_M015,/mnt/ddn/kyudan/IEMOCAP/data/Ses01M_impro03_M015.wav,happy,Ses01,M,2.1
Ses01M_impro03_M016,/mnt/ddn/kyudan/IEMOCAP/data/Ses01M_impro03_M016.wav,happy,Ses01,M,3.93
Ses01M_impro03_M017,/mnt/ddn/kyudan/IEMOCAP/data/Ses01M_impro03_M017.wav,happy,Ses01,M,11.33
Ses01M_impro03_M018,/mnt/ddn/kyudan/IEMOCAP/data/Ses01M_impro03_M018.wav,neutral,Ses01,M,2.05
Ses01M_impro03_M019,/mnt/ddn/kyudan/IEMOCAP/data/Ses01M_impro03_M019.wav,happy,Ses01,M,3.78
Ses01M_impro03_M020,/mnt/ddn/kyudan/IEMOCAP/data/Ses01M_impro03_M020.wav,happy,Ses01,M,3.31
Ses01M_impro03_M021,/mnt/ddn/kyudan/IEMOCAP/data/Ses01M_impro03_M021.wav,neutral,Ses01,M,8.688
Ses01M_impro03_M022,/mnt/ddn/kyudan/IEMOCAP/data/Ses01M_impro03_M022.wav,happy,Ses01,M,9.78
Ses01M_impro03_M023,/mnt/ddn/kyudan/IEMOCAP/data/Ses01M_impro03_M023.wav,happy,Ses01,M,4.54
Ses01M_impro03_M024,/mnt/ddn/kyudan/IEMOCAP/data/Ses01M_impro03_M024.wav,happy,Ses01,M,1.46
Ses01M_impro03_M025,/mnt/ddn/kyudan/IEMOCAP/data/Ses01M_impro03_M025.wav,happy,Ses01,M,1.15
Ses01M_impro04_F000,/mnt/ddn/kyudan/IEMOCAP/data/Ses01M_impro04_F000.wav,neutral,Ses01,F,2.669
Ses01M_impro04_F002,/mnt/ddn/kyudan/IEMOCAP/data/Ses01M_impro04_F002.wav,neutral,Ses01,F,1.854
Ses01M_impro04_F003,/mnt/ddn/kyudan/IEMOCAP/data/Ses01M_impro04_F003.wav,neutral,Ses01,F,3.216
Ses01M_impro04_F004,/mnt/ddn/kyudan/IEMOCAP/data/Ses01M_impro04_F004.wav,neutral,Ses01,F,2.75
Ses01M_impro04_F005,/mnt/ddn/kyudan/IEMOCAP/data/Ses01M_impro04_F005.wav,neutral,Ses01,F,3.3
Ses01M_impro04_F006,/mnt/ddn/kyudan/IEMOCAP/data/Ses01M_impro04_F006.wav,neutral,Ses01,F,6.59
Ses01M_impro04_F007,/mnt/ddn/kyudan/IEMOCAP/data/Ses01M_impro04_F007.wav,neutral,Ses01,F,3.32
Ses01M_impro04_F008,/mnt/ddn/kyudan/IEMOCAP/data/Ses01M_impro04_F008.wav,neutral,Ses01,F,2.281
Ses01M_impro04_F009,/mnt/ddn/kyudan/IEMOCAP/data/Ses01M_impro04_F009.wav,neutral,Ses01,F,4.34
Ses01M_impro04_F010,/mnt/ddn/kyudan/IEMOCAP/data/Ses01M_impro04_F010.wav,neutral,Ses01,F,8.045
Ses01M_impro04_F011,/mnt/ddn/kyudan/IEMOCAP/data/Ses01M_impro04_F011.wav,neutral,Ses01,F,12.155
Ses01M_impro04_F012,/mnt/ddn/kyudan/IEMOCAP/data/Ses01M_impro04_F012.wav,neutral,Ses01,F,1.79
Ses01M_impro04_F013,/mnt/ddn/kyudan/IEMOCAP/data/Ses01M_impro04_F013.wav,neutral,Ses01,F,5.02
Ses01M_impro04_F014,/mnt/ddn/kyudan/IEMOCAP/data/Ses01M_impro04_F014.wav,neutral,Ses01,F,2.95
Ses01M_impro04_F015,/mnt/ddn/kyudan/IEMOCAP/data/Ses01M_impro04_F015.wav,neutral,Ses01,F,2.28
Ses01M_impro04_F016,/mnt/ddn/kyudan/IEMOCAP/data/Ses01M_impro04_F016.wav,neutral,Ses01,F,1.49
Ses01M_impro04_F017,/mnt/ddn/kyudan/IEMOCAP/data/Ses01M_impro04_F017.wav,neutral,Ses01,F,3.98
Ses01M_impro04_F018,/mnt/ddn/kyudan/IEMOCAP/data/Ses01M_impro04_F018.wav,neutral,Ses01,F,7.84
Ses01M_impro04_F019,/mnt/ddn/kyudan/IEMOCAP/data/Ses01M_impro04_F019.wav,neutral,Ses01,F,4.045
Ses01M_impro04_F020,/mnt/ddn/kyudan/IEMOCAP/data/Ses01M_impro04_F020.wav,neutral,Ses01,F,2.38
Ses01M_impro04_F021,/mnt/ddn/kyudan/IEMOCAP/data/Ses01M_impro04_F021.wav,neutral,Ses01,F,2.82
Ses01M_impro04_F022,/mnt/ddn/kyudan/IEMOCAP/data/Ses01M_impro04_F022.wav,neutral,Ses01,F,6.65
Ses01M_impro04_F023,/mnt/ddn/kyudan/IEMOCAP/data/Ses01M_impro04_F023.wav,neutral,Ses01,F,2.838
Ses01M_impro04_F025,/mnt/ddn/kyudan/IEMOCAP/data/Ses01M_impro04_F025.wav,neutral,Ses01,F,3.24
Ses01M_impro04_M014,/mnt/ddn/kyudan/IEMOCAP/data/Ses01M_impro04_M014.wav,angry,Ses01,M,1.28
Ses01M_impro04_M018,/mnt/ddn/kyudan/IEMOCAP/data/Ses01M_impro04_M018.wav,angry,Ses01,M,7.74
Ses01M_impro04_M019,/mnt/ddn/kyudan/IEMOCAP/data/Ses01M_impro04_M019.wav,angry,Ses01,M,3.46
Ses01M_impro04_M021,/mnt/ddn/kyudan/IEMOCAP/data/Ses01M_impro04_M021.wav,neutral,Ses01,M,1.66
Ses01M_impro04_M023,/mnt/ddn/kyudan/IEMOCAP/data/Ses01M_impro04_M023.wav,angry,Ses01,M,6.303
Ses01M_impro04_M025,/mnt/ddn/kyudan/IEMOCAP/data/Ses01M_impro04_M025.wav,neutral,Ses01,M,1.527
Ses01M_impro05_F000,/mnt/ddn/kyudan/IEMOCAP/data/Ses01M_impro05_F000.wav,neutral,Ses01,F,2.051
Ses01M_impro05_F001,/mnt/ddn/kyudan/IEMOCAP/data/Ses01M_impro05_F001.wav,neutral,Ses01,F,2.65
Ses01M_impro05_F002,/mnt/ddn/kyudan/IEMOCAP/data/Ses01M_impro05_F002.wav,neutral,Ses01,F,3.527
Ses01M_impro05_F003,/mnt/ddn/kyudan/IEMOCAP/data/Ses01M_impro05_F003.wav,neutral,Ses01,F,1.29
Ses01M_impro05_F004,/mnt/ddn/kyudan/IEMOCAP/data/Ses01M_impro05_F004.wav,neutral,Ses01,F,4.06
Ses01M_impro05_F005,/mnt/ddn/kyudan/IEMOCAP/data/Ses01M_impro05_F005.wav,neutral,Ses01,F,2.86
Ses01M_impro05_F006,/mnt/ddn/kyudan/IEMOCAP/data/Ses01M_impro05_F006.wav,neutral,Ses01,F,2.748
Ses01M_impro05_F007,/mnt/ddn/kyudan/IEMOCAP/data/Ses01M_impro05_F007.wav,neutral,Ses01,F,2.797
Ses01M_impro05_F009,/mnt/ddn/kyudan/IEMOCAP/data/Ses01M_impro05_F009.wav,angry,Ses01,F,2.59
Ses01M_impro05_F010,/mnt/ddn/kyudan/IEMOCAP/data/Ses01M_impro05_F010.wav,angry,Ses01,F,2.312
Ses01M_impro05_F011,/mnt/ddn/kyudan/IEMOCAP/data/Ses01M_impro05_F011.wav,neutral,Ses01,F,4.25
Ses01M_impro05_F012,/mnt/ddn/kyudan/IEMOCAP/data/Ses01M_impro05_F012.wav,neutral,Ses01,F,2.39
Ses01M_impro05_F013,/mnt/ddn/kyudan/IEMOCAP/data/Ses01M_impro05_F013.wav,neutral,Ses01,F,2.533
Ses01M_impro05_F014,/mnt/ddn/kyudan/IEMOCAP/data/Ses01M_impro05_F014.wav,neutral,Ses01,F,1.73
Ses01M_impro05_F015,/mnt/ddn/kyudan/IEMOCAP/data/Ses01M_impro05_F015.wav,neutral,Ses01,F,6.0
Ses01M_impro05_F016,/mnt/ddn/kyudan/IEMOCAP/data/Ses01M_impro05_F016.wav,neutral,Ses01,F,5.74
Ses01M_impro05_F017,/mnt/ddn/kyudan/IEMOCAP/data/Ses01M_impro05_F017.wav,neutral,Ses01,F,8.83
Ses01M_impro05_F018,/mnt/ddn/kyudan/IEMOCAP/data/Ses01M_impro05_F018.wav,neutral,Ses01,F,2.62
Ses01M_impro05_F019,/mnt/ddn/kyudan/IEMOCAP/data/Ses01M_impro05_F019.wav,neutral,Ses01,F,3.25
Ses01M_impro05_F020,/mnt/ddn/kyudan/IEMOCAP/data/Ses01M_impro05_F020.wav,neutral,Ses01,F,6.26
Ses01M_impro05_F021,/mnt/ddn/kyudan/IEMOCAP/data/Ses01M_impro05_F021.wav,neutral,Ses01,F,1.28
Ses01M_impro05_F022,/mnt/ddn/kyudan/IEMOCAP/data/Ses01M_impro05_F022.wav,neutral,Ses01,F,1.48
Ses01M_impro05_F023,/mnt/ddn/kyudan/IEMOCAP/data/Ses01M_impro05_F023.wav,neutral,Ses01,F,1.607
Ses01M_impro05_F024,/mnt/ddn/kyudan/IEMOCAP/data/Ses01M_impro05_F024.wav,neutral,Ses01,F,1.93
Ses01M_impro05_F025,/mnt/ddn/kyudan/IEMOCAP/data/Ses01M_impro05_F025.wav,neutral,Ses01,F,4.59
Ses01M_impro05_F026,/mnt/ddn/kyudan/IEMOCAP/data/Ses01M_impro05_F026.wav,neutral,Ses01,F,3.04
Ses01M_impro05_F027,/mnt/ddn/kyudan/IEMOCAP/data/Ses01M_impro05_F027.wav,neutral,Ses01,F,1.47
Ses01M_impro05_F028,/mnt/ddn/kyudan/IEMOCAP/data/Ses01M_impro05_F028.wav,neutral,Ses01,F,2.04
Ses01M_impro05_F029,/mnt/ddn/kyudan/IEMOCAP/data/Ses01M_impro05_F029.wav,neutral,Ses01,F,1.72
Ses01M_impro05_F030,/mnt/ddn/kyudan/IEMOCAP/data/Ses01M_impro05_F030.wav,neutral,Ses01,F,2.06
Ses01M_impro05_F031,/mnt/ddn/kyudan/IEMOCAP/data/Ses01M_impro05_F031.wav,neutral,Ses01,F,1.25
Ses01M_impro05_F032,/mnt/ddn/kyudan/IEMOCAP/data/Ses01M_impro05_F032.wav,neutral,Ses01,F,2.41
Ses01M_impro05_F033,/mnt/ddn/kyudan/IEMOCAP/data/Ses01M_impro05_F033.wav,neutral,Ses01,F,1.23
Ses01M_impro05_F034,/mnt/ddn/kyudan/IEMOCAP/data/Ses01M_impro05_F034.wav,neutral,Ses01,F,5.37
Ses01M_impro05_F036,/mnt/ddn/kyudan/IEMOCAP/data/Ses01M_impro05_F036.wav,angry,Ses01,F,1.84
Ses01M_impro05_F037,/mnt/ddn/kyudan/IEMOCAP/data/Ses01M_impro05_F037.wav,angry,Ses01,F,6.808
Ses01M_impro05_M004,/mnt/ddn/kyudan/IEMOCAP/data/Ses01M_impro05_M004.wav,angry,Ses01,M,4.888
Ses01M_impro05_M005,/mnt/ddn/kyudan/IEMOCAP/data/Ses01M_impro05_M005.wav,angry,Ses01,M,3.05
Ses01M_impro05_M006,/mnt/ddn/kyudan/IEMOCAP/data/Ses01M_impro05_M006.wav,angry,Ses01,M,2.82
Ses01M_impro05_M007,/mnt/ddn/kyudan/IEMOCAP/data/Ses01M_impro05_M007.wav,angry,Ses01,M,3.755
Ses01M_impro05_M008,/mnt/ddn/kyudan/IEMOCAP/data/Ses01M_impro05_M008.wav,angry,Ses01,M,3.185
Ses01M_impro05_M014,/mnt/ddn/kyudan/IEMOCAP/data/Ses01M_impro05_M014.wav,neutral,Ses01,M,7.46
Ses01M_impro05_M015,/mnt/ddn/kyudan/IEMOCAP/data/Ses01M_impro05_M015.wav,neutral,Ses01,M,2.07
Ses01M_impro05_M020,/mnt/ddn/kyudan/IEMOCAP/data/Ses01M_impro05_M020.wav,angry,Ses01,M,2.501
Ses01M_impro05_M021,/mnt/ddn/kyudan/IEMOCAP/data/Ses01M_impro05_M021.wav,angry,Ses01,M,5.85
Ses01M_impro05_M022,/mnt/ddn/kyudan/IEMOCAP/data/Ses01M_impro05_M022.wav,angry,Ses01,M,5.83
Ses01M_impro05_M023,/mnt/ddn/kyudan/IEMOCAP/data/Ses01M_impro05_M023.wav,angry,Ses01,M,6.51
Ses01M_impro05_M024,/mnt/ddn/kyudan/IEMOCAP/data/Ses01M_impro05_M024.wav,angry,Ses01,M,3.5
Ses01M_impro05_M025,/mnt/ddn/kyudan/IEMOCAP/data/Ses01M_impro05_M025.wav,angry,Ses01,M,6.99
Ses01M_impro05_M026,/mnt/ddn/kyudan/IEMOCAP/data/Ses01M_impro05_M026.wav,angry,Ses01,M,6.72
Ses01M_impro05_M027,/mnt/ddn/kyudan/IEMOCAP/data/Ses01M_impro05_M027.wav,angry,Ses01,M,6.183
Ses01M_impro05_M028,/mnt/ddn/kyudan/IEMOCAP/data/Ses01M_impro05_M028.wav,angry,Ses01,M,5.325
Ses01M_impro05_M031,/mnt/ddn/kyudan/IEMOCAP/data/Ses01M_impro05_M031.wav,angry,Ses01,M,2.428
Ses01M_impro06_F000,/mnt/ddn/kyudan/IEMOCAP/data/Ses01M_impro06_F000.wav,neutral,Ses01,F,2.584
Ses01M_impro06_F001,/mnt/ddn/kyudan/IEMOCAP/data/Ses01M_impro06_F001.wav,neutral,Ses01,F,3.127
Ses01M_impro06_F002,/mnt/ddn/kyudan/IEMOCAP/data/Ses01M_impro06_F002.wav,neutral,Ses01,F,2.32
Ses01M_impro06_F003,/mnt/ddn/kyudan/IEMOCAP/data/Ses01M_impro06_F003.wav,sad,Ses01,F,2.79
Ses01M_impro06_F004,/mnt/ddn/kyudan/IEMOCAP/data/Ses01M_impro06_F004.wav,sad,Ses01,F,2.843
Ses01M_impro06_F005,/mnt/ddn/kyudan/IEMOCAP/data/Ses01M_impro06_F005.wav,sad,Ses01,F,2.065
Ses01M_impro06_F006,/mnt/ddn/kyudan/IEMOCAP/data/Ses01M_impro06_F006.wav,sad,Ses01,F,2.528
Ses01M_impro06_F007,/mnt/ddn/kyudan/IEMOCAP/data/Ses01M_impro06_F007.wav,neutral,Ses01,F,2.214
Ses01M_impro06_F008,/mnt/ddn/kyudan/IEMOCAP/data/Ses01M_impro06_F008.wav,neutral,Ses01,F,1.9
Ses01M_impro06_F009,/mnt/ddn/kyudan/IEMOCAP/data/Ses01M_impro06_F009.wav,neutral,Ses01,F,3.97
Ses01M_impro06_F010,/mnt/ddn/kyudan/IEMOCAP/data/Ses01M_impro06_F010.wav,neutral,Ses01,F,4.367
Ses01M_impro06_F011,/mnt/ddn/kyudan/IEMOCAP/data/Ses01M_impro06_F011.wav,neutral,Ses01,F,1.54
Ses01M_impro06_F012,/mnt/ddn/kyudan/IEMOCAP/data/Ses01M_impro06_F012.wav,neutral,Ses01,F,1.363
Ses01M_impro06_F013,/mnt/ddn/kyudan/IEMOCAP/data/Ses01M_impro06_F013.wav,neutral,Ses01,F,2.95
Ses01M_impro06_F014,/mnt/ddn/kyudan/IEMOCAP/data/Ses01M_impro06_F014.wav,neutral,Ses01,F,1.372
Ses01M_impro06_F015,/mnt/ddn/kyudan/IEMOCAP/data/Ses01M_impro06_F015.wav,neutral,Ses01,F,1.218
Ses01M_impro06_F016,/mnt/ddn/kyudan/IEMOCAP/data/Ses01M_impro06_F016.wav,neutral,Ses01,F,1.84
Ses01M_impro06_F017,/mnt/ddn/kyudan/IEMOCAP/data/Ses01M_impro06_F017.wav,neutral,Ses01,F,2.445
Ses01M_impro06_F018,/mnt/ddn/kyudan/IEMOCAP/data/Ses01M_impro06_F018.wav,neutral,Ses01,F,2.34
Ses01M_impro06_F019,/mnt/ddn/kyudan/IEMOCAP/data/Ses01M_impro06_F019.wav,neutral,Ses01,F,4.192
Ses01M_impro06_F020,/mnt/ddn/kyudan/IEMOCAP/data/Ses01M_impro06_F020.wav,neutral,Ses01,F,3.059
Ses01M_impro06_F021,/mnt/ddn/kyudan/IEMOCAP/data/Ses01M_impro06_F021.wav,neutral,Ses01,F,2.005
Ses01M_impro06_F022,/mnt/ddn/kyudan/IEMOCAP/data/Ses01M_impro06_F022.wav,neutral,Ses01,F,1.95
Ses01M_impro06_F023,/mnt/ddn/kyudan/IEMOCAP/data/Ses01M_impro06_F023.wav,neutral,Ses01,F,1.99
Ses01M_impro06_F024,/mnt/ddn/kyudan/IEMOCAP/data/Ses01M_impro06_F024.wav,neutral,Ses01,F,2.792
Ses01M_impro06_F025,/mnt/ddn/kyudan/IEMOCAP/data/Ses01M_impro06_F025.wav,neutral,Ses01,F,1.857
Ses01M_impro06_F026,/mnt/ddn/kyudan/IEMOCAP/data/Ses01M_impro06_F026.wav,neutral,Ses01,F,2.971
Ses01M_impro06_F027,/mnt/ddn/kyudan/IEMOCAP/data/Ses01M_impro06_F027.wav,neutral,Ses01,F,2.11
Ses01M_impro06_F028,/mnt/ddn/kyudan/IEMOCAP/data/Ses01M_impro06_F028.wav,neutral,Ses01,F,3.592
Ses01M_impro06_M000,/mnt/ddn/kyudan/IEMOCAP/data/Ses01M_impro06_M000.wav,sad,Ses01,M,4.047
Ses01M_impro06_M001,/mnt/ddn/kyudan/IEMOCAP/data/Ses01M_impro06_M001.wav,sad,Ses01,M,3.709
Ses01M_impro06_M002,/mnt/ddn/kyudan/IEMOCAP/data/Ses01M_impro06_M002.wav,sad,Ses01,M,4.302
Ses01M_impro06_M003,/mnt/ddn/kyudan/IEMOCAP/data/Ses01M_impro06_M003.wav,sad,Ses01,M,3.6
Ses01M_impro06_M004,/mnt/ddn/kyudan/IEMOCAP/data/Ses01M_impro06_M004.wav,sad,Ses01,M,3.89
Ses01M_impro06_M005,/mnt/ddn/kyudan/IEMOCAP/data/Ses01M_impro06_M005.wav,sad,Ses01,M,3.462
Ses01M_impro06_M006,/mnt/ddn/kyudan/IEMOCAP/data/Ses01M_impro06_M006.wav,sad,Ses01,M,15.58
Ses01M_impro06_M007,/mnt/ddn/kyudan/IEMOCAP/data/Ses01M_impro06_M007.wav,sad,Ses01,M,4.0
Ses01M_impro06_M008,/mnt/ddn/kyudan/IEMOCAP/data/Ses01M_impro06_M008.wav,sad,Ses01,M,4.268
Ses01M_impro06_M009,/mnt/ddn/kyudan/IEMOCAP/data/Ses01M_impro06_M009.wav,sad,Ses01,M,3.37
Ses01M_impro06_M010,/mnt/ddn/kyudan/IEMOCAP/data/Ses01M_impro06_M010.wav,sad,Ses01,M,3.481
Ses01M_impro06_M011,/mnt/ddn/kyudan/IEMOCAP/data/Ses01M_impro06_M011.wav,sad,Ses01,M,6.595
Ses01M_impro06_M012,/mnt/ddn/kyudan/IEMOCAP/data/Ses01M_impro06_M012.wav,sad,Ses01,M,1.457
Ses01M_impro06_M013,/mnt/ddn/kyudan/IEMOCAP/data/Ses01M_impro06_M013.wav,sad,Ses01,M,5.132
Ses01M_impro06_M014,/mnt/ddn/kyudan/IEMOCAP/data/Ses01M_impro06_M014.wav,sad,Ses01,M,3.32
Ses01M_impro06_M015,/mnt/ddn/kyudan/IEMOCAP/data/Ses01M_impro06_M015.wav,sad,Ses01,M,5.02
Ses01M_impro06_M016,/mnt/ddn/kyudan/IEMOCAP/data/Ses01M_impro06_M016.wav,sad,Ses01,M,2.262
Ses01M_impro06_M017,/mnt/ddn/kyudan/IEMOCAP/data/Ses01M_impro06_M017.wav,sad,Ses01,M,23.74
Ses01M_impro06_M018,/mnt/ddn/kyudan/IEMOCAP/data/Ses01M_impro06_M018.wav,sad,Ses01,M,3.88
Ses01M_impro06_M019,/mnt/ddn/kyudan/IEMOCAP/data/Ses01M_impro06_M019.wav,sad,Ses01,M,2.85
Ses01M_impro06_M020,/mnt/ddn/kyudan/IEMOCAP/data/Ses01M_impro06_M020.wav,sad,Ses01,M,1.39
Ses01M_impro06_M021,/mnt/ddn/kyudan/IEMOCAP/data/Ses01M_impro06_M021.wav,sad,Ses01,M,2.13
Ses01M_impro06_M022,/mnt/ddn/kyudan/IEMOCAP/data/Ses01M_impro06_M022.wav,sad,Ses01,M,3.052
Ses01M_impro06_M023,/mnt/ddn/kyudan/IEMOCAP/data/Ses01M_impro06_M023.wav,sad,Ses01,M,2.953
Ses01M_impro06_M024,/mnt/ddn/kyudan/IEMOCAP/data/Ses01M_impro06_M024.wav,sad,Ses01,M,4.38
Ses01M_impro06_M025,/mnt/ddn/kyudan/IEMOCAP/data/Ses01M_impro06_M025.wav,sad,Ses01,M,1.34
Ses01M_impro06_M026,/mnt/ddn/kyudan/IEMOCAP/data/Ses01M_impro06_M026.wav,sad,Ses01,M,2.922
Ses01M_impro06_M027,/mnt/ddn/kyudan/IEMOCAP/data/Ses01M_impro06_M027.wav,sad,Ses01,M,2.01
Ses01M_impro06_M028,/mnt/ddn/kyudan/IEMOCAP/data/Ses01M_impro06_M028.wav,sad,Ses01,M,4.359
Ses01M_impro06_M029,/mnt/ddn/kyudan/IEMOCAP/data/Ses01M_impro06_M029.wav,sad,Ses01,M,2.19
Ses01M_impro06_M030,/mnt/ddn/kyudan/IEMOCAP/data/Ses01M_impro06_M030.wav,sad,Ses01,M,6.72
Ses01M_impro07_F000,/mnt/ddn/kyudan/IEMOCAP/data/Ses01M_impro07_F000.wav,neutral,Ses01,F,0.94
Ses01M_impro07_F001,/mnt/ddn/kyudan/IEMOCAP/data/Ses01M_impro07_F001.wav,happy,Ses01,F,7.17
Ses01M_impro07_F002,/mnt/ddn/kyudan/IEMOCAP/data/Ses01M_impro07_F002.wav,happy,Ses01,F,1.37
Ses01M_impro07_F003,/mnt/ddn/kyudan/IEMOCAP/data/Ses01M_impro07_F003.wav,happy,Ses01,F,2.75
Ses01M_impro07_F004,/mnt/ddn/kyudan/IEMOCAP/data/Ses01M_impro07_F004.wav,happy,Ses01,F,2.77
Ses01M_impro07_F005,/mnt/ddn/kyudan/IEMOCAP/data/Ses01M_impro07_F005.wav,happy,Ses01,F,3.55
Ses01M_impro07_F006,/mnt/ddn/kyudan/IEMOCAP/data/Ses01M_impro07_F006.wav,happy,Ses01,F,4.702
Ses01M_impro07_F007,/mnt/ddn/kyudan/IEMOCAP/data/Ses01M_impro07_F007.wav,happy,Ses01,F,4.138
Ses01M_impro07_F008,/mnt/ddn/kyudan/IEMOCAP/data/Ses01M_impro07_F008.wav,happy,Ses01,F,2.46
Ses01M_impro07_F009,/mnt/ddn/kyudan/IEMOCAP/data/Ses01M_impro07_F009.wav,happy,Ses01,F,4.996
Ses01M_impro07_F010,/mnt/ddn/kyudan/IEMOCAP/data/Ses01M_impro07_F010.wav,neutral,Ses01,F,1.43
Ses01M_impro07_F011,/mnt/ddn/kyudan/IEMOCAP/data/Ses01M_impro07_F011.wav,happy,Ses01,F,5.96
Ses01M_impro07_F012,/mnt/ddn/kyudan/IEMOCAP/data/Ses01M_impro07_F012.wav,neutral,Ses01,F,3.71
Ses01M_impro07_F013,/mnt/ddn/kyudan/IEMOCAP/data/Ses01M_impro07_F013.wav,happy,Ses01,F,3.39
Ses01M_impro07_F014,/mnt/ddn/kyudan/IEMOCAP/data/Ses01M_impro07_F014.wav,happy,Ses01,F,11.268
Ses01M_impro07_F015,/mnt/ddn/kyudan/IEMOCAP/data/Ses01M_impro07_F015.wav,happy,Ses01,F,3.998
Ses01M_impro07_F016,/mnt/ddn/kyudan/IEMOCAP/data/Ses01M_impro07_F016.wav,happy,Ses01,F,6.24
Ses01M_impro07_F017,/mnt/ddn/kyudan/IEMOCAP/data/Ses01M_impro07_F017.wav,happy,Ses01,F,7.4
Ses01M_impro07_F018,/mnt/ddn/kyudan/IEMOCAP/data/Ses01M_impro07_F018.wav,happy,Ses01,F,4.75
Ses01M_impro07_F019,/mnt/ddn/kyudan/IEMOCAP/data/Ses01M_impro07_F019.wav,happy,Ses01,F,2.525
Ses01M_impro07_F020,/mnt/ddn/kyudan/IEMOCAP/data/Ses01M_impro07_F020.wav,neutral,Ses01,F,4.1
Ses01M_impro07_F021,/mnt/ddn/kyudan/IEMOCAP/data/Ses01M_impro07_F021.wav,happy,Ses01,F,7.262
Ses01M_impro07_F022,/mnt/ddn/kyudan/IEMOCAP/data/Ses01M_impro07_F022.wav,happy,Ses01,F,5.26
Ses01M_impro07_F023,/mnt/ddn/kyudan/IEMOCAP/data/Ses01M_impro07_F023.wav,happy,Ses01,F,2.73
Ses01M_impro07_F024,/mnt/ddn/kyudan/IEMOCAP/data/Ses01M_impro07_F024.wav,happy,Ses01,F,2.495
Ses01M_impro07_F025,/mnt/ddn/kyudan/IEMOCAP/data/Ses01M_impro07_F025.wav,happy,Ses01,F,3.605
Ses01M_impro07_F026,/mnt/ddn/kyudan/IEMOCAP/data/Ses01M_impro07_F026.wav,happy,Ses01,F,5.21
Ses01M_impro07_F027,/mnt/ddn/kyudan/IEMOCAP/data/Ses01M_impro07_F027.wav,happy,Ses01,F,11.62
Ses01M_impro07_F028,/mnt/ddn/kyudan/IEMOCAP/data/Ses01M_impro07_F028.wav,happy,Ses01,F,2.47
Ses01M_impro07_F029,/mnt/ddn/kyudan/IEMOCAP/data/Ses01M_impro07_F029.wav,happy,Ses01,F,5.98
Ses01M_impro07_F030,/mnt/ddn/kyudan/IEMOCAP/data/Ses01M_impro07_F030.wav,happy,Ses01,F,1.7
Ses01M_impro07_F031,/mnt/ddn/kyudan/IEMOCAP/data/Ses01M_impro07_F031.wav,happy,Ses01,F,3.42
Ses01M_impro07_F032,/mnt/ddn/kyudan/IEMOCAP/data/Ses01M_impro07_F032.wav,happy,Ses01,F,1.198
Ses01M_impro07_F033,/mnt/ddn/kyudan/IEMOCAP/data/Ses01M_impro07_F033.wav,happy,Ses01,F,2.35
Ses01M_impro07_F034,/mnt/ddn/kyudan/IEMOCAP/data/Ses01M_impro07_F034.wav,happy,Ses01,F,10.307
Ses01M_impro07_M000,/mnt/ddn/kyudan/IEMOCAP/data/Ses01M_impro07_M000.wav,happy,Ses01,M,5.299
Ses01M_impro07_M001,/mnt/ddn/kyudan/IEMOCAP/data/Ses01M_impro07_M001.wav,happy,Ses01,M,6.53
Ses01M_impro07_M002,/mnt/ddn/kyudan/IEMOCAP/data/Ses01M_impro07_M002.wav,happy,Ses01,M,5.13
Ses01M_impro07_M003,/mnt/ddn/kyudan/IEMOCAP/data/Ses01M_impro07_M003.wav,happy,Ses01,M,13.46
Ses01M_impro07_M004,/mnt/ddn/kyudan/IEMOCAP/data/Ses01M_impro07_M004.wav,happy,Ses01,M,3.9
Ses01M_impro07_M005,/mnt/ddn/kyudan/IEMOCAP/data/Ses01M_impro07_M005.wav,happy,Ses01,M,9.5
Ses01M_impro07_M006,/mnt/ddn/kyudan/IEMOCAP/data/Ses01M_impro07_M006.wav,happy,Ses01,M,4.13
Ses01M_impro07_M007,/mnt/ddn/kyudan/IEMOCAP/data/Ses01M_impro07_M007.wav,happy,Ses01,M,1.68
Ses01M_impro07_M008,/mnt/ddn/kyudan/IEMOCAP/data/Ses01M_impro07_M008.wav,happy,Ses01,M,4.82
Ses01M_impro07_M009,/mnt/ddn/kyudan/IEMOCAP/data/Ses01M_impro07_M009.wav,happy,Ses01,M,1.97
Ses01M_impro07_M010,/mnt/ddn/kyudan/IEMOCAP/data/Ses01M_impro07_M010.wav,happy,Ses01,M,12.502
Ses01M_impro07_M011,/mnt/ddn/kyudan/IEMOCAP/data/Ses01M_impro07_M011.wav,happy,Ses01,M,3.138
Ses01M_impro07_M012,/mnt/ddn/kyudan/IEMOCAP/data/Ses01M_impro07_M012.wav,happy,Ses01,M,3.01
Ses01M_impro07_M013,/mnt/ddn/kyudan/IEMOCAP/data/Ses01M_impro07_M013.wav,happy,Ses01,M,11.69
Ses01M_impro07_M014,/mnt/ddn/kyudan/IEMOCAP/data/Ses01M_impro07_M014.wav,happy,Ses01,M,5.803
Ses01M_impro07_M015,/mnt/ddn/kyudan/IEMOCAP/data/Ses01M_impro07_M015.wav,happy,Ses01,M,9.752
Ses01M_impro07_M016,/mnt/ddn/kyudan/IEMOCAP/data/Ses01M_impro07_M016.wav,happy,Ses01,M,3.87
Ses01M_impro07_M017,/mnt/ddn/kyudan/IEMOCAP/data/Ses01M_impro07_M017.wav,happy,Ses01,M,2.67
Ses01M_impro07_M018,/mnt/ddn/kyudan/IEMOCAP/data/Ses01M_impro07_M018.wav,happy,Ses01,M,5.705
Ses01M_impro07_M019,/mnt/ddn/kyudan/IEMOCAP/data/Ses01M_impro07_M019.wav,happy,Ses01,M,1.34
Ses01M_impro07_M020,/mnt/ddn/kyudan/IEMOCAP/data/Ses01M_impro07_M020.wav,neutral,Ses01,M,3.86
Ses01M_impro07_M023,/mnt/ddn/kyudan/IEMOCAP/data/Ses01M_impro07_M023.wav,happy,Ses01,M,5.28
Ses01M_impro07_M024,/mnt/ddn/kyudan/IEMOCAP/data/Ses01M_impro07_M024.wav,happy,Ses01,M,4.46
Ses01M_impro07_M025,/mnt/ddn/kyudan/IEMOCAP/data/Ses01M_impro07_M025.wav,happy,Ses01,M,2.612
Ses01M_impro07_M026,/mnt/ddn/kyudan/IEMOCAP/data/Ses01M_impro07_M026.wav,neutral,Ses01,M,2.902
Ses01M_impro07_M027,/mnt/ddn/kyudan/IEMOCAP/data/Ses01M_impro07_M027.wav,happy,Ses01,M,1.49
Ses01M_impro07_M028,/mnt/ddn/kyudan/IEMOCAP/data/Ses01M_impro07_M028.wav,happy,Ses01,M,5.407
Ses01M_impro07_M029,/mnt/ddn/kyudan/IEMOCAP/data/Ses01M_impro07_M029.wav,happy,Ses01,M,5.74
Ses01M_impro07_M030,/mnt/ddn/kyudan/IEMOCAP/data/Ses01M_impro07_M030.wav,neutral,Ses01,M,2.03
Ses01M_impro07_M031,/mnt/ddn/kyudan/IEMOCAP/data/Ses01M_impro07_M031.wav,happy,Ses01,M,1.25
Ses01M_impro07_M032,/mnt/ddn/kyudan/IEMOCAP/data/Ses01M_impro07_M032.wav,happy,Ses01,M,3.48
Ses01M_impro07_M033,/mnt/ddn/kyudan/IEMOCAP/data/Ses01M_impro07_M033.wav,happy,Ses01,M,1.79
Ses01M_script01_1_F004,/mnt/ddn/kyudan/IEMOCAP/data/Ses01M_script01_1_F004.wav,sad,Ses01,F,2.363
Ses01M_script01_1_F005,/mnt/ddn/kyudan/IEMOCAP/data/Ses01M_script01_1_F005.wav,sad,Ses01,F,3.114
Ses01M_script01_1_F006,/mnt/ddn/kyudan/IEMOCAP/data/Ses01M_script01_1_F006.wav,sad,Ses01,F,2.213
Ses01M_script01_1_F008,/mnt/ddn/kyudan/IEMOCAP/data/Ses01M_script01_1_F008.wav,angry,Ses01,F,5.008
Ses01M_script01_1_F009,/mnt/ddn/kyudan/IEMOCAP/data/Ses01M_script01_1_F009.wav,angry,Ses01,F,5.09
Ses01M_script01_1_F011,/mnt/ddn/kyudan/IEMOCAP/data/Ses01M_script01_1_F011.wav,angry,Ses01,F,3.414
Ses01M_script01_1_F014,/mnt/ddn/kyudan/IEMOCAP/data/Ses01M_script01_1_F014.wav,angry,Ses01,F,6.283
Ses01M_script01_1_F015,/mnt/ddn/kyudan/IEMOCAP/data/Ses01M_script01_1_F015.wav,angry,Ses01,F,11.305
Ses01M_script01_1_F016,/mnt/ddn/kyudan/IEMOCAP/data/Ses01M_script01_1_F016.wav,angry,Ses01,F,6.87
Ses01M_script01_1_F017,/mnt/ddn/kyudan/IEMOCAP/data/Ses01M_script01_1_F017.wav,angry,Ses01,F,2.038
Ses01M_script01_1_F020,/mnt/ddn/kyudan/IEMOCAP/data/Ses01M_script01_1_F020.wav,angry,Ses01,F,3.67
Ses01M_script01_1_F023,/mnt/ddn/kyudan/IEMOCAP/data/Ses01M_script01_1_F023.wav,angry,Ses01,F,7.736
Ses01M_script01_1_F024,/mnt/ddn/kyudan/IEMOCAP/data/Ses01M_script01_1_F024.wav,angry,Ses01,F,13.05
Ses01M_script01_1_F025,/mnt/ddn/kyudan/IEMOCAP/data/Ses01M_script01_1_F025.wav,neutral,Ses01,F,3.63
Ses01M_script01_1_F026,/mnt/ddn/kyudan/IEMOCAP/data/Ses01M_script01_1_F026.wav,neutral,Ses01,F,3.976
Ses01M_script01_1_F029,/mnt/ddn/kyudan/IEMOCAP/data/Ses01M_script01_1_F029.wav,angry,Ses01,F,3.11
Ses01M_script01_1_F030,/mnt/ddn/kyudan/IEMOCAP/data/Ses01M_script01_1_F030.wav,angry,Ses01,F,7.94
Ses01M_script01_1_F031,/mnt/ddn/kyudan/IEMOCAP/data/Ses01M_script01_1_F031.wav,sad,Ses01,F,9.17
Ses01M_script01_1_F032,/mnt/ddn/kyudan/IEMOCAP/data/Ses01M_script01_1_F032.wav,angry,Ses01,F,6.57
Ses01M_script01_1_F035,/mnt/ddn/kyudan/IEMOCAP/data/Ses01M_script01_1_F035.wav,angry,Ses01,F,3.377
Ses01M_script01_1_F036,/mnt/ddn/kyudan/IEMOCAP/data/Ses01M_script01_1_F036.wav,angry,Ses01,F,5.775
Ses01M_script01_1_F037,/mnt/ddn/kyudan/IEMOCAP/data/Ses01M_script01_1_F037.wav,angry,Ses01,F,3.41
Ses01M_script01_1_F039,/mnt/ddn/kyudan/IEMOCAP/data/Ses01M_script01_1_F039.wav,angry,Ses01,F,2.922
Ses01M_script01_1_F040,/mnt/ddn/kyudan/IEMOCAP/data/Ses01M_script01_1_F040.wav,angry,Ses01,F,11.863
Ses01M_script01_1_F041,/mnt/ddn/kyudan/IEMOCAP/data/Ses01M_script01_1_F041.wav,angry,Ses01,F,2.86
Ses01M_script01_1_F042,/mnt/ddn/kyudan/IEMOCAP/data/Ses01M_script01_1_F042.wav,angry,Ses01,F,3.861
Ses01M_script01_1_F043,/mnt/ddn/kyudan/IEMOCAP/data/Ses01M_script01_1_F043.wav,angry,Ses01,F,3.151
Ses01M_script01_1_M000,/mnt/ddn/kyudan/IEMOCAP/data/Ses01M_script01_1_M000.wav,neutral,Ses01,M,3.321
Ses01M_script01_1_M002,/mnt/ddn/kyudan/IEMOCAP/data/Ses01M_script01_1_M002.wav,neutral,Ses01,M,6.135
Ses01M_script01_1_M003,/mnt/ddn/kyudan/IEMOCAP/data/Ses01M_script01_1_M003.wav,sad,Ses01,M,6.34
Ses01M_script01_1_M004,/mnt/ddn/kyudan/IEMOCAP/data/Ses01M_script01_1_M004.wav,sad,Ses01,M,4.97
Ses01M_script01_1_M005,/mnt/ddn/kyudan/IEMOCAP/data/Ses01M_script01_1_M005.wav,sad,Ses01,M,5.12
Ses01M_script01_1_M006,/mnt/ddn/kyudan/IEMOCAP/data/Ses01M_script01_1_M006.wav,sad,Ses01,M,2.006
Ses01M_script01_1_M007,/mnt/ddn/kyudan/IEMOCAP/data/Ses01M_script01_1_M007.wav,sad,Ses01,M,2.926
Ses01M_script01_1_M017,/mnt/ddn/kyudan/IEMOCAP/data/Ses01M_script01_1_M017.wav,neutral,Ses01,M,3.68
Ses01M_script01_1_M020,/mnt/ddn/kyudan/IEMOCAP/data/Ses01M_script01_1_M020.wav,angry,Ses01,M,12.429
Ses01M_script01_1_M021,/mnt/ddn/kyudan/IEMOCAP/data/Ses01M_script01_1_M021.wav,angry,Ses01,M,3.05
Ses01M_script01_1_M023,/mnt/ddn/kyudan/IEMOCAP/data/Ses01M_script01_1_M023.wav,angry,Ses01,M,2.35
Ses01M_script01_1_M024,/mnt/ddn/kyudan/IEMOCAP/data/Ses01M_script01_1_M024.wav,sad,Ses01,M,3.615
Ses01M_script01_1_M034,/mnt/ddn/kyudan/IEMOCAP/data/Ses01M_script01_1_M034.wav,angry,Ses01,M,4.3
Ses01M_script01_1_M035,/mnt/ddn/kyudan/IEMOCAP/data/Ses01M_script01_1_M035.wav,angry,Ses01,M,11.19
Ses01M_script01_1_M037,/mnt/ddn/kyudan/IEMOCAP/data/Ses01M_script01_1_M037.wav,neutral,Ses01,M,2.95
Ses01M_script01_1_M038,/mnt/ddn/kyudan/IEMOCAP/data/Ses01M_script01_1_M038.wav,sad,Ses01,M,2.68
Ses01M_script01_1_M039,/mnt/ddn/kyudan/IEMOCAP/data/Ses01M_script01_1_M039.wav,angry,Ses01,M,2.33
Ses01M_script01_1_M040,/mnt/ddn/kyudan/IEMOCAP/data/Ses01M_script01_1_M040.wav,sad,Ses01,M,2.152
Ses01M_script01_1_M041,/mnt/ddn/kyudan/IEMOCAP/data/Ses01M_script01_1_M041.wav,angry,Ses01,M,2.65
Ses01M_script01_1_M042,/mnt/ddn/kyudan/IEMOCAP/data/Ses01M_script01_1_M042.wav,sad,Ses01,M,4.689
Ses01M_script01_2_F000,/mnt/ddn/kyudan/IEMOCAP/data/Ses01M_script01_2_F000.wav,angry,Ses01,F,2.844
Ses01M_script01_2_F001,/mnt/ddn/kyudan/IEMOCAP/data/Ses01M_script01_2_F001.wav,angry,Ses01,F,4.54
Ses01M_script01_2_F004,/mnt/ddn/kyudan/IEMOCAP/data/Ses01M_script01_2_F004.wav,angry,Ses01,F,3.52
Ses01M_script01_2_F005,/mnt/ddn/kyudan/IEMOCAP/data/Ses01M_script01_2_F005.wav,angry,Ses01,F,8.44
Ses01M_script01_2_F009,/mnt/ddn/kyudan/IEMOCAP/data/Ses01M_script01_2_F009.wav,angry,Ses01,F,13.615
Ses01M_script01_2_F011,/mnt/ddn/kyudan/IEMOCAP/data/Ses01M_script01_2_F011.wav,angry,Ses01,F,10.319
Ses01M_script01_2_F012,/mnt/ddn/kyudan/IEMOCAP/data/Ses01M_script01_2_F012.wav,angry,Ses01,F,8.99
Ses01M_script01_2_F013,/mnt/ddn/kyudan/IEMOCAP/data/Ses01M_script01_2_F013.wav,angry,Ses01,F,4.65
Ses01M_script01_2_M000,/mnt/ddn/kyudan/IEMOCAP/data/Ses01M_script01_2_M000.wav,neutral,Ses01,M,4.501
Ses01M_script01_2_M001,/mnt/ddn/kyudan/IEMOCAP/data/Ses01M_script01_2_M001.wav,neutral,Ses01,M,7.17
Ses01M_script01_2_M007,/mnt/ddn/kyudan/IEMOCAP/data/Ses01M_script01_2_M007.wav,neutral,Ses01,M,2.52
Ses01M_script01_2_M015,/mnt/ddn/kyudan/IEMOCAP/data/Ses01M_script01_2_M015.wav,angry,Ses01,M,4.582
Ses01M_script01_2_M016,/mnt/ddn/kyudan/IEMOCAP/data/Ses01M_script01_2_M016.wav,angry,Ses01,M,5.23
Ses01M_script01_2_M017,/mnt/ddn/kyudan/IEMOCAP/data/Ses01M_script01_2_M017.wav,angry,Ses01,M,4.05
Ses01M_script01_3_F000,/mnt/ddn/kyudan/IEMOCAP/data/Ses01M_script01_3_F000.wav,neutral,Ses01,F,3.652
Ses01M_script01_3_F001,/mnt/ddn/kyudan/IEMOCAP/data/Ses01M_script01_3_F001.wav,neutral,Ses01,F,5.459
Ses01M_script01_3_F003,/mnt/ddn/kyudan/IEMOCAP/data/Ses01M_script01_3_F003.wav,sad,Ses01,F,8.095
Ses01M_script01_3_F004,/mnt/ddn/kyudan/IEMOCAP/data/Ses01M_script01_3_F004.wav,neutral,Ses01,F,3.732
Ses01M_script01_3_F005,/mnt/ddn/kyudan/IEMOCAP/data/Ses01M_script01_3_F005.wav,sad,Ses01,F,5.483
Ses01M_script01_3_F006,/mnt/ddn/kyudan/IEMOCAP/data/Ses01M_script01_3_F006.wav,sad,Ses01,F,5.45
Ses01M_script01_3_F007,/mnt/ddn/kyudan/IEMOCAP/data/Ses01M_script01_3_F007.wav,sad,Ses01,F,3.5
Ses01M_script01_3_F008,/mnt/ddn/kyudan/IEMOCAP/data/Ses01M_script01_3_F008.wav,neutral,Ses01,F,4.64
Ses01M_script01_3_F009,/mnt/ddn/kyudan/IEMOCAP/data/Ses01M_script01_3_F009.wav,sad,Ses01,F,5.48
Ses01M_script01_3_F010,/mnt/ddn/kyudan/IEMOCAP/data/Ses01M_script01_3_F010.wav,happy,Ses01,F,2.1
Ses01M_script01_3_F011,/mnt/ddn/kyudan/IEMOCAP/data/Ses01M_script01_3_F011.wav,happy,Ses01,F,3.31
Ses01M_script01_3_F012,/mnt/ddn/kyudan/IEMOCAP/data/Ses01M_script01_3_F012.wav,neutral,Ses01,F,3.37
Ses01M_script01_3_F013,/mnt/ddn/kyudan/IEMOCAP/data/Ses01M_script01_3_F013.wav,happy,Ses01,F,2.638
Ses01M_script01_3_F014,/mnt/ddn/kyudan/IEMOCAP/data/Ses01M_script01_3_F014.wav,happy,Ses01,F,2.0
Ses01M_script01_3_F015,/mnt/ddn/kyudan/IEMOCAP/data/Ses01M_script01_3_F015.wav,happy,Ses01,F,8.5
Ses01M_script01_3_F016,/mnt/ddn/kyudan/IEMOCAP/data/Ses01M_script01_3_F016.wav,happy,Ses01,F,6.705
Ses01M_script01_3_F018,/mnt/ddn/kyudan/IEMOCAP/data/Ses01M_script01_3_F018.wav,sad,Ses01,F,2.282
Ses01M_script01_3_F019,/mnt/ddn/kyudan/IEMOCAP/data/Ses01M_script01_3_F019.wav,sad,Ses01,F,3.845
Ses01M_script01_3_F020,/mnt/ddn/kyudan/IEMOCAP/data/Ses01M_script01_3_F020.wav,sad,Ses01,F,6.45
Ses01M_script01_3_F021,/mnt/ddn/kyudan/IEMOCAP/data/Ses01M_script01_3_F021.wav,sad,Ses01,F,3.03
Ses01M_script01_3_F022,/mnt/ddn/kyudan/IEMOCAP/data/Ses01M_script01_3_F022.wav,sad,Ses01,F,3.508
Ses01M_script01_3_F023,/mnt/ddn/kyudan/IEMOCAP/data/Ses01M_script01_3_F023.wav,sad,Ses01,F,2.16
Ses01M_script01_3_F024,/mnt/ddn/kyudan/IEMOCAP/data/Ses01M_script01_3_F024.wav,sad,Ses01,F,2.83
Ses01M_script01_3_F025,/mnt/ddn/kyudan/IEMOCAP/data/Ses01M_script01_3_F025.wav,sad,Ses01,F,3.211
Ses01M_script01_3_F026,/mnt/ddn/kyudan/IEMOCAP/data/Ses01M_script01_3_F026.wav,sad,Ses01,F,3.48
Ses01M_script01_3_F027,/mnt/ddn/kyudan/IEMOCAP/data/Ses01M_script01_3_F027.wav,angry,Ses01,F,8.81
Ses01M_script01_3_F028,/mnt/ddn/kyudan/IEMOCAP/data/Ses01M_script01_3_F028.wav,angry,Ses01,F,6.628
Ses01M_script01_3_F030,/mnt/ddn/kyudan/IEMOCAP/data/Ses01M_script01_3_F030.wav,happy,Ses01,F,3.172
Ses01M_script01_3_M000,/mnt/ddn/kyudan/IEMOCAP/data/Ses01M_script01_3_M000.wav,happy,Ses01,M,3.269
Ses01M_script01_3_M001,/mnt/ddn/kyudan/IEMOCAP/data/Ses01M_script01_3_M001.wav,happy,Ses01,M,2.485
Ses01M_script01_3_M002,/mnt/ddn/kyudan/IEMOCAP/data/Ses01M_script01_3_M002.wav,sad,Ses01,M,2.87
Ses01M_script01_3_M003,/mnt/ddn/kyudan/IEMOCAP/data/Ses01M_script01_3_M003.wav,sad,Ses01,M,1.895
Ses01M_script01_3_M004,/mnt/ddn/kyudan/IEMOCAP/data/Ses01M_script01_3_M004.wav,neutral,Ses01,M,2.211
Ses01M_script01_3_M005,/mnt/ddn/kyudan/IEMOCAP/data/Ses01M_script01_3_M005.wav,sad,Ses01,M,13.848
Ses01M_script01_3_M006,/mnt/ddn/kyudan/IEMOCAP/data/Ses01M_script01_3_M006.wav,neutral,Ses01,M,1.707
Ses01M_script01_3_M007,/mnt/ddn/kyudan/IEMOCAP/data/Ses01M_script01_3_M007.wav,neutral,Ses01,M,2.658
Ses01M_script01_3_M008,/mnt/ddn/kyudan/IEMOCAP/data/Ses01M_script01_3_M008.wav,sad,Ses01,M,13.43
Ses01M_script01_3_M009,/mnt/ddn/kyudan/IEMOCAP/data/Ses01M_script01_3_M009.wav,happy,Ses01,M,8.236
Ses01M_script01_3_M010,/mnt/ddn/kyudan/IEMOCAP/data/Ses01M_script01_3_M010.wav,happy,Ses01,M,3.775
Ses01M_script01_3_M011,/mnt/ddn/kyudan/IEMOCAP/data/Ses01M_script01_3_M011.wav,happy,Ses01,M,4.35
Ses01M_script01_3_M012,/mnt/ddn/kyudan/IEMOCAP/data/Ses01M_script01_3_M012.wav,happy,Ses01,M,15.17
Ses01M_script01_3_M014,/mnt/ddn/kyudan/IEMOCAP/data/Ses01M_script01_3_M014.wav,neutral,Ses01,M,2.262
Ses01M_script01_3_M015,/mnt/ddn/kyudan/IEMOCAP/data/Ses01M_script01_3_M015.wav,happy,Ses01,M,3.473
Ses01M_script01_3_M016,/mnt/ddn/kyudan/IEMOCAP/data/Ses01M_script01_3_M016.wav,happy,Ses01,M,2.74
Ses01M_script01_3_M017,/mnt/ddn/kyudan/IEMOCAP/data/Ses01M_script01_3_M017.wav,happy,Ses01,M,10.006
Ses01M_script01_3_M018,/mnt/ddn/kyudan/IEMOCAP/data/Ses01M_script01_3_M018.wav,happy,Ses01,M,4.86
Ses01M_script01_3_M019,/mnt/ddn/kyudan/IEMOCAP/data/Ses01M_script01_3_M019.wav,happy,Ses01,M,2.86
Ses01M_script01_3_M020,/mnt/ddn/kyudan/IEMOCAP/data/Ses01M_script01_3_M020.wav,sad,Ses01,M,3.95
Ses01M_script01_3_M021,/mnt/ddn/kyudan/IEMOCAP/data/Ses01M_script01_3_M021.wav,sad,Ses01,M,3.89
Ses01M_script01_3_M022,/mnt/ddn/kyudan/IEMOCAP/data/Ses01M_script01_3_M022.wav,sad,Ses01,M,8.78
Ses01M_script01_3_M023,/mnt/ddn/kyudan/IEMOCAP/data/Ses01M_script01_3_M023.wav,sad,Ses01,M,2.986
Ses01M_script01_3_M024,/mnt/ddn/kyudan/IEMOCAP/data/Ses01M_script01_3_M024.wav,sad,Ses01,M,4.619
Ses01M_script01_3_M025,/mnt/ddn/kyudan/IEMOCAP/data/Ses01M_script01_3_M025.wav,sad,Ses01,M,5.524
Ses01M_script01_3_M026,/mnt/ddn/kyudan/IEMOCAP/data/Ses01M_script01_3_M026.wav,sad,Ses01,M,2.77
Ses01M_script01_3_M027,/mnt/ddn/kyudan/IEMOCAP/data/Ses01M_script01_3_M027.wav,sad,Ses01,M,2.85
Ses01M_script01_3_M028,/mnt/ddn/kyudan/IEMOCAP/data/Ses01M_script01_3_M028.wav,sad,Ses01,M,13.851
Ses01M_script01_3_M029,/mnt/ddn/kyudan/IEMOCAP/data/Ses01M_script01_3_M029.wav,sad,Ses01,M,12.293
Ses01M_script01_3_M030,/mnt/ddn/kyudan/IEMOCAP/data/Ses01M_script01_3_M030.wav,sad,Ses01,M,6.383
Ses01M_script01_3_M031,/mnt/ddn/kyudan/IEMOCAP/data/Ses01M_script01_3_M031.wav,sad,Ses01,M,10.49
Ses01M_script01_3_M032,/mnt/ddn/kyudan/IEMOCAP/data/Ses01M_script01_3_M032.wav,sad,Ses01,M,23.859
Ses01M_script01_3_M033,/mnt/ddn/kyudan/IEMOCAP/data/Ses01M_script01_3_M033.wav,sad,Ses01,M,9.455
Ses01M_script01_3_M034,/mnt/ddn/kyudan/IEMOCAP/data/Ses01M_script01_3_M034.wav,sad,Ses01,M,14.25
Ses01M_script01_3_M035,/mnt/ddn/kyudan/IEMOCAP/data/Ses01M_script01_3_M035.wav,sad,Ses01,M,8.006
Ses01M_script01_3_M036,/mnt/ddn/kyudan/IEMOCAP/data/Ses01M_script01_3_M036.wav,sad,Ses01,M,8.34
Ses01M_script01_3_M037,/mnt/ddn/kyudan/IEMOCAP/data/Ses01M_script01_3_M037.wav,sad,Ses01,M,8.06
Ses01M_script01_3_M038,/mnt/ddn/kyudan/IEMOCAP/data/Ses01M_script01_3_M038.wav,sad,Ses01,M,13.47
Ses01M_script01_3_M039,/mnt/ddn/kyudan/IEMOCAP/data/Ses01M_script01_3_M039.wav,sad,Ses01,M,8.029
Ses01M_script01_3_M040,/mnt/ddn/kyudan/IEMOCAP/data/Ses01M_script01_3_M040.wav,sad,Ses01,M,10.43
Ses01M_script01_3_M041,/mnt/ddn/kyudan/IEMOCAP/data/Ses01M_script01_3_M041.wav,sad,Ses01,M,3.45
Ses01M_script01_3_M042,/mnt/ddn/kyudan/IEMOCAP/data/Ses01M_script01_3_M042.wav,happy,Ses01,M,2.81
Ses01M_script01_3_M043,/mnt/ddn/kyudan/IEMOCAP/data/Ses01M_script01_3_M043.wav,happy,Ses01,M,3.691
Ses01M_script02_1_F005,/mnt/ddn/kyudan/IEMOCAP/data/Ses01M_script02_1_F005.wav,angry,Ses01,F,4.69
Ses01M_script02_1_F006,/mnt/ddn/kyudan/IEMOCAP/data/Ses01M_script02_1_F006.wav,angry,Ses01,F,1.843
Ses01M_script02_1_F007,/mnt/ddn/kyudan/IEMOCAP/data/Ses01M_script02_1_F007.wav,neutral,Ses01,F,1.28
Ses01M_script02_1_F008,/mnt/ddn/kyudan/IEMOCAP/data/Ses01M_script02_1_F008.wav,neutral,Ses01,F,1.745
Ses01M_script02_1_F009,/mnt/ddn/kyudan/IEMOCAP/data/Ses01M_script02_1_F009.wav,happy,Ses01,F,2.28
Ses01M_script02_1_F014,/mnt/ddn/kyudan/IEMOCAP/data/Ses01M_script02_1_F014.wav,angry,Ses01,F,2.3
Ses01M_script02_1_F017,/mnt/ddn/kyudan/IEMOCAP/data/Ses01M_script02_1_F017.wav,angry,Ses01,F,9.009
Ses01M_script02_1_F021,/mnt/ddn/kyudan/IEMOCAP/data/Ses01M_script02_1_F021.wav,angry,Ses01,F,1.5
Ses01M_script02_1_F022,/mnt/ddn/kyudan/IEMOCAP/data/Ses01M_script02_1_F022.wav,angry,Ses01,F,14.01
Ses01M_script02_1_F023,/mnt/ddn/kyudan/IEMOCAP/data/Ses01M_script02_1_F023.wav,angry,Ses01,F,2.21
Ses01M_script02_1_F024,/mnt/ddn/kyudan/IEMOCAP/data/Ses01M_script02_1_F024.wav,happy,Ses01,F,3.03
Ses01M_script02_1_M000,/mnt/ddn/kyudan/IEMOCAP/data/Ses01M_script02_1_M000.wav,happy,Ses01,M,5.151
Ses01M_script02_1_M001,/mnt/ddn/kyudan/IEMOCAP/data/Ses01M_script02_1_M001.wav,happy,Ses01,M,12.002
Ses01M_script02_1_M002,/mnt/ddn/kyudan/IEMOCAP/data/Ses01M_script02_1_M002.wav,happy,Ses01,M,4.928
Ses01M_script02_1_M003,/mnt/ddn/kyudan/IEMOCAP/data/Ses01M_script02_1_M003.wav,happy,Ses01,M,3.763
Ses01M_script02_1_M004,/mnt/ddn/kyudan/IEMOCAP/data/Ses01M_script02_1_M004.wav,happy,Ses01,M,9.922
Ses01M_script02_1_M005,/mnt/ddn/kyudan/IEMOCAP/data/Ses01M_script02_1_M005.wav,happy,Ses01,M,10.742
Ses01M_script02_1_M007,/mnt/ddn/kyudan/IEMOCAP/data/Ses01M_script02_1_M007.wav,neutral,Ses01,M,4.197
Ses01M_script02_1_M009,/mnt/ddn/kyudan/IEMOCAP/data/Ses01M_script02_1_M009.wav,neutral,Ses01,M,1.87
Ses01M_script02_1_M010,/mnt/ddn/kyudan/IEMOCAP/data/Ses01M_script02_1_M010.wav,neutral,Ses01,M,6.84
Ses01M_script02_1_M011,/mnt/ddn/kyudan/IEMOCAP/data/Ses01M_script02_1_M011.wav,neutral,Ses01,M,5.201
Ses01M_script02_1_M012,/mnt/ddn/kyudan/IEMOCAP/data/Ses01M_script02_1_M012.wav,happy,Ses01,M,8.5
Ses01M_script02_1_M013,/mnt/ddn/kyudan/IEMOCAP/data/Ses01M_script02_1_M013.wav,happy,Ses01,M,7.218
Ses01M_script02_1_M014,/mnt/ddn/kyudan/IEMOCAP/data/Ses01M_script02_1_M014.wav,happy,Ses01,M,17.42
Ses01M_script02_1_M015,/mnt/ddn/kyudan/IEMOCAP/data/Ses01M_script02_1_M015.wav,happy,Ses01,M,3.324
Ses01M_script02_1_M016,/mnt/ddn/kyudan/IEMOCAP/data/Ses01M_script02_1_M016.wav,happy,Ses01,M,3.52
Ses01M_script02_1_M017,/mnt/ddn/kyudan/IEMOCAP/data/Ses01M_script02_1_M017.wav,happy,Ses01,M,4.42
Ses01M_script02_1_M018,/mnt/ddn/kyudan/IEMOCAP/data/Ses01M_script02_1_M018.wav,happy,Ses01,M,2.81
Ses01M_script02_1_M019,/mnt/ddn/kyudan/IEMOCAP/data/Ses01M_script02_1_M019.wav,happy,Ses01,M,3.295
Ses01M_script02_1_M022,/mnt/ddn/kyudan/IEMOCAP/data/Ses01M_script02_1_M022.wav,neutral,Ses01,M,1.688
Ses01M_script02_1_M023,/mnt/ddn/kyudan/IEMOCAP/data/Ses01M_script02_1_M023.wav,neutral,Ses01,M,2.853
Ses01M_script02_1_M028,/mnt/ddn/kyudan/IEMOCAP/data/Ses01M_script02_1_M028.wav,angry,Ses01,M,9.802
Ses01M_script02_1_M030,/mnt/ddn/kyudan/IEMOCAP/data/Ses01M_script02_1_M030.wav,neutral,Ses01,M,1.6
Ses01M_script02_1_M031,/mnt/ddn/kyudan/IEMOCAP/data/Ses01M_script02_1_M031.wav,happy,Ses01,M,15.73
Ses01M_script02_1_M032,/mnt/ddn/kyudan/IEMOCAP/data/Ses01M_script02_1_M032.wav,happy,Ses01,M,8.082
Ses01M_script02_1_M037,/mnt/ddn/kyudan/IEMOCAP/data/Ses01M_script02_1_M037.wav,neutral,Ses01,M,2.233
Ses01M_script02_1_M038,/mnt/ddn/kyudan/IEMOCAP/data/Ses01M_script02_1_M038.wav,happy,Ses01,M,4.67
Ses01M_script02_1_M039,/mnt/ddn/kyudan/IEMOCAP/data/Ses01M_script02_1_M039.wav,neutral,Ses01,M,11.868
Ses01M_script02_1_M040,/mnt/ddn/kyudan/IEMOCAP/data/Ses01M_script02_1_M040.wav,happy,Ses01,M,8.159
Ses01M_script02_1_M041,/mnt/ddn/kyudan/IEMOCAP/data/Ses01M_script02_1_M041.wav,happy,Ses01,M,8.845
Ses01M_script02_1_M042,/mnt/ddn/kyudan/IEMOCAP/data/Ses01M_script02_1_M042.wav,happy,Ses01,M,11.204
Ses01M_script02_1_M043,/mnt/ddn/kyudan/IEMOCAP/data/Ses01M_script02_1_M043.wav,happy,Ses01,M,8.397
Ses01M_script02_1_M044,/mnt/ddn/kyudan/IEMOCAP/data/Ses01M_script02_1_M044.wav,happy,Ses01,M,7.652
Ses01M_script02_1_M045,/mnt/ddn/kyudan/IEMOCAP/data/Ses01M_script02_1_M045.wav,happy,Ses01,M,7.69
Ses01M_script02_1_M046,/mnt/ddn/kyudan/IEMOCAP/data/Ses01M_script02_1_M046.wav,happy,Ses01,M,8.197
Ses01M_script02_2_F000,/mnt/ddn/kyudan/IEMOCAP/data/Ses01M_script02_2_F000.wav,neutral,Ses01,F,2.336
Ses01M_script02_2_F001,/mnt/ddn/kyudan/IEMOCAP/data/Ses01M_script02_2_F001.wav,happy,Ses01,F,2.327
Ses01M_script02_2_F010,/mnt/ddn/kyudan/IEMOCAP/data/Ses01M_script02_2_F010.wav,angry,Ses01,F,7.347
Ses01M_script02_2_F011,/mnt/ddn/kyudan/IEMOCAP/data/Ses01M_script02_2_F011.wav,angry,Ses01,F,4.94
Ses01M_script02_2_F013,/mnt/ddn/kyudan/IEMOCAP/data/Ses01M_script02_2_F013.wav,angry,Ses01,F,4.53
Ses01M_script02_2_F014,/mnt/ddn/kyudan/IEMOCAP/data/Ses01M_script02_2_F014.wav,angry,Ses01,F,3.25
Ses01M_script02_2_F015,/mnt/ddn/kyudan/IEMOCAP/data/Ses01M_script02_2_F015.wav,angry,Ses01,F,4.66
Ses01M_script02_2_F016,/mnt/ddn/kyudan/IEMOCAP/data/Ses01M_script02_2_F016.wav,angry,Ses01,F,11.488
Ses01M_script02_2_F019,/mnt/ddn/kyudan/IEMOCAP/data/Ses01M_script02_2_F019.wav,neutral,Ses01,F,8.84
Ses01M_script02_2_F020,/mnt/ddn/kyudan/IEMOCAP/data/Ses01M_script02_2_F020.wav,sad,Ses01,F,10.135
Ses01M_script02_2_F021,/mnt/ddn/kyudan/IEMOCAP/data/Ses01M_script02_2_F021.wav,sad,Ses01,F,12.44
Ses01M_script02_2_F022,/mnt/ddn/kyudan/IEMOCAP/data/Ses01M_script02_2_F022.wav,sad,Ses01,F,9.808
Ses01M_script02_2_F023,/mnt/ddn/kyudan/IEMOCAP/data/Ses01M_script02_2_F023.wav,sad,Ses01,F,5.867
Ses01M_script02_2_F024,/mnt/ddn/kyudan/IEMOCAP/data/Ses01M_script02_2_F024.wav,sad,Ses01,F,6.665
Ses01M_script02_2_F025,/mnt/ddn/kyudan/IEMOCAP/data/Ses01M_script02_2_F025.wav,sad,Ses01,F,2.171
Ses01M_script02_2_F026,/mnt/ddn/kyudan/IEMOCAP/data/Ses01M_script02_2_F026.wav,sad,Ses01,F,1.911
Ses01M_script02_2_F030,/mnt/ddn/kyudan/IEMOCAP/data/Ses01M_script02_2_F030.wav,angry,Ses01,F,3.583
Ses01M_script02_2_F031,/mnt/ddn/kyudan/IEMOCAP/data/Ses01M_script02_2_F031.wav,angry,Ses01,F,5.148
Ses01M_script02_2_F032,/mnt/ddn/kyudan/IEMOCAP/data/Ses01M_script02_2_F032.wav,angry,Ses01,F,7.058
Ses01M_script02_2_F033,/mnt/ddn/kyudan/IEMOCAP/data/Ses01M_script02_2_F033.wav,sad,Ses01,F,4.64
Ses01M_script02_2_F034,/mnt/ddn/kyudan/IEMOCAP/data/Ses01M_script02_2_F034.wav,sad,Ses01,F,11.6
Ses01M_script02_2_F035,/mnt/ddn/kyudan/IEMOCAP/data/Ses01M_script02_2_F035.wav,sad,Ses01,F,5.703
Ses01M_script02_2_F036,/mnt/ddn/kyudan/IEMOCAP/data/Ses01M_script02_2_F036.wav,sad,Ses01,F,8.293
Ses01M_script02_2_F037,/mnt/ddn/kyudan/IEMOCAP/data/Ses01M_script02_2_F037.wav,sad,Ses01,F,2.0
Ses01M_script02_2_F040,/mnt/ddn/kyudan/IEMOCAP/data/Ses01M_script02_2_F040.wav,sad,Ses01,F,10.619
Ses01M_script02_2_F041,/mnt/ddn/kyudan/IEMOCAP/data/Ses01M_script02_2_F041.wav,happy,Ses01,F,6.525
Ses01M_script02_2_F042,/mnt/ddn/kyudan/IEMOCAP/data/Ses01M_script02_2_F042.wav,happy,Ses01,F,7.603
Ses01M_script02_2_F043,/mnt/ddn/kyudan/IEMOCAP/data/Ses01M_script02_2_F043.wav,happy,Ses01,F,4.434
Ses01M_script02_2_F044,/mnt/ddn/kyudan/IEMOCAP/data/Ses01M_script02_2_F044.wav,happy,Ses01,F,4.332
Ses01M_script02_2_F045,/mnt/ddn/kyudan/IEMOCAP/data/Ses01M_script02_2_F045.wav,happy,Ses01,F,7.631
Ses01M_script02_2_F046,/mnt/ddn/kyudan/IEMOCAP/data/Ses01M_script02_2_F046.wav,sad,Ses01,F,2.882
Ses01M_script02_2_F047,/mnt/ddn/kyudan/IEMOCAP/data/Ses01M_script02_2_F047.wav,neutral,Ses01,F,3.377
Ses01M_script02_2_M001,/mnt/ddn/kyudan/IEMOCAP/data/Ses01M_script02_2_M001.wav,happy,Ses01,M,8.305
Ses01M_script02_2_M002,/mnt/ddn/kyudan/IEMOCAP/data/Ses01M_script02_2_M002.wav,happy,Ses01,M,5.261
Ses01M_script02_2_M003,/mnt/ddn/kyudan/IEMOCAP/data/Ses01M_script02_2_M003.wav,happy,Ses01,M,4.23
Ses01M_script02_2_M004,/mnt/ddn/kyudan/IEMOCAP/data/Ses01M_script02_2_M004.wav,happy,Ses01,M,2.251
Ses01M_script02_2_M005,/mnt/ddn/kyudan/IEMOCAP/data/Ses01M_script02_2_M005.wav,happy,Ses01,M,6.11
Ses01M_script02_2_M008,/mnt/ddn/kyudan/IEMOCAP/data/Ses01M_script02_2_M008.wav,neutral,Ses01,M,5.09
Ses01M_script02_2_M009,/mnt/ddn/kyudan/IEMOCAP/data/Ses01M_script02_2_M009.wav,happy,Ses01,M,2.805
Ses01M_script02_2_M013,/mnt/ddn/kyudan/IEMOCAP/data/Ses01M_script02_2_M013.wav,neutral,Ses01,M,2.42
Ses01M_script02_2_M019,/mnt/ddn/kyudan/IEMOCAP/data/Ses01M_script02_2_M019.wav,neutral,Ses01,M,8.432
Ses01M_script02_2_M020,/mnt/ddn/kyudan/IEMOCAP/data/Ses01M_script02_2_M020.wav,neutral,Ses01,M,9.832
Ses01M_script02_2_M021,/mnt/ddn/kyudan/IEMOCAP/data/Ses01M_script02_2_M021.wav,neutral,Ses01,M,4.712
Ses01M_script02_2_M022,/mnt/ddn/kyudan/IEMOCAP/data/Ses01M_script02_2_M022.wav,neutral,Ses01,M,3.466
Ses01M_script02_2_M023,/mnt/ddn/kyudan/IEMOCAP/data/Ses01M_script02_2_M023.wav,neutral,Ses01,M,13.865
Ses01M_script02_2_M024,/mnt/ddn/kyudan/IEMOCAP/data/Ses01M_script02_2_M024.wav,happy,Ses01,M,3.518
Ses01M_script02_2_M025,/mnt/ddn/kyudan/IEMOCAP/data/Ses01M_script02_2_M025.wav,neutral,Ses01,M,4.307
Ses01M_script02_2_M027,/mnt/ddn/kyudan/IEMOCAP/data/Ses01M_script02_2_M027.wav,neutral,Ses01,M,2.81
Ses01M_script02_2_M028,/mnt/ddn/kyudan/IEMOCAP/data/Ses01M_script02_2_M028.wav,neutral,Ses01,M,2.894
Ses01M_script02_2_M029,/mnt/ddn/kyudan/IEMOCAP/data/Ses01M_script02_2_M029.wav,neutral,Ses01,M,4.462
Ses01M_script02_2_M030,/mnt/ddn/kyudan/IEMOCAP/data/Ses01M_script02_2_M030.wav,neutral,Ses01,M,4.502
Ses01M_script02_2_M033,/mnt/ddn/kyudan/IEMOCAP/data/Ses01M_script02_2_M033.wav,angry,Ses01,M,6.76
Ses01M_script02_2_M035,/mnt/ddn/kyudan/IEMOCAP/data/Ses01M_script02_2_M035.wav,angry,Ses01,M,14.284
Ses01M_script02_2_M036,/mnt/ddn/kyudan/IEMOCAP/data/Ses01M_script02_2_M036.wav,sad,Ses01,M,9.902
Ses01M_script02_2_M037,/mnt/ddn/kyudan/IEMOCAP/data/Ses01M_script02_2_M037.wav,sad,Ses01,M,14.855
Ses01M_script02_2_M038,/mnt/ddn/kyudan/IEMOCAP/data/Ses01M_script02_2_M038.wav,sad,Ses01,M,7.144
Ses01M_script02_2_M039,/mnt/ddn/kyudan/IEMOCAP/data/Ses01M_script02_2_M039.wav,neutral,Ses01,M,1.385
Ses01M_script02_2_M040,/mnt/ddn/kyudan/IEMOCAP/data/Ses01M_script02_2_M040.wav,neutral,Ses01,M,1.655
Ses01M_script02_2_M041,/mnt/ddn/kyudan/IEMOCAP/data/Ses01M_script02_2_M041.wav,sad,Ses01,M,3.007
Ses01M_script02_2_M042,/mnt/ddn/kyudan/IEMOCAP/data/Ses01M_script02_2_M042.wav,sad,Ses01,M,3.369
Ses01M_script02_2_M043,/mnt/ddn/kyudan/IEMOCAP/data/Ses01M_script02_2_M043.wav,sad,Ses01,M,4.333
Ses01M_script02_2_M044,/mnt/ddn/kyudan/IEMOCAP/data/Ses01M_script02_2_M044.wav,sad,Ses01,M,6.71
Ses01M_script02_2_M045,/mnt/ddn/kyudan/IEMOCAP/data/Ses01M_script02_2_M045.wav,sad,Ses01,M,1.88
Ses01M_script02_2_M046,/mnt/ddn/kyudan/IEMOCAP/data/Ses01M_script02_2_M046.wav,happy,Ses01,M,8.431
Ses01M_script02_2_M047,/mnt/ddn/kyudan/IEMOCAP/data/Ses01M_script02_2_M047.wav,happy,Ses01,M,6.335
Ses01M_script02_2_M048,/mnt/ddn/kyudan/IEMOCAP/data/Ses01M_script02_2_M048.wav,happy,Ses01,M,4.315
Ses01M_script02_2_M049,/mnt/ddn/kyudan/IEMOCAP/data/Ses01M_script02_2_M049.wav,happy,Ses01,M,3.507
Ses01M_script02_2_M050,/mnt/ddn/kyudan/IEMOCAP/data/Ses01M_script02_2_M050.wav,neutral,Ses01,M,2.162
Ses01M_script02_2_M051,/mnt/ddn/kyudan/IEMOCAP/data/Ses01M_script02_2_M051.wav,neutral,Ses01,M,4.694
Ses01M_script02_2_M052,/mnt/ddn/kyudan/IEMOCAP/data/Ses01M_script02_2_M052.wav,happy,Ses01,M,2.764
Ses01M_script02_2_M053,/mnt/ddn/kyudan/IEMOCAP/data/Ses01M_script02_2_M053.wav,happy,Ses01,M,6.271
Ses01M_script02_2_M054,/mnt/ddn/kyudan/IEMOCAP/data/Ses01M_script02_2_M054.wav,neutral,Ses01,M,2.693
Ses01M_script03_1_F003,/mnt/ddn/kyudan/IEMOCAP/data/Ses01M_script03_1_F003.wav,happy,Ses01,F,2.838
Ses01M_script03_1_F004,/mnt/ddn/kyudan/IEMOCAP/data/Ses01M_script03_1_F004.wav,happy,Ses01,F,2.62
Ses01M_script03_1_F005,/mnt/ddn/kyudan/IEMOCAP/data/Ses01M_script03_1_F005.wav,happy,Ses01,F,5.35
Ses01M_script03_1_F006,/mnt/ddn/kyudan/IEMOCAP/data/Ses01M_script03_1_F006.wav,happy,Ses01,F,1.552
Ses01M_script03_1_F007,/mnt/ddn/kyudan/IEMOCAP/data/Ses01M_script03_1_F007.wav,happy,Ses01,F,1.19
Ses01M_script03_1_F008,/mnt/ddn/kyudan/IEMOCAP/data/Ses01M_script03_1_F008.wav,happy,Ses01,F,2.53
Ses01M_script03_1_F009,/mnt/ddn/kyudan/IEMOCAP/data/Ses01M_script03_1_F009.wav,happy,Ses01,F,3.882
Ses01M_script03_1_F010,/mnt/ddn/kyudan/IEMOCAP/data/Ses01M_script03_1_F010.wav,happy,Ses01,F,1.36
Ses01M_script03_1_F011,/mnt/ddn/kyudan/IEMOCAP/data/Ses01M_script03_1_F011.wav,happy,Ses01,F,1.298
Ses01M_script03_1_F012,/mnt/ddn/kyudan/IEMOCAP/data/Ses01M_script03_1_F012.wav,happy,Ses01,F,3.31
Ses01M_script03_1_F014,/mnt/ddn/kyudan/IEMOCAP/data/Ses01M_script03_1_F014.wav,happy,Ses01,F,2.866
Ses01M_script03_1_F015,/mnt/ddn/kyudan/IEMOCAP/data/Ses01M_script03_1_F015.wav,happy,Ses01,F,3.77
Ses01M_script03_1_F016,/mnt/ddn/kyudan/IEMOCAP/data/Ses01M_script03_1_F016.wav,happy,Ses01,F,2.0
Ses01M_script03_1_F017,/mnt/ddn/kyudan/IEMOCAP/data/Ses01M_script03_1_F017.wav,happy,Ses01,F,3.93
Ses01M_script03_1_F018,/mnt/ddn/kyudan/IEMOCAP/data/Ses01M_script03_1_F018.wav,happy,Ses01,F,6.2
Ses01M_script03_1_F019,/mnt/ddn/kyudan/IEMOCAP/data/Ses01M_script03_1_F019.wav,happy,Ses01,F,3.388
Ses01M_script03_1_F020,/mnt/ddn/kyudan/IEMOCAP/data/Ses01M_script03_1_F020.wav,happy,Ses01,F,3.365
Ses01M_script03_1_F021,/mnt/ddn/kyudan/IEMOCAP/data/Ses01M_script03_1_F021.wav,happy,Ses01,F,3.09
Ses01M_script03_1_F022,/mnt/ddn/kyudan/IEMOCAP/data/Ses01M_script03_1_F022.wav,happy,Ses01,F,2.49
Ses01M_script03_1_F023,/mnt/ddn/kyudan/IEMOCAP/data/Ses01M_script03_1_F023.wav,happy,Ses01,F,2.999
Ses01M_script03_1_F024,/mnt/ddn/kyudan/IEMOCAP/data/Ses01M_script03_1_F024.wav,happy,Ses01,F,2.684
Ses01M_script03_1_F025,/mnt/ddn/kyudan/IEMOCAP/data/Ses01M_script03_1_F025.wav,happy,Ses01,F,1.365
Ses01M_script03_1_F026,/mnt/ddn/kyudan/IEMOCAP/data/Ses01M_script03_1_F026.wav,happy,Ses01,F,2.923
Ses01M_script03_1_F027,/mnt/ddn/kyudan/IEMOCAP/data/Ses01M_script03_1_F027.wav,happy,Ses01,F,4.79
Ses01M_script03_1_F028,/mnt/ddn/kyudan/IEMOCAP/data/Ses01M_script03_1_F028.wav,happy,Ses01,F,2.6
Ses01M_script03_1_F029,/mnt/ddn/kyudan/IEMOCAP/data/Ses01M_script03_1_F029.wav,happy,Ses01,F,6.83
Ses01M_script03_1_F030,/mnt/ddn/kyudan/IEMOCAP/data/Ses01M_script03_1_F030.wav,happy,Ses01,F,3.15
Ses01M_script03_1_F031,/mnt/ddn/kyudan/IEMOCAP/data/Ses01M_script03_1_F031.wav,happy,Ses01,F,6.25
Ses01M_script03_1_F032,/mnt/ddn/kyudan/IEMOCAP/data/Ses01M_script03_1_F032.wav,happy,Ses01,F,6.48
Ses01M_script03_1_F033,/mnt/ddn/kyudan/IEMOCAP/data/Ses01M_script03_1_F033.wav,happy,Ses01,F,3.282
Ses01M_script03_1_F034,/mnt/ddn/kyudan/IEMOCAP/data/Ses01M_script03_1_F034.wav,happy,Ses01,F,3.143
Ses01M_script03_1_F035,/mnt/ddn/kyudan/IEMOCAP/data/Ses01M_script03_1_F035.wav,happy,Ses01,F,4.32
Ses01M_script03_1_F036,/mnt/ddn/kyudan/IEMOCAP/data/Ses01M_script03_1_F036.wav,happy,Ses01,F,4.75
Ses01M_script03_1_F037,/mnt/ddn/kyudan/IEMOCAP/data/Ses01M_script03_1_F037.wav,happy,Ses01,F,4.69
Ses01M_script03_1_F038,/mnt/ddn/kyudan/IEMOCAP/data/Ses01M_script03_1_F038.wav,happy,Ses01,F,2.77
Ses01M_script03_1_F039,/mnt/ddn/kyudan/IEMOCAP/data/Ses01M_script03_1_F039.wav,happy,Ses01,F,2.888
Ses01M_script03_1_F040,/mnt/ddn/kyudan/IEMOCAP/data/Ses01M_script03_1_F040.wav,happy,Ses01,F,2.75
Ses01M_script03_1_F041,/mnt/ddn/kyudan/IEMOCAP/data/Ses01M_script03_1_F041.wav,happy,Ses01,F,4.841
Ses01M_script03_1_M002,/mnt/ddn/kyudan/IEMOCAP/data/Ses01M_script03_1_M002.wav,happy,Ses01,M,2.092
Ses01M_script03_1_M004,/mnt/ddn/kyudan/IEMOCAP/data/Ses01M_script03_1_M004.wav,happy,Ses01,M,2.45
Ses01M_script03_1_M005,/mnt/ddn/kyudan/IEMOCAP/data/Ses01M_script03_1_M005.wav,happy,Ses01,M,10.377
Ses01M_script03_1_M006,/mnt/ddn/kyudan/IEMOCAP/data/Ses01M_script03_1_M006.wav,happy,Ses01,M,2.294
Ses01M_script03_1_M007,/mnt/ddn/kyudan/IEMOCAP/data/Ses01M_script03_1_M007.wav,happy,Ses01,M,1.597
Ses01M_script03_1_M008,/mnt/ddn/kyudan/IEMOCAP/data/Ses01M_script03_1_M008.wav,happy,Ses01,M,1.183
Ses01M_script03_1_M009,/mnt/ddn/kyudan/IEMOCAP/data/Ses01M_script03_1_M009.wav,happy,Ses01,M,2.98
Ses01M_script03_1_M010,/mnt/ddn/kyudan/IEMOCAP/data/Ses01M_script03_1_M010.wav,happy,Ses01,M,2.56
Ses01M_script03_1_M011,/mnt/ddn/kyudan/IEMOCAP/data/Ses01M_script03_1_M011.wav,happy,Ses01,M,1.333
Ses01M_script03_1_M012,/mnt/ddn/kyudan/IEMOCAP/data/Ses01M_script03_1_M012.wav,happy,Ses01,M,1.822
Ses01M_script03_1_M013,/mnt/ddn/kyudan/IEMOCAP/data/Ses01M_script03_1_M013.wav,happy,Ses01,M,5.65
Ses01M_script03_1_M014,/mnt/ddn/kyudan/IEMOCAP/data/Ses01M_script03_1_M014.wav,sad,Ses01,M,2.31
Ses01M_script03_1_M016,/mnt/ddn/kyudan/IEMOCAP/data/Ses01M_script03_1_M016.wav,happy,Ses01,M,6.053
Ses01M_script03_1_M017,/mnt/ddn/kyudan/IEMOCAP/data/Ses01M_script03_1_M017.wav,happy,Ses01,M,3.68
Ses01M_script03_1_M018,/mnt/ddn/kyudan/IEMOCAP/data/Ses01M_script03_1_M018.wav,happy,Ses01,M,5.535
Ses01M_script03_1_M019,/mnt/ddn/kyudan/IEMOCAP/data/Ses01M_script03_1_M019.wav,happy,Ses01,M,6.356
Ses01M_script03_1_M020,/mnt/ddn/kyudan/IEMOCAP/data/Ses01M_script03_1_M020.wav,happy,Ses01,M,1.14
Ses01M_script03_1_M021,/mnt/ddn/kyudan/IEMOCAP/data/Ses01M_script03_1_M021.wav,happy,Ses01,M,2.73
Ses01M_script03_1_M022,/mnt/ddn/kyudan/IEMOCAP/data/Ses01M_script03_1_M022.wav,happy,Ses01,M,2.59
Ses01M_script03_1_M023,/mnt/ddn/kyudan/IEMOCAP/data/Ses01M_script03_1_M023.wav,happy,Ses01,M,5.68
Ses01M_script03_1_M024,/mnt/ddn/kyudan/IEMOCAP/data/Ses01M_script03_1_M024.wav,happy,Ses01,M,3.49
Ses01M_script03_1_M025,/mnt/ddn/kyudan/IEMOCAP/data/Ses01M_script03_1_M025.wav,happy,Ses01,M,3.488
Ses01M_script03_1_M026,/mnt/ddn/kyudan/IEMOCAP/data/Ses01M_script03_1_M026.wav,happy,Ses01,M,7.988
Ses01M_script03_1_M027,/mnt/ddn/kyudan/IEMOCAP/data/Ses01M_script03_1_M027.wav,happy,Ses01,M,3.575
Ses01M_script03_1_M028,/mnt/ddn/kyudan/IEMOCAP/data/Ses01M_script03_1_M028.wav,happy,Ses01,M,14.307
Ses01M_script03_1_M029,/mnt/ddn/kyudan/IEMOCAP/data/Ses01M_script03_1_M029.wav,happy,Ses01,M,3.374
Ses01M_script03_1_M030,/mnt/ddn/kyudan/IEMOCAP/data/Ses01M_script03_1_M030.wav,happy,Ses01,M,3.62
Ses01M_script03_1_M031,/mnt/ddn/kyudan/IEMOCAP/data/Ses01M_script03_1_M031.wav,happy,Ses01,M,8.91
Ses01M_script03_1_M032,/mnt/ddn/kyudan/IEMOCAP/data/Ses01M_script03_1_M032.wav,happy,Ses01,M,7.9
Ses01M_script03_1_M033,/mnt/ddn/kyudan/IEMOCAP/data/Ses01M_script03_1_M033.wav,happy,Ses01,M,3.3
Ses01M_script03_1_M034,/mnt/ddn/kyudan/IEMOCAP/data/Ses01M_script03_1_M034.wav,happy,Ses01,M,4.88
Ses01M_script03_1_M035,/mnt/ddn/kyudan/IEMOCAP/data/Ses01M_script03_1_M035.wav,happy,Ses01,M,2.62
Ses01M_script03_1_M036,/mnt/ddn/kyudan/IEMOCAP/data/Ses01M_script03_1_M036.wav,happy,Ses01,M,3.744
Ses01M_script03_1_M037,/mnt/ddn/kyudan/IEMOCAP/data/Ses01M_script03_1_M037.wav,happy,Ses01,M,9.39
Ses01M_script03_1_M038,/mnt/ddn/kyudan/IEMOCAP/data/Ses01M_script03_1_M038.wav,happy,Ses01,M,2.48
Ses01M_script03_1_M039,/mnt/ddn/kyudan/IEMOCAP/data/Ses01M_script03_1_M039.wav,happy,Ses01,M,4.33
Ses01M_script03_1_M040,/mnt/ddn/kyudan/IEMOCAP/data/Ses01M_script03_1_M040.wav,happy,Ses01,M,2.85
Ses01M_script03_1_M041,/mnt/ddn/kyudan/IEMOCAP/data/Ses01M_script03_1_M041.wav,happy,Ses01,M,2.44
Ses01M_script03_1_M042,/mnt/ddn/kyudan/IEMOCAP/data/Ses01M_script03_1_M042.wav,happy,Ses01,M,6.65
Ses01M_script03_2_F001,/mnt/ddn/kyudan/IEMOCAP/data/Ses01M_script03_2_F001.wav,happy,Ses01,F,2.63
Ses01M_script03_2_F002,/mnt/ddn/kyudan/IEMOCAP/data/Ses01M_script03_2_F002.wav,happy,Ses01,F,4.587
Ses01M_script03_2_F004,/mnt/ddn/kyudan/IEMOCAP/data/Ses01M_script03_2_F004.wav,happy,Ses01,F,4.639
Ses01M_script03_2_F005,/mnt/ddn/kyudan/IEMOCAP/data/Ses01M_script03_2_F005.wav,happy,Ses01,F,4.33
Ses01M_script03_2_F006,/mnt/ddn/kyudan/IEMOCAP/data/Ses01M_script03_2_F006.wav,neutral,Ses01,F,2.293
Ses01M_script03_2_F009,/mnt/ddn/kyudan/IEMOCAP/data/Ses01M_script03_2_F009.wav,angry,Ses01,F,4.276
Ses01M_script03_2_F010,/mnt/ddn/kyudan/IEMOCAP/data/Ses01M_script03_2_F010.wav,neutral,Ses01,F,2.43
Ses01M_script03_2_F011,/mnt/ddn/kyudan/IEMOCAP/data/Ses01M_script03_2_F011.wav,angry,Ses01,F,3.75
Ses01M_script03_2_F015,/mnt/ddn/kyudan/IEMOCAP/data/Ses01M_script03_2_F015.wav,angry,Ses01,F,2.76
Ses01M_script03_2_F017,/mnt/ddn/kyudan/IEMOCAP/data/Ses01M_script03_2_F017.wav,angry,Ses01,F,6.01
Ses01M_script03_2_F022,/mnt/ddn/kyudan/IEMOCAP/data/Ses01M_script03_2_F022.wav,angry,Ses01,F,1.782
Ses01M_script03_2_F023,/mnt/ddn/kyudan/IEMOCAP/data/Ses01M_script03_2_F023.wav,angry,Ses01,F,7.144
Ses01M_script03_2_F024,/mnt/ddn/kyudan/IEMOCAP/data/Ses01M_script03_2_F024.wav,angry,Ses01,F,3.07
Ses01M_script03_2_F025,/mnt/ddn/kyudan/IEMOCAP/data/Ses01M_script03_2_F025.wav,angry,Ses01,F,2.2
Ses01M_script03_2_F026,/mnt/ddn/kyudan/IEMOCAP/data/Ses01M_script03_2_F026.wav,angry,Ses01,F,3.75
Ses01M_script03_2_F027,/mnt/ddn/kyudan/IEMOCAP/data/Ses01M_script03_2_F027.wav,angry,Ses01,F,2.45
Ses01M_script03_2_F028,/mnt/ddn/kyudan/IEMOCAP/data/Ses01M_script03_2_F028.wav,angry,Ses01,F,6.1
Ses01M_script03_2_F029,/mnt/ddn/kyudan/IEMOCAP/data/Ses01M_script03_2_F029.wav,angry,Ses01,F,2.002
Ses01M_script03_2_F030,/mnt/ddn/kyudan/IEMOCAP/data/Ses01M_script03_2_F030.wav,angry,Ses01,F,3.51
Ses01M_script03_2_F031,/mnt/ddn/kyudan/IEMOCAP/data/Ses01M_script03_2_F031.wav,angry,Ses01,F,1.22
Ses01M_script03_2_F033,/mnt/ddn/kyudan/IEMOCAP/data/Ses01M_script03_2_F033.wav,angry,Ses01,F,2.53
Ses01M_script03_2_F034,/mnt/ddn/kyudan/IEMOCAP/data/Ses01M_script03_2_F034.wav,angry,Ses01,F,2.83
Ses01M_script03_2_F035,/mnt/ddn/kyudan/IEMOCAP/data/Ses01M_script03_2_F035.wav,angry,Ses01,F,5.01
Ses01M_script03_2_F036,/mnt/ddn/kyudan/IEMOCAP/data/Ses01M_script03_2_F036.wav,angry,Ses01,F,1.66
Ses01M_script03_2_F037,/mnt/ddn/kyudan/IEMOCAP/data/Ses01M_script03_2_F037.wav,angry,Ses01,F,2.59
Ses01M_script03_2_F038,/mnt/ddn/kyudan/IEMOCAP/data/Ses01M_script03_2_F038.wav,angry,Ses01,F,5.17
Ses01M_script03_2_F039,/mnt/ddn/kyudan/IEMOCAP/data/Ses01M_script03_2_F039.wav,angry,Ses01,F,9.38
Ses01M_script03_2_F040,/mnt/ddn/kyudan/IEMOCAP/data/Ses01M_script03_2_F040.wav,angry,Ses01,F,4.897
Ses01M_script03_2_F041,/mnt/ddn/kyudan/IEMOCAP/data/Ses01M_script03_2_F041.wav,angry,Ses01,F,18.92
Ses01M_script03_2_M000,/mnt/ddn/kyudan/IEMOCAP/data/Ses01M_script03_2_M000.wav,happy,Ses01,M,1.68
Ses01M_script03_2_M001,/mnt/ddn/kyudan/IEMOCAP/data/Ses01M_script03_2_M001.wav,happy,Ses01,M,1.87
Ses01M_script03_2_M002,/mnt/ddn/kyudan/IEMOCAP/data/Ses01M_script03_2_M002.wav,happy,Ses01,M,2.13
Ses01M_script03_2_M003,/mnt/ddn/kyudan/IEMOCAP/data/Ses01M_script03_2_M003.wav,happy,Ses01,M,5.314
Ses01M_script03_2_M011,/mnt/ddn/kyudan/IEMOCAP/data/Ses01M_script03_2_M011.wav,angry,Ses01,M,7.026
Ses01M_script03_2_M012,/mnt/ddn/kyudan/IEMOCAP/data/Ses01M_script03_2_M012.wav,neutral,Ses01,M,3.365
Ses01M_script03_2_M013,/mnt/ddn/kyudan/IEMOCAP/data/Ses01M_script03_2_M013.wav,neutral,Ses01,M,6.202
Ses01M_script03_2_M018,/mnt/ddn/kyudan/IEMOCAP/data/Ses01M_script03_2_M018.wav,neutral,Ses01,M,2.782
Ses01M_script03_2_M022,/mnt/ddn/kyudan/IEMOCAP/data/Ses01M_script03_2_M022.wav,angry,Ses01,M,6.524
Ses01M_script03_2_M023,/mnt/ddn/kyudan/IEMOCAP/data/Ses01M_script03_2_M023.wav,angry,Ses01,M,5.148
Ses01M_script03_2_M024,/mnt/ddn/kyudan/IEMOCAP/data/Ses01M_script03_2_M024.wav,angry,Ses01,M,5.65
Ses01M_script03_2_M025,/mnt/ddn/kyudan/IEMOCAP/data/Ses01M_script03_2_M025.wav,angry,Ses01,M,3.742
Ses01M_script03_2_M026,/mnt/ddn/kyudan/IEMOCAP/data/Ses01M_script03_2_M026.wav,angry,Ses01,M,3.92
Ses01M_script03_2_M027,/mnt/ddn/kyudan/IEMOCAP/data/Ses01M_script03_2_M027.wav,angry,Ses01,M,6.66
Ses01M_script03_2_M028,/mnt/ddn/kyudan/IEMOCAP/data/Ses01M_script03_2_M028.wav,angry,Ses01,M,2.82
Ses01M_script03_2_M029,/mnt/ddn/kyudan/IEMOCAP/data/Ses01M_script03_2_M029.wav,angry,Ses01,M,9.227
Ses01M_script03_2_M030,/mnt/ddn/kyudan/IEMOCAP/data/Ses01M_script03_2_M030.wav,angry,Ses01,M,12.462
Ses01M_script03_2_M031,/mnt/ddn/kyudan/IEMOCAP/data/Ses01M_script03_2_M031.wav,angry,Ses01,M,3.35
Ses01M_script03_2_M032,/mnt/ddn/kyudan/IEMOCAP/data/Ses01M_script03_2_M032.wav,angry,Ses01,M,5.825
Ses01M_script03_2_M033,/mnt/ddn/kyudan/IEMOCAP/data/Ses01M_script03_2_M033.wav,angry,Ses01,M,2.553
Ses01M_script03_2_M034,/mnt/ddn/kyudan/IEMOCAP/data/Ses01M_script03_2_M034.wav,angry,Ses01,M,3.167
Ses01M_script03_2_M035,/mnt/ddn/kyudan/IEMOCAP/data/Ses01M_script03_2_M035.wav,angry,Ses01,M,2.998
Ses01M_script03_2_M036,/mnt/ddn/kyudan/IEMOCAP/data/Ses01M_script03_2_M036.wav,angry,Ses01,M,3.84
Ses01M_script03_2_M037,/mnt/ddn/kyudan/IEMOCAP/data/Ses01M_script03_2_M037.wav,angry,Ses01,M,3.555
Ses01M_script03_2_M038,/mnt/ddn/kyudan/IEMOCAP/data/Ses01M_script03_2_M038.wav,angry,Ses01,M,2.085
Ses01M_script03_2_M039,/mnt/ddn/kyudan/IEMOCAP/data/Ses01M_script03_2_M039.wav,angry,Ses01,M,2.16
Ses01M_script03_2_M040,/mnt/ddn/kyudan/IEMOCAP/data/Ses01M_script03_2_M040.wav,angry,Ses01,M,7.58
Ses01M_script03_2_M041,/mnt/ddn/kyudan/IEMOCAP/data/Ses01M_script03_2_M041.wav,angry,Ses01,M,2.29
Ses01M_script03_2_M042,/mnt/ddn/kyudan/IEMOCAP/data/Ses01M_script03_2_M042.wav,angry,Ses01,M,1.72
Ses01M_script03_2_M043,/mnt/ddn/kyudan/IEMOCAP/data/Ses01M_script03_2_M043.wav,angry,Ses01,M,14.25
Ses02F_impro01_F000,/mnt/ddn/kyudan/IEMOCAP/data/Ses02F_impro01_F000.wav,neutral,Ses02,F,4.249
Ses02F_impro01_F002,/mnt/ddn/kyudan/IEMOCAP/data/Ses02F_impro01_F002.wav,happy,Ses02,F,2.652
Ses02F_impro01_F018,/mnt/ddn/kyudan/IEMOCAP/data/Ses02F_impro01_F018.wav,angry,Ses02,F,5.707
Ses02F_impro01_F019,/mnt/ddn/kyudan/IEMOCAP/data/Ses02F_impro01_F019.wav,angry,Ses02,F,5.216
Ses02F_impro01_F020,/mnt/ddn/kyudan/IEMOCAP/data/Ses02F_impro01_F020.wav,angry,Ses02,F,4.205
Ses02F_impro01_F021,/mnt/ddn/kyudan/IEMOCAP/data/Ses02F_impro01_F021.wav,angry,Ses02,F,10.213
Ses02F_impro01_M000,/mnt/ddn/kyudan/IEMOCAP/data/Ses02F_impro01_M000.wav,neutral,Ses02,M,1.434
Ses02F_impro01_M001,/mnt/ddn/kyudan/IEMOCAP/data/Ses02F_impro01_M001.wav,neutral,Ses02,M,6.101
Ses02F_impro01_M002,/mnt/ddn/kyudan/IEMOCAP/data/Ses02F_impro01_M002.wav,neutral,Ses02,M,2.692
Ses02F_impro01_M004,/mnt/ddn/kyudan/IEMOCAP/data/Ses02F_impro01_M004.wav,neutral,Ses02,M,1.461
Ses02F_impro01_M017,/mnt/ddn/kyudan/IEMOCAP/data/Ses02F_impro01_M017.wav,angry,Ses02,M,5.097
Ses02F_impro01_M019,/mnt/ddn/kyudan/IEMOCAP/data/Ses02F_impro01_M019.wav,angry,Ses02,M,2.325
Ses02F_impro02_F000,/mnt/ddn/kyudan/IEMOCAP/data/Ses02F_impro02_F000.wav,sad,Ses02,F,2.999
Ses02F_impro02_F001,/mnt/ddn/kyudan/IEMOCAP/data/Ses02F_impro02_F001.wav,sad,Ses02,F,6.021
Ses02F_impro02_F002,/mnt/ddn/kyudan/IEMOCAP/data/Ses02F_impro02_F002.wav,sad,Ses02,F,7.282
Ses02F_impro02_F003,/mnt/ddn/kyudan/IEMOCAP/data/Ses02F_impro02_F003.wav,sad,Ses02,F,2.597
Ses02F_impro02_F004,/mnt/ddn/kyudan/IEMOCAP/data/Ses02F_impro02_F004.wav,sad,Ses02,F,12.175
Ses02F_impro02_F005,/mnt/ddn/kyudan/IEMOCAP/data/Ses02F_impro02_F005.wav,sad,Ses02,F,3.115
Ses02F_impro02_F006,/mnt/ddn/kyudan/IEMOCAP/data/Ses02F_impro02_F006.wav,sad,Ses02,F,6.829
Ses02F_impro02_F007,/mnt/ddn/kyudan/IEMOCAP/data/Ses02F_impro02_F007.wav,sad,Ses02,F,11.949
Ses02F_impro02_F008,/mnt/ddn/kyudan/IEMOCAP/data/Ses02F_impro02_F008.wav,sad,Ses02,F,11.2
Ses02F_impro02_F009,/mnt/ddn/kyudan/IEMOCAP/data/Ses02F_impro02_F009.wav,sad,Ses02,F,4.052
Ses02F_impro02_F010,/mnt/ddn/kyudan/IEMOCAP/data/Ses02F_impro02_F010.wav,sad,Ses02,F,7.817
Ses02F_impro02_F011,/mnt/ddn/kyudan/IEMOCAP/data/Ses02F_impro02_F011.wav,sad,Ses02,F,8.229
Ses02F_impro02_F012,/mnt/ddn/kyudan/IEMOCAP/data/Ses02F_impro02_F012.wav,sad,Ses02,F,6.288
Ses02F_impro02_F013,/mnt/ddn/kyudan/IEMOCAP/data/Ses02F_impro02_F013.wav,sad,Ses02,F,13.114
Ses02F_impro02_M000,/mnt/ddn/kyudan/IEMOCAP/data/Ses02F_impro02_M000.wav,happy,Ses02,M,7.263
Ses02F_impro02_M004,/mnt/ddn/kyudan/IEMOCAP/data/Ses02F_impro02_M004.wav,angry,Ses02,M,2.848
Ses02F_impro02_M007,/mnt/ddn/kyudan/IEMOCAP/data/Ses02F_impro02_M007.wav,sad,Ses02,M,13.498
Ses02F_impro02_M011,/mnt/ddn/kyudan/IEMOCAP/data/Ses02F_impro02_M011.wav,sad,Ses02,M,4.398
Ses02F_impro02_M012,/mnt/ddn/kyudan/IEMOCAP/data/Ses02F_impro02_M012.wav,sad,Ses02,M,1.925
Ses02F_impro03_F000,/mnt/ddn/kyudan/IEMOCAP/data/Ses02F_impro03_F000.wav,happy,Ses02,F,4.048
Ses02F_impro03_F001,/mnt/ddn/kyudan/IEMOCAP/data/Ses02F_impro03_F001.wav,happy,Ses02,F,2.12
Ses02F_impro03_F002,/mnt/ddn/kyudan/IEMOCAP/data/Ses02F_impro03_F002.wav,happy,Ses02,F,2.05
Ses02F_impro03_F003,/mnt/ddn/kyudan/IEMOCAP/data/Ses02F_impro03_F003.wav,happy,Ses02,F,5.372
Ses02F_impro03_F004,/mnt/ddn/kyudan/IEMOCAP/data/Ses02F_impro03_F004.wav,happy,Ses02,F,2.0
Ses02F_impro03_F005,/mnt/ddn/kyudan/IEMOCAP/data/Ses02F_impro03_F005.wav,happy,Ses02,F,4.325
Ses02F_impro03_F006,/mnt/ddn/kyudan/IEMOCAP/data/Ses02F_impro03_F006.wav,happy,Ses02,F,13.912
Ses02F_impro03_F007,/mnt/ddn/kyudan/IEMOCAP/data/Ses02F_impro03_F007.wav,happy,Ses02,F,8.888
Ses02F_impro03_F008,/mnt/ddn/kyudan/IEMOCAP/data/Ses02F_impro03_F008.wav,happy,Ses02,F,8.03
Ses02F_impro03_F009,/mnt/ddn/kyudan/IEMOCAP/data/Ses02F_impro03_F009.wav,happy,Ses02,F,12.087
Ses02F_impro03_F010,/mnt/ddn/kyudan/IEMOCAP/data/Ses02F_impro03_F010.wav,happy,Ses02,F,7.68
Ses02F_impro03_F011,/mnt/ddn/kyudan/IEMOCAP/data/Ses02F_impro03_F011.wav,happy,Ses02,F,4.207
Ses02F_impro03_F012,/mnt/ddn/kyudan/IEMOCAP/data/Ses02F_impro03_F012.wav,happy,Ses02,F,1.421
Ses02F_impro03_F013,/mnt/ddn/kyudan/IEMOCAP/data/Ses02F_impro03_F013.wav,happy,Ses02,F,6.335
Ses02F_impro03_F014,/mnt/ddn/kyudan/IEMOCAP/data/Ses02F_impro03_F014.wav,happy,Ses02,F,4.57
Ses02F_impro03_F015,/mnt/ddn/kyudan/IEMOCAP/data/Ses02F_impro03_F015.wav,happy,Ses02,F,6.209
Ses02F_impro03_F016,/mnt/ddn/kyudan/IEMOCAP/data/Ses02F_impro03_F016.wav,happy,Ses02,F,5.889
Ses02F_impro03_F017,/mnt/ddn/kyudan/IEMOCAP/data/Ses02F_impro03_F017.wav,happy,Ses02,F,6.426
Ses02F_impro03_F018,/mnt/ddn/kyudan/IEMOCAP/data/Ses02F_impro03_F018.wav,happy,Ses02,F,7.027
Ses02F_impro03_F019,/mnt/ddn/kyudan/IEMOCAP/data/Ses02F_impro03_F019.wav,happy,Ses02,F,7.131
Ses02F_impro03_F020,/mnt/ddn/kyudan/IEMOCAP/data/Ses02F_impro03_F020.wav,happy,Ses02,F,8.567
Ses02F_impro03_F021,/mnt/ddn/kyudan/IEMOCAP/data/Ses02F_impro03_F021.wav,happy,Ses02,F,11.085
Ses02F_impro03_F022,/mnt/ddn/kyudan/IEMOCAP/data/Ses02F_impro03_F022.wav,happy,Ses02,F,2.08
Ses02F_impro03_F023,/mnt/ddn/kyudan/IEMOCAP/data/Ses02F_impro03_F023.wav,happy,Ses02,F,2.73
Ses02F_impro03_F024,/mnt/ddn/kyudan/IEMOCAP/data/Ses02F_impro03_F024.wav,happy,Ses02,F,6.44
Ses02F_impro03_F025,/mnt/ddn/kyudan/IEMOCAP/data/Ses02F_impro03_F025.wav,happy,Ses02,F,2.218
Ses02F_impro03_F026,/mnt/ddn/kyudan/IEMOCAP/data/Ses02F_impro03_F026.wav,happy,Ses02,F,1.86
Ses02F_impro03_F027,/mnt/ddn/kyudan/IEMOCAP/data/Ses02F_impro03_F027.wav,happy,Ses02,F,3.439
Ses02F_impro03_F028,/mnt/ddn/kyudan/IEMOCAP/data/Ses02F_impro03_F028.wav,happy,Ses02,F,8.463
Ses02F_impro03_F029,/mnt/ddn/kyudan/IEMOCAP/data/Ses02F_impro03_F029.wav,happy,Ses02,F,3.593
Ses02F_impro03_F030,/mnt/ddn/kyudan/IEMOCAP/data/Ses02F_impro03_F030.wav,happy,Ses02,F,3.913
Ses02F_impro03_M000,/mnt/ddn/kyudan/IEMOCAP/data/Ses02F_impro03_M000.wav,happy,Ses02,M,2.503
Ses02F_impro03_M001,/mnt/ddn/kyudan/IEMOCAP/data/Ses02F_impro03_M001.wav,neutral,Ses02,M,3.432
Ses02F_impro03_M003,/mnt/ddn/kyudan/IEMOCAP/data/Ses02F_impro03_M003.wav,happy,Ses02,M,2.632
Ses02F_impro03_M004,/mnt/ddn/kyudan/IEMOCAP/data/Ses02F_impro03_M004.wav,happy,Ses02,M,5.7
Ses02F_impro03_M005,/mnt/ddn/kyudan/IEMOCAP/data/Ses02F_impro03_M005.wav,happy,Ses02,M,2.618
Ses02F_impro03_M008,/mnt/ddn/kyudan/IEMOCAP/data/Ses02F_impro03_M008.wav,happy,Ses02,M,6.49
Ses02F_impro03_M009,/mnt/ddn/kyudan/IEMOCAP/data/Ses02F_impro03_M009.wav,happy,Ses02,M,4.804
Ses02F_impro03_M010,/mnt/ddn/kyudan/IEMOCAP/data/Ses02F_impro03_M010.wav,happy,Ses02,M,3.175
Ses02F_impro03_M011,/mnt/ddn/kyudan/IEMOCAP/data/Ses02F_impro03_M011.wav,happy,Ses02,M,3.35
Ses02F_impro03_M012,/mnt/ddn/kyudan/IEMOCAP/data/Ses02F_impro03_M012.wav,happy,Ses02,M,5.09
Ses02F_impro03_M013,/mnt/ddn/kyudan/IEMOCAP/data/Ses02F_impro03_M013.wav,neutral,Ses02,M,6.088
Ses02F_impro03_M014,/mnt/ddn/kyudan/IEMOCAP/data/Ses02F_impro03_M014.wav,neutral,Ses02,M,1.44
Ses02F_impro03_M015,/mnt/ddn/kyudan/IEMOCAP/data/Ses02F_impro03_M015.wav,neutral,Ses02,M,4.072
Ses02F_impro03_M016,/mnt/ddn/kyudan/IEMOCAP/data/Ses02F_impro03_M016.wav,neutral,Ses02,M,2.799
Ses02F_impro03_M017,/mnt/ddn/kyudan/IEMOCAP/data/Ses02F_impro03_M017.wav,neutral,Ses02,M,1.45
Ses02F_impro03_M018,/mnt/ddn/kyudan/IEMOCAP/data/Ses02F_impro03_M018.wav,neutral,Ses02,M,3.86
Ses02F_impro03_M019,/mnt/ddn/kyudan/IEMOCAP/data/Ses02F_impro03_M019.wav,happy,Ses02,M,8.594
Ses02F_impro03_M020,/mnt/ddn/kyudan/IEMOCAP/data/Ses02F_impro03_M020.wav,happy,Ses02,M,6.27
Ses02F_impro03_M021,/mnt/ddn/kyudan/IEMOCAP/data/Ses02F_impro03_M021.wav,happy,Ses02,M,6.019
Ses02F_impro03_M022,/mnt/ddn/kyudan/IEMOCAP/data/Ses02F_impro03_M022.wav,happy,Ses02,M,3.494
Ses02F_impro03_M023,/mnt/ddn/kyudan/IEMOCAP/data/Ses02F_impro03_M023.wav,happy,Ses02,M,9.662
Ses02F_impro03_M024,/mnt/ddn/kyudan/IEMOCAP/data/Ses02F_impro03_M024.wav,happy,Ses02,M,4.25
Ses02F_impro03_M025,/mnt/ddn/kyudan/IEMOCAP/data/Ses02F_impro03_M025.wav,happy,Ses02,M,5.06
Ses02F_impro03_M026,/mnt/ddn/kyudan/IEMOCAP/data/Ses02F_impro03_M026.wav,happy,Ses02,M,2.751
Ses02F_impro04_F009,/mnt/ddn/kyudan/IEMOCAP/data/Ses02F_impro04_F009.wav,sad,Ses02,F,2.303
Ses02F_impro04_F016,/mnt/ddn/kyudan/IEMOCAP/data/Ses02F_impro04_F016.wav,sad,Ses02,F,7.87
Ses02F_impro04_F017,/mnt/ddn/kyudan/IEMOCAP/data/Ses02F_impro04_F017.wav,sad,Ses02,F,10.42
Ses02F_impro04_M000,/mnt/ddn/kyudan/IEMOCAP/data/Ses02F_impro04_M000.wav,neutral,Ses02,M,4.366
Ses02F_impro04_M001,/mnt/ddn/kyudan/IEMOCAP/data/Ses02F_impro04_M001.wav,neutral,Ses02,M,6.29
Ses02F_impro04_M003,/mnt/ddn/kyudan/IEMOCAP/data/Ses02F_impro04_M003.wav,neutral,Ses02,M,3.401
Ses02F_impro04_M004,/mnt/ddn/kyudan/IEMOCAP/data/Ses02F_impro04_M004.wav,neutral,Ses02,M,12.96
Ses02F_impro04_M005,/mnt/ddn/kyudan/IEMOCAP/data/Ses02F_impro04_M005.wav,neutral,Ses02,M,7.61
Ses02F_impro04_M006,/mnt/ddn/kyudan/IEMOCAP/data/Ses02F_impro04_M006.wav,neutral,Ses02,M,7.661
Ses02F_impro04_M007,/mnt/ddn/kyudan/IEMOCAP/data/Ses02F_impro04_M007.wav,neutral,Ses02,M,6.83
Ses02F_impro04_M008,/mnt/ddn/kyudan/IEMOCAP/data/Ses02F_impro04_M008.wav,neutral,Ses02,M,4.854
Ses02F_impro04_M009,/mnt/ddn/kyudan/IEMOCAP/data/Ses02F_impro04_M009.wav,neutral,Ses02,M,5.731
Ses02F_impro04_M010,/mnt/ddn/kyudan/IEMOCAP/data/Ses02F_impro04_M010.wav,neutral,Ses02,M,9.207
Ses02F_impro04_M011,/mnt/ddn/kyudan/IEMOCAP/data/Ses02F_impro04_M011.wav,neutral,Ses02,M,5.983
Ses02F_impro04_M012,/mnt/ddn/kyudan/IEMOCAP/data/Ses02F_impro04_M012.wav,neutral,Ses02,M,17.618
Ses02F_impro04_M013,/mnt/ddn/kyudan/IEMOCAP/data/Ses02F_impro04_M013.wav,neutral,Ses02,M,13.15
Ses02F_impro04_M015,/mnt/ddn/kyudan/IEMOCAP/data/Ses02F_impro04_M015.wav,neutral,Ses02,M,12.77
Ses02F_impro04_M016,/mnt/ddn/kyudan/IEMOCAP/data/Ses02F_impro04_M016.wav,neutral,Ses02,M,1.11
Ses02F_impro04_M017,/mnt/ddn/kyudan/IEMOCAP/data/Ses02F_impro04_M017.wav,neutral,Ses02,M,2.03
Ses02F_impro04_M018,/mnt/ddn/kyudan/IEMOCAP/data/Ses02F_impro04_M018.wav,neutral,Ses02,M,9.322
Ses02F_impro04_M019,/mnt/ddn/kyudan/IEMOCAP/data/Ses02F_impro04_M019.wav,neutral,Ses02,M,5.35
Ses02F_impro05_F000,/mnt/ddn/kyudan/IEMOCAP/data/Ses02F_impro05_F000.wav,neutral,Ses02,F,3.652
Ses02F_impro05_F001,/mnt/ddn/kyudan/IEMOCAP/data/Ses02F_impro05_F001.wav,neutral,Ses02,F,7.29
Ses02F_impro05_F004,/mnt/ddn/kyudan/IEMOCAP/data/Ses02F_impro05_F004.wav,neutral,Ses02,F,1.46
Ses02F_impro05_F006,/mnt/ddn/kyudan/IEMOCAP/data/Ses02F_impro05_F006.wav,angry,Ses02,F,8.39
Ses02F_impro05_F008,/mnt/ddn/kyudan/IEMOCAP/data/Ses02F_impro05_F008.wav,angry,Ses02,F,6.16
Ses02F_impro05_F010,/mnt/ddn/kyudan/IEMOCAP/data/Ses02F_impro05_F010.wav,angry,Ses02,F,2.96
Ses02F_impro05_F012,/mnt/ddn/kyudan/IEMOCAP/data/Ses02F_impro05_F012.wav,angry,Ses02,F,9.96
Ses02F_impro05_F019,/mnt/ddn/kyudan/IEMOCAP/data/Ses02F_impro05_F019.wav,angry,Ses02,F,6.06
Ses02F_impro05_F021,/mnt/ddn/kyudan/IEMOCAP/data/Ses02F_impro05_F021.wav,sad,Ses02,F,1.17
Ses02F_impro05_M000,/mnt/ddn/kyudan/IEMOCAP/data/Ses02F_impro05_M000.wav,neutral,Ses02,M,4.63
Ses02F_impro05_M001,/mnt/ddn/kyudan/IEMOCAP/data/Ses02F_impro05_M001.wav,neutral,Ses02,M,8.58
Ses02F_impro05_M002,/mnt/ddn/kyudan/IEMOCAP/data/Ses02F_impro05_M002.wav,neutral,Ses02,M,6.53
Ses02F_impro05_M003,/mnt/ddn/kyudan/IEMOCAP/data/Ses02F_impro05_M003.wav,neutral,Ses02,M,7.35
Ses02F_impro05_M004,/mnt/ddn/kyudan/IEMOCAP/data/Ses02F_impro05_M004.wav,neutral,Ses02,M,7.25
Ses02F_impro05_M005,/mnt/ddn/kyudan/IEMOCAP/data/Ses02F_impro05_M005.wav,neutral,Ses02,M,4.394
Ses02F_impro05_M006,/mnt/ddn/kyudan/IEMOCAP/data/Ses02F_impro05_M006.wav,neutral,Ses02,M,10.02
Ses02F_impro05_M007,/mnt/ddn/kyudan/IEMOCAP/data/Ses02F_impro05_M007.wav,neutral,Ses02,M,6.86
Ses02F_impro05_M008,/mnt/ddn/kyudan/IEMOCAP/data/Ses02F_impro05_M008.wav,neutral,Ses02,M,7.988
Ses02F_impro05_M009,/mnt/ddn/kyudan/IEMOCAP/data/Ses02F_impro05_M009.wav,neutral,Ses02,M,4.01
Ses02F_impro05_M010,/mnt/ddn/kyudan/IEMOCAP/data/Ses02F_impro05_M010.wav,neutral,Ses02,M,7.142
Ses02F_impro05_M011,/mnt/ddn/kyudan/IEMOCAP/data/Ses02F_impro05_M011.wav,neutral,Ses02,M,7.657
Ses02F_impro05_M012,/mnt/ddn/kyudan/IEMOCAP/data/Ses02F_impro05_M012.wav,neutral,Ses02,M,16.65
Ses02F_impro05_M013,/mnt/ddn/kyudan/IEMOCAP/data/Ses02F_impro05_M013.wav,neutral,Ses02,M,4.02
Ses02F_impro05_M014,/mnt/ddn/kyudan/IEMOCAP/data/Ses02F_impro05_M014.wav,neutral,Ses02,M,7.05
Ses02F_impro05_M015,/mnt/ddn/kyudan/IEMOCAP/data/Ses02F_impro05_M015.wav,neutral,Ses02,M,1.88
Ses02F_impro05_M016,/mnt/ddn/kyudan/IEMOCAP/data/Ses02F_impro05_M016.wav,neutral,Ses02,M,11.85
Ses02F_impro05_M017,/mnt/ddn/kyudan/IEMOCAP/data/Ses02F_impro05_M017.wav,neutral,Ses02,M,3.37
Ses02F_impro05_M018,/mnt/ddn/kyudan/IEMOCAP/data/Ses02F_impro05_M018.wav,neutral,Ses02,M,1.77
Ses02F_impro05_M019,/mnt/ddn/kyudan/IEMOCAP/data/Ses02F_impro05_M019.wav,neutral,Ses02,M,14.5
Ses02F_impro05_M020,/mnt/ddn/kyudan/IEMOCAP/data/Ses02F_impro05_M020.wav,neutral,Ses02,M,17.901
Ses02F_impro05_M021,/mnt/ddn/kyudan/IEMOCAP/data/Ses02F_impro05_M021.wav,neutral,Ses02,M,5.688
Ses02F_impro06_F000,/mnt/ddn/kyudan/IEMOCAP/data/Ses02F_impro06_F000.wav,sad,Ses02,F,5.09
Ses02F_impro06_F001,/mnt/ddn/kyudan/IEMOCAP/data/Ses02F_impro06_F001.wav,sad,Ses02,F,2.71
Ses02F_impro06_F002,/mnt/ddn/kyudan/IEMOCAP/data/Ses02F_impro06_F002.wav,sad,Ses02,F,6.74
Ses02F_impro06_F003,/mnt/ddn/kyudan/IEMOCAP/data/Ses02F_impro06_F003.wav,sad,Ses02,F,1.64
Ses02F_impro06_F004,/mnt/ddn/kyudan/IEMOCAP/data/Ses02F_impro06_F004.wav,sad,Ses02,F,2.411
Ses02F_impro06_F005,/mnt/ddn/kyudan/IEMOCAP/data/Ses02F_impro06_F005.wav,sad,Ses02,F,2.798
Ses02F_impro06_F006,/mnt/ddn/kyudan/IEMOCAP/data/Ses02F_impro06_F006.wav,sad,Ses02,F,6.065
Ses02F_impro06_F007,/mnt/ddn/kyudan/IEMOCAP/data/Ses02F_impro06_F007.wav,sad,Ses02,F,6.79
Ses02F_impro06_F008,/mnt/ddn/kyudan/IEMOCAP/data/Ses02F_impro06_F008.wav,sad,Ses02,F,8.224
Ses02F_impro06_F009,/mnt/ddn/kyudan/IEMOCAP/data/Ses02F_impro06_F009.wav,sad,Ses02,F,2.11
Ses02F_impro06_F010,/mnt/ddn/kyudan/IEMOCAP/data/Ses02F_impro06_F010.wav,sad,Ses02,F,3.329
Ses02F_impro06_F011,/mnt/ddn/kyudan/IEMOCAP/data/Ses02F_impro06_F011.wav,sad,Ses02,F,2.16
Ses02F_impro06_F012,/mnt/ddn/kyudan/IEMOCAP/data/Ses02F_impro06_F012.wav,sad,Ses02,F,3.099
Ses02F_impro06_F013,/mnt/ddn/kyudan/IEMOCAP/data/Ses02F_impro06_F013.wav,sad,Ses02,F,6.016
Ses02F_impro06_F014,/mnt/ddn/kyudan/IEMOCAP/data/Ses02F_impro06_F014.wav,sad,Ses02,F,1.243
Ses02F_impro06_M000,/mnt/ddn/kyudan/IEMOCAP/data/Ses02F_impro06_M000.wav,neutral,Ses02,M,2.281
Ses02F_impro06_M001,/mnt/ddn/kyudan/IEMOCAP/data/Ses02F_impro06_M001.wav,neutral,Ses02,M,4.877
Ses02F_impro06_M002,/mnt/ddn/kyudan/IEMOCAP/data/Ses02F_impro06_M002.wav,neutral,Ses02,M,2.56
Ses02F_impro06_M003,/mnt/ddn/kyudan/IEMOCAP/data/Ses02F_impro06_M003.wav,neutral,Ses02,M,1.33
Ses02F_impro06_M004,/mnt/ddn/kyudan/IEMOCAP/data/Ses02F_impro06_M004.wav,neutral,Ses02,M,7.19
Ses02F_impro06_M005,/mnt/ddn/kyudan/IEMOCAP/data/Ses02F_impro06_M005.wav,neutral,Ses02,M,6.76
Ses02F_impro06_M006,/mnt/ddn/kyudan/IEMOCAP/data/Ses02F_impro06_M006.wav,neutral,Ses02,M,2.384
Ses02F_impro06_M007,/mnt/ddn/kyudan/IEMOCAP/data/Ses02F_impro06_M007.wav,neutral,Ses02,M,9.38
Ses02F_impro06_M008,/mnt/ddn/kyudan/IEMOCAP/data/Ses02F_impro06_M008.wav,neutral,Ses02,M,5.35
Ses02F_impro06_M009,/mnt/ddn/kyudan/IEMOCAP/data/Ses02F_impro06_M009.wav,neutral,Ses02,M,10.705
Ses02F_impro06_M010,/mnt/ddn/kyudan/IEMOCAP/data/Ses02F_impro06_M010.wav,neutral,Ses02,M,6.308
Ses02F_impro06_M011,/mnt/ddn/kyudan/IEMOCAP/data/Ses02F_impro06_M011.wav,neutral,Ses02,M,8.602
Ses02F_impro06_M012,/mnt/ddn/kyudan/IEMOCAP/data/Ses02F_impro06_M012.wav,neutral,Ses02,M,5.66
Ses02F_impro06_M013,/mnt/ddn/kyudan/IEMOCAP/data/Ses02F_impro06_M013.wav,neutral,Ses02,M,14.53
Ses02F_impro06_M014,/mnt/ddn/kyudan/IEMOCAP/data/Ses02F_impro06_M014.wav,neutral,Ses02,M,2.23
Ses02F_impro06_M015,/mnt/ddn/kyudan/IEMOCAP/data/Ses02F_impro06_M015.wav,neutral,Ses02,M,8.1
Ses02F_impro06_M016,/mnt/ddn/kyudan/IEMOCAP/data/Ses02F_impro06_M016.wav,neutral,Ses02,M,2.156
Ses02F_impro06_M017,/mnt/ddn/kyudan/IEMOCAP/data/Ses02F_impro06_M017.wav,neutral,Ses02,M,8.14
Ses02F_impro06_M018,/mnt/ddn/kyudan/IEMOCAP/data/Ses02F_impro06_M018.wav,neutral,Ses02,M,14.141
Ses02F_impro06_M019,/mnt/ddn/kyudan/IEMOCAP/data/Ses02F_impro06_M019.wav,neutral,Ses02,M,4.982
Ses02F_impro07_F000,/mnt/ddn/kyudan/IEMOCAP/data/Ses02F_impro07_F000.wav,happy,Ses02,F,4.769
Ses02F_impro07_F001,/mnt/ddn/kyudan/IEMOCAP/data/Ses02F_impro07_F001.wav,happy,Ses02,F,2.275
Ses02F_impro07_F002,/mnt/ddn/kyudan/IEMOCAP/data/Ses02F_impro07_F002.wav,happy,Ses02,F,2.47
Ses02F_impro07_F003,/mnt/ddn/kyudan/IEMOCAP/data/Ses02F_impro07_F003.wav,happy,Ses02,F,5.8
Ses02F_impro07_F004,/mnt/ddn/kyudan/IEMOCAP/data/Ses02F_impro07_F004.wav,happy,Ses02,F,1.2
Ses02F_impro07_F005,/mnt/ddn/kyudan/IEMOCAP/data/Ses02F_impro07_F005.wav,happy,Ses02,F,1.109
Ses02F_impro07_F006,/mnt/ddn/kyudan/IEMOCAP/data/Ses02F_impro07_F006.wav,happy,Ses02,F,1.902
Ses02F_impro07_F007,/mnt/ddn/kyudan/IEMOCAP/data/Ses02F_impro07_F007.wav,happy,Ses02,F,6.158
Ses02F_impro07_F008,/mnt/ddn/kyudan/IEMOCAP/data/Ses02F_impro07_F008.wav,happy,Ses02,F,7.72
Ses02F_impro07_F009,/mnt/ddn/kyudan/IEMOCAP/data/Ses02F_impro07_F009.wav,happy,Ses02,F,4.26
Ses02F_impro07_F010,/mnt/ddn/kyudan/IEMOCAP/data/Ses02F_impro07_F010.wav,happy,Ses02,F,5.17
Ses02F_impro07_F011,/mnt/ddn/kyudan/IEMOCAP/data/Ses02F_impro07_F011.wav,happy,Ses02,F,8.12
Ses02F_impro07_F012,/mnt/ddn/kyudan/IEMOCAP/data/Ses02F_impro07_F012.wav,happy,Ses02,F,5.25
Ses02F_impro07_F013,/mnt/ddn/kyudan/IEMOCAP/data/Ses02F_impro07_F013.wav,happy,Ses02,F,3.3
Ses02F_impro07_F014,/mnt/ddn/kyudan/IEMOCAP/data/Ses02F_impro07_F014.wav,happy,Ses02,F,6.26
Ses02F_impro07_F015,/mnt/ddn/kyudan/IEMOCAP/data/Ses02F_impro07_F015.wav,happy,Ses02,F,3.95
Ses02F_impro07_F016,/mnt/ddn/kyudan/IEMOCAP/data/Ses02F_impro07_F016.wav,happy,Ses02,F,2.44
Ses02F_impro07_F017,/mnt/ddn/kyudan/IEMOCAP/data/Ses02F_impro07_F017.wav,happy,Ses02,F,6.944
Ses02F_impro07_F018,/mnt/ddn/kyudan/IEMOCAP/data/Ses02F_impro07_F018.wav,happy,Ses02,F,11.338
Ses02F_impro07_F019,/mnt/ddn/kyudan/IEMOCAP/data/Ses02F_impro07_F019.wav,happy,Ses02,F,9.34
Ses02F_impro07_F020,/mnt/ddn/kyudan/IEMOCAP/data/Ses02F_impro07_F020.wav,happy,Ses02,F,2.591
Ses02F_impro07_F021,/mnt/ddn/kyudan/IEMOCAP/data/Ses02F_impro07_F021.wav,happy,Ses02,F,7.514
Ses02F_impro07_F022,/mnt/ddn/kyudan/IEMOCAP/data/Ses02F_impro07_F022.wav,happy,Ses02,F,11.332
Ses02F_impro07_F023,/mnt/ddn/kyudan/IEMOCAP/data/Ses02F_impro07_F023.wav,happy,Ses02,F,1.69
Ses02F_impro07_F024,/mnt/ddn/kyudan/IEMOCAP/data/Ses02F_impro07_F024.wav,happy,Ses02,F,2.18
Ses02F_impro07_F025,/mnt/ddn/kyudan/IEMOCAP/data/Ses02F_impro07_F025.wav,happy,Ses02,F,7.64
Ses02F_impro07_F026,/mnt/ddn/kyudan/IEMOCAP/data/Ses02F_impro07_F026.wav,happy,Ses02,F,6.123
Ses02F_impro07_F027,/mnt/ddn/kyudan/IEMOCAP/data/Ses02F_impro07_F027.wav,happy,Ses02,F,1.3
Ses02F_impro07_F028,/mnt/ddn/kyudan/IEMOCAP/data/Ses02F_impro07_F028.wav,happy,Ses02,F,4.01
Ses02F_impro07_F029,/mnt/ddn/kyudan/IEMOCAP/data/Ses02F_impro07_F029.wav,happy,Ses02,F,1.07
Ses02F_impro07_F030,/mnt/ddn/kyudan/IEMOCAP/data/Ses02F_impro07_F030.wav,happy,Ses02,F,1.854
Ses02F_impro07_F031,/mnt/ddn/kyudan/IEMOCAP/data/Ses02F_impro07_F031.wav,happy,Ses02,F,2.69
Ses02F_impro07_F032,/mnt/ddn/kyudan/IEMOCAP/data/Ses02F_impro07_F032.wav,happy,Ses02,F,1.912
Ses02F_impro07_F033,/mnt/ddn/kyudan/IEMOCAP/data/Ses02F_impro07_F033.wav,happy,Ses02,F,4.438
Ses02F_impro07_F034,/mnt/ddn/kyudan/IEMOCAP/data/Ses02F_impro07_F034.wav,happy,Ses02,F,6.256
Ses02F_impro07_F035,/mnt/ddn/kyudan/IEMOCAP/data/Ses02F_impro07_F035.wav,happy,Ses02,F,3.666
Ses02F_impro07_F036,/mnt/ddn/kyudan/IEMOCAP/data/Ses02F_impro07_F036.wav,happy,Ses02,F,2.24
Ses02F_impro07_F037,/mnt/ddn/kyudan/IEMOCAP/data/Ses02F_impro07_F037.wav,happy,Ses02,F,1.64
Ses02F_impro07_M000,/mnt/ddn/kyudan/IEMOCAP/data/Ses02F_impro07_M000.wav,neutral,Ses02,M,2.736
Ses02F_impro07_M001,/mnt/ddn/kyudan/IEMOCAP/data/Ses02F_impro07_M001.wav,happy,Ses02,M,2.914
Ses02F_impro07_M002,/mnt/ddn/kyudan/IEMOCAP/data/Ses02F_impro07_M002.wav,happy,Ses02,M,1.83
Ses02F_impro07_M003,/mnt/ddn/kyudan/IEMOCAP/data/Ses02F_impro07_M003.wav,happy,Ses02,M,1.66
Ses02F_impro07_M004,/mnt/ddn/kyudan/IEMOCAP/data/Ses02F_impro07_M004.wav,happy,Ses02,M,1.42
Ses02F_impro07_M005,/mnt/ddn/kyudan/IEMOCAP/data/Ses02F_impro07_M005.wav,happy,Ses02,M,5.467
Ses02F_impro07_M006,/mnt/ddn/kyudan/IEMOCAP/data/Ses02F_impro07_M006.wav,happy,Ses02,M,2.89
Ses02F_impro07_M007,/mnt/ddn/kyudan/IEMOCAP/data/Ses02F_impro07_M007.wav,happy,Ses02,M,1.22
Ses02F_impro07_M008,/mnt/ddn/kyudan/IEMOCAP/data/Ses02F_impro07_M008.wav,happy,Ses02,M,1.32
Ses02F_impro07_M009,/mnt/ddn/kyudan/IEMOCAP/data/Ses02F_impro07_M009.wav,happy,Ses02,M,1.14
Ses02F_impro07_M010,/mnt/ddn/kyudan/IEMOCAP/data/Ses02F_impro07_M010.wav,happy,Ses02,M,3.12
Ses02F_impro07_M011,/mnt/ddn/kyudan/IEMOCAP/data/Ses02F_impro07_M011.wav,happy,Ses02,M,1.854
Ses02F_impro07_M012,/mnt/ddn/kyudan/IEMOCAP/data/Ses02F_impro07_M012.wav,happy,Ses02,M,3.15
Ses02F_impro07_M013,/mnt/ddn/kyudan/IEMOCAP/data/Ses02F_impro07_M013.wav,happy,Ses02,M,3.73
Ses02F_impro07_M014,/mnt/ddn/kyudan/IEMOCAP/data/Ses02F_impro07_M014.wav,happy,Ses02,M,1.33
Ses02F_impro07_M015,/mnt/ddn/kyudan/IEMOCAP/data/Ses02F_impro07_M015.wav,happy,Ses02,M,1.131
Ses02F_impro07_M016,/mnt/ddn/kyudan/IEMOCAP/data/Ses02F_impro07_M016.wav,neutral,Ses02,M,1.1
Ses02F_impro07_M017,/mnt/ddn/kyudan/IEMOCAP/data/Ses02F_impro07_M017.wav,happy,Ses02,M,5.56
Ses02F_impro07_M018,/mnt/ddn/kyudan/IEMOCAP/data/Ses02F_impro07_M018.wav,happy,Ses02,M,1.594
Ses02F_impro07_M019,/mnt/ddn/kyudan/IEMOCAP/data/Ses02F_impro07_M019.wav,happy,Ses02,M,2.219
Ses02F_impro07_M020,/mnt/ddn/kyudan/IEMOCAP/data/Ses02F_impro07_M020.wav,happy,Ses02,M,4.153
Ses02F_impro07_M021,/mnt/ddn/kyudan/IEMOCAP/data/Ses02F_impro07_M021.wav,happy,Ses02,M,2.685
Ses02F_impro07_M022,/mnt/ddn/kyudan/IEMOCAP/data/Ses02F_impro07_M022.wav,happy,Ses02,M,1.838
Ses02F_impro07_M023,/mnt/ddn/kyudan/IEMOCAP/data/Ses02F_impro07_M023.wav,happy,Ses02,M,1.371
Ses02F_impro07_M024,/mnt/ddn/kyudan/IEMOCAP/data/Ses02F_impro07_M024.wav,happy,Ses02,M,3.619
Ses02F_impro07_M025,/mnt/ddn/kyudan/IEMOCAP/data/Ses02F_impro07_M025.wav,happy,Ses02,M,0.907
Ses02F_impro07_M026,/mnt/ddn/kyudan/IEMOCAP/data/Ses02F_impro07_M026.wav,happy,Ses02,M,1.31
Ses02F_impro07_M027,/mnt/ddn/kyudan/IEMOCAP/data/Ses02F_impro07_M027.wav,happy,Ses02,M,1.69
Ses02F_impro07_M028,/mnt/ddn/kyudan/IEMOCAP/data/Ses02F_impro07_M028.wav,happy,Ses02,M,8.135
Ses02F_impro07_M029,/mnt/ddn/kyudan/IEMOCAP/data/Ses02F_impro07_M029.wav,happy,Ses02,M,5.086
Ses02F_impro07_M030,/mnt/ddn/kyudan/IEMOCAP/data/Ses02F_impro07_M030.wav,happy,Ses02,M,3.959
Ses02F_impro07_M031,/mnt/ddn/kyudan/IEMOCAP/data/Ses02F_impro07_M031.wav,happy,Ses02,M,2.078
Ses02F_impro07_M032,/mnt/ddn/kyudan/IEMOCAP/data/Ses02F_impro07_M032.wav,happy,Ses02,M,1.31
Ses02F_impro07_M033,/mnt/ddn/kyudan/IEMOCAP/data/Ses02F_impro07_M033.wav,happy,Ses02,M,2.44
Ses02F_impro07_M034,/mnt/ddn/kyudan/IEMOCAP/data/Ses02F_impro07_M034.wav,happy,Ses02,M,2.82
Ses02F_impro07_M035,/mnt/ddn/kyudan/IEMOCAP/data/Ses02F_impro07_M035.wav,happy,Ses02,M,5.292
Ses02F_impro08_F000,/mnt/ddn/kyudan/IEMOCAP/data/Ses02F_impro08_F000.wav,neutral,Ses02,F,4.296
Ses02F_impro08_F001,/mnt/ddn/kyudan/IEMOCAP/data/Ses02F_impro08_F001.wav,neutral,Ses02,F,1.714
Ses02F_impro08_F002,/mnt/ddn/kyudan/IEMOCAP/data/Ses02F_impro08_F002.wav,neutral,Ses02,F,4.742
Ses02F_impro08_F003,/mnt/ddn/kyudan/IEMOCAP/data/Ses02F_impro08_F003.wav,neutral,Ses02,F,3.475
Ses02F_impro08_F004,/mnt/ddn/kyudan/IEMOCAP/data/Ses02F_impro08_F004.wav,neutral,Ses02,F,7.285
Ses02F_impro08_F005,/mnt/ddn/kyudan/IEMOCAP/data/Ses02F_impro08_F005.wav,neutral,Ses02,F,8.115
Ses02F_impro08_F006,/mnt/ddn/kyudan/IEMOCAP/data/Ses02F_impro08_F006.wav,neutral,Ses02,F,6.483
Ses02F_impro08_F007,/mnt/ddn/kyudan/IEMOCAP/data/Ses02F_impro08_F007.wav,neutral,Ses02,F,1.106
Ses02F_impro08_F008,/mnt/ddn/kyudan/IEMOCAP/data/Ses02F_impro08_F008.wav,neutral,Ses02,F,4.907
Ses02F_impro08_F009,/mnt/ddn/kyudan/IEMOCAP/data/Ses02F_impro08_F009.wav,neutral,Ses02,F,4.244
Ses02F_impro08_F010,/mnt/ddn/kyudan/IEMOCAP/data/Ses02F_impro08_F010.wav,neutral,Ses02,F,12.732
Ses02F_impro08_F011,/mnt/ddn/kyudan/IEMOCAP/data/Ses02F_impro08_F011.wav,neutral,Ses02,F,2.364
Ses02F_impro08_F012,/mnt/ddn/kyudan/IEMOCAP/data/Ses02F_impro08_F012.wav,neutral,Ses02,F,12.879
Ses02F_impro08_F013,/mnt/ddn/kyudan/IEMOCAP/data/Ses02F_impro08_F013.wav,neutral,Ses02,F,8.601
Ses02F_impro08_F014,/mnt/ddn/kyudan/IEMOCAP/data/Ses02F_impro08_F014.wav,neutral,Ses02,F,1.4
Ses02F_impro08_F015,/mnt/ddn/kyudan/IEMOCAP/data/Ses02F_impro08_F015.wav,neutral,Ses02,F,1.493
Ses02F_impro08_F016,/mnt/ddn/kyudan/IEMOCAP/data/Ses02F_impro08_F016.wav,neutral,Ses02,F,3.086
Ses02F_impro08_F017,/mnt/ddn/kyudan/IEMOCAP/data/Ses02F_impro08_F017.wav,neutral,Ses02,F,2.954
Ses02F_impro08_F018,/mnt/ddn/kyudan/IEMOCAP/data/Ses02F_impro08_F018.wav,neutral,Ses02,F,3.837
Ses02F_impro08_F019,/mnt/ddn/kyudan/IEMOCAP/data/Ses02F_impro08_F019.wav,neutral,Ses02,F,9.953
Ses02F_impro08_F020,/mnt/ddn/kyudan/IEMOCAP/data/Ses02F_impro08_F020.wav,neutral,Ses02,F,2.392
Ses02F_impro08_F021,/mnt/ddn/kyudan/IEMOCAP/data/Ses02F_impro08_F021.wav,neutral,Ses02,F,8.374
Ses02F_impro08_F022,/mnt/ddn/kyudan/IEMOCAP/data/Ses02F_impro08_F022.wav,neutral,Ses02,F,11.113
Ses02F_impro08_F023,/mnt/ddn/kyudan/IEMOCAP/data/Ses02F_impro08_F023.wav,neutral,Ses02,F,10.05
Ses02F_impro08_F024,/mnt/ddn/kyudan/IEMOCAP/data/Ses02F_impro08_F024.wav,neutral,Ses02,F,5.253
Ses02F_impro08_F025,/mnt/ddn/kyudan/IEMOCAP/data/Ses02F_impro08_F025.wav,neutral,Ses02,F,5.737
Ses02F_impro08_F026,/mnt/ddn/kyudan/IEMOCAP/data/Ses02F_impro08_F026.wav,neutral,Ses02,F,5.156
Ses02F_impro08_F027,/mnt/ddn/kyudan/IEMOCAP/data/Ses02F_impro08_F027.wav,neutral,Ses02,F,1.436
Ses02F_impro08_M003,/mnt/ddn/kyudan/IEMOCAP/data/Ses02F_impro08_M003.wav,neutral,Ses02,M,1.106
Ses02F_impro08_M005,/mnt/ddn/kyudan/IEMOCAP/data/Ses02F_impro08_M005.wav,neutral,Ses02,M,5.58
Ses02F_impro08_M006,/mnt/ddn/kyudan/IEMOCAP/data/Ses02F_impro08_M006.wav,neutral,Ses02,M,1.866
Ses02F_impro08_M007,/mnt/ddn/kyudan/IEMOCAP/data/Ses02F_impro08_M007.wav,neutral,Ses02,M,9.198
Ses02F_impro08_M008,/mnt/ddn/kyudan/IEMOCAP/data/Ses02F_impro08_M008.wav,neutral,Ses02,M,1.687
Ses02F_impro08_M009,/mnt/ddn/kyudan/IEMOCAP/data/Ses02F_impro08_M009.wav,neutral,Ses02,M,6.29
Ses02F_impro08_M010,/mnt/ddn/kyudan/IEMOCAP/data/Ses02F_impro08_M010.wav,neutral,Ses02,M,4.396
Ses02F_impro08_M011,/mnt/ddn/kyudan/IEMOCAP/data/Ses02F_impro08_M011.wav,neutral,Ses02,M,1.567
Ses02F_impro08_M012,/mnt/ddn/kyudan/IEMOCAP/data/Ses02F_impro08_M012.wav,neutral,Ses02,M,2.365
Ses02F_impro08_M013,/mnt/ddn/kyudan/IEMOCAP/data/Ses02F_impro08_M013.wav,neutral,Ses02,M,4.562
Ses02F_impro08_M014,/mnt/ddn/kyudan/IEMOCAP/data/Ses02F_impro08_M014.wav,happy,Ses02,M,3.369
Ses02F_impro08_M015,/mnt/ddn/kyudan/IEMOCAP/data/Ses02F_impro08_M015.wav,neutral,Ses02,M,6.11
Ses02F_impro08_M016,/mnt/ddn/kyudan/IEMOCAP/data/Ses02F_impro08_M016.wav,neutral,Ses02,M,5.364
Ses02F_impro08_M017,/mnt/ddn/kyudan/IEMOCAP/data/Ses02F_impro08_M017.wav,happy,Ses02,M,7.7
Ses02F_impro08_M018,/mnt/ddn/kyudan/IEMOCAP/data/Ses02F_impro08_M018.wav,neutral,Ses02,M,2.986
Ses02F_impro08_M019,/mnt/ddn/kyudan/IEMOCAP/data/Ses02F_impro08_M019.wav,neutral,Ses02,M,1.3
Ses02F_script01_1_F000,/mnt/ddn/kyudan/IEMOCAP/data/Ses02F_script01_1_F000.wav,happy,Ses02,F,3.47
Ses02F_script01_1_F001,/mnt/ddn/kyudan/IEMOCAP/data/Ses02F_script01_1_F001.wav,happy,Ses02,F,3.53
Ses02F_script01_1_F002,/mnt/ddn/kyudan/IEMOCAP/data/Ses02F_script01_1_F002.wav,happy,Ses02,F,1.45
Ses02F_script01_1_F004,/mnt/ddn/kyudan/IEMOCAP/data/Ses02F_script01_1_F004.wav,sad,Ses02,F,1.995
Ses02F_script01_1_F005,/mnt/ddn/kyudan/IEMOCAP/data/Ses02F_script01_1_F005.wav,sad,Ses02,F,2.76
Ses02F_script01_1_F006,/mnt/ddn/kyudan/IEMOCAP/data/Ses02F_script01_1_F006.wav,sad,Ses02,F,2.31
Ses02F_script01_1_F017,/mnt/ddn/kyudan/IEMOCAP/data/Ses02F_script01_1_F017.wav,sad,Ses02,F,4.13
Ses02F_script01_1_F018,/mnt/ddn/kyudan/IEMOCAP/data/Ses02F_script01_1_F018.wav,neutral,Ses02,F,2.442
Ses02F_script01_1_F019,/mnt/ddn/kyudan/IEMOCAP/data/Ses02F_script01_1_F019.wav,angry,Ses02,F,3.58
Ses02F_script01_1_F021,/mnt/ddn/kyudan/IEMOCAP/data/Ses02F_script01_1_F021.wav,neutral,Ses02,F,1.94
Ses02F_script01_1_F025,/mnt/ddn/kyudan/IEMOCAP/data/Ses02F_script01_1_F025.wav,neutral,Ses02,F,2.71
Ses02F_script01_1_F026,/mnt/ddn/kyudan/IEMOCAP/data/Ses02F_script01_1_F026.wav,neutral,Ses02,F,3.076
Ses02F_script01_1_F027,/mnt/ddn/kyudan/IEMOCAP/data/Ses02F_script01_1_F027.wav,neutral,Ses02,F,4.403
Ses02F_script01_1_F028,/mnt/ddn/kyudan/IEMOCAP/data/Ses02F_script01_1_F028.wav,sad,Ses02,F,2.91
Ses02F_script01_1_F036,/mnt/ddn/kyudan/IEMOCAP/data/Ses02F_script01_1_F036.wav,angry,Ses02,F,1.69
Ses02F_script01_1_F037,/mnt/ddn/kyudan/IEMOCAP/data/Ses02F_script01_1_F037.wav,angry,Ses02,F,2.52
Ses02F_script01_1_F038,/mnt/ddn/kyudan/IEMOCAP/data/Ses02F_script01_1_F038.wav,angry,Ses02,F,2.17
Ses02F_script01_1_F040,/mnt/ddn/kyudan/IEMOCAP/data/Ses02F_script01_1_F040.wav,angry,Ses02,F,3.342
Ses02F_script01_1_F044,/mnt/ddn/kyudan/IEMOCAP/data/Ses02F_script01_1_F044.wav,sad,Ses02,F,2.68
Ses02F_script01_1_M011,/mnt/ddn/kyudan/IEMOCAP/data/Ses02F_script01_1_M011.wav,angry,Ses02,M,11.45
Ses02F_script01_1_M013,/mnt/ddn/kyudan/IEMOCAP/data/Ses02F_script01_1_M013.wav,angry,Ses02,M,5.09
Ses02F_script01_1_M017,/mnt/ddn/kyudan/IEMOCAP/data/Ses02F_script01_1_M017.wav,neutral,Ses02,M,2.47
Ses02F_script01_1_M021,/mnt/ddn/kyudan/IEMOCAP/data/Ses02F_script01_1_M021.wav,angry,Ses02,M,2.79
Ses02F_script01_1_M022,/mnt/ddn/kyudan/IEMOCAP/data/Ses02F_script01_1_M022.wav,angry,Ses02,M,11.62
Ses02F_script01_1_M023,/mnt/ddn/kyudan/IEMOCAP/data/Ses02F_script01_1_M023.wav,angry,Ses02,M,2.02
Ses02F_script01_1_M025,/mnt/ddn/kyudan/IEMOCAP/data/Ses02F_script01_1_M025.wav,angry,Ses02,M,1.38
Ses02F_script01_1_M027,/mnt/ddn/kyudan/IEMOCAP/data/Ses02F_script01_1_M027.wav,sad,Ses02,M,12.962
Ses02F_script01_1_M029,/mnt/ddn/kyudan/IEMOCAP/data/Ses02F_script01_1_M029.wav,neutral,Ses02,M,1.58
Ses02F_script01_1_M030,/mnt/ddn/kyudan/IEMOCAP/data/Ses02F_script01_1_M030.wav,angry,Ses02,M,5.14
Ses02F_script01_1_M034,/mnt/ddn/kyudan/IEMOCAP/data/Ses02F_script01_1_M034.wav,angry,Ses02,M,3.9
Ses02F_script01_1_M035,/mnt/ddn/kyudan/IEMOCAP/data/Ses02F_script01_1_M035.wav,angry,Ses02,M,6.11
Ses02F_script01_1_M036,/mnt/ddn/kyudan/IEMOCAP/data/Ses02F_script01_1_M036.wav,angry,Ses02,M,3.27
Ses02F_script01_1_M037,/mnt/ddn/kyudan/IEMOCAP/data/Ses02F_script01_1_M037.wav,angry,Ses02,M,3.45
Ses02F_script01_1_M038,/mnt/ddn/kyudan/IEMOCAP/data/Ses02F_script01_1_M038.wav,angry,Ses02,M,7.47
Ses02F_script01_1_M039,/mnt/ddn/kyudan/IEMOCAP/data/Ses02F_script01_1_M039.wav,angry,Ses02,M,9.5
Ses02F_script01_1_M040,/mnt/ddn/kyudan/IEMOCAP/data/Ses02F_script01_1_M040.wav,neutral,Ses02,M,2.51
Ses02F_script01_1_M043,/mnt/ddn/kyudan/IEMOCAP/data/Ses02F_script01_1_M043.wav,neutral,Ses02,M,2.32
Ses02F_script01_1_M044,/mnt/ddn/kyudan/IEMOCAP/data/Ses02F_script01_1_M044.wav,neutral,Ses02,M,3.38
Ses02F_script01_2_F000,/mnt/ddn/kyudan/IEMOCAP/data/Ses02F_script01_2_F000.wav,sad,Ses02,F,2.28
Ses02F_script01_2_F005,/mnt/ddn/kyudan/IEMOCAP/data/Ses02F_script01_2_F005.wav,angry,Ses02,F,2.15
Ses02F_script01_2_F012,/mnt/ddn/kyudan/IEMOCAP/data/Ses02F_script01_2_F012.wav,angry,Ses02,F,5.24
Ses02F_script01_2_F013,/mnt/ddn/kyudan/IEMOCAP/data/Ses02F_script01_2_F013.wav,angry,Ses02,F,7.22
Ses02F_script01_2_M001,/mnt/ddn/kyudan/IEMOCAP/data/Ses02F_script01_2_M001.wav,neutral,Ses02,M,3.13
Ses02F_script01_2_M002,/mnt/ddn/kyudan/IEMOCAP/data/Ses02F_script01_2_M002.wav,neutral,Ses02,M,5.58
Ses02F_script01_2_M004,/mnt/ddn/kyudan/IEMOCAP/data/Ses02F_script01_2_M004.wav,neutral,Ses02,M,2.28
Ses02F_script01_2_M005,/mnt/ddn/kyudan/IEMOCAP/data/Ses02F_script01_2_M005.wav,neutral,Ses02,M,1.72
Ses02F_script01_2_M006,/mnt/ddn/kyudan/IEMOCAP/data/Ses02F_script01_2_M006.wav,neutral,Ses02,M,1.89
Ses02F_script01_2_M007,/mnt/ddn/kyudan/IEMOCAP/data/Ses02F_script01_2_M007.wav,neutral,Ses02,M,1.94
Ses02F_script01_2_M008,/mnt/ddn/kyudan/IEMOCAP/data/Ses02F_script01_2_M008.wav,neutral,Ses02,M,2.35
Ses02F_script01_2_M016,/mnt/ddn/kyudan/IEMOCAP/data/Ses02F_script01_2_M016.wav,angry,Ses02,M,2.5
Ses02F_script01_2_M017,/mnt/ddn/kyudan/IEMOCAP/data/Ses02F_script01_2_M017.wav,angry,Ses02,M,2.32
Ses02F_script01_2_M018,/mnt/ddn/kyudan/IEMOCAP/data/Ses02F_script01_2_M018.wav,angry,Ses02,M,4.46
Ses02F_script01_3_F000,/mnt/ddn/kyudan/IEMOCAP/data/Ses02F_script01_3_F000.wav,happy,Ses02,F,2.91
Ses02F_script01_3_F001,/mnt/ddn/kyudan/IEMOCAP/data/Ses02F_script01_3_F001.wav,happy,Ses02,F,1.98
Ses02F_script01_3_F002,/mnt/ddn/kyudan/IEMOCAP/data/Ses02F_script01_3_F002.wav,happy,Ses02,F,3.55
Ses02F_script01_3_F003,/mnt/ddn/kyudan/IEMOCAP/data/Ses02F_script01_3_F003.wav,happy,Ses02,F,5.72
Ses02F_script01_3_F009,/mnt/ddn/kyudan/IEMOCAP/data/Ses02F_script01_3_F009.wav,sad,Ses02,F,2.58
Ses02F_script01_3_F010,/mnt/ddn/kyudan/IEMOCAP/data/Ses02F_script01_3_F010.wav,happy,Ses02,F,4.45
Ses02F_script01_3_F011,/mnt/ddn/kyudan/IEMOCAP/data/Ses02F_script01_3_F011.wav,happy,Ses02,F,3.18
Ses02F_script01_3_F012,/mnt/ddn/kyudan/IEMOCAP/data/Ses02F_script01_3_F012.wav,happy,Ses02,F,2.752
Ses02F_script01_3_F013,/mnt/ddn/kyudan/IEMOCAP/data/Ses02F_script01_3_F013.wav,happy,Ses02,F,2.42
Ses02F_script01_3_F014,/mnt/ddn/kyudan/IEMOCAP/data/Ses02F_script01_3_F014.wav,happy,Ses02,F,1.88
Ses02F_script01_3_F015,/mnt/ddn/kyudan/IEMOCAP/data/Ses02F_script01_3_F015.wav,happy,Ses02,F,9.08
Ses02F_script01_3_F016,/mnt/ddn/kyudan/IEMOCAP/data/Ses02F_script01_3_F016.wav,happy,Ses02,F,8.6
Ses02F_script01_3_F018,/mnt/ddn/kyudan/IEMOCAP/data/Ses02F_script01_3_F018.wav,happy,Ses02,F,6.59
Ses02F_script01_3_F019,/mnt/ddn/kyudan/IEMOCAP/data/Ses02F_script01_3_F019.wav,happy,Ses02,F,3.51
Ses02F_script01_3_F020,/mnt/ddn/kyudan/IEMOCAP/data/Ses02F_script01_3_F020.wav,sad,Ses02,F,9.094
Ses02F_script01_3_F021,/mnt/ddn/kyudan/IEMOCAP/data/Ses02F_script01_3_F021.wav,sad,Ses02,F,2.194
Ses02F_script01_3_F022,/mnt/ddn/kyudan/IEMOCAP/data/Ses02F_script01_3_F022.wav,sad,Ses02,F,1.95
Ses02F_script01_3_F023,/mnt/ddn/kyudan/IEMOCAP/data/Ses02F_script01_3_F023.wav,sad,Ses02,F,1.42
Ses02F_script01_3_F024,/mnt/ddn/kyudan/IEMOCAP/data/Ses02F_script01_3_F024.wav,sad,Ses02,F,1.7
Ses02F_script01_3_F025,/mnt/ddn/kyudan/IEMOCAP/data/Ses02F_script01_3_F025.wav,sad,Ses02,F,1.774
Ses02F_script01_3_F026,/mnt/ddn/kyudan/IEMOCAP/data/Ses02F_script01_3_F026.wav,sad,Ses02,F,2.26
Ses02F_script01_3_F027,/mnt/ddn/kyudan/IEMOCAP/data/Ses02F_script01_3_F027.wav,happy,Ses02,F,7.63
Ses02F_script01_3_F028,/mnt/ddn/kyudan/IEMOCAP/data/Ses02F_script01_3_F028.wav,happy,Ses02,F,8.62
Ses02F_script01_3_F029,/mnt/ddn/kyudan/IEMOCAP/data/Ses02F_script01_3_F029.wav,happy,Ses02,F,2.37
Ses02F_script01_3_M000,/mnt/ddn/kyudan/IEMOCAP/data/Ses02F_script01_3_M000.wav,happy,Ses02,M,2.73
Ses02F_script01_3_M001,/mnt/ddn/kyudan/IEMOCAP/data/Ses02F_script01_3_M001.wav,neutral,Ses02,M,1.65
Ses02F_script01_3_M006,/mnt/ddn/kyudan/IEMOCAP/data/Ses02F_script01_3_M006.wav,happy,Ses02,M,7.563
Ses02F_script01_3_M007,/mnt/ddn/kyudan/IEMOCAP/data/Ses02F_script01_3_M007.wav,happy,Ses02,M,7.32
Ses02F_script01_3_M008,/mnt/ddn/kyudan/IEMOCAP/data/Ses02F_script01_3_M008.wav,happy,Ses02,M,2.91
Ses02F_script01_3_M009,/mnt/ddn/kyudan/IEMOCAP/data/Ses02F_script01_3_M009.wav,happy,Ses02,M,8.58
Ses02F_script01_3_M010,/mnt/ddn/kyudan/IEMOCAP/data/Ses02F_script01_3_M010.wav,happy,Ses02,M,9.53
Ses02F_script01_3_M011,/mnt/ddn/kyudan/IEMOCAP/data/Ses02F_script01_3_M011.wav,happy,Ses02,M,2.53
Ses02F_script01_3_M012,/mnt/ddn/kyudan/IEMOCAP/data/Ses02F_script01_3_M012.wav,happy,Ses02,M,1.19
Ses02F_script01_3_M013,/mnt/ddn/kyudan/IEMOCAP/data/Ses02F_script01_3_M013.wav,happy,Ses02,M,1.725
Ses02F_script01_3_M014,/mnt/ddn/kyudan/IEMOCAP/data/Ses02F_script01_3_M014.wav,happy,Ses02,M,2.05
Ses02F_script01_3_M015,/mnt/ddn/kyudan/IEMOCAP/data/Ses02F_script01_3_M015.wav,happy,Ses02,M,2.38
Ses02F_script01_3_M016,/mnt/ddn/kyudan/IEMOCAP/data/Ses02F_script01_3_M016.wav,happy,Ses02,M,5.94
Ses02F_script01_3_M017,/mnt/ddn/kyudan/IEMOCAP/data/Ses02F_script01_3_M017.wav,happy,Ses02,M,3.72
Ses02F_script01_3_M018,/mnt/ddn/kyudan/IEMOCAP/data/Ses02F_script01_3_M018.wav,happy,Ses02,M,1.29
Ses02F_script01_3_M019,/mnt/ddn/kyudan/IEMOCAP/data/Ses02F_script01_3_M019.wav,happy,Ses02,M,2.8
Ses02F_script01_3_M020,/mnt/ddn/kyudan/IEMOCAP/data/Ses02F_script01_3_M020.wav,sad,Ses02,M,3.122
Ses02F_script01_3_M021,/mnt/ddn/kyudan/IEMOCAP/data/Ses02F_script01_3_M021.wav,sad,Ses02,M,4.57
Ses02F_script01_3_M022,/mnt/ddn/kyudan/IEMOCAP/data/Ses02F_script01_3_M022.wav,sad,Ses02,M,2.33
Ses02F_script01_3_M023,/mnt/ddn/kyudan/IEMOCAP/data/Ses02F_script01_3_M023.wav,sad,Ses02,M,7.15
Ses02F_script01_3_M024,/mnt/ddn/kyudan/IEMOCAP/data/Ses02F_script01_3_M024.wav,sad,Ses02,M,2.15
Ses02F_script01_3_M025,/mnt/ddn/kyudan/IEMOCAP/data/Ses02F_script01_3_M025.wav,sad,Ses02,M,1.57
Ses02F_script01_3_M026,/mnt/ddn/kyudan/IEMOCAP/data/Ses02F_script01_3_M026.wav,sad,Ses02,M,5.19
Ses02F_script01_3_M027,/mnt/ddn/kyudan/IEMOCAP/data/Ses02F_script01_3_M027.wav,sad,Ses02,M,14.14
Ses02F_script01_3_M028,/mnt/ddn/kyudan/IEMOCAP/data/Ses02F_script01_3_M028.wav,sad,Ses02,M,8.99
Ses02F_script01_3_M029,/mnt/ddn/kyudan/IEMOCAP/data/Ses02F_script01_3_M029.wav,sad,Ses02,M,13.71
Ses02F_script01_3_M030,/mnt/ddn/kyudan/IEMOCAP/data/Ses02F_script01_3_M030.wav,sad,Ses02,M,11.65
Ses02F_script01_3_M031,/mnt/ddn/kyudan/IEMOCAP/data/Ses02F_script01_3_M031.wav,sad,Ses02,M,15.31
Ses02F_script01_3_M032,/mnt/ddn/kyudan/IEMOCAP/data/Ses02F_script01_3_M032.wav,sad,Ses02,M,17.32
Ses02F_script01_3_M033,/mnt/ddn/kyudan/IEMOCAP/data/Ses02F_script01_3_M033.wav,sad,Ses02,M,11.74
Ses02F_script01_3_M034,/mnt/ddn/kyudan/IEMOCAP/data/Ses02F_script01_3_M034.wav,sad,Ses02,M,9.9
Ses02F_script01_3_M035,/mnt/ddn/kyudan/IEMOCAP/data/Ses02F_script01_3_M035.wav,happy,Ses02,M,1.99
Ses02F_script01_3_M036,/mnt/ddn/kyudan/IEMOCAP/data/Ses02F_script01_3_M036.wav,happy,Ses02,M,4.23
Ses02F_script02_1_F000,/mnt/ddn/kyudan/IEMOCAP/data/Ses02F_script02_1_F000.wav,sad,Ses02,F,1.34
Ses02F_script02_1_F001,/mnt/ddn/kyudan/IEMOCAP/data/Ses02F_script02_1_F001.wav,neutral,Ses02,F,1.18
Ses02F_script02_1_F005,/mnt/ddn/kyudan/IEMOCAP/data/Ses02F_script02_1_F005.wav,neutral,Ses02,F,1.28
Ses02F_script02_1_F006,/mnt/ddn/kyudan/IEMOCAP/data/Ses02F_script02_1_F006.wav,sad,Ses02,F,1.48
Ses02F_script02_1_F008,/mnt/ddn/kyudan/IEMOCAP/data/Ses02F_script02_1_F008.wav,sad,Ses02,F,2.43
Ses02F_script02_1_F017,/mnt/ddn/kyudan/IEMOCAP/data/Ses02F_script02_1_F017.wav,sad,Ses02,F,1.27
Ses02F_script02_1_F019,/mnt/ddn/kyudan/IEMOCAP/data/Ses02F_script02_1_F019.wav,neutral,Ses02,F,2.22
Ses02F_script02_1_F020,/mnt/ddn/kyudan/IEMOCAP/data/Ses02F_script02_1_F020.wav,sad,Ses02,F,1.56
Ses02F_script02_1_F021,/mnt/ddn/kyudan/IEMOCAP/data/Ses02F_script02_1_F021.wav,neutral,Ses02,F,1.49
Ses02F_script02_1_M000,/mnt/ddn/kyudan/IEMOCAP/data/Ses02F_script02_1_M000.wav,happy,Ses02,M,3.6
Ses02F_script02_1_M001,/mnt/ddn/kyudan/IEMOCAP/data/Ses02F_script02_1_M001.wav,happy,Ses02,M,4.13
Ses02F_script02_1_M002,/mnt/ddn/kyudan/IEMOCAP/data/Ses02F_script02_1_M002.wav,happy,Ses02,M,6.11
Ses02F_script02_1_M003,/mnt/ddn/kyudan/IEMOCAP/data/Ses02F_script02_1_M003.wav,happy,Ses02,M,1.09
Ses02F_script02_1_M004,/mnt/ddn/kyudan/IEMOCAP/data/Ses02F_script02_1_M004.wav,happy,Ses02,M,5.25
Ses02F_script02_1_M005,/mnt/ddn/kyudan/IEMOCAP/data/Ses02F_script02_1_M005.wav,happy,Ses02,M,4.74
Ses02F_script02_1_M006,/mnt/ddn/kyudan/IEMOCAP/data/Ses02F_script02_1_M006.wav,happy,Ses02,M,8.22
Ses02F_script02_1_M009,/mnt/ddn/kyudan/IEMOCAP/data/Ses02F_script02_1_M009.wav,neutral,Ses02,M,1.49
Ses02F_script02_1_M010,/mnt/ddn/kyudan/IEMOCAP/data/Ses02F_script02_1_M010.wav,neutral,Ses02,M,7.03
Ses02F_script02_1_M012,/mnt/ddn/kyudan/IEMOCAP/data/Ses02F_script02_1_M012.wav,neutral,Ses02,M,4.75
Ses02F_script02_1_M013,/mnt/ddn/kyudan/IEMOCAP/data/Ses02F_script02_1_M013.wav,neutral,Ses02,M,5.55
Ses02F_script02_1_M014,/mnt/ddn/kyudan/IEMOCAP/data/Ses02F_script02_1_M014.wav,happy,Ses02,M,5.58
Ses02F_script02_1_M015,/mnt/ddn/kyudan/IEMOCAP/data/Ses02F_script02_1_M015.wav,happy,Ses02,M,5.35
Ses02F_script02_1_M016,/mnt/ddn/kyudan/IEMOCAP/data/Ses02F_script02_1_M016.wav,happy,Ses02,M,4.76
Ses02F_script02_1_M017,/mnt/ddn/kyudan/IEMOCAP/data/Ses02F_script02_1_M017.wav,neutral,Ses02,M,1.43
Ses02F_script02_1_M019,/mnt/ddn/kyudan/IEMOCAP/data/Ses02F_script02_1_M019.wav,neutral,Ses02,M,0.89
Ses02F_script02_1_M020,/mnt/ddn/kyudan/IEMOCAP/data/Ses02F_script02_1_M020.wav,neutral,Ses02,M,1.5
Ses02F_script02_1_M021,/mnt/ddn/kyudan/IEMOCAP/data/Ses02F_script02_1_M021.wav,neutral,Ses02,M,6.76
Ses02F_script02_1_M024,/mnt/ddn/kyudan/IEMOCAP/data/Ses02F_script02_1_M024.wav,happy,Ses02,M,6.96
Ses02F_script02_1_M025,/mnt/ddn/kyudan/IEMOCAP/data/Ses02F_script02_1_M025.wav,happy,Ses02,M,9.33
Ses02F_script02_1_M026,/mnt/ddn/kyudan/IEMOCAP/data/Ses02F_script02_1_M026.wav,happy,Ses02,M,2.96
Ses02F_script02_1_M028,/mnt/ddn/kyudan/IEMOCAP/data/Ses02F_script02_1_M028.wav,happy,Ses02,M,8.4
Ses02F_script02_1_M030,/mnt/ddn/kyudan/IEMOCAP/data/Ses02F_script02_1_M030.wav,happy,Ses02,M,1.12
Ses02F_script02_1_M031,/mnt/ddn/kyudan/IEMOCAP/data/Ses02F_script02_1_M031.wav,neutral,Ses02,M,4.5
Ses02F_script02_1_M033,/mnt/ddn/kyudan/IEMOCAP/data/Ses02F_script02_1_M033.wav,neutral,Ses02,M,1.65
Ses02F_script02_1_M035,/mnt/ddn/kyudan/IEMOCAP/data/Ses02F_script02_1_M035.wav,happy,Ses02,M,4.45
Ses02F_script02_1_M036,/mnt/ddn/kyudan/IEMOCAP/data/Ses02F_script02_1_M036.wav,happy,Ses02,M,8.12
Ses02F_script02_1_M039,/mnt/ddn/kyudan/IEMOCAP/data/Ses02F_script02_1_M039.wav,happy,Ses02,M,14.37
Ses02F_script02_1_M040,/mnt/ddn/kyudan/IEMOCAP/data/Ses02F_script02_1_M040.wav,happy,Ses02,M,9.96
Ses02F_script02_1_M041,/mnt/ddn/kyudan/IEMOCAP/data/Ses02F_script02_1_M041.wav,happy,Ses02,M,8.47
Ses02F_script02_1_M042,/mnt/ddn/kyudan/IEMOCAP/data/Ses02F_script02_1_M042.wav,happy,Ses02,M,4.43
Ses02F_script02_1_M043,/mnt/ddn/kyudan/IEMOCAP/data/Ses02F_script02_1_M043.wav,neutral,Ses02,M,1.92
Ses02F_script02_1_M044,/mnt/ddn/kyudan/IEMOCAP/data/Ses02F_script02_1_M044.wav,neutral,Ses02,M,1.49
Ses02F_script02_2_F000,/mnt/ddn/kyudan/IEMOCAP/data/Ses02F_script02_2_F000.wav,neutral,Ses02,F,1.39
Ses02F_script02_2_F005,/mnt/ddn/kyudan/IEMOCAP/data/Ses02F_script02_2_F005.wav,angry,Ses02,F,7.44
Ses02F_script02_2_F006,/mnt/ddn/kyudan/IEMOCAP/data/Ses02F_script02_2_F006.wav,angry,Ses02,F,4.5
Ses02F_script02_2_F011,/mnt/ddn/kyudan/IEMOCAP/data/Ses02F_script02_2_F011.wav,angry,Ses02,F,13.55
Ses02F_script02_2_F015,/mnt/ddn/kyudan/IEMOCAP/data/Ses02F_script02_2_F015.wav,sad,Ses02,F,6.03
Ses02F_script02_2_F016,/mnt/ddn/kyudan/IEMOCAP/data/Ses02F_script02_2_F016.wav,sad,Ses02,F,10.02
Ses02F_script02_2_F017,/mnt/ddn/kyudan/IEMOCAP/data/Ses02F_script02_2_F017.wav,sad,Ses02,F,9.537
Ses02F_script02_2_F018,/mnt/ddn/kyudan/IEMOCAP/data/Ses02F_script02_2_F018.wav,sad,Ses02,F,8.83
Ses02F_script02_2_F019,/mnt/ddn/kyudan/IEMOCAP/data/Ses02F_script02_2_F019.wav,sad,Ses02,F,4.55
Ses02F_script02_2_F020,/mnt/ddn/kyudan/IEMOCAP/data/Ses02F_script02_2_F020.wav,sad,Ses02,F,5.28
Ses02F_script02_2_F021,/mnt/ddn/kyudan/IEMOCAP/data/Ses02F_script02_2_F021.wav,sad,Ses02,F,1.14
Ses02F_script02_2_F022,/mnt/ddn/kyudan/IEMOCAP/data/Ses02F_script02_2_F022.wav,sad,Ses02,F,0.98
Ses02F_script02_2_F023,/mnt/ddn/kyudan/IEMOCAP/data/Ses02F_script02_2_F023.wav,sad,Ses02,F,1.15
Ses02F_script02_2_F024,/mnt/ddn/kyudan/IEMOCAP/data/Ses02F_script02_2_F024.wav,sad,Ses02,F,0.87
Ses02F_script02_2_F029,/mnt/ddn/kyudan/IEMOCAP/data/Ses02F_script02_2_F029.wav,angry,Ses02,F,5.06
Ses02F_script02_2_F031,/mnt/ddn/kyudan/IEMOCAP/data/Ses02F_script02_2_F031.wav,sad,Ses02,F,5.024
Ses02F_script02_2_F032,/mnt/ddn/kyudan/IEMOCAP/data/Ses02F_script02_2_F032.wav,sad,Ses02,F,14.5
Ses02F_script02_2_F033,/mnt/ddn/kyudan/IEMOCAP/data/Ses02F_script02_2_F033.wav,sad,Ses02,F,3.34
Ses02F_script02_2_F034,/mnt/ddn/kyudan/IEMOCAP/data/Ses02F_script02_2_F034.wav,sad,Ses02,F,15.35
Ses02F_script02_2_F035,/mnt/ddn/kyudan/IEMOCAP/data/Ses02F_script02_2_F035.wav,sad,Ses02,F,1.62
Ses02F_script02_2_F036,/mnt/ddn/kyudan/IEMOCAP/data/Ses02F_script02_2_F036.wav,sad,Ses02,F,4.3
Ses02F_script02_2_F037,/mnt/ddn/kyudan/IEMOCAP/data/Ses02F_script02_2_F037.wav,happy,Ses02,F,3.26
Ses02F_script02_2_F038,/mnt/ddn/kyudan/IEMOCAP/data/Ses02F_script02_2_F038.wav,sad,Ses02,F,8.12
Ses02F_script02_2_F039,/mnt/ddn/kyudan/IEMOCAP/data/Ses02F_script02_2_F039.wav,happy,Ses02,F,7.77
Ses02F_script02_2_F040,/mnt/ddn/kyudan/IEMOCAP/data/Ses02F_script02_2_F040.wav,happy,Ses02,F,7.09
Ses02F_script02_2_F041,/mnt/ddn/kyudan/IEMOCAP/data/Ses02F_script02_2_F041.wav,happy,Ses02,F,2.89
Ses02F_script02_2_F042,/mnt/ddn/kyudan/IEMOCAP/data/Ses02F_script02_2_F042.wav,happy,Ses02,F,3.9
Ses02F_script02_2_F043,/mnt/ddn/kyudan/IEMOCAP/data/Ses02F_script02_2_F043.wav,happy,Ses02,F,8.85
Ses02F_script02_2_F044,/mnt/ddn/kyudan/IEMOCAP/data/Ses02F_script02_2_F044.wav,sad,Ses02,F,2.33
Ses02F_script02_2_F045,/mnt/ddn/kyudan/IEMOCAP/data/Ses02F_script02_2_F045.wav,happy,Ses02,F,1.77
Ses02F_script02_2_M000,/mnt/ddn/kyudan/IEMOCAP/data/Ses02F_script02_2_M000.wav,happy,Ses02,M,2.093
Ses02F_script02_2_M001,/mnt/ddn/kyudan/IEMOCAP/data/Ses02F_script02_2_M001.wav,neutral,Ses02,M,1.31
Ses02F_script02_2_M002,/mnt/ddn/kyudan/IEMOCAP/data/Ses02F_script02_2_M002.wav,neutral,Ses02,M,4.09
Ses02F_script02_2_M003,/mnt/ddn/kyudan/IEMOCAP/data/Ses02F_script02_2_M003.wav,neutral,Ses02,M,2.42
Ses02F_script02_2_M005,/mnt/ddn/kyudan/IEMOCAP/data/Ses02F_script02_2_M005.wav,neutral,Ses02,M,6.83
Ses02F_script02_2_M007,/mnt/ddn/kyudan/IEMOCAP/data/Ses02F_script02_2_M007.wav,neutral,Ses02,M,10.17
Ses02F_script02_2_M009,/mnt/ddn/kyudan/IEMOCAP/data/Ses02F_script02_2_M009.wav,neutral,Ses02,M,2.41
Ses02F_script02_2_M010,/mnt/ddn/kyudan/IEMOCAP/data/Ses02F_script02_2_M010.wav,neutral,Ses02,M,1.73
Ses02F_script02_2_M013,/mnt/ddn/kyudan/IEMOCAP/data/Ses02F_script02_2_M013.wav,neutral,Ses02,M,3.29
Ses02F_script02_2_M016,/mnt/ddn/kyudan/IEMOCAP/data/Ses02F_script02_2_M016.wav,neutral,Ses02,M,4.71
Ses02F_script02_2_M017,/mnt/ddn/kyudan/IEMOCAP/data/Ses02F_script02_2_M017.wav,neutral,Ses02,M,6.06
Ses02F_script02_2_M018,/mnt/ddn/kyudan/IEMOCAP/data/Ses02F_script02_2_M018.wav,neutral,Ses02,M,1.82
Ses02F_script02_2_M019,/mnt/ddn/kyudan/IEMOCAP/data/Ses02F_script02_2_M019.wav,neutral,Ses02,M,9.04
Ses02F_script02_2_M020,/mnt/ddn/kyudan/IEMOCAP/data/Ses02F_script02_2_M020.wav,neutral,Ses02,M,4.82
Ses02F_script02_2_M021,/mnt/ddn/kyudan/IEMOCAP/data/Ses02F_script02_2_M021.wav,neutral,Ses02,M,5.42
Ses02F_script02_2_M022,/mnt/ddn/kyudan/IEMOCAP/data/Ses02F_script02_2_M022.wav,neutral,Ses02,M,1.98
Ses02F_script02_2_M023,/mnt/ddn/kyudan/IEMOCAP/data/Ses02F_script02_2_M023.wav,neutral,Ses02,M,1.75
Ses02F_script02_2_M029,/mnt/ddn/kyudan/IEMOCAP/data/Ses02F_script02_2_M029.wav,angry,Ses02,M,10.76
Ses02F_script02_2_M030,/mnt/ddn/kyudan/IEMOCAP/data/Ses02F_script02_2_M030.wav,angry,Ses02,M,11.55
Ses02F_script02_2_M031,/mnt/ddn/kyudan/IEMOCAP/data/Ses02F_script02_2_M031.wav,sad,Ses02,M,15.54
Ses02F_script02_2_M033,/mnt/ddn/kyudan/IEMOCAP/data/Ses02F_script02_2_M033.wav,neutral,Ses02,M,1.26
Ses02F_script02_2_M034,/mnt/ddn/kyudan/IEMOCAP/data/Ses02F_script02_2_M034.wav,neutral,Ses02,M,1.09
Ses02F_script02_2_M035,/mnt/ddn/kyudan/IEMOCAP/data/Ses02F_script02_2_M035.wav,sad,Ses02,M,1.96
Ses02F_script02_2_M036,/mnt/ddn/kyudan/IEMOCAP/data/Ses02F_script02_2_M036.wav,sad,Ses02,M,2.13
Ses02F_script02_2_M037,/mnt/ddn/kyudan/IEMOCAP/data/Ses02F_script02_2_M037.wav,sad,Ses02,M,2.87
Ses02F_script02_2_M038,/mnt/ddn/kyudan/IEMOCAP/data/Ses02F_script02_2_M038.wav,sad,Ses02,M,5.33
Ses02F_script02_2_M040,/mnt/ddn/kyudan/IEMOCAP/data/Ses02F_script02_2_M040.wav,happy,Ses02,M,4.674
Ses02F_script02_2_M041,/mnt/ddn/kyudan/IEMOCAP/data/Ses02F_script02_2_M041.wav,happy,Ses02,M,5.75
Ses02F_script02_2_M042,/mnt/ddn/kyudan/IEMOCAP/data/Ses02F_script02_2_M042.wav,happy,Ses02,M,1.93
Ses02F_script02_2_M043,/mnt/ddn/kyudan/IEMOCAP/data/Ses02F_script02_2_M043.wav,happy,Ses02,M,1.65
Ses02F_script02_2_M044,/mnt/ddn/kyudan/IEMOCAP/data/Ses02F_script02_2_M044.wav,happy,Ses02,M,3.2
Ses02F_script02_2_M045,/mnt/ddn/kyudan/IEMOCAP/data/Ses02F_script02_2_M045.wav,happy,Ses02,M,4.61
Ses02F_script02_2_M046,/mnt/ddn/kyudan/IEMOCAP/data/Ses02F_script02_2_M046.wav,happy,Ses02,M,1.59
Ses02F_script03_1_F003,/mnt/ddn/kyudan/IEMOCAP/data/Ses02F_script03_1_F003.wav,happy,Ses02,F,2.17
Ses02F_script03_1_F004,/mnt/ddn/kyudan/IEMOCAP/data/Ses02F_script03_1_F004.wav,happy,Ses02,F,2.26
Ses02F_script03_1_F005,/mnt/ddn/kyudan/IEMOCAP/data/Ses02F_script03_1_F005.wav,happy,Ses02,F,4.05
Ses02F_script03_1_F006,/mnt/ddn/kyudan/IEMOCAP/data/Ses02F_script03_1_F006.wav,happy,Ses02,F,2.27
Ses02F_script03_1_F007,/mnt/ddn/kyudan/IEMOCAP/data/Ses02F_script03_1_F007.wav,happy,Ses02,F,3.85
Ses02F_script03_1_F008,/mnt/ddn/kyudan/IEMOCAP/data/Ses02F_script03_1_F008.wav,happy,Ses02,F,3.65
Ses02F_script03_1_F009,/mnt/ddn/kyudan/IEMOCAP/data/Ses02F_script03_1_F009.wav,happy,Ses02,F,3.67
Ses02F_script03_1_F010,/mnt/ddn/kyudan/IEMOCAP/data/Ses02F_script03_1_F010.wav,happy,Ses02,F,2.35
Ses02F_script03_1_F011,/mnt/ddn/kyudan/IEMOCAP/data/Ses02F_script03_1_F011.wav,happy,Ses02,F,2.56
Ses02F_script03_1_F012,/mnt/ddn/kyudan/IEMOCAP/data/Ses02F_script03_1_F012.wav,neutral,Ses02,F,1.25
Ses02F_script03_1_F013,/mnt/ddn/kyudan/IEMOCAP/data/Ses02F_script03_1_F013.wav,neutral,Ses02,F,3.01
Ses02F_script03_1_F014,/mnt/ddn/kyudan/IEMOCAP/data/Ses02F_script03_1_F014.wav,neutral,Ses02,F,5.33
Ses02F_script03_1_F015,/mnt/ddn/kyudan/IEMOCAP/data/Ses02F_script03_1_F015.wav,neutral,Ses02,F,3.23
Ses02F_script03_1_F016,/mnt/ddn/kyudan/IEMOCAP/data/Ses02F_script03_1_F016.wav,neutral,Ses02,F,2.31
Ses02F_script03_1_F017,/mnt/ddn/kyudan/IEMOCAP/data/Ses02F_script03_1_F017.wav,neutral,Ses02,F,6.22
Ses02F_script03_1_F018,/mnt/ddn/kyudan/IEMOCAP/data/Ses02F_script03_1_F018.wav,happy,Ses02,F,2.06
Ses02F_script03_1_F019,/mnt/ddn/kyudan/IEMOCAP/data/Ses02F_script03_1_F019.wav,happy,Ses02,F,2.45
Ses02F_script03_1_F020,/mnt/ddn/kyudan/IEMOCAP/data/Ses02F_script03_1_F020.wav,happy,Ses02,F,2.23
Ses02F_script03_1_F021,/mnt/ddn/kyudan/IEMOCAP/data/Ses02F_script03_1_F021.wav,happy,Ses02,F,7.62
Ses02F_script03_1_F022,/mnt/ddn/kyudan/IEMOCAP/data/Ses02F_script03_1_F022.wav,happy,Ses02,F,2.036
Ses02F_script03_1_F023,/mnt/ddn/kyudan/IEMOCAP/data/Ses02F_script03_1_F023.wav,happy,Ses02,F,4.77
Ses02F_script03_1_F024,/mnt/ddn/kyudan/IEMOCAP/data/Ses02F_script03_1_F024.wav,happy,Ses02,F,5.66
Ses02F_script03_1_F025,/mnt/ddn/kyudan/IEMOCAP/data/Ses02F_script03_1_F025.wav,happy,Ses02,F,2.91
Ses02F_script03_1_F026,/mnt/ddn/kyudan/IEMOCAP/data/Ses02F_script03_1_F026.wav,happy,Ses02,F,4.25
Ses02F_script03_1_F027,/mnt/ddn/kyudan/IEMOCAP/data/Ses02F_script03_1_F027.wav,neutral,Ses02,F,2.96
Ses02F_script03_1_F028,/mnt/ddn/kyudan/IEMOCAP/data/Ses02F_script03_1_F028.wav,happy,Ses02,F,7.3
Ses02F_script03_1_F029,/mnt/ddn/kyudan/IEMOCAP/data/Ses02F_script03_1_F029.wav,happy,Ses02,F,3.69
Ses02F_script03_1_M001,/mnt/ddn/kyudan/IEMOCAP/data/Ses02F_script03_1_M001.wav,neutral,Ses02,M,1.09
Ses02F_script03_1_M002,/mnt/ddn/kyudan/IEMOCAP/data/Ses02F_script03_1_M002.wav,happy,Ses02,M,1.84
Ses02F_script03_1_M003,/mnt/ddn/kyudan/IEMOCAP/data/Ses02F_script03_1_M003.wav,happy,Ses02,M,2.69
Ses02F_script03_1_M004,/mnt/ddn/kyudan/IEMOCAP/data/Ses02F_script03_1_M004.wav,neutral,Ses02,M,1.53
Ses02F_script03_1_M005,/mnt/ddn/kyudan/IEMOCAP/data/Ses02F_script03_1_M005.wav,neutral,Ses02,M,4.89
Ses02F_script03_1_M006,/mnt/ddn/kyudan/IEMOCAP/data/Ses02F_script03_1_M006.wav,happy,Ses02,M,2.73
Ses02F_script03_1_M007,/mnt/ddn/kyudan/IEMOCAP/data/Ses02F_script03_1_M007.wav,neutral,Ses02,M,1.87
Ses02F_script03_1_M008,/mnt/ddn/kyudan/IEMOCAP/data/Ses02F_script03_1_M008.wav,neutral,Ses02,M,4.69
Ses02F_script03_1_M009,/mnt/ddn/kyudan/IEMOCAP/data/Ses02F_script03_1_M009.wav,neutral,Ses02,M,2.02
Ses02F_script03_1_M010,/mnt/ddn/kyudan/IEMOCAP/data/Ses02F_script03_1_M010.wav,neutral,Ses02,M,3.75
Ses02F_script03_1_M011,/mnt/ddn/kyudan/IEMOCAP/data/Ses02F_script03_1_M011.wav,happy,Ses02,M,8.84
Ses02F_script03_1_M012,/mnt/ddn/kyudan/IEMOCAP/data/Ses02F_script03_1_M012.wav,neutral,Ses02,M,2.94
Ses02F_script03_1_M013,/mnt/ddn/kyudan/IEMOCAP/data/Ses02F_script03_1_M013.wav,neutral,Ses02,M,7.22
Ses02F_script03_1_M014,/mnt/ddn/kyudan/IEMOCAP/data/Ses02F_script03_1_M014.wav,neutral,Ses02,M,3.49
Ses02F_script03_1_M015,/mnt/ddn/kyudan/IEMOCAP/data/Ses02F_script03_1_M015.wav,neutral,Ses02,M,2.78
Ses02F_script03_1_M016,/mnt/ddn/kyudan/IEMOCAP/data/Ses02F_script03_1_M016.wav,neutral,Ses02,M,1.36
Ses02F_script03_1_M017,/mnt/ddn/kyudan/IEMOCAP/data/Ses02F_script03_1_M017.wav,neutral,Ses02,M,3.51
Ses02F_script03_1_M018,/mnt/ddn/kyudan/IEMOCAP/data/Ses02F_script03_1_M018.wav,neutral,Ses02,M,2.23
Ses02F_script03_1_M019,/mnt/ddn/kyudan/IEMOCAP/data/Ses02F_script03_1_M019.wav,happy,Ses02,M,3.28
Ses02F_script03_1_M020,/mnt/ddn/kyudan/IEMOCAP/data/Ses02F_script03_1_M020.wav,happy,Ses02,M,5.49
Ses02F_script03_1_M021,/mnt/ddn/kyudan/IEMOCAP/data/Ses02F_script03_1_M021.wav,neutral,Ses02,M,2.74
Ses02F_script03_1_M022,/mnt/ddn/kyudan/IEMOCAP/data/Ses02F_script03_1_M022.wav,happy,Ses02,M,13.95
Ses02F_script03_1_M023,/mnt/ddn/kyudan/IEMOCAP/data/Ses02F_script03_1_M023.wav,happy,Ses02,M,4.4
Ses02F_script03_1_M024,/mnt/ddn/kyudan/IEMOCAP/data/Ses02F_script03_1_M024.wav,neutral,Ses02,M,10.67
Ses02F_script03_1_M025,/mnt/ddn/kyudan/IEMOCAP/data/Ses02F_script03_1_M025.wav,neutral,Ses02,M,2.671
Ses02F_script03_1_M026,/mnt/ddn/kyudan/IEMOCAP/data/Ses02F_script03_1_M026.wav,neutral,Ses02,M,4.85
Ses02F_script03_1_M027,/mnt/ddn/kyudan/IEMOCAP/data/Ses02F_script03_1_M027.wav,happy,Ses02,M,2.51
Ses02F_script03_1_M028,/mnt/ddn/kyudan/IEMOCAP/data/Ses02F_script03_1_M028.wav,neutral,Ses02,M,2.09
Ses02F_script03_1_M029,/mnt/ddn/kyudan/IEMOCAP/data/Ses02F_script03_1_M029.wav,neutral,Ses02,M,5.53
Ses02F_script03_1_M030,/mnt/ddn/kyudan/IEMOCAP/data/Ses02F_script03_1_M030.wav,happy,Ses02,M,1.91
Ses02F_script03_1_M031,/mnt/ddn/kyudan/IEMOCAP/data/Ses02F_script03_1_M031.wav,neutral,Ses02,M,2.22
Ses02F_script03_1_M032,/mnt/ddn/kyudan/IEMOCAP/data/Ses02F_script03_1_M032.wav,happy,Ses02,M,2.62
Ses02F_script03_1_M033,/mnt/ddn/kyudan/IEMOCAP/data/Ses02F_script03_1_M033.wav,neutral,Ses02,M,2.24
Ses02F_script03_1_M034,/mnt/ddn/kyudan/IEMOCAP/data/Ses02F_script03_1_M034.wav,neutral,Ses02,M,4.78
Ses02F_script03_2_F000,/mnt/ddn/kyudan/IEMOCAP/data/Ses02F_script03_2_F000.wav,happy,Ses02,F,2.44
Ses02F_script03_2_F001,/mnt/ddn/kyudan/IEMOCAP/data/Ses02F_script03_2_F001.wav,happy,Ses02,F,2.85
Ses02F_script03_2_F002,/mnt/ddn/kyudan/IEMOCAP/data/Ses02F_script03_2_F002.wav,happy,Ses02,F,4.28
Ses02F_script03_2_F004,/mnt/ddn/kyudan/IEMOCAP/data/Ses02F_script03_2_F004.wav,happy,Ses02,F,2.94
Ses02F_script03_2_F006,/mnt/ddn/kyudan/IEMOCAP/data/Ses02F_script03_2_F006.wav,happy,Ses02,F,4.67
Ses02F_script03_2_F007,/mnt/ddn/kyudan/IEMOCAP/data/Ses02F_script03_2_F007.wav,neutral,Ses02,F,4.5
Ses02F_script03_2_F008,/mnt/ddn/kyudan/IEMOCAP/data/Ses02F_script03_2_F008.wav,happy,Ses02,F,2.26
Ses02F_script03_2_F011,/mnt/ddn/kyudan/IEMOCAP/data/Ses02F_script03_2_F011.wav,neutral,Ses02,F,4.12
Ses02F_script03_2_F012,/mnt/ddn/kyudan/IEMOCAP/data/Ses02F_script03_2_F012.wav,neutral,Ses02,F,2.79
Ses02F_script03_2_F013,/mnt/ddn/kyudan/IEMOCAP/data/Ses02F_script03_2_F013.wav,angry,Ses02,F,2.08
Ses02F_script03_2_F014,/mnt/ddn/kyudan/IEMOCAP/data/Ses02F_script03_2_F014.wav,angry,Ses02,F,1.14
Ses02F_script03_2_F015,/mnt/ddn/kyudan/IEMOCAP/data/Ses02F_script03_2_F015.wav,happy,Ses02,F,3.84
Ses02F_script03_2_F016,/mnt/ddn/kyudan/IEMOCAP/data/Ses02F_script03_2_F016.wav,happy,Ses02,F,5.26
Ses02F_script03_2_F018,/mnt/ddn/kyudan/IEMOCAP/data/Ses02F_script03_2_F018.wav,angry,Ses02,F,2.1
Ses02F_script03_2_F020,/mnt/ddn/kyudan/IEMOCAP/data/Ses02F_script03_2_F020.wav,angry,Ses02,F,2.04
Ses02F_script03_2_F025,/mnt/ddn/kyudan/IEMOCAP/data/Ses02F_script03_2_F025.wav,angry,Ses02,F,1.86
Ses02F_script03_2_F029,/mnt/ddn/kyudan/IEMOCAP/data/Ses02F_script03_2_F029.wav,angry,Ses02,F,1.84
Ses02F_script03_2_F031,/mnt/ddn/kyudan/IEMOCAP/data/Ses02F_script03_2_F031.wav,angry,Ses02,F,1.49
Ses02F_script03_2_F034,/mnt/ddn/kyudan/IEMOCAP/data/Ses02F_script03_2_F034.wav,angry,Ses02,F,2.27
Ses02F_script03_2_F035,/mnt/ddn/kyudan/IEMOCAP/data/Ses02F_script03_2_F035.wav,angry,Ses02,F,4.63
Ses02F_script03_2_F036,/mnt/ddn/kyudan/IEMOCAP/data/Ses02F_script03_2_F036.wav,angry,Ses02,F,4.06
Ses02F_script03_2_F037,/mnt/ddn/kyudan/IEMOCAP/data/Ses02F_script03_2_F037.wav,angry,Ses02,F,2.41
Ses02F_script03_2_F038,/mnt/ddn/kyudan/IEMOCAP/data/Ses02F_script03_2_F038.wav,angry,Ses02,F,5.53
Ses02F_script03_2_F039,/mnt/ddn/kyudan/IEMOCAP/data/Ses02F_script03_2_F039.wav,angry,Ses02,F,6.33
Ses02F_script03_2_F040,/mnt/ddn/kyudan/IEMOCAP/data/Ses02F_script03_2_F040.wav,angry,Ses02,F,4.14
Ses02F_script03_2_F041,/mnt/ddn/kyudan/IEMOCAP/data/Ses02F_script03_2_F041.wav,angry,Ses02,F,1.96
Ses02F_script03_2_F042,/mnt/ddn/kyudan/IEMOCAP/data/Ses02F_script03_2_F042.wav,angry,Ses02,F,4.58
Ses02F_script03_2_F043,/mnt/ddn/kyudan/IEMOCAP/data/Ses02F_script03_2_F043.wav,angry,Ses02,F,10.87
Ses02F_script03_2_M000,/mnt/ddn/kyudan/IEMOCAP/data/Ses02F_script03_2_M000.wav,neutral,Ses02,M,3.66
Ses02F_script03_2_M001,/mnt/ddn/kyudan/IEMOCAP/data/Ses02F_script03_2_M001.wav,neutral,Ses02,M,3.04
Ses02F_script03_2_M006,/mnt/ddn/kyudan/IEMOCAP/data/Ses02F_script03_2_M006.wav,angry,Ses02,M,1.17
Ses02F_script03_2_M007,/mnt/ddn/kyudan/IEMOCAP/data/Ses02F_script03_2_M007.wav,angry,Ses02,M,2.09
Ses02F_script03_2_M008,/mnt/ddn/kyudan/IEMOCAP/data/Ses02F_script03_2_M008.wav,happy,Ses02,M,2.79
Ses02F_script03_2_M009,/mnt/ddn/kyudan/IEMOCAP/data/Ses02F_script03_2_M009.wav,neutral,Ses02,M,4.15
Ses02F_script03_2_M011,/mnt/ddn/kyudan/IEMOCAP/data/Ses02F_script03_2_M011.wav,neutral,Ses02,M,3.44
Ses02F_script03_2_M013,/mnt/ddn/kyudan/IEMOCAP/data/Ses02F_script03_2_M013.wav,angry,Ses02,M,4.84
Ses02F_script03_2_M014,/mnt/ddn/kyudan/IEMOCAP/data/Ses02F_script03_2_M014.wav,happy,Ses02,M,1.59
Ses02F_script03_2_M016,/mnt/ddn/kyudan/IEMOCAP/data/Ses02F_script03_2_M016.wav,happy,Ses02,M,2.56
Ses02F_script03_2_M017,/mnt/ddn/kyudan/IEMOCAP/data/Ses02F_script03_2_M017.wav,happy,Ses02,M,2.46
Ses02F_script03_2_M024,/mnt/ddn/kyudan/IEMOCAP/data/Ses02F_script03_2_M024.wav,happy,Ses02,M,3.78
Ses02F_script03_2_M027,/mnt/ddn/kyudan/IEMOCAP/data/Ses02F_script03_2_M027.wav,angry,Ses02,M,2.31
Ses02F_script03_2_M030,/mnt/ddn/kyudan/IEMOCAP/data/Ses02F_script03_2_M030.wav,angry,Ses02,M,4.22
Ses02F_script03_2_M036,/mnt/ddn/kyudan/IEMOCAP/data/Ses02F_script03_2_M036.wav,angry,Ses02,M,2.11
Ses02F_script03_2_M037,/mnt/ddn/kyudan/IEMOCAP/data/Ses02F_script03_2_M037.wav,angry,Ses02,M,2.71
Ses02F_script03_2_M038,/mnt/ddn/kyudan/IEMOCAP/data/Ses02F_script03_2_M038.wav,angry,Ses02,M,1.25
Ses02F_script03_2_M039,/mnt/ddn/kyudan/IEMOCAP/data/Ses02F_script03_2_M039.wav,angry,Ses02,M,2.19
Ses02F_script03_2_M041,/mnt/ddn/kyudan/IEMOCAP/data/Ses02F_script03_2_M041.wav,angry,Ses02,M,6.83
Ses02F_script03_2_M042,/mnt/ddn/kyudan/IEMOCAP/data/Ses02F_script03_2_M042.wav,angry,Ses02,M,1.99
Ses02F_script03_2_M043,/mnt/ddn/kyudan/IEMOCAP/data/Ses02F_script03_2_M043.wav,angry,Ses02,M,1.49
Ses02F_script03_2_M044,/mnt/ddn/kyudan/IEMOCAP/data/Ses02F_script03_2_M044.wav,angry,Ses02,M,1.93
Ses02F_script03_2_M045,/mnt/ddn/kyudan/IEMOCAP/data/Ses02F_script03_2_M045.wav,angry,Ses02,M,1.79
Ses02F_script03_2_M046,/mnt/ddn/kyudan/IEMOCAP/data/Ses02F_script03_2_M046.wav,angry,Ses02,M,2.85
Ses02F_script03_2_M047,/mnt/ddn/kyudan/IEMOCAP/data/Ses02F_script03_2_M047.wav,angry,Ses02,M,4.15
Ses02M_impro01_F000,/mnt/ddn/kyudan/IEMOCAP/data/Ses02M_impro01_F000.wav,neutral,Ses02,F,2.038
Ses02M_impro01_F001,/mnt/ddn/kyudan/IEMOCAP/data/Ses02M_impro01_F001.wav,neutral,Ses02,F,1.24
Ses02M_impro01_F002,/mnt/ddn/kyudan/IEMOCAP/data/Ses02M_impro01_F002.wav,neutral,Ses02,F,3.074
Ses02M_impro01_F003,/mnt/ddn/kyudan/IEMOCAP/data/Ses02M_impro01_F003.wav,neutral,Ses02,F,6.919
Ses02M_impro01_F004,/mnt/ddn/kyudan/IEMOCAP/data/Ses02M_impro01_F004.wav,neutral,Ses02,F,1.642
Ses02M_impro01_F005,/mnt/ddn/kyudan/IEMOCAP/data/Ses02M_impro01_F005.wav,neutral,Ses02,F,6.849
Ses02M_impro01_F006,/mnt/ddn/kyudan/IEMOCAP/data/Ses02M_impro01_F006.wav,neutral,Ses02,F,5.216
Ses02M_impro01_F015,/mnt/ddn/kyudan/IEMOCAP/data/Ses02M_impro01_F015.wav,neutral,Ses02,F,1.415
Ses02M_impro01_F016,/mnt/ddn/kyudan/IEMOCAP/data/Ses02M_impro01_F016.wav,neutral,Ses02,F,1.349
Ses02M_impro01_M001,/mnt/ddn/kyudan/IEMOCAP/data/Ses02M_impro01_M001.wav,neutral,Ses02,M,2.66
Ses02M_impro01_M002,/mnt/ddn/kyudan/IEMOCAP/data/Ses02M_impro01_M002.wav,neutral,Ses02,M,2.282
Ses02M_impro01_M003,/mnt/ddn/kyudan/IEMOCAP/data/Ses02M_impro01_M003.wav,neutral,Ses02,M,3.295
Ses02M_impro01_M004,/mnt/ddn/kyudan/IEMOCAP/data/Ses02M_impro01_M004.wav,neutral,Ses02,M,3.636
Ses02M_impro01_M005,/mnt/ddn/kyudan/IEMOCAP/data/Ses02M_impro01_M005.wav,neutral,Ses02,M,3.067
Ses02M_impro01_M007,/mnt/ddn/kyudan/IEMOCAP/data/Ses02M_impro01_M007.wav,angry,Ses02,M,8.196
Ses02M_impro01_M008,/mnt/ddn/kyudan/IEMOCAP/data/Ses02M_impro01_M008.wav,angry,Ses02,M,2.09
Ses02M_impro01_M009,/mnt/ddn/kyudan/IEMOCAP/data/Ses02M_impro01_M009.wav,angry,Ses02,M,6.763
Ses02M_impro01_M010,/mnt/ddn/kyudan/IEMOCAP/data/Ses02M_impro01_M010.wav,angry,Ses02,M,6.643
Ses02M_impro01_M011,/mnt/ddn/kyudan/IEMOCAP/data/Ses02M_impro01_M011.wav,angry,Ses02,M,2.045
Ses02M_impro01_M018,/mnt/ddn/kyudan/IEMOCAP/data/Ses02M_impro01_M018.wav,angry,Ses02,M,6.899
Ses02M_impro01_M019,/mnt/ddn/kyudan/IEMOCAP/data/Ses02M_impro01_M019.wav,angry,Ses02,M,8.296
Ses02M_impro02_F000,/mnt/ddn/kyudan/IEMOCAP/data/Ses02M_impro02_F000.wav,sad,Ses02,F,2.055
Ses02M_impro02_F001,/mnt/ddn/kyudan/IEMOCAP/data/Ses02M_impro02_F001.wav,sad,Ses02,F,7.807
Ses02M_impro02_F002,/mnt/ddn/kyudan/IEMOCAP/data/Ses02M_impro02_F002.wav,sad,Ses02,F,2.836
Ses02M_impro02_F003,/mnt/ddn/kyudan/IEMOCAP/data/Ses02M_impro02_F003.wav,sad,Ses02,F,1.334
Ses02M_impro02_F004,/mnt/ddn/kyudan/IEMOCAP/data/Ses02M_impro02_F004.wav,sad,Ses02,F,3.863
Ses02M_impro02_F005,/mnt/ddn/kyudan/IEMOCAP/data/Ses02M_impro02_F005.wav,sad,Ses02,F,1.562
Ses02M_impro02_F006,/mnt/ddn/kyudan/IEMOCAP/data/Ses02M_impro02_F006.wav,sad,Ses02,F,1.454
Ses02M_impro02_F007,/mnt/ddn/kyudan/IEMOCAP/data/Ses02M_impro02_F007.wav,sad,Ses02,F,1.972
Ses02M_impro02_F008,/mnt/ddn/kyudan/IEMOCAP/data/Ses02M_impro02_F008.wav,sad,Ses02,F,3.027
Ses02M_impro02_F009,/mnt/ddn/kyudan/IEMOCAP/data/Ses02M_impro02_F009.wav,sad,Ses02,F,4.815
Ses02M_impro02_F010,/mnt/ddn/kyudan/IEMOCAP/data/Ses02M_impro02_F010.wav,sad,Ses02,F,6.719
Ses02M_impro02_F012,/mnt/ddn/kyudan/IEMOCAP/data/Ses02M_impro02_F012.wav,sad,Ses02,F,4.17
Ses02M_impro02_F013,/mnt/ddn/kyudan/IEMOCAP/data/Ses02M_impro02_F013.wav,sad,Ses02,F,4.721
Ses02M_impro02_F014,/mnt/ddn/kyudan/IEMOCAP/data/Ses02M_impro02_F014.wav,sad,Ses02,F,2.649
Ses02M_impro02_M000,/mnt/ddn/kyudan/IEMOCAP/data/Ses02M_impro02_M000.wav,sad,Ses02,M,8.063
Ses02M_impro02_M001,/mnt/ddn/kyudan/IEMOCAP/data/Ses02M_impro02_M001.wav,sad,Ses02,M,4.666
Ses02M_impro02_M002,/mnt/ddn/kyudan/IEMOCAP/data/Ses02M_impro02_M002.wav,sad,Ses02,M,0.976
Ses02M_impro02_M004,/mnt/ddn/kyudan/IEMOCAP/data/Ses02M_impro02_M004.wav,sad,Ses02,M,10.391
Ses02M_impro02_M007,/mnt/ddn/kyudan/IEMOCAP/data/Ses02M_impro02_M007.wav,sad,Ses02,M,2.079
Ses02M_impro02_M008,/mnt/ddn/kyudan/IEMOCAP/data/Ses02M_impro02_M008.wav,sad,Ses02,M,6.246
Ses02M_impro02_M009,/mnt/ddn/kyudan/IEMOCAP/data/Ses02M_impro02_M009.wav,sad,Ses02,M,9.163
Ses02M_impro02_M013,/mnt/ddn/kyudan/IEMOCAP/data/Ses02M_impro02_M013.wav,sad,Ses02,M,8.616
Ses02M_impro02_M014,/mnt/ddn/kyudan/IEMOCAP/data/Ses02M_impro02_M014.wav,neutral,Ses02,M,8.141
Ses02M_impro02_M017,/mnt/ddn/kyudan/IEMOCAP/data/Ses02M_impro02_M017.wav,sad,Ses02,M,4.807
Ses02M_impro02_M018,/mnt/ddn/kyudan/IEMOCAP/data/Ses02M_impro02_M018.wav,sad,Ses02,M,12.589
Ses02M_impro03_F000,/mnt/ddn/kyudan/IEMOCAP/data/Ses02M_impro03_F000.wav,happy,Ses02,F,3.811
Ses02M_impro03_F001,/mnt/ddn/kyudan/IEMOCAP/data/Ses02M_impro03_F001.wav,happy,Ses02,F,1.892
Ses02M_impro03_F002,/mnt/ddn/kyudan/IEMOCAP/data/Ses02M_impro03_F002.wav,happy,Ses02,F,3.966
Ses02M_impro03_F003,/mnt/ddn/kyudan/IEMOCAP/data/Ses02M_impro03_F003.wav,happy,Ses02,F,2.319
Ses02M_impro03_F004,/mnt/ddn/kyudan/IEMOCAP/data/Ses02M_impro03_F004.wav,happy,Ses02,F,1.342
Ses02M_impro03_F005,/mnt/ddn/kyudan/IEMOCAP/data/Ses02M_impro03_F005.wav,happy,Ses02,F,1.749
Ses02M_impro03_F006,/mnt/ddn/kyudan/IEMOCAP/data/Ses02M_impro03_F006.wav,happy,Ses02,F,3.896
Ses02M_impro03_F007,/mnt/ddn/kyudan/IEMOCAP/data/Ses02M_impro03_F007.wav,happy,Ses02,F,3.865
Ses02M_impro03_F008,/mnt/ddn/kyudan/IEMOCAP/data/Ses02M_impro03_F008.wav,happy,Ses02,F,4.225
Ses02M_impro03_F009,/mnt/ddn/kyudan/IEMOCAP/data/Ses02M_impro03_F009.wav,happy,Ses02,F,0.95
Ses02M_impro03_F010,/mnt/ddn/kyudan/IEMOCAP/data/Ses02M_impro03_F010.wav,happy,Ses02,F,1.81
Ses02M_impro03_F011,/mnt/ddn/kyudan/IEMOCAP/data/Ses02M_impro03_F011.wav,happy,Ses02,F,2.115
Ses02M_impro03_F012,/mnt/ddn/kyudan/IEMOCAP/data/Ses02M_impro03_F012.wav,happy,Ses02,F,3.479
Ses02M_impro03_F013,/mnt/ddn/kyudan/IEMOCAP/data/Ses02M_impro03_F013.wav,happy,Ses02,F,9.351
Ses02M_impro03_F014,/mnt/ddn/kyudan/IEMOCAP/data/Ses02M_impro03_F014.wav,happy,Ses02,F,1.424
Ses02M_impro03_F015,/mnt/ddn/kyudan/IEMOCAP/data/Ses02M_impro03_F015.wav,happy,Ses02,F,3.789
Ses02M_impro03_F016,/mnt/ddn/kyudan/IEMOCAP/data/Ses02M_impro03_F016.wav,happy,Ses02,F,2.136
Ses02M_impro03_F017,/mnt/ddn/kyudan/IEMOCAP/data/Ses02M_impro03_F017.wav,happy,Ses02,F,2.441
Ses02M_impro03_F018,/mnt/ddn/kyudan/IEMOCAP/data/Ses02M_impro03_F018.wav,happy,Ses02,F,1.993
Ses02M_impro03_F019,/mnt/ddn/kyudan/IEMOCAP/data/Ses02M_impro03_F019.wav,happy,Ses02,F,2.427
Ses02M_impro03_F020,/mnt/ddn/kyudan/IEMOCAP/data/Ses02M_impro03_F020.wav,happy,Ses02,F,2.58
Ses02M_impro03_F021,/mnt/ddn/kyudan/IEMOCAP/data/Ses02M_impro03_F021.wav,happy,Ses02,F,4.332
Ses02M_impro03_F022,/mnt/ddn/kyudan/IEMOCAP/data/Ses02M_impro03_F022.wav,happy,Ses02,F,1.08
Ses02M_impro03_F023,/mnt/ddn/kyudan/IEMOCAP/data/Ses02M_impro03_F023.wav,happy,Ses02,F,5.231
Ses02M_impro03_F024,/mnt/ddn/kyudan/IEMOCAP/data/Ses02M_impro03_F024.wav,happy,Ses02,F,5.893
Ses02M_impro03_F025,/mnt/ddn/kyudan/IEMOCAP/data/Ses02M_impro03_F025.wav,happy,Ses02,F,3.153
Ses02M_impro03_F026,/mnt/ddn/kyudan/IEMOCAP/data/Ses02M_impro03_F026.wav,happy,Ses02,F,2.848
Ses02M_impro03_F027,/mnt/ddn/kyudan/IEMOCAP/data/Ses02M_impro03_F027.wav,happy,Ses02,F,1.76
Ses02M_impro03_F028,/mnt/ddn/kyudan/IEMOCAP/data/Ses02M_impro03_F028.wav,happy,Ses02,F,5.309
Ses02M_impro03_M000,/mnt/ddn/kyudan/IEMOCAP/data/Ses02M_impro03_M000.wav,happy,Ses02,M,2.41
Ses02M_impro03_M001,/mnt/ddn/kyudan/IEMOCAP/data/Ses02M_impro03_M001.wav,happy,Ses02,M,3.191
Ses02M_impro03_M002,/mnt/ddn/kyudan/IEMOCAP/data/Ses02M_impro03_M002.wav,happy,Ses02,M,3.441
Ses02M_impro03_M003,/mnt/ddn/kyudan/IEMOCAP/data/Ses02M_impro03_M003.wav,happy,Ses02,M,2.176
Ses02M_impro03_M004,/mnt/ddn/kyudan/IEMOCAP/data/Ses02M_impro03_M004.wav,happy,Ses02,M,2.884
Ses02M_impro03_M005,/mnt/ddn/kyudan/IEMOCAP/data/Ses02M_impro03_M005.wav,happy,Ses02,M,3.278
Ses02M_impro03_M006,/mnt/ddn/kyudan/IEMOCAP/data/Ses02M_impro03_M006.wav,happy,Ses02,M,4.044
Ses02M_impro03_M007,/mnt/ddn/kyudan/IEMOCAP/data/Ses02M_impro03_M007.wav,happy,Ses02,M,6.11
Ses02M_impro03_M008,/mnt/ddn/kyudan/IEMOCAP/data/Ses02M_impro03_M008.wav,happy,Ses02,M,5.29
Ses02M_impro03_M009,/mnt/ddn/kyudan/IEMOCAP/data/Ses02M_impro03_M009.wav,happy,Ses02,M,5.777
Ses02M_impro03_M010,/mnt/ddn/kyudan/IEMOCAP/data/Ses02M_impro03_M010.wav,happy,Ses02,M,7.558
Ses02M_impro03_M011,/mnt/ddn/kyudan/IEMOCAP/data/Ses02M_impro03_M011.wav,happy,Ses02,M,3.4
Ses02M_impro03_M012,/mnt/ddn/kyudan/IEMOCAP/data/Ses02M_impro03_M012.wav,happy,Ses02,M,0.895
Ses02M_impro03_M013,/mnt/ddn/kyudan/IEMOCAP/data/Ses02M_impro03_M013.wav,happy,Ses02,M,6.241
Ses02M_impro03_M014,/mnt/ddn/kyudan/IEMOCAP/data/Ses02M_impro03_M014.wav,happy,Ses02,M,1.47
Ses02M_impro03_M015,/mnt/ddn/kyudan/IEMOCAP/data/Ses02M_impro03_M015.wav,happy,Ses02,M,1.689
Ses02M_impro03_M016,/mnt/ddn/kyudan/IEMOCAP/data/Ses02M_impro03_M016.wav,happy,Ses02,M,1.363
Ses02M_impro03_M017,/mnt/ddn/kyudan/IEMOCAP/data/Ses02M_impro03_M017.wav,happy,Ses02,M,3.621
Ses02M_impro03_M018,/mnt/ddn/kyudan/IEMOCAP/data/Ses02M_impro03_M018.wav,happy,Ses02,M,1.648
Ses02M_impro03_M019,/mnt/ddn/kyudan/IEMOCAP/data/Ses02M_impro03_M019.wav,happy,Ses02,M,1.485
Ses02M_impro03_M020,/mnt/ddn/kyudan/IEMOCAP/data/Ses02M_impro03_M020.wav,happy,Ses02,M,5.05
Ses02M_impro03_M021,/mnt/ddn/kyudan/IEMOCAP/data/Ses02M_impro03_M021.wav,happy,Ses02,M,4.44
Ses02M_impro03_M022,/mnt/ddn/kyudan/IEMOCAP/data/Ses02M_impro03_M022.wav,happy,Ses02,M,7.886
Ses02M_impro03_M023,/mnt/ddn/kyudan/IEMOCAP/data/Ses02M_impro03_M023.wav,happy,Ses02,M,9.748
Ses02M_impro03_M024,/mnt/ddn/kyudan/IEMOCAP/data/Ses02M_impro03_M024.wav,happy,Ses02,M,6.671
Ses02M_impro03_M025,/mnt/ddn/kyudan/IEMOCAP/data/Ses02M_impro03_M025.wav,happy,Ses02,M,6.524
Ses02M_impro03_M026,/mnt/ddn/kyudan/IEMOCAP/data/Ses02M_impro03_M026.wav,happy,Ses02,M,1.302
Ses02M_impro03_M027,/mnt/ddn/kyudan/IEMOCAP/data/Ses02M_impro03_M027.wav,happy,Ses02,M,8.165
Ses02M_impro03_M028,/mnt/ddn/kyudan/IEMOCAP/data/Ses02M_impro03_M028.wav,happy,Ses02,M,1.729
Ses02M_impro03_M029,/mnt/ddn/kyudan/IEMOCAP/data/Ses02M_impro03_M029.wav,happy,Ses02,M,5.321
Ses02M_impro03_M030,/mnt/ddn/kyudan/IEMOCAP/data/Ses02M_impro03_M030.wav,happy,Ses02,M,3.946
Ses02M_impro03_M031,/mnt/ddn/kyudan/IEMOCAP/data/Ses02M_impro03_M031.wav,happy,Ses02,M,0.956
Ses02M_impro04_F000,/mnt/ddn/kyudan/IEMOCAP/data/Ses02M_impro04_F000.wav,neutral,Ses02,F,1.803
Ses02M_impro04_F001,/mnt/ddn/kyudan/IEMOCAP/data/Ses02M_impro04_F001.wav,neutral,Ses02,F,3.12
Ses02M_impro04_F002,/mnt/ddn/kyudan/IEMOCAP/data/Ses02M_impro04_F002.wav,neutral,Ses02,F,3.232
Ses02M_impro04_F003,/mnt/ddn/kyudan/IEMOCAP/data/Ses02M_impro04_F003.wav,neutral,Ses02,F,3.54
Ses02M_impro04_F004,/mnt/ddn/kyudan/IEMOCAP/data/Ses02M_impro04_F004.wav,neutral,Ses02,F,2.959
Ses02M_impro04_F005,/mnt/ddn/kyudan/IEMOCAP/data/Ses02M_impro04_F005.wav,neutral,Ses02,F,6.723
Ses02M_impro04_F006,/mnt/ddn/kyudan/IEMOCAP/data/Ses02M_impro04_F006.wav,neutral,Ses02,F,5.312
Ses02M_impro04_F007,/mnt/ddn/kyudan/IEMOCAP/data/Ses02M_impro04_F007.wav,neutral,Ses02,F,4.43
Ses02M_impro04_F008,/mnt/ddn/kyudan/IEMOCAP/data/Ses02M_impro04_F008.wav,neutral,Ses02,F,6.588
Ses02M_impro04_F009,/mnt/ddn/kyudan/IEMOCAP/data/Ses02M_impro04_F009.wav,sad,Ses02,F,1.82
Ses02M_impro04_F010,/mnt/ddn/kyudan/IEMOCAP/data/Ses02M_impro04_F010.wav,neutral,Ses02,F,5.442
Ses02M_impro04_F011,/mnt/ddn/kyudan/IEMOCAP/data/Ses02M_impro04_F011.wav,neutral,Ses02,F,10.491
Ses02M_impro04_F012,/mnt/ddn/kyudan/IEMOCAP/data/Ses02M_impro04_F012.wav,neutral,Ses02,F,3.591
Ses02M_impro04_F013,/mnt/ddn/kyudan/IEMOCAP/data/Ses02M_impro04_F013.wav,happy,Ses02,F,6.317
Ses02M_impro04_F014,/mnt/ddn/kyudan/IEMOCAP/data/Ses02M_impro04_F014.wav,neutral,Ses02,F,6.69
Ses02M_impro04_F015,/mnt/ddn/kyudan/IEMOCAP/data/Ses02M_impro04_F015.wav,neutral,Ses02,F,7.445
Ses02M_impro04_F016,/mnt/ddn/kyudan/IEMOCAP/data/Ses02M_impro04_F016.wav,neutral,Ses02,F,4.972
Ses02M_impro04_M014,/mnt/ddn/kyudan/IEMOCAP/data/Ses02M_impro04_M014.wav,sad,Ses02,M,5.508
Ses02M_impro04_M019,/mnt/ddn/kyudan/IEMOCAP/data/Ses02M_impro04_M019.wav,angry,Ses02,M,3.28
Ses02M_impro04_M022,/mnt/ddn/kyudan/IEMOCAP/data/Ses02M_impro04_M022.wav,sad,Ses02,M,3.129
Ses02M_impro05_F000,/mnt/ddn/kyudan/IEMOCAP/data/Ses02M_impro05_F000.wav,neutral,Ses02,F,1.233
Ses02M_impro05_F001,/mnt/ddn/kyudan/IEMOCAP/data/Ses02M_impro05_F001.wav,neutral,Ses02,F,3.964
Ses02M_impro05_F002,/mnt/ddn/kyudan/IEMOCAP/data/Ses02M_impro05_F002.wav,neutral,Ses02,F,1.75
Ses02M_impro05_F003,/mnt/ddn/kyudan/IEMOCAP/data/Ses02M_impro05_F003.wav,neutral,Ses02,F,11.413
Ses02M_impro05_F004,/mnt/ddn/kyudan/IEMOCAP/data/Ses02M_impro05_F004.wav,neutral,Ses02,F,6.081
Ses02M_impro05_F005,/mnt/ddn/kyudan/IEMOCAP/data/Ses02M_impro05_F005.wav,neutral,Ses02,F,8.105
Ses02M_impro05_F006,/mnt/ddn/kyudan/IEMOCAP/data/Ses02M_impro05_F006.wav,neutral,Ses02,F,7.381
Ses02M_impro05_F007,/mnt/ddn/kyudan/IEMOCAP/data/Ses02M_impro05_F007.wav,neutral,Ses02,F,13.223
Ses02M_impro05_F008,/mnt/ddn/kyudan/IEMOCAP/data/Ses02M_impro05_F008.wav,neutral,Ses02,F,2.235
Ses02M_impro05_F009,/mnt/ddn/kyudan/IEMOCAP/data/Ses02M_impro05_F009.wav,neutral,Ses02,F,0.732
Ses02M_impro05_F010,/mnt/ddn/kyudan/IEMOCAP/data/Ses02M_impro05_F010.wav,neutral,Ses02,F,1.23
Ses02M_impro05_F011,/mnt/ddn/kyudan/IEMOCAP/data/Ses02M_impro05_F011.wav,neutral,Ses02,F,11.143
Ses02M_impro05_F012,/mnt/ddn/kyudan/IEMOCAP/data/Ses02M_impro05_F012.wav,neutral,Ses02,F,4.651
Ses02M_impro05_F013,/mnt/ddn/kyudan/IEMOCAP/data/Ses02M_impro05_F013.wav,neutral,Ses02,F,6.172
Ses02M_impro05_F014,/mnt/ddn/kyudan/IEMOCAP/data/Ses02M_impro05_F014.wav,neutral,Ses02,F,1.84
Ses02M_impro05_F015,/mnt/ddn/kyudan/IEMOCAP/data/Ses02M_impro05_F015.wav,neutral,Ses02,F,6.191
Ses02M_impro05_F016,/mnt/ddn/kyudan/IEMOCAP/data/Ses02M_impro05_F016.wav,neutral,Ses02,F,1.56
Ses02M_impro05_F017,/mnt/ddn/kyudan/IEMOCAP/data/Ses02M_impro05_F017.wav,neutral,Ses02,F,8.371
Ses02M_impro05_F018,/mnt/ddn/kyudan/IEMOCAP/data/Ses02M_impro05_F018.wav,neutral,Ses02,F,3.35
Ses02M_impro05_F019,/mnt/ddn/kyudan/IEMOCAP/data/Ses02M_impro05_F019.wav,neutral,Ses02,F,1.563
Ses02M_impro05_F020,/mnt/ddn/kyudan/IEMOCAP/data/Ses02M_impro05_F020.wav,neutral,Ses02,F,2.78
Ses02M_impro05_F021,/mnt/ddn/kyudan/IEMOCAP/data/Ses02M_impro05_F021.wav,neutral,Ses02,F,2.94
Ses02M_impro05_F023,/mnt/ddn/kyudan/IEMOCAP/data/Ses02M_impro05_F023.wav,neutral,Ses02,F,7.174
Ses02M_impro05_F024,/mnt/ddn/kyudan/IEMOCAP/data/Ses02M_impro05_F024.wav,neutral,Ses02,F,6.27
Ses02M_impro05_F025,/mnt/ddn/kyudan/IEMOCAP/data/Ses02M_impro05_F025.wav,neutral,Ses02,F,6.095
Ses02M_impro05_F026,/mnt/ddn/kyudan/IEMOCAP/data/Ses02M_impro05_F026.wav,neutral,Ses02,F,8.501
Ses02M_impro05_M000,/mnt/ddn/kyudan/IEMOCAP/data/Ses02M_impro05_M000.wav,neutral,Ses02,M,1.281
Ses02M_impro05_M001,/mnt/ddn/kyudan/IEMOCAP/data/Ses02M_impro05_M001.wav,neutral,Ses02,M,4.55
Ses02M_impro05_M002,/mnt/ddn/kyudan/IEMOCAP/data/Ses02M_impro05_M002.wav,neutral,Ses02,M,5.024
Ses02M_impro05_M003,/mnt/ddn/kyudan/IEMOCAP/data/Ses02M_impro05_M003.wav,neutral,Ses02,M,4.297
Ses02M_impro05_M013,/mnt/ddn/kyudan/IEMOCAP/data/Ses02M_impro05_M013.wav,angry,Ses02,M,7.015
Ses02M_impro05_M015,/mnt/ddn/kyudan/IEMOCAP/data/Ses02M_impro05_M015.wav,angry,Ses02,M,0.89
Ses02M_impro05_M016,/mnt/ddn/kyudan/IEMOCAP/data/Ses02M_impro05_M016.wav,angry,Ses02,M,6.818
Ses02M_impro05_M018,/mnt/ddn/kyudan/IEMOCAP/data/Ses02M_impro05_M018.wav,angry,Ses02,M,5.287
Ses02M_impro05_M025,/mnt/ddn/kyudan/IEMOCAP/data/Ses02M_impro05_M025.wav,angry,Ses02,M,4.886
Ses02M_impro05_M026,/mnt/ddn/kyudan/IEMOCAP/data/Ses02M_impro05_M026.wav,angry,Ses02,M,5.53
Ses02M_impro06_F002,/mnt/ddn/kyudan/IEMOCAP/data/Ses02M_impro06_F002.wav,sad,Ses02,F,4.09
Ses02M_impro06_F003,/mnt/ddn/kyudan/IEMOCAP/data/Ses02M_impro06_F003.wav,sad,Ses02,F,3.831
Ses02M_impro06_F004,/mnt/ddn/kyudan/IEMOCAP/data/Ses02M_impro06_F004.wav,sad,Ses02,F,4.739
Ses02M_impro06_F005,/mnt/ddn/kyudan/IEMOCAP/data/Ses02M_impro06_F005.wav,sad,Ses02,F,1.54
Ses02M_impro06_F006,/mnt/ddn/kyudan/IEMOCAP/data/Ses02M_impro06_F006.wav,sad,Ses02,F,2.19
Ses02M_impro06_F007,/mnt/ddn/kyudan/IEMOCAP/data/Ses02M_impro06_F007.wav,sad,Ses02,F,0.764
Ses02M_impro06_F008,/mnt/ddn/kyudan/IEMOCAP/data/Ses02M_impro06_F008.wav,sad,Ses02,F,5.189
Ses02M_impro06_F009,/mnt/ddn/kyudan/IEMOCAP/data/Ses02M_impro06_F009.wav,sad,Ses02,F,3.018
Ses02M_impro06_F010,/mnt/ddn/kyudan/IEMOCAP/data/Ses02M_impro06_F010.wav,sad,Ses02,F,1.552
Ses02M_impro06_F011,/mnt/ddn/kyudan/IEMOCAP/data/Ses02M_impro06_F011.wav,sad,Ses02,F,1.876
Ses02M_impro06_F012,/mnt/ddn/kyudan/IEMOCAP/data/Ses02M_impro06_F012.wav,sad,Ses02,F,4.668
Ses02M_impro06_F013,/mnt/ddn/kyudan/IEMOCAP/data/Ses02M_impro06_F013.wav,sad,Ses02,F,2.571
Ses02M_impro06_F014,/mnt/ddn/kyudan/IEMOCAP/data/Ses02M_impro06_F014.wav,sad,Ses02,F,2.825
Ses02M_impro06_F015,/mnt/ddn/kyudan/IEMOCAP/data/Ses02M_impro06_F015.wav,sad,Ses02,F,1.992
Ses02M_impro06_F016,/mnt/ddn/kyudan/IEMOCAP/data/Ses02M_impro06_F016.wav,sad,Ses02,F,1.783
Ses02M_impro06_F017,/mnt/ddn/kyudan/IEMOCAP/data/Ses02M_impro06_F017.wav,sad,Ses02,F,2.038
Ses02M_impro06_F018,/mnt/ddn/kyudan/IEMOCAP/data/Ses02M_impro06_F018.wav,sad,Ses02,F,2.015
Ses02M_impro06_M000,/mnt/ddn/kyudan/IEMOCAP/data/Ses02M_impro06_M000.wav,sad,Ses02,M,1.958
Ses02M_impro06_M001,/mnt/ddn/kyudan/IEMOCAP/data/Ses02M_impro06_M001.wav,sad,Ses02,M,4.45
Ses02M_impro06_M002,/mnt/ddn/kyudan/IEMOCAP/data/Ses02M_impro06_M002.wav,sad,Ses02,M,15.034
Ses02M_impro06_M003,/mnt/ddn/kyudan/IEMOCAP/data/Ses02M_impro06_M003.wav,sad,Ses02,M,7.97
Ses02M_impro06_M004,/mnt/ddn/kyudan/IEMOCAP/data/Ses02M_impro06_M004.wav,sad,Ses02,M,16.92
Ses02M_impro06_M005,/mnt/ddn/kyudan/IEMOCAP/data/Ses02M_impro06_M005.wav,sad,Ses02,M,9.35
Ses02M_impro06_M006,/mnt/ddn/kyudan/IEMOCAP/data/Ses02M_impro06_M006.wav,sad,Ses02,M,12.943
Ses02M_impro06_M007,/mnt/ddn/kyudan/IEMOCAP/data/Ses02M_impro06_M007.wav,sad,Ses02,M,6.48
Ses02M_impro06_M008,/mnt/ddn/kyudan/IEMOCAP/data/Ses02M_impro06_M008.wav,sad,Ses02,M,6.976
Ses02M_impro06_M009,/mnt/ddn/kyudan/IEMOCAP/data/Ses02M_impro06_M009.wav,sad,Ses02,M,17.768
Ses02M_impro06_M010,/mnt/ddn/kyudan/IEMOCAP/data/Ses02M_impro06_M010.wav,sad,Ses02,M,3.739
Ses02M_impro06_M011,/mnt/ddn/kyudan/IEMOCAP/data/Ses02M_impro06_M011.wav,sad,Ses02,M,7.41
Ses02M_impro06_M012,/mnt/ddn/kyudan/IEMOCAP/data/Ses02M_impro06_M012.wav,sad,Ses02,M,2.88
Ses02M_impro06_M013,/mnt/ddn/kyudan/IEMOCAP/data/Ses02M_impro06_M013.wav,sad,Ses02,M,5.944
Ses02M_impro06_M014,/mnt/ddn/kyudan/IEMOCAP/data/Ses02M_impro06_M014.wav,sad,Ses02,M,4.747
Ses02M_impro06_M015,/mnt/ddn/kyudan/IEMOCAP/data/Ses02M_impro06_M015.wav,sad,Ses02,M,7.467
Ses02M_impro06_M016,/mnt/ddn/kyudan/IEMOCAP/data/Ses02M_impro06_M016.wav,sad,Ses02,M,12.089
Ses02M_impro06_M017,/mnt/ddn/kyudan/IEMOCAP/data/Ses02M_impro06_M017.wav,sad,Ses02,M,14.961
Ses02M_impro06_M018,/mnt/ddn/kyudan/IEMOCAP/data/Ses02M_impro06_M018.wav,sad,Ses02,M,2.611
Ses02M_impro06_M019,/mnt/ddn/kyudan/IEMOCAP/data/Ses02M_impro06_M019.wav,sad,Ses02,M,9.695
Ses02M_impro06_M020,/mnt/ddn/kyudan/IEMOCAP/data/Ses02M_impro06_M020.wav,sad,Ses02,M,1.829
Ses02M_impro06_M021,/mnt/ddn/kyudan/IEMOCAP/data/Ses02M_impro06_M021.wav,sad,Ses02,M,5.556
Ses02M_impro06_M022,/mnt/ddn/kyudan/IEMOCAP/data/Ses02M_impro06_M022.wav,sad,Ses02,M,2.078
Ses02M_impro06_M023,/mnt/ddn/kyudan/IEMOCAP/data/Ses02M_impro06_M023.wav,sad,Ses02,M,2.918
Ses02M_impro07_F000,/mnt/ddn/kyudan/IEMOCAP/data/Ses02M_impro07_F000.wav,happy,Ses02,F,2.102
Ses02M_impro07_F001,/mnt/ddn/kyudan/IEMOCAP/data/Ses02M_impro07_F001.wav,happy,Ses02,F,4.219
Ses02M_impro07_F003,/mnt/ddn/kyudan/IEMOCAP/data/Ses02M_impro07_F003.wav,happy,Ses02,F,2.424
Ses02M_impro07_F004,/mnt/ddn/kyudan/IEMOCAP/data/Ses02M_impro07_F004.wav,happy,Ses02,F,2.041
Ses02M_impro07_F005,/mnt/ddn/kyudan/IEMOCAP/data/Ses02M_impro07_F005.wav,happy,Ses02,F,1.886
Ses02M_impro07_F006,/mnt/ddn/kyudan/IEMOCAP/data/Ses02M_impro07_F006.wav,happy,Ses02,F,2.28
Ses02M_impro07_F007,/mnt/ddn/kyudan/IEMOCAP/data/Ses02M_impro07_F007.wav,happy,Ses02,F,7.505
Ses02M_impro07_F008,/mnt/ddn/kyudan/IEMOCAP/data/Ses02M_impro07_F008.wav,happy,Ses02,F,1.703
Ses02M_impro07_F009,/mnt/ddn/kyudan/IEMOCAP/data/Ses02M_impro07_F009.wav,happy,Ses02,F,1.403
Ses02M_impro07_F010,/mnt/ddn/kyudan/IEMOCAP/data/Ses02M_impro07_F010.wav,happy,Ses02,F,3.706
Ses02M_impro07_F011,/mnt/ddn/kyudan/IEMOCAP/data/Ses02M_impro07_F011.wav,happy,Ses02,F,1.61
Ses02M_impro07_F012,/mnt/ddn/kyudan/IEMOCAP/data/Ses02M_impro07_F012.wav,happy,Ses02,F,1.27
Ses02M_impro07_F013,/mnt/ddn/kyudan/IEMOCAP/data/Ses02M_impro07_F013.wav,happy,Ses02,F,2.412
Ses02M_impro07_F014,/mnt/ddn/kyudan/IEMOCAP/data/Ses02M_impro07_F014.wav,happy,Ses02,F,3.489
Ses02M_impro07_F015,/mnt/ddn/kyudan/IEMOCAP/data/Ses02M_impro07_F015.wav,happy,Ses02,F,1.595
Ses02M_impro07_F016,/mnt/ddn/kyudan/IEMOCAP/data/Ses02M_impro07_F016.wav,happy,Ses02,F,2.043
Ses02M_impro07_F017,/mnt/ddn/kyudan/IEMOCAP/data/Ses02M_impro07_F017.wav,happy,Ses02,F,4.325
Ses02M_impro07_F018,/mnt/ddn/kyudan/IEMOCAP/data/Ses02M_impro07_F018.wav,happy,Ses02,F,8.025
Ses02M_impro07_F019,/mnt/ddn/kyudan/IEMOCAP/data/Ses02M_impro07_F019.wav,happy,Ses02,F,1.997
Ses02M_impro07_F020,/mnt/ddn/kyudan/IEMOCAP/data/Ses02M_impro07_F020.wav,happy,Ses02,F,3.37
Ses02M_impro07_F021,/mnt/ddn/kyudan/IEMOCAP/data/Ses02M_impro07_F021.wav,happy,Ses02,F,1.637
Ses02M_impro07_F022,/mnt/ddn/kyudan/IEMOCAP/data/Ses02M_impro07_F022.wav,happy,Ses02,F,2.27
Ses02M_impro07_F023,/mnt/ddn/kyudan/IEMOCAP/data/Ses02M_impro07_F023.wav,happy,Ses02,F,4.0
Ses02M_impro07_F024,/mnt/ddn/kyudan/IEMOCAP/data/Ses02M_impro07_F024.wav,happy,Ses02,F,2.06
Ses02M_impro07_F025,/mnt/ddn/kyudan/IEMOCAP/data/Ses02M_impro07_F025.wav,happy,Ses02,F,5.817
Ses02M_impro07_F026,/mnt/ddn/kyudan/IEMOCAP/data/Ses02M_impro07_F026.wav,happy,Ses02,F,1.49
Ses02M_impro07_F027,/mnt/ddn/kyudan/IEMOCAP/data/Ses02M_impro07_F027.wav,happy,Ses02,F,1.909
Ses02M_impro07_F028,/mnt/ddn/kyudan/IEMOCAP/data/Ses02M_impro07_F028.wav,happy,Ses02,F,4.802
Ses02M_impro07_F029,/mnt/ddn/kyudan/IEMOCAP/data/Ses02M_impro07_F029.wav,happy,Ses02,F,4.41
Ses02M_impro07_M000,/mnt/ddn/kyudan/IEMOCAP/data/Ses02M_impro07_M000.wav,happy,Ses02,M,5.437
Ses02M_impro07_M001,/mnt/ddn/kyudan/IEMOCAP/data/Ses02M_impro07_M001.wav,happy,Ses02,M,3.66
Ses02M_impro07_M002,/mnt/ddn/kyudan/IEMOCAP/data/Ses02M_impro07_M002.wav,happy,Ses02,M,1.494
Ses02M_impro07_M003,/mnt/ddn/kyudan/IEMOCAP/data/Ses02M_impro07_M003.wav,happy,Ses02,M,2.101
Ses02M_impro07_M004,/mnt/ddn/kyudan/IEMOCAP/data/Ses02M_impro07_M004.wav,happy,Ses02,M,4.481
Ses02M_impro07_M005,/mnt/ddn/kyudan/IEMOCAP/data/Ses02M_impro07_M005.wav,happy,Ses02,M,8.562
Ses02M_impro07_M006,/mnt/ddn/kyudan/IEMOCAP/data/Ses02M_impro07_M006.wav,happy,Ses02,M,2.469
Ses02M_impro07_M007,/mnt/ddn/kyudan/IEMOCAP/data/Ses02M_impro07_M007.wav,happy,Ses02,M,4.887
Ses02M_impro07_M008,/mnt/ddn/kyudan/IEMOCAP/data/Ses02M_impro07_M008.wav,happy,Ses02,M,1.197
Ses02M_impro07_M009,/mnt/ddn/kyudan/IEMOCAP/data/Ses02M_impro07_M009.wav,happy,Ses02,M,5.91
Ses02M_impro07_M010,/mnt/ddn/kyudan/IEMOCAP/data/Ses02M_impro07_M010.wav,happy,Ses02,M,1.44
Ses02M_impro07_M011,/mnt/ddn/kyudan/IEMOCAP/data/Ses02M_impro07_M011.wav,happy,Ses02,M,1.76
Ses02M_impro07_M012,/mnt/ddn/kyudan/IEMOCAP/data/Ses02M_impro07_M012.wav,happy,Ses02,M,7.55
Ses02M_impro07_M013,/mnt/ddn/kyudan/IEMOCAP/data/Ses02M_impro07_M013.wav,happy,Ses02,M,1.63
Ses02M_impro07_M014,/mnt/ddn/kyudan/IEMOCAP/data/Ses02M_impro07_M014.wav,happy,Ses02,M,3.19
Ses02M_impro07_M015,/mnt/ddn/kyudan/IEMOCAP/data/Ses02M_impro07_M015.wav,happy,Ses02,M,3.548
Ses02M_impro07_M016,/mnt/ddn/kyudan/IEMOCAP/data/Ses02M_impro07_M016.wav,happy,Ses02,M,6.53
Ses02M_impro07_M017,/mnt/ddn/kyudan/IEMOCAP/data/Ses02M_impro07_M017.wav,happy,Ses02,M,3.41
Ses02M_impro07_M018,/mnt/ddn/kyudan/IEMOCAP/data/Ses02M_impro07_M018.wav,happy,Ses02,M,1.01
Ses02M_impro07_M019,/mnt/ddn/kyudan/IEMOCAP/data/Ses02M_impro07_M019.wav,happy,Ses02,M,2.17
Ses02M_impro07_M020,/mnt/ddn/kyudan/IEMOCAP/data/Ses02M_impro07_M020.wav,happy,Ses02,M,4.31
Ses02M_impro07_M021,/mnt/ddn/kyudan/IEMOCAP/data/Ses02M_impro07_M021.wav,happy,Ses02,M,5.18
Ses02M_impro07_M022,/mnt/ddn/kyudan/IEMOCAP/data/Ses02M_impro07_M022.wav,happy,Ses02,M,1.618
Ses02M_impro07_M023,/mnt/ddn/kyudan/IEMOCAP/data/Ses02M_impro07_M023.wav,happy,Ses02,M,7.43
Ses02M_impro07_M024,/mnt/ddn/kyudan/IEMOCAP/data/Ses02M_impro07_M024.wav,happy,Ses02,M,2.52
Ses02M_impro07_M025,/mnt/ddn/kyudan/IEMOCAP/data/Ses02M_impro07_M025.wav,happy,Ses02,M,7.14
Ses02M_impro07_M026,/mnt/ddn/kyudan/IEMOCAP/data/Ses02M_impro07_M026.wav,happy,Ses02,M,9.35
Ses02M_impro07_M027,/mnt/ddn/kyudan/IEMOCAP/data/Ses02M_impro07_M027.wav,happy,Ses02,M,4.62
Ses02M_impro07_M028,/mnt/ddn/kyudan/IEMOCAP/data/Ses02M_impro07_M028.wav,happy,Ses02,M,7.698
Ses02M_impro07_M029,/mnt/ddn/kyudan/IEMOCAP/data/Ses02M_impro07_M029.wav,happy,Ses02,M,7.449
Ses02M_impro07_M030,/mnt/ddn/kyudan/IEMOCAP/data/Ses02M_impro07_M030.wav,happy,Ses02,M,1.86
Ses02M_impro07_M031,/mnt/ddn/kyudan/IEMOCAP/data/Ses02M_impro07_M031.wav,happy,Ses02,M,8.259
Ses02M_impro07_M032,/mnt/ddn/kyudan/IEMOCAP/data/Ses02M_impro07_M032.wav,happy,Ses02,M,4.125
Ses02M_impro08_F000,/mnt/ddn/kyudan/IEMOCAP/data/Ses02M_impro08_F000.wav,happy,Ses02,F,5.661
Ses02M_impro08_F001,/mnt/ddn/kyudan/IEMOCAP/data/Ses02M_impro08_F001.wav,happy,Ses02,F,5.921
Ses02M_impro08_F002,/mnt/ddn/kyudan/IEMOCAP/data/Ses02M_impro08_F002.wav,happy,Ses02,F,6.118
Ses02M_impro08_F006,/mnt/ddn/kyudan/IEMOCAP/data/Ses02M_impro08_F006.wav,neutral,Ses02,F,2.774
Ses02M_impro08_F007,/mnt/ddn/kyudan/IEMOCAP/data/Ses02M_impro08_F007.wav,neutral,Ses02,F,5.499
Ses02M_impro08_F008,/mnt/ddn/kyudan/IEMOCAP/data/Ses02M_impro08_F008.wav,neutral,Ses02,F,4.433
Ses02M_impro08_F010,/mnt/ddn/kyudan/IEMOCAP/data/Ses02M_impro08_F010.wav,neutral,Ses02,F,7.902
Ses02M_impro08_F013,/mnt/ddn/kyudan/IEMOCAP/data/Ses02M_impro08_F013.wav,happy,Ses02,F,4.298
Ses02M_impro08_F019,/mnt/ddn/kyudan/IEMOCAP/data/Ses02M_impro08_F019.wav,neutral,Ses02,F,3.962
Ses02M_impro08_F021,/mnt/ddn/kyudan/IEMOCAP/data/Ses02M_impro08_F021.wav,happy,Ses02,F,7.074
Ses02M_impro08_F022,/mnt/ddn/kyudan/IEMOCAP/data/Ses02M_impro08_F022.wav,happy,Ses02,F,1.788
Ses02M_impro08_F023,/mnt/ddn/kyudan/IEMOCAP/data/Ses02M_impro08_F023.wav,happy,Ses02,F,1.287
Ses02M_impro08_F024,/mnt/ddn/kyudan/IEMOCAP/data/Ses02M_impro08_F024.wav,happy,Ses02,F,1.002
Ses02M_impro08_F025,/mnt/ddn/kyudan/IEMOCAP/data/Ses02M_impro08_F025.wav,neutral,Ses02,F,1.437
Ses02M_impro08_F026,/mnt/ddn/kyudan/IEMOCAP/data/Ses02M_impro08_F026.wav,neutral,Ses02,F,1.241
Ses02M_impro08_F027,/mnt/ddn/kyudan/IEMOCAP/data/Ses02M_impro08_F027.wav,neutral,Ses02,F,1.197
Ses02M_impro08_F028,/mnt/ddn/kyudan/IEMOCAP/data/Ses02M_impro08_F028.wav,happy,Ses02,F,3.576
Ses02M_impro08_F029,/mnt/ddn/kyudan/IEMOCAP/data/Ses02M_impro08_F029.wav,happy,Ses02,F,1.502
Ses02M_impro08_F030,/mnt/ddn/kyudan/IEMOCAP/data/Ses02M_impro08_F030.wav,happy,Ses02,F,2.6
Ses02M_impro08_M000,/mnt/ddn/kyudan/IEMOCAP/data/Ses02M_impro08_M000.wav,neutral,Ses02,M,2.394
Ses02M_impro08_M002,/mnt/ddn/kyudan/IEMOCAP/data/Ses02M_impro08_M002.wav,neutral,Ses02,M,4.691
Ses02M_impro08_M003,/mnt/ddn/kyudan/IEMOCAP/data/Ses02M_impro08_M003.wav,neutral,Ses02,M,10.47
Ses02M_impro08_M004,/mnt/ddn/kyudan/IEMOCAP/data/Ses02M_impro08_M004.wav,neutral,Ses02,M,2.935
Ses02M_impro08_M005,/mnt/ddn/kyudan/IEMOCAP/data/Ses02M_impro08_M005.wav,neutral,Ses02,M,2.395
Ses02M_impro08_M007,/mnt/ddn/kyudan/IEMOCAP/data/Ses02M_impro08_M007.wav,neutral,Ses02,M,4.476
Ses02M_impro08_M008,/mnt/ddn/kyudan/IEMOCAP/data/Ses02M_impro08_M008.wav,neutral,Ses02,M,3.393
Ses02M_impro08_M009,/mnt/ddn/kyudan/IEMOCAP/data/Ses02M_impro08_M009.wav,neutral,Ses02,M,5.68
Ses02M_impro08_M010,/mnt/ddn/kyudan/IEMOCAP/data/Ses02M_impro08_M010.wav,neutral,Ses02,M,1.902
Ses02M_impro08_M011,/mnt/ddn/kyudan/IEMOCAP/data/Ses02M_impro08_M011.wav,neutral,Ses02,M,9.526
Ses02M_impro08_M012,/mnt/ddn/kyudan/IEMOCAP/data/Ses02M_impro08_M012.wav,neutral,Ses02,M,5.366
Ses02M_impro08_M013,/mnt/ddn/kyudan/IEMOCAP/data/Ses02M_impro08_M013.wav,neutral,Ses02,M,2.739
Ses02M_impro08_M014,/mnt/ddn/kyudan/IEMOCAP/data/Ses02M_impro08_M014.wav,neutral,Ses02,M,2.371
Ses02M_impro08_M015,/mnt/ddn/kyudan/IEMOCAP/data/Ses02M_impro08_M015.wav,neutral,Ses02,M,8.191
Ses02M_impro08_M016,/mnt/ddn/kyudan/IEMOCAP/data/Ses02M_impro08_M016.wav,neutral,Ses02,M,2.841
Ses02M_impro08_M017,/mnt/ddn/kyudan/IEMOCAP/data/Ses02M_impro08_M017.wav,neutral,Ses02,M,1.306
Ses02M_impro08_M018,/mnt/ddn/kyudan/IEMOCAP/data/Ses02M_impro08_M018.wav,neutral,Ses02,M,1.143
Ses02M_impro08_M019,/mnt/ddn/kyudan/IEMOCAP/data/Ses02M_impro08_M019.wav,neutral,Ses02,M,4.083
Ses02M_impro08_M020,/mnt/ddn/kyudan/IEMOCAP/data/Ses02M_impro08_M020.wav,neutral,Ses02,M,7.418
Ses02M_impro08_M021,/mnt/ddn/kyudan/IEMOCAP/data/Ses02M_impro08_M021.wav,neutral,Ses02,M,7.116
Ses02M_impro08_M022,/mnt/ddn/kyudan/IEMOCAP/data/Ses02M_impro08_M022.wav,neutral,Ses02,M,1.632
Ses02M_impro08_M023,/mnt/ddn/kyudan/IEMOCAP/data/Ses02M_impro08_M023.wav,neutral,Ses02,M,1.902
Ses02M_impro08_M024,/mnt/ddn/kyudan/IEMOCAP/data/Ses02M_impro08_M024.wav,neutral,Ses02,M,1.877
Ses02M_impro08_M025,/mnt/ddn/kyudan/IEMOCAP/data/Ses02M_impro08_M025.wav,neutral,Ses02,M,10.689
Ses02M_impro08_M026,/mnt/ddn/kyudan/IEMOCAP/data/Ses02M_impro08_M026.wav,neutral,Ses02,M,3.744
Ses02M_impro08_M027,/mnt/ddn/kyudan/IEMOCAP/data/Ses02M_impro08_M027.wav,neutral,Ses02,M,3.396
Ses02M_impro08_M028,/mnt/ddn/kyudan/IEMOCAP/data/Ses02M_impro08_M028.wav,neutral,Ses02,M,5.688
Ses02M_impro08_M029,/mnt/ddn/kyudan/IEMOCAP/data/Ses02M_impro08_M029.wav,neutral,Ses02,M,10.873
Ses02M_impro08_M030,/mnt/ddn/kyudan/IEMOCAP/data/Ses02M_impro08_M030.wav,neutral,Ses02,M,4.096
Ses02M_impro08_M031,/mnt/ddn/kyudan/IEMOCAP/data/Ses02M_impro08_M031.wav,neutral,Ses02,M,3.538
Ses02M_script01_1_F015,/mnt/ddn/kyudan/IEMOCAP/data/Ses02M_script01_1_F015.wav,neutral,Ses02,F,3.76
Ses02M_script01_1_F016,/mnt/ddn/kyudan/IEMOCAP/data/Ses02M_script01_1_F016.wav,angry,Ses02,F,2.75
Ses02M_script01_1_F018,/mnt/ddn/kyudan/IEMOCAP/data/Ses02M_script01_1_F018.wav,neutral,Ses02,F,3.51
Ses02M_script01_1_F021,/mnt/ddn/kyudan/IEMOCAP/data/Ses02M_script01_1_F021.wav,neutral,Ses02,F,5.18
Ses02M_script01_1_F023,/mnt/ddn/kyudan/IEMOCAP/data/Ses02M_script01_1_F023.wav,neutral,Ses02,F,3.24
Ses02M_script01_1_F025,/mnt/ddn/kyudan/IEMOCAP/data/Ses02M_script01_1_F025.wav,neutral,Ses02,F,3.99
Ses02M_script01_1_F026,/mnt/ddn/kyudan/IEMOCAP/data/Ses02M_script01_1_F026.wav,angry,Ses02,F,3.81
Ses02M_script01_1_F027,/mnt/ddn/kyudan/IEMOCAP/data/Ses02M_script01_1_F027.wav,angry,Ses02,F,3.35
Ses02M_script01_1_F032,/mnt/ddn/kyudan/IEMOCAP/data/Ses02M_script01_1_F032.wav,angry,Ses02,F,2.44
Ses02M_script01_1_F033,/mnt/ddn/kyudan/IEMOCAP/data/Ses02M_script01_1_F033.wav,angry,Ses02,F,2.81
Ses02M_script01_1_F034,/mnt/ddn/kyudan/IEMOCAP/data/Ses02M_script01_1_F034.wav,angry,Ses02,F,3.08
Ses02M_script01_1_F035,/mnt/ddn/kyudan/IEMOCAP/data/Ses02M_script01_1_F035.wav,angry,Ses02,F,2.59
Ses02M_script01_1_F036,/mnt/ddn/kyudan/IEMOCAP/data/Ses02M_script01_1_F036.wav,angry,Ses02,F,2.86
Ses02M_script01_1_F037,/mnt/ddn/kyudan/IEMOCAP/data/Ses02M_script01_1_F037.wav,angry,Ses02,F,2.76
Ses02M_script01_1_F041,/mnt/ddn/kyudan/IEMOCAP/data/Ses02M_script01_1_F041.wav,sad,Ses02,F,2.08
Ses02M_script01_1_M003,/mnt/ddn/kyudan/IEMOCAP/data/Ses02M_script01_1_M003.wav,sad,Ses02,M,5.8
Ses02M_script01_1_M004,/mnt/ddn/kyudan/IEMOCAP/data/Ses02M_script01_1_M004.wav,sad,Ses02,M,4.02
Ses02M_script01_1_M005,/mnt/ddn/kyudan/IEMOCAP/data/Ses02M_script01_1_M005.wav,sad,Ses02,M,2.96
Ses02M_script01_1_M012,/mnt/ddn/kyudan/IEMOCAP/data/Ses02M_script01_1_M012.wav,angry,Ses02,M,1.782
Ses02M_script01_1_M013,/mnt/ddn/kyudan/IEMOCAP/data/Ses02M_script01_1_M013.wav,angry,Ses02,M,5.17
Ses02M_script01_1_M016,/mnt/ddn/kyudan/IEMOCAP/data/Ses02M_script01_1_M016.wav,neutral,Ses02,M,3.88
Ses02M_script01_1_M017,/mnt/ddn/kyudan/IEMOCAP/data/Ses02M_script01_1_M017.wav,neutral,Ses02,M,1.41
Ses02M_script01_1_M018,/mnt/ddn/kyudan/IEMOCAP/data/Ses02M_script01_1_M018.wav,neutral,Ses02,M,2.43
Ses02M_script01_1_M021,/mnt/ddn/kyudan/IEMOCAP/data/Ses02M_script01_1_M021.wav,angry,Ses02,M,2.83
Ses02M_script01_1_M022,/mnt/ddn/kyudan/IEMOCAP/data/Ses02M_script01_1_M022.wav,angry,Ses02,M,10.69
Ses02M_script01_1_M024,/mnt/ddn/kyudan/IEMOCAP/data/Ses02M_script01_1_M024.wav,angry,Ses02,M,12.01
Ses02M_script01_1_M025,/mnt/ddn/kyudan/IEMOCAP/data/Ses02M_script01_1_M025.wav,angry,Ses02,M,1.74
Ses02M_script01_1_M026,/mnt/ddn/kyudan/IEMOCAP/data/Ses02M_script01_1_M026.wav,neutral,Ses02,M,2.39
Ses02M_script01_1_M027,/mnt/ddn/kyudan/IEMOCAP/data/Ses02M_script01_1_M027.wav,neutral,Ses02,M,5.48
Ses02M_script01_1_M028,/mnt/ddn/kyudan/IEMOCAP/data/Ses02M_script01_1_M028.wav,sad,Ses02,M,7.3
Ses02M_script01_1_M035,/mnt/ddn/kyudan/IEMOCAP/data/Ses02M_script01_1_M035.wav,sad,Ses02,M,4.7
Ses02M_script01_1_M036,/mnt/ddn/kyudan/IEMOCAP/data/Ses02M_script01_1_M036.wav,sad,Ses02,M,5.01
Ses02M_script01_1_M037,/mnt/ddn/kyudan/IEMOCAP/data/Ses02M_script01_1_M037.wav,angry,Ses02,M,4.35
Ses02M_script01_1_M038,/mnt/ddn/kyudan/IEMOCAP/data/Ses02M_script01_1_M038.wav,angry,Ses02,M,3.73
Ses02M_script01_1_M039,/mnt/ddn/kyudan/IEMOCAP/data/Ses02M_script01_1_M039.wav,angry,Ses02,M,7.25
Ses02M_script01_1_M040,/mnt/ddn/kyudan/IEMOCAP/data/Ses02M_script01_1_M040.wav,angry,Ses02,M,10.43
Ses02M_script01_1_M041,/mnt/ddn/kyudan/IEMOCAP/data/Ses02M_script01_1_M041.wav,sad,Ses02,M,2.83
Ses02M_script01_2_F000,/mnt/ddn/kyudan/IEMOCAP/data/Ses02M_script01_2_F000.wav,angry,Ses02,F,2.353
Ses02M_script01_2_F001,/mnt/ddn/kyudan/IEMOCAP/data/Ses02M_script01_2_F001.wav,angry,Ses02,F,4.09
Ses02M_script01_2_F002,/mnt/ddn/kyudan/IEMOCAP/data/Ses02M_script01_2_F002.wav,angry,Ses02,F,3.17
Ses02M_script01_2_F003,/mnt/ddn/kyudan/IEMOCAP/data/Ses02M_script01_2_F003.wav,angry,Ses02,F,2.33
Ses02M_script01_2_F005,/mnt/ddn/kyudan/IEMOCAP/data/Ses02M_script01_2_F005.wav,angry,Ses02,F,2.25
Ses02M_script01_2_F006,/mnt/ddn/kyudan/IEMOCAP/data/Ses02M_script01_2_F006.wav,angry,Ses02,F,3.58
Ses02M_script01_2_F010,/mnt/ddn/kyudan/IEMOCAP/data/Ses02M_script01_2_F010.wav,angry,Ses02,F,8.22
Ses02M_script01_2_F012,/mnt/ddn/kyudan/IEMOCAP/data/Ses02M_script01_2_F012.wav,sad,Ses02,F,7.52
Ses02M_script01_2_F013,/mnt/ddn/kyudan/IEMOCAP/data/Ses02M_script01_2_F013.wav,sad,Ses02,F,3.64
Ses02M_script01_2_M001,/mnt/ddn/kyudan/IEMOCAP/data/Ses02M_script01_2_M001.wav,neutral,Ses02,M,3.06
Ses02M_script01_2_M004,/mnt/ddn/kyudan/IEMOCAP/data/Ses02M_script01_2_M004.wav,neutral,Ses02,M,2.18
Ses02M_script01_2_M005,/mnt/ddn/kyudan/IEMOCAP/data/Ses02M_script01_2_M005.wav,neutral,Ses02,M,1.82
Ses02M_script01_2_M007,/mnt/ddn/kyudan/IEMOCAP/data/Ses02M_script01_2_M007.wav,neutral,Ses02,M,2.08
Ses02M_script01_2_M016,/mnt/ddn/kyudan/IEMOCAP/data/Ses02M_script01_2_M016.wav,angry,Ses02,M,2.69
Ses02M_script01_2_M017,/mnt/ddn/kyudan/IEMOCAP/data/Ses02M_script01_2_M017.wav,angry,Ses02,M,2.71
Ses02M_script01_3_F000,/mnt/ddn/kyudan/IEMOCAP/data/Ses02M_script01_3_F000.wav,happy,Ses02,F,3.734
Ses02M_script01_3_F001,/mnt/ddn/kyudan/IEMOCAP/data/Ses02M_script01_3_F001.wav,happy,Ses02,F,2.461
Ses02M_script01_3_F002,/mnt/ddn/kyudan/IEMOCAP/data/Ses02M_script01_3_F002.wav,happy,Ses02,F,5.108
Ses02M_script01_3_F003,/mnt/ddn/kyudan/IEMOCAP/data/Ses02M_script01_3_F003.wav,happy,Ses02,F,7.384
Ses02M_script01_3_F005,/mnt/ddn/kyudan/IEMOCAP/data/Ses02M_script01_3_F005.wav,happy,Ses02,F,6.934
Ses02M_script01_3_F007,/mnt/ddn/kyudan/IEMOCAP/data/Ses02M_script01_3_F007.wav,happy,Ses02,F,3.494
Ses02M_script01_3_F008,/mnt/ddn/kyudan/IEMOCAP/data/Ses02M_script01_3_F008.wav,neutral,Ses02,F,3.838
Ses02M_script01_3_F009,/mnt/ddn/kyudan/IEMOCAP/data/Ses02M_script01_3_F009.wav,happy,Ses02,F,4.791
Ses02M_script01_3_F010,/mnt/ddn/kyudan/IEMOCAP/data/Ses02M_script01_3_F010.wav,happy,Ses02,F,3.917
Ses02M_script01_3_F011,/mnt/ddn/kyudan/IEMOCAP/data/Ses02M_script01_3_F011.wav,happy,Ses02,F,4.023
Ses02M_script01_3_F012,/mnt/ddn/kyudan/IEMOCAP/data/Ses02M_script01_3_F012.wav,happy,Ses02,F,3.785
Ses02M_script01_3_F013,/mnt/ddn/kyudan/IEMOCAP/data/Ses02M_script01_3_F013.wav,happy,Ses02,F,2.197
Ses02M_script01_3_F014,/mnt/ddn/kyudan/IEMOCAP/data/Ses02M_script01_3_F014.wav,happy,Ses02,F,9.872
Ses02M_script01_3_F015,/mnt/ddn/kyudan/IEMOCAP/data/Ses02M_script01_3_F015.wav,happy,Ses02,F,9.078
Ses02M_script01_3_F016,/mnt/ddn/kyudan/IEMOCAP/data/Ses02M_script01_3_F016.wav,happy,Ses02,F,2.805
Ses02M_script01_3_F017,/mnt/ddn/kyudan/IEMOCAP/data/Ses02M_script01_3_F017.wav,happy,Ses02,F,6.432
Ses02M_script01_3_F019,/mnt/ddn/kyudan/IEMOCAP/data/Ses02M_script01_3_F019.wav,sad,Ses02,F,9.555
Ses02M_script01_3_F021,/mnt/ddn/kyudan/IEMOCAP/data/Ses02M_script01_3_F021.wav,sad,Ses02,F,3.811
Ses02M_script01_3_F025,/mnt/ddn/kyudan/IEMOCAP/data/Ses02M_script01_3_F025.wav,sad,Ses02,F,3.52
Ses02M_script01_3_F026,/mnt/ddn/kyudan/IEMOCAP/data/Ses02M_script01_3_F026.wav,sad,Ses02,F,9.502
Ses02M_script01_3_F027,/mnt/ddn/kyudan/IEMOCAP/data/Ses02M_script01_3_F027.wav,sad,Ses02,F,8.496
Ses02M_script01_3_F028,/mnt/ddn/kyudan/IEMOCAP/data/Ses02M_script01_3_F028.wav,happy,Ses02,F,3.361
Ses02M_script01_3_M000,/mnt/ddn/kyudan/IEMOCAP/data/Ses02M_script01_3_M000.wav,happy,Ses02,M,3.173
Ses02M_script01_3_M001,/mnt/ddn/kyudan/IEMOCAP/data/Ses02M_script01_3_M001.wav,happy,Ses02,M,2.858
Ses02M_script01_3_M002,/mnt/ddn/kyudan/IEMOCAP/data/Ses02M_script01_3_M002.wav,happy,Ses02,M,2.223
Ses02M_script01_3_M008,/mnt/ddn/kyudan/IEMOCAP/data/Ses02M_script01_3_M008.wav,happy,Ses02,M,9.872
Ses02M_script01_3_M009,/mnt/ddn/kyudan/IEMOCAP/data/Ses02M_script01_3_M009.wav,happy,Ses02,M,4.182
Ses02M_script01_3_M010,/mnt/ddn/kyudan/IEMOCAP/data/Ses02M_script01_3_M010.wav,happy,Ses02,M,10.137
Ses02M_script01_3_M011,/mnt/ddn/kyudan/IEMOCAP/data/Ses02M_script01_3_M011.wav,happy,Ses02,M,10.746
Ses02M_script01_3_M012,/mnt/ddn/kyudan/IEMOCAP/data/Ses02M_script01_3_M012.wav,happy,Ses02,M,3.758
Ses02M_script01_3_M014,/mnt/ddn/kyudan/IEMOCAP/data/Ses02M_script01_3_M014.wav,happy,Ses02,M,3.547
Ses02M_script01_3_M015,/mnt/ddn/kyudan/IEMOCAP/data/Ses02M_script01_3_M015.wav,happy,Ses02,M,2.832
Ses02M_script01_3_M016,/mnt/ddn/kyudan/IEMOCAP/data/Ses02M_script01_3_M016.wav,happy,Ses02,M,3.361
Ses02M_script01_3_M017,/mnt/ddn/kyudan/IEMOCAP/data/Ses02M_script01_3_M017.wav,happy,Ses02,M,7.685
Ses02M_script01_3_M018,/mnt/ddn/kyudan/IEMOCAP/data/Ses02M_script01_3_M018.wav,happy,Ses02,M,3.917
Ses02M_script01_3_M019,/mnt/ddn/kyudan/IEMOCAP/data/Ses02M_script01_3_M019.wav,happy,Ses02,M,2.223
Ses02M_script01_3_M020,/mnt/ddn/kyudan/IEMOCAP/data/Ses02M_script01_3_M020.wav,sad,Ses02,M,4.314
Ses02M_script01_3_M021,/mnt/ddn/kyudan/IEMOCAP/data/Ses02M_script01_3_M021.wav,sad,Ses02,M,3.441
Ses02M_script01_3_M022,/mnt/ddn/kyudan/IEMOCAP/data/Ses02M_script01_3_M022.wav,sad,Ses02,M,5.823
Ses02M_script01_3_M025,/mnt/ddn/kyudan/IEMOCAP/data/Ses02M_script01_3_M025.wav,sad,Ses02,M,3.917
Ses02M_script01_3_M026,/mnt/ddn/kyudan/IEMOCAP/data/Ses02M_script01_3_M026.wav,sad,Ses02,M,3.097
Ses02M_script01_3_M027,/mnt/ddn/kyudan/IEMOCAP/data/Ses02M_script01_3_M027.wav,sad,Ses02,M,7.226
Ses02M_script01_3_M028,/mnt/ddn/kyudan/IEMOCAP/data/Ses02M_script01_3_M028.wav,sad,Ses02,M,15.192
Ses02M_script01_3_M029,/mnt/ddn/kyudan/IEMOCAP/data/Ses02M_script01_3_M029.wav,sad,Ses02,M,10.164
Ses02M_script01_3_M030,/mnt/ddn/kyudan/IEMOCAP/data/Ses02M_script01_3_M030.wav,sad,Ses02,M,16.674
Ses02M_script01_3_M031,/mnt/ddn/kyudan/IEMOCAP/data/Ses02M_script01_3_M031.wav,sad,Ses02,M,12.466
Ses02M_script01_3_M032,/mnt/ddn/kyudan/IEMOCAP/data/Ses02M_script01_3_M032.wav,sad,Ses02,M,20.512
Ses02M_script01_3_M033,/mnt/ddn/kyudan/IEMOCAP/data/Ses02M_script01_3_M033.wav,sad,Ses02,M,22.524
Ses02M_script01_3_M034,/mnt/ddn/kyudan/IEMOCAP/data/Ses02M_script01_3_M034.wav,sad,Ses02,M,13.234
Ses02M_script01_3_M035,/mnt/ddn/kyudan/IEMOCAP/data/Ses02M_script01_3_M035.wav,sad,Ses02,M,14.107
Ses02M_script01_3_M036,/mnt/ddn/kyudan/IEMOCAP/data/Ses02M_script01_3_M036.wav,neutral,Ses02,M,3.467
Ses02M_script01_3_M037,/mnt/ddn/kyudan/IEMOCAP/data/Ses02M_script01_3_M037.wav,happy,Ses02,M,5.452
Ses02M_script02_1_F000,/mnt/ddn/kyudan/IEMOCAP/data/Ses02M_script02_1_F000.wav,neutral,Ses02,F,1.39
Ses02M_script02_1_F001,/mnt/ddn/kyudan/IEMOCAP/data/Ses02M_script02_1_F001.wav,neutral,Ses02,F,2.09
Ses02M_script02_1_F005,/mnt/ddn/kyudan/IEMOCAP/data/Ses02M_script02_1_F005.wav,neutral,Ses02,F,1.74
Ses02M_script02_1_F006,/mnt/ddn/kyudan/IEMOCAP/data/Ses02M_script02_1_F006.wav,neutral,Ses02,F,1.62
Ses02M_script02_1_F011,/mnt/ddn/kyudan/IEMOCAP/data/Ses02M_script02_1_F011.wav,neutral,Ses02,F,1.85
Ses02M_script02_1_F016,/mnt/ddn/kyudan/IEMOCAP/data/Ses02M_script02_1_F016.wav,sad,Ses02,F,1.63
Ses02M_script02_1_F017,/mnt/ddn/kyudan/IEMOCAP/data/Ses02M_script02_1_F017.wav,neutral,Ses02,F,0.99
Ses02M_script02_1_F018,/mnt/ddn/kyudan/IEMOCAP/data/Ses02M_script02_1_F018.wav,angry,Ses02,F,10.25
Ses02M_script02_1_F020,/mnt/ddn/kyudan/IEMOCAP/data/Ses02M_script02_1_F020.wav,neutral,Ses02,F,1.53
Ses02M_script02_1_F021,/mnt/ddn/kyudan/IEMOCAP/data/Ses02M_script02_1_F021.wav,neutral,Ses02,F,1.33
Ses02M_script02_1_M000,/mnt/ddn/kyudan/IEMOCAP/data/Ses02M_script02_1_M000.wav,happy,Ses02,M,3.35
Ses02M_script02_1_M001,/mnt/ddn/kyudan/IEMOCAP/data/Ses02M_script02_1_M001.wav,happy,Ses02,M,4.42
Ses02M_script02_1_M003,/mnt/ddn/kyudan/IEMOCAP/data/Ses02M_script02_1_M003.wav,happy,Ses02,M,1.43
Ses02M_script02_1_M004,/mnt/ddn/kyudan/IEMOCAP/data/Ses02M_script02_1_M004.wav,happy,Ses02,M,6.26
Ses02M_script02_1_M005,/mnt/ddn/kyudan/IEMOCAP/data/Ses02M_script02_1_M005.wav,happy,Ses02,M,5.61
Ses02M_script02_1_M006,/mnt/ddn/kyudan/IEMOCAP/data/Ses02M_script02_1_M006.wav,happy,Ses02,M,8.86
Ses02M_script02_1_M009,/mnt/ddn/kyudan/IEMOCAP/data/Ses02M_script02_1_M009.wav,happy,Ses02,M,2.27
Ses02M_script02_1_M010,/mnt/ddn/kyudan/IEMOCAP/data/Ses02M_script02_1_M010.wav,happy,Ses02,M,6.43
Ses02M_script02_1_M012,/mnt/ddn/kyudan/IEMOCAP/data/Ses02M_script02_1_M012.wav,happy,Ses02,M,5.29
Ses02M_script02_1_M013,/mnt/ddn/kyudan/IEMOCAP/data/Ses02M_script02_1_M013.wav,happy,Ses02,M,7.461
Ses02M_script02_1_M014,/mnt/ddn/kyudan/IEMOCAP/data/Ses02M_script02_1_M014.wav,happy,Ses02,M,6.54
Ses02M_script02_1_M015,/mnt/ddn/kyudan/IEMOCAP/data/Ses02M_script02_1_M015.wav,happy,Ses02,M,4.795
Ses02M_script02_1_M016,/mnt/ddn/kyudan/IEMOCAP/data/Ses02M_script02_1_M016.wav,happy,Ses02,M,6.306
Ses02M_script02_1_M017,/mnt/ddn/kyudan/IEMOCAP/data/Ses02M_script02_1_M017.wav,happy,Ses02,M,1.67
Ses02M_script02_1_M020,/mnt/ddn/kyudan/IEMOCAP/data/Ses02M_script02_1_M020.wav,happy,Ses02,M,1.68
Ses02M_script02_1_M021,/mnt/ddn/kyudan/IEMOCAP/data/Ses02M_script02_1_M021.wav,happy,Ses02,M,8.81
Ses02M_script02_1_M023,/mnt/ddn/kyudan/IEMOCAP/data/Ses02M_script02_1_M023.wav,happy,Ses02,M,5.19
Ses02M_script02_1_M024,/mnt/ddn/kyudan/IEMOCAP/data/Ses02M_script02_1_M024.wav,happy,Ses02,M,8.02
Ses02M_script02_1_M025,/mnt/ddn/kyudan/IEMOCAP/data/Ses02M_script02_1_M025.wav,happy,Ses02,M,10.123
Ses02M_script02_1_M026,/mnt/ddn/kyudan/IEMOCAP/data/Ses02M_script02_1_M026.wav,happy,Ses02,M,3.376
Ses02M_script02_1_M028,/mnt/ddn/kyudan/IEMOCAP/data/Ses02M_script02_1_M028.wav,happy,Ses02,M,9.95
Ses02M_script02_1_M029,/mnt/ddn/kyudan/IEMOCAP/data/Ses02M_script02_1_M029.wav,happy,Ses02,M,7.81
Ses02M_script02_1_M033,/mnt/ddn/kyudan/IEMOCAP/data/Ses02M_script02_1_M033.wav,happy,Ses02,M,2.05
Ses02M_script02_1_M035,/mnt/ddn/kyudan/IEMOCAP/data/Ses02M_script02_1_M035.wav,happy,Ses02,M,5.12
Ses02M_script02_1_M036,/mnt/ddn/kyudan/IEMOCAP/data/Ses02M_script02_1_M036.wav,happy,Ses02,M,9.72
Ses02M_script02_1_M037,/mnt/ddn/kyudan/IEMOCAP/data/Ses02M_script02_1_M037.wav,happy,Ses02,M,4.74
Ses02M_script02_1_M038,/mnt/ddn/kyudan/IEMOCAP/data/Ses02M_script02_1_M038.wav,happy,Ses02,M,8.56
Ses02M_script02_1_M039,/mnt/ddn/kyudan/IEMOCAP/data/Ses02M_script02_1_M039.wav,happy,Ses02,M,18.828
Ses02M_script02_1_M040,/mnt/ddn/kyudan/IEMOCAP/data/Ses02M_script02_1_M040.wav,happy,Ses02,M,11.53
Ses02M_script02_1_M041,/mnt/ddn/kyudan/IEMOCAP/data/Ses02M_script02_1_M041.wav,happy,Ses02,M,9.39
Ses02M_script02_1_M042,/mnt/ddn/kyudan/IEMOCAP/data/Ses02M_script02_1_M042.wav,happy,Ses02,M,3.47
Ses02M_script02_1_M043,/mnt/ddn/kyudan/IEMOCAP/data/Ses02M_script02_1_M043.wav,happy,Ses02,M,1.55
Ses02M_script02_1_M044,/mnt/ddn/kyudan/IEMOCAP/data/Ses02M_script02_1_M044.wav,happy,Ses02,M,1.61
Ses02M_script02_2_F005,/mnt/ddn/kyudan/IEMOCAP/data/Ses02M_script02_2_F005.wav,angry,Ses02,F,7.81
Ses02M_script02_2_F006,/mnt/ddn/kyudan/IEMOCAP/data/Ses02M_script02_2_F006.wav,angry,Ses02,F,4.37
Ses02M_script02_2_F011,/mnt/ddn/kyudan/IEMOCAP/data/Ses02M_script02_2_F011.wav,angry,Ses02,F,12.031
Ses02M_script02_2_F013,/mnt/ddn/kyudan/IEMOCAP/data/Ses02M_script02_2_F013.wav,angry,Ses02,F,6.57
Ses02M_script02_2_F015,/mnt/ddn/kyudan/IEMOCAP/data/Ses02M_script02_2_F015.wav,sad,Ses02,F,6.4
Ses02M_script02_2_F016,/mnt/ddn/kyudan/IEMOCAP/data/Ses02M_script02_2_F016.wav,sad,Ses02,F,8.9
Ses02M_script02_2_F017,/mnt/ddn/kyudan/IEMOCAP/data/Ses02M_script02_2_F017.wav,sad,Ses02,F,8.743
Ses02M_script02_2_F018,/mnt/ddn/kyudan/IEMOCAP/data/Ses02M_script02_2_F018.wav,sad,Ses02,F,8.11
Ses02M_script02_2_F019,/mnt/ddn/kyudan/IEMOCAP/data/Ses02M_script02_2_F019.wav,sad,Ses02,F,5.58
Ses02M_script02_2_F020,/mnt/ddn/kyudan/IEMOCAP/data/Ses02M_script02_2_F020.wav,sad,Ses02,F,5.41
Ses02M_script02_2_F021,/mnt/ddn/kyudan/IEMOCAP/data/Ses02M_script02_2_F021.wav,sad,Ses02,F,0.95
Ses02M_script02_2_F022,/mnt/ddn/kyudan/IEMOCAP/data/Ses02M_script02_2_F022.wav,sad,Ses02,F,0.97
Ses02M_script02_2_F023,/mnt/ddn/kyudan/IEMOCAP/data/Ses02M_script02_2_F023.wav,sad,Ses02,F,1.01
Ses02M_script02_2_F031,/mnt/ddn/kyudan/IEMOCAP/data/Ses02M_script02_2_F031.wav,sad,Ses02,F,5.31
Ses02M_script02_2_F034,/mnt/ddn/kyudan/IEMOCAP/data/Ses02M_script02_2_F034.wav,sad,Ses02,F,14.42
Ses02M_script02_2_F036,/mnt/ddn/kyudan/IEMOCAP/data/Ses02M_script02_2_F036.wav,happy,Ses02,F,3.88
Ses02M_script02_2_F037,/mnt/ddn/kyudan/IEMOCAP/data/Ses02M_script02_2_F037.wav,happy,Ses02,F,3.05
Ses02M_script02_2_F038,/mnt/ddn/kyudan/IEMOCAP/data/Ses02M_script02_2_F038.wav,sad,Ses02,F,7.35
Ses02M_script02_2_F039,/mnt/ddn/kyudan/IEMOCAP/data/Ses02M_script02_2_F039.wav,happy,Ses02,F,9.03
Ses02M_script02_2_F040,/mnt/ddn/kyudan/IEMOCAP/data/Ses02M_script02_2_F040.wav,happy,Ses02,F,6.94
Ses02M_script02_2_F041,/mnt/ddn/kyudan/IEMOCAP/data/Ses02M_script02_2_F041.wav,happy,Ses02,F,3.05
Ses02M_script02_2_F042,/mnt/ddn/kyudan/IEMOCAP/data/Ses02M_script02_2_F042.wav,happy,Ses02,F,2.76
Ses02M_script02_2_F043,/mnt/ddn/kyudan/IEMOCAP/data/Ses02M_script02_2_F043.wav,happy,Ses02,F,8.2
Ses02M_script02_2_F044,/mnt/ddn/kyudan/IEMOCAP/data/Ses02M_script02_2_F044.wav,sad,Ses02,F,2.19
Ses02M_script02_2_F045,/mnt/ddn/kyudan/IEMOCAP/data/Ses02M_script02_2_F045.wav,happy,Ses02,F,1.51
Ses02M_script02_2_F046,/mnt/ddn/kyudan/IEMOCAP/data/Ses02M_script02_2_F046.wav,neutral,Ses02,F,1.38
Ses02M_script02_2_M000,/mnt/ddn/kyudan/IEMOCAP/data/Ses02M_script02_2_M000.wav,neutral,Ses02,M,1.98
Ses02M_script02_2_M001,/mnt/ddn/kyudan/IEMOCAP/data/Ses02M_script02_2_M001.wav,neutral,Ses02,M,1.85
Ses02M_script02_2_M002,/mnt/ddn/kyudan/IEMOCAP/data/Ses02M_script02_2_M002.wav,neutral,Ses02,M,4.78
Ses02M_script02_2_M010,/mnt/ddn/kyudan/IEMOCAP/data/Ses02M_script02_2_M010.wav,neutral,Ses02,M,2.2
Ses02M_script02_2_M015,/mnt/ddn/kyudan/IEMOCAP/data/Ses02M_script02_2_M015.wav,neutral,Ses02,M,11.85
Ses02M_script02_2_M016,/mnt/ddn/kyudan/IEMOCAP/data/Ses02M_script02_2_M016.wav,neutral,Ses02,M,4.52
Ses02M_script02_2_M017,/mnt/ddn/kyudan/IEMOCAP/data/Ses02M_script02_2_M017.wav,neutral,Ses02,M,6.18
Ses02M_script02_2_M018,/mnt/ddn/kyudan/IEMOCAP/data/Ses02M_script02_2_M018.wav,happy,Ses02,M,2.08
Ses02M_script02_2_M019,/mnt/ddn/kyudan/IEMOCAP/data/Ses02M_script02_2_M019.wav,happy,Ses02,M,9.37
Ses02M_script02_2_M020,/mnt/ddn/kyudan/IEMOCAP/data/Ses02M_script02_2_M020.wav,happy,Ses02,M,5.55
Ses02M_script02_2_M021,/mnt/ddn/kyudan/IEMOCAP/data/Ses02M_script02_2_M021.wav,neutral,Ses02,M,5.47
Ses02M_script02_2_M022,/mnt/ddn/kyudan/IEMOCAP/data/Ses02M_script02_2_M022.wav,neutral,Ses02,M,2.28
Ses02M_script02_2_M023,/mnt/ddn/kyudan/IEMOCAP/data/Ses02M_script02_2_M023.wav,neutral,Ses02,M,1.8
Ses02M_script02_2_M024,/mnt/ddn/kyudan/IEMOCAP/data/Ses02M_script02_2_M024.wav,happy,Ses02,M,2.93
Ses02M_script02_2_M025,/mnt/ddn/kyudan/IEMOCAP/data/Ses02M_script02_2_M025.wav,neutral,Ses02,M,1.62
Ses02M_script02_2_M029,/mnt/ddn/kyudan/IEMOCAP/data/Ses02M_script02_2_M029.wav,angry,Ses02,M,12.94
Ses02M_script02_2_M035,/mnt/ddn/kyudan/IEMOCAP/data/Ses02M_script02_2_M035.wav,sad,Ses02,M,2.14
Ses02M_script02_2_M037,/mnt/ddn/kyudan/IEMOCAP/data/Ses02M_script02_2_M037.wav,sad,Ses02,M,3.67
Ses02M_script02_2_M038,/mnt/ddn/kyudan/IEMOCAP/data/Ses02M_script02_2_M038.wav,sad,Ses02,M,5.92
Ses02M_script02_2_M039,/mnt/ddn/kyudan/IEMOCAP/data/Ses02M_script02_2_M039.wav,happy,Ses02,M,1.31
Ses02M_script02_2_M040,/mnt/ddn/kyudan/IEMOCAP/data/Ses02M_script02_2_M040.wav,happy,Ses02,M,4.26
Ses02M_script02_2_M041,/mnt/ddn/kyudan/IEMOCAP/data/Ses02M_script02_2_M041.wav,happy,Ses02,M,6.103
Ses02M_script02_2_M042,/mnt/ddn/kyudan/IEMOCAP/data/Ses02M_script02_2_M042.wav,happy,Ses02,M,2.16
Ses02M_script02_2_M043,/mnt/ddn/kyudan/IEMOCAP/data/Ses02M_script02_2_M043.wav,happy,Ses02,M,1.89
Ses02M_script02_2_M044,/mnt/ddn/kyudan/IEMOCAP/data/Ses02M_script02_2_M044.wav,happy,Ses02,M,3.8
Ses02M_script02_2_M045,/mnt/ddn/kyudan/IEMOCAP/data/Ses02M_script02_2_M045.wav,happy,Ses02,M,4.18
Ses02M_script02_2_M046,/mnt/ddn/kyudan/IEMOCAP/data/Ses02M_script02_2_M046.wav,happy,Ses02,M,1.39
Ses02M_script03_1_F000,/mnt/ddn/kyudan/IEMOCAP/data/Ses02M_script03_1_F000.wav,happy,Ses02,F,1.882
Ses02M_script03_1_F001,/mnt/ddn/kyudan/IEMOCAP/data/Ses02M_script03_1_F001.wav,happy,Ses02,F,3.064
Ses02M_script03_1_F002,/mnt/ddn/kyudan/IEMOCAP/data/Ses02M_script03_1_F002.wav,happy,Ses02,F,2.703
Ses02M_script03_1_F003,/mnt/ddn/kyudan/IEMOCAP/data/Ses02M_script03_1_F003.wav,happy,Ses02,F,2.358
Ses02M_script03_1_F004,/mnt/ddn/kyudan/IEMOCAP/data/Ses02M_script03_1_F004.wav,happy,Ses02,F,2.823
Ses02M_script03_1_F005,/mnt/ddn/kyudan/IEMOCAP/data/Ses02M_script03_1_F005.wav,happy,Ses02,F,3.8
Ses02M_script03_1_F006,/mnt/ddn/kyudan/IEMOCAP/data/Ses02M_script03_1_F006.wav,happy,Ses02,F,2.733
Ses02M_script03_1_F007,/mnt/ddn/kyudan/IEMOCAP/data/Ses02M_script03_1_F007.wav,happy,Ses02,F,4.07
Ses02M_script03_1_F008,/mnt/ddn/kyudan/IEMOCAP/data/Ses02M_script03_1_F008.wav,happy,Ses02,F,3.439
Ses02M_script03_1_F009,/mnt/ddn/kyudan/IEMOCAP/data/Ses02M_script03_1_F009.wav,happy,Ses02,F,3.619
Ses02M_script03_1_F010,/mnt/ddn/kyudan/IEMOCAP/data/Ses02M_script03_1_F010.wav,happy,Ses02,F,2.148
Ses02M_script03_1_F011,/mnt/ddn/kyudan/IEMOCAP/data/Ses02M_script03_1_F011.wav,happy,Ses02,F,2.658
Ses02M_script03_1_F012,/mnt/ddn/kyudan/IEMOCAP/data/Ses02M_script03_1_F012.wav,happy,Ses02,F,1.502
Ses02M_script03_1_F013,/mnt/ddn/kyudan/IEMOCAP/data/Ses02M_script03_1_F013.wav,happy,Ses02,F,3.394
Ses02M_script03_1_F014,/mnt/ddn/kyudan/IEMOCAP/data/Ses02M_script03_1_F014.wav,happy,Ses02,F,3.724
Ses02M_script03_1_F015,/mnt/ddn/kyudan/IEMOCAP/data/Ses02M_script03_1_F015.wav,sad,Ses02,F,2.508
Ses02M_script03_1_F017,/mnt/ddn/kyudan/IEMOCAP/data/Ses02M_script03_1_F017.wav,happy,Ses02,F,2.373
Ses02M_script03_1_F018,/mnt/ddn/kyudan/IEMOCAP/data/Ses02M_script03_1_F018.wav,happy,Ses02,F,3.139
Ses02M_script03_1_F019,/mnt/ddn/kyudan/IEMOCAP/data/Ses02M_script03_1_F019.wav,happy,Ses02,F,2.613
Ses02M_script03_1_F020,/mnt/ddn/kyudan/IEMOCAP/data/Ses02M_script03_1_F020.wav,happy,Ses02,F,7.404
Ses02M_script03_1_F021,/mnt/ddn/kyudan/IEMOCAP/data/Ses02M_script03_1_F021.wav,happy,Ses02,F,2.673
Ses02M_script03_1_F022,/mnt/ddn/kyudan/IEMOCAP/data/Ses02M_script03_1_F022.wav,happy,Ses02,F,5.151
Ses02M_script03_1_F023,/mnt/ddn/kyudan/IEMOCAP/data/Ses02M_script03_1_F023.wav,happy,Ses02,F,6.728
Ses02M_script03_1_F024,/mnt/ddn/kyudan/IEMOCAP/data/Ses02M_script03_1_F024.wav,happy,Ses02,F,2.778
Ses02M_script03_1_F025,/mnt/ddn/kyudan/IEMOCAP/data/Ses02M_script03_1_F025.wav,happy,Ses02,F,4.551
Ses02M_script03_1_F026,/mnt/ddn/kyudan/IEMOCAP/data/Ses02M_script03_1_F026.wav,happy,Ses02,F,3.274
Ses02M_script03_1_F027,/mnt/ddn/kyudan/IEMOCAP/data/Ses02M_script03_1_F027.wav,happy,Ses02,F,7.87
Ses02M_script03_1_F028,/mnt/ddn/kyudan/IEMOCAP/data/Ses02M_script03_1_F028.wav,happy,Ses02,F,4.566
Ses02M_script03_1_F029,/mnt/ddn/kyudan/IEMOCAP/data/Ses02M_script03_1_F029.wav,happy,Ses02,F,2.808
Ses02M_script03_1_M001,/mnt/ddn/kyudan/IEMOCAP/data/Ses02M_script03_1_M001.wav,happy,Ses02,M,1.457
Ses02M_script03_1_M004,/mnt/ddn/kyudan/IEMOCAP/data/Ses02M_script03_1_M004.wav,happy,Ses02,M,1.712
Ses02M_script03_1_M005,/mnt/ddn/kyudan/IEMOCAP/data/Ses02M_script03_1_M005.wav,happy,Ses02,M,6.62
Ses02M_script03_1_M007,/mnt/ddn/kyudan/IEMOCAP/data/Ses02M_script03_1_M007.wav,happy,Ses02,M,2.087
Ses02M_script03_1_M008,/mnt/ddn/kyudan/IEMOCAP/data/Ses02M_script03_1_M008.wav,happy,Ses02,M,4.46
Ses02M_script03_1_M009,/mnt/ddn/kyudan/IEMOCAP/data/Ses02M_script03_1_M009.wav,sad,Ses02,M,1.982
Ses02M_script03_1_M010,/mnt/ddn/kyudan/IEMOCAP/data/Ses02M_script03_1_M010.wav,happy,Ses02,M,3.695
Ses02M_script03_1_M011,/mnt/ddn/kyudan/IEMOCAP/data/Ses02M_script03_1_M011.wav,happy,Ses02,M,9.101
Ses02M_script03_1_M012,/mnt/ddn/kyudan/IEMOCAP/data/Ses02M_script03_1_M012.wav,happy,Ses02,M,3.139
Ses02M_script03_1_M014,/mnt/ddn/kyudan/IEMOCAP/data/Ses02M_script03_1_M014.wav,happy,Ses02,M,3.972
Ses02M_script03_1_M015,/mnt/ddn/kyudan/IEMOCAP/data/Ses02M_script03_1_M015.wav,happy,Ses02,M,3.319
Ses02M_script03_1_M016,/mnt/ddn/kyudan/IEMOCAP/data/Ses02M_script03_1_M016.wav,sad,Ses02,M,3.815
Ses02M_script03_1_M017,/mnt/ddn/kyudan/IEMOCAP/data/Ses02M_script03_1_M017.wav,happy,Ses02,M,2.508
Ses02M_script03_1_M018,/mnt/ddn/kyudan/IEMOCAP/data/Ses02M_script03_1_M018.wav,happy,Ses02,M,2.869
Ses02M_script03_1_M019,/mnt/ddn/kyudan/IEMOCAP/data/Ses02M_script03_1_M019.wav,happy,Ses02,M,6.052
Ses02M_script03_1_M020,/mnt/ddn/kyudan/IEMOCAP/data/Ses02M_script03_1_M020.wav,happy,Ses02,M,2.598
Ses02M_script03_1_M021,/mnt/ddn/kyudan/IEMOCAP/data/Ses02M_script03_1_M021.wav,happy,Ses02,M,13.707
Ses02M_script03_1_M022,/mnt/ddn/kyudan/IEMOCAP/data/Ses02M_script03_1_M022.wav,happy,Ses02,M,4.795
Ses02M_script03_1_M023,/mnt/ddn/kyudan/IEMOCAP/data/Ses02M_script03_1_M023.wav,happy,Ses02,M,12.075
Ses02M_script03_1_M024,/mnt/ddn/kyudan/IEMOCAP/data/Ses02M_script03_1_M024.wav,happy,Ses02,M,3.664
Ses02M_script03_1_M025,/mnt/ddn/kyudan/IEMOCAP/data/Ses02M_script03_1_M025.wav,happy,Ses02,M,5.031
Ses02M_script03_1_M026,/mnt/ddn/kyudan/IEMOCAP/data/Ses02M_script03_1_M026.wav,happy,Ses02,M,2.223
Ses02M_script03_1_M027,/mnt/ddn/kyudan/IEMOCAP/data/Ses02M_script03_1_M027.wav,happy,Ses02,M,2.208
Ses02M_script03_1_M028,/mnt/ddn/kyudan/IEMOCAP/data/Ses02M_script03_1_M028.wav,happy,Ses02,M,5.121
Ses02M_script03_1_M029,/mnt/ddn/kyudan/IEMOCAP/data/Ses02M_script03_1_M029.wav,happy,Ses02,M,2.583
Ses02M_script03_1_M030,/mnt/ddn/kyudan/IEMOCAP/data/Ses02M_script03_1_M030.wav,happy,Ses02,M,2.403
Ses02M_script03_1_M031,/mnt/ddn/kyudan/IEMOCAP/data/Ses02M_script03_1_M031.wav,happy,Ses02,M,2.523
Ses02M_script03_1_M032,/mnt/ddn/kyudan/IEMOCAP/data/Ses02M_script03_1_M032.wav,happy,Ses02,M,2.388
Ses02M_script03_1_M033,/mnt/ddn/kyudan/IEMOCAP/data/Ses02M_script03_1_M033.wav,happy,Ses02,M,4.866
Ses02M_script03_2_F000,/mnt/ddn/kyudan/IEMOCAP/data/Ses02M_script03_2_F000.wav,happy,Ses02,F,3.021
Ses02M_script03_2_F001,/mnt/ddn/kyudan/IEMOCAP/data/Ses02M_script03_2_F001.wav,happy,Ses02,F,2.949
Ses02M_script03_2_F002,/mnt/ddn/kyudan/IEMOCAP/data/Ses02M_script03_2_F002.wav,neutral,Ses02,F,4.884
Ses02M_script03_2_F003,/mnt/ddn/kyudan/IEMOCAP/data/Ses02M_script03_2_F003.wav,neutral,Ses02,F,4.342
Ses02M_script03_2_F004,/mnt/ddn/kyudan/IEMOCAP/data/Ses02M_script03_2_F004.wav,happy,Ses02,F,3.582
Ses02M_script03_2_F005,/mnt/ddn/kyudan/IEMOCAP/data/Ses02M_script03_2_F005.wav,neutral,Ses02,F,1.61
Ses02M_script03_2_F006,/mnt/ddn/kyudan/IEMOCAP/data/Ses02M_script03_2_F006.wav,neutral,Ses02,F,2.985
Ses02M_script03_2_F007,/mnt/ddn/kyudan/IEMOCAP/data/Ses02M_script03_2_F007.wav,neutral,Ses02,F,4.957
Ses02M_script03_2_F009,/mnt/ddn/kyudan/IEMOCAP/data/Ses02M_script03_2_F009.wav,neutral,Ses02,F,1.899
Ses02M_script03_2_F011,/mnt/ddn/kyudan/IEMOCAP/data/Ses02M_script03_2_F011.wav,neutral,Ses02,F,4.36
Ses02M_script03_2_F012,/mnt/ddn/kyudan/IEMOCAP/data/Ses02M_script03_2_F012.wav,neutral,Ses02,F,2.786
Ses02M_script03_2_F014,/mnt/ddn/kyudan/IEMOCAP/data/Ses02M_script03_2_F014.wav,angry,Ses02,F,1.284
Ses02M_script03_2_F015,/mnt/ddn/kyudan/IEMOCAP/data/Ses02M_script03_2_F015.wav,neutral,Ses02,F,4.921
Ses02M_script03_2_F019,/mnt/ddn/kyudan/IEMOCAP/data/Ses02M_script03_2_F019.wav,angry,Ses02,F,1.719
Ses02M_script03_2_F023,/mnt/ddn/kyudan/IEMOCAP/data/Ses02M_script03_2_F023.wav,angry,Ses02,F,6.838
Ses02M_script03_2_F024,/mnt/ddn/kyudan/IEMOCAP/data/Ses02M_script03_2_F024.wav,neutral,Ses02,F,3.564
Ses02M_script03_2_F028,/mnt/ddn/kyudan/IEMOCAP/data/Ses02M_script03_2_F028.wav,angry,Ses02,F,2.153
Ses02M_script03_2_F035,/mnt/ddn/kyudan/IEMOCAP/data/Ses02M_script03_2_F035.wav,angry,Ses02,F,4.179
Ses02M_script03_2_F036,/mnt/ddn/kyudan/IEMOCAP/data/Ses02M_script03_2_F036.wav,angry,Ses02,F,2.084
Ses02M_script03_2_F037,/mnt/ddn/kyudan/IEMOCAP/data/Ses02M_script03_2_F037.wav,angry,Ses02,F,5.879
Ses02M_script03_2_F038,/mnt/ddn/kyudan/IEMOCAP/data/Ses02M_script03_2_F038.wav,angry,Ses02,F,6.513
Ses02M_script03_2_F039,/mnt/ddn/kyudan/IEMOCAP/data/Ses02M_script03_2_F039.wav,angry,Ses02,F,4.233
Ses02M_script03_2_F040,/mnt/ddn/kyudan/IEMOCAP/data/Ses02M_script03_2_F040.wav,angry,Ses02,F,2.098
Ses02M_script03_2_F041,/mnt/ddn/kyudan/IEMOCAP/data/Ses02M_script03_2_F041.wav,angry,Ses02,F,11.432
Ses02M_script03_2_F042,/mnt/ddn/kyudan/IEMOCAP/data/Ses02M_script03_2_F042.wav,angry,Ses02,F,3.888
Ses02M_script03_2_M000,/mnt/ddn/kyudan/IEMOCAP/data/Ses02M_script03_2_M000.wav,neutral,Ses02,M,3.889
Ses02M_script03_2_M001,/mnt/ddn/kyudan/IEMOCAP/data/Ses02M_script03_2_M001.wav,angry,Ses02,M,3.654
Ses02M_script03_2_M003,/mnt/ddn/kyudan/IEMOCAP/data/Ses02M_script03_2_M003.wav,angry,Ses02,M,4.125
Ses02M_script03_2_M004,/mnt/ddn/kyudan/IEMOCAP/data/Ses02M_script03_2_M004.wav,happy,Ses02,M,3.473
Ses02M_script03_2_M005,/mnt/ddn/kyudan/IEMOCAP/data/Ses02M_script03_2_M005.wav,angry,Ses02,M,2.659
Ses02M_script03_2_M007,/mnt/ddn/kyudan/IEMOCAP/data/Ses02M_script03_2_M007.wav,angry,Ses02,M,2.08
Ses02M_script03_2_M010,/mnt/ddn/kyudan/IEMOCAP/data/Ses02M_script03_2_M010.wav,neutral,Ses02,M,2.37
Ses02M_script03_2_M011,/mnt/ddn/kyudan/IEMOCAP/data/Ses02M_script03_2_M011.wav,neutral,Ses02,M,4.215
Ses02M_script03_2_M012,/mnt/ddn/kyudan/IEMOCAP/data/Ses02M_script03_2_M012.wav,neutral,Ses02,M,6.657
Ses02M_script03_2_M016,/mnt/ddn/kyudan/IEMOCAP/data/Ses02M_script03_2_M016.wav,neutral,Ses02,M,2.931
Ses02M_script03_2_M018,/mnt/ddn/kyudan/IEMOCAP/data/Ses02M_script03_2_M018.wav,neutral,Ses02,M,3.292
Ses02M_script03_2_M024,/mnt/ddn/kyudan/IEMOCAP/data/Ses02M_script03_2_M024.wav,neutral,Ses02,M,4.215
Ses02M_script03_2_M026,/mnt/ddn/kyudan/IEMOCAP/data/Ses02M_script03_2_M026.wav,angry,Ses02,M,3.039
Ses02M_script03_2_M027,/mnt/ddn/kyudan/IEMOCAP/data/Ses02M_script03_2_M027.wav,angry,Ses02,M,3.817
Ses02M_script03_2_M031,/mnt/ddn/kyudan/IEMOCAP/data/Ses02M_script03_2_M031.wav,angry,Ses02,M,4.704
Ses02M_script03_2_M032,/mnt/ddn/kyudan/IEMOCAP/data/Ses02M_script03_2_M032.wav,neutral,Ses02,M,2.641
Ses02M_script03_2_M033,/mnt/ddn/kyudan/IEMOCAP/data/Ses02M_script03_2_M033.wav,neutral,Ses02,M,2.135
Ses02M_script03_2_M039,/mnt/ddn/kyudan/IEMOCAP/data/Ses02M_script03_2_M039.wav,angry,Ses02,M,1.755
Ses02M_script03_2_M040,/mnt/ddn/kyudan/IEMOCAP/data/Ses02M_script03_2_M040.wav,angry,Ses02,M,2.659
Ses02M_script03_2_M041,/mnt/ddn/kyudan/IEMOCAP/data/Ses02M_script03_2_M041.wav,angry,Ses02,M,2.46
Ses02M_script03_2_M042,/mnt/ddn/kyudan/IEMOCAP/data/Ses02M_script03_2_M042.wav,angry,Ses02,M,6.476
Ses02M_script03_2_M043,/mnt/ddn/kyudan/IEMOCAP/data/Ses02M_script03_2_M043.wav,angry,Ses02,M,2.135
Ses02M_script03_2_M044,/mnt/ddn/kyudan/IEMOCAP/data/Ses02M_script03_2_M044.wav,angry,Ses02,M,1.845
Ses02M_script03_2_M045,/mnt/ddn/kyudan/IEMOCAP/data/Ses02M_script03_2_M045.wav,angry,Ses02,M,1.52
Ses02M_script03_2_M046,/mnt/ddn/kyudan/IEMOCAP/data/Ses02M_script03_2_M046.wav,angry,Ses02,M,1.158
Ses02M_script03_2_M047,/mnt/ddn/kyudan/IEMOCAP/data/Ses02M_script03_2_M047.wav,angry,Ses02,M,9.751
Ses03F_impro01_F000,/mnt/ddn/kyudan/IEMOCAP/data/Ses03F_impro01_F000.wav,happy,Ses03,F,6.58
Ses03F_impro01_F001,/mnt/ddn/kyudan/IEMOCAP/data/Ses03F_impro01_F001.wav,happy,Ses03,F,3.19
Ses03F_impro01_F002,/mnt/ddn/kyudan/IEMOCAP/data/Ses03F_impro01_F002.wav,neutral,Ses03,F,1.855
Ses03F_impro01_F010,/mnt/ddn/kyudan/IEMOCAP/data/Ses03F_impro01_F010.wav,angry,Ses03,F,4.558
Ses03F_impro01_M001,/mnt/ddn/kyudan/IEMOCAP/data/Ses03F_impro01_M001.wav,neutral,Ses03,M,4.183
Ses03F_impro01_M002,/mnt/ddn/kyudan/IEMOCAP/data/Ses03F_impro01_M002.wav,neutral,Ses03,M,7.678
Ses03F_impro01_M003,/mnt/ddn/kyudan/IEMOCAP/data/Ses03F_impro01_M003.wav,neutral,Ses03,M,1.302
Ses03F_impro01_M004,/mnt/ddn/kyudan/IEMOCAP/data/Ses03F_impro01_M004.wav,neutral,Ses03,M,2.373
Ses03F_impro01_M005,/mnt/ddn/kyudan/IEMOCAP/data/Ses03F_impro01_M005.wav,neutral,Ses03,M,1.597
Ses03F_impro01_M010,/mnt/ddn/kyudan/IEMOCAP/data/Ses03F_impro01_M010.wav,angry,Ses03,M,3.487
Ses03F_impro01_M011,/mnt/ddn/kyudan/IEMOCAP/data/Ses03F_impro01_M011.wav,angry,Ses03,M,2.955
Ses03F_impro02_F000,/mnt/ddn/kyudan/IEMOCAP/data/Ses03F_impro02_F000.wav,neutral,Ses03,F,1.91
Ses03F_impro02_F001,/mnt/ddn/kyudan/IEMOCAP/data/Ses03F_impro02_F001.wav,neutral,Ses03,F,1.02
Ses03F_impro02_F002,/mnt/ddn/kyudan/IEMOCAP/data/Ses03F_impro02_F002.wav,happy,Ses03,F,1.582
Ses03F_impro02_F003,/mnt/ddn/kyudan/IEMOCAP/data/Ses03F_impro02_F003.wav,happy,Ses03,F,9.475
Ses03F_impro02_F004,/mnt/ddn/kyudan/IEMOCAP/data/Ses03F_impro02_F004.wav,happy,Ses03,F,1.517
Ses03F_impro02_F005,/mnt/ddn/kyudan/IEMOCAP/data/Ses03F_impro02_F005.wav,happy,Ses03,F,1.135
Ses03F_impro02_F006,/mnt/ddn/kyudan/IEMOCAP/data/Ses03F_impro02_F006.wav,happy,Ses03,F,11.662
Ses03F_impro02_F007,/mnt/ddn/kyudan/IEMOCAP/data/Ses03F_impro02_F007.wav,happy,Ses03,F,5.457
Ses03F_impro02_F008,/mnt/ddn/kyudan/IEMOCAP/data/Ses03F_impro02_F008.wav,sad,Ses03,F,13.33
Ses03F_impro02_F009,/mnt/ddn/kyudan/IEMOCAP/data/Ses03F_impro02_F009.wav,happy,Ses03,F,10.127
Ses03F_impro02_F010,/mnt/ddn/kyudan/IEMOCAP/data/Ses03F_impro02_F010.wav,sad,Ses03,F,1.82
Ses03F_impro02_F011,/mnt/ddn/kyudan/IEMOCAP/data/Ses03F_impro02_F011.wav,sad,Ses03,F,4.402
Ses03F_impro02_F012,/mnt/ddn/kyudan/IEMOCAP/data/Ses03F_impro02_F012.wav,sad,Ses03,F,1.0
Ses03F_impro02_F015,/mnt/ddn/kyudan/IEMOCAP/data/Ses03F_impro02_F015.wav,sad,Ses03,F,1.865
Ses03F_impro02_F018,/mnt/ddn/kyudan/IEMOCAP/data/Ses03F_impro02_F018.wav,sad,Ses03,F,3.728
Ses03F_impro02_F019,/mnt/ddn/kyudan/IEMOCAP/data/Ses03F_impro02_F019.wav,sad,Ses03,F,4.135
Ses03F_impro02_F020,/mnt/ddn/kyudan/IEMOCAP/data/Ses03F_impro02_F020.wav,sad,Ses03,F,3.79
Ses03F_impro02_F021,/mnt/ddn/kyudan/IEMOCAP/data/Ses03F_impro02_F021.wav,sad,Ses03,F,6.62
Ses03F_impro02_F023,/mnt/ddn/kyudan/IEMOCAP/data/Ses03F_impro02_F023.wav,sad,Ses03,F,2.327
Ses03F_impro02_F024,/mnt/ddn/kyudan/IEMOCAP/data/Ses03F_impro02_F024.wav,sad,Ses03,F,4.46
Ses03F_impro02_F025,/mnt/ddn/kyudan/IEMOCAP/data/Ses03F_impro02_F025.wav,sad,Ses03,F,1.967
Ses03F_impro02_F026,/mnt/ddn/kyudan/IEMOCAP/data/Ses03F_impro02_F026.wav,sad,Ses03,F,2.29
Ses03F_impro02_F027,/mnt/ddn/kyudan/IEMOCAP/data/Ses03F_impro02_F027.wav,sad,Ses03,F,5.532
Ses03F_impro02_F028,/mnt/ddn/kyudan/IEMOCAP/data/Ses03F_impro02_F028.wav,sad,Ses03,F,2.335
Ses03F_impro02_F029,/mnt/ddn/kyudan/IEMOCAP/data/Ses03F_impro02_F029.wav,sad,Ses03,F,8.615
Ses03F_impro02_F031,/mnt/ddn/kyudan/IEMOCAP/data/Ses03F_impro02_F031.wav,sad,Ses03,F,4.335
Ses03F_impro02_F032,/mnt/ddn/kyudan/IEMOCAP/data/Ses03F_impro02_F032.wav,sad,Ses03,F,1.44
Ses03F_impro02_F033,/mnt/ddn/kyudan/IEMOCAP/data/Ses03F_impro02_F033.wav,sad,Ses03,F,4.668
Ses03F_impro02_F034,/mnt/ddn/kyudan/IEMOCAP/data/Ses03F_impro02_F034.wav,sad,Ses03,F,3.05
Ses03F_impro02_F035,/mnt/ddn/kyudan/IEMOCAP/data/Ses03F_impro02_F035.wav,sad,Ses03,F,3.505
Ses03F_impro02_F036,/mnt/ddn/kyudan/IEMOCAP/data/Ses03F_impro02_F036.wav,sad,Ses03,F,6.272
Ses03F_impro02_F037,/mnt/ddn/kyudan/IEMOCAP/data/Ses03F_impro02_F037.wav,sad,Ses03,F,7.572
Ses03F_impro02_F038,/mnt/ddn/kyudan/IEMOCAP/data/Ses03F_impro02_F038.wav,sad,Ses03,F,2.73
Ses03F_impro02_F039,/mnt/ddn/kyudan/IEMOCAP/data/Ses03F_impro02_F039.wav,sad,Ses03,F,3.515
Ses03F_impro02_F040,/mnt/ddn/kyudan/IEMOCAP/data/Ses03F_impro02_F040.wav,sad,Ses03,F,1.585
Ses03F_impro02_F041,/mnt/ddn/kyudan/IEMOCAP/data/Ses03F_impro02_F041.wav,sad,Ses03,F,6.95
Ses03F_impro02_F042,/mnt/ddn/kyudan/IEMOCAP/data/Ses03F_impro02_F042.wav,sad,Ses03,F,1.657
Ses03F_impro02_F043,/mnt/ddn/kyudan/IEMOCAP/data/Ses03F_impro02_F043.wav,sad,Ses03,F,2.287
Ses03F_impro02_M000,/mnt/ddn/kyudan/IEMOCAP/data/Ses03F_impro02_M000.wav,neutral,Ses03,M,1.808
Ses03F_impro02_M001,/mnt/ddn/kyudan/IEMOCAP/data/Ses03F_impro02_M001.wav,happy,Ses03,M,7.44
Ses03F_impro02_M002,/mnt/ddn/kyudan/IEMOCAP/data/Ses03F_impro02_M002.wav,happy,Ses03,M,2.0
Ses03F_impro02_M003,/mnt/ddn/kyudan/IEMOCAP/data/Ses03F_impro02_M003.wav,happy,Ses03,M,2.767
Ses03F_impro02_M007,/mnt/ddn/kyudan/IEMOCAP/data/Ses03F_impro02_M007.wav,angry,Ses03,M,3.212
Ses03F_impro02_M014,/mnt/ddn/kyudan/IEMOCAP/data/Ses03F_impro02_M014.wav,sad,Ses03,M,2.145
Ses03F_impro02_M016,/mnt/ddn/kyudan/IEMOCAP/data/Ses03F_impro02_M016.wav,sad,Ses03,M,3.132
Ses03F_impro02_M017,/mnt/ddn/kyudan/IEMOCAP/data/Ses03F_impro02_M017.wav,sad,Ses03,M,1.647
Ses03F_impro02_M018,/mnt/ddn/kyudan/IEMOCAP/data/Ses03F_impro02_M018.wav,sad,Ses03,M,4.09
Ses03F_impro02_M019,/mnt/ddn/kyudan/IEMOCAP/data/Ses03F_impro02_M019.wav,sad,Ses03,M,5.5
Ses03F_impro02_M020,/mnt/ddn/kyudan/IEMOCAP/data/Ses03F_impro02_M020.wav,sad,Ses03,M,4.11
Ses03F_impro02_M021,/mnt/ddn/kyudan/IEMOCAP/data/Ses03F_impro02_M021.wav,sad,Ses03,M,2.075
Ses03F_impro02_M023,/mnt/ddn/kyudan/IEMOCAP/data/Ses03F_impro02_M023.wav,angry,Ses03,M,6.055
Ses03F_impro02_M024,/mnt/ddn/kyudan/IEMOCAP/data/Ses03F_impro02_M024.wav,sad,Ses03,M,2.425
Ses03F_impro02_M025,/mnt/ddn/kyudan/IEMOCAP/data/Ses03F_impro02_M025.wav,sad,Ses03,M,2.3
Ses03F_impro02_M026,/mnt/ddn/kyudan/IEMOCAP/data/Ses03F_impro02_M026.wav,angry,Ses03,M,4.595
Ses03F_impro02_M027,/mnt/ddn/kyudan/IEMOCAP/data/Ses03F_impro02_M027.wav,angry,Ses03,M,6.527
Ses03F_impro02_M028,/mnt/ddn/kyudan/IEMOCAP/data/Ses03F_impro02_M028.wav,sad,Ses03,M,5.317
Ses03F_impro02_M029,/mnt/ddn/kyudan/IEMOCAP/data/Ses03F_impro02_M029.wav,sad,Ses03,M,4.76
Ses03F_impro02_M030,/mnt/ddn/kyudan/IEMOCAP/data/Ses03F_impro02_M030.wav,angry,Ses03,M,4.48
Ses03F_impro02_M031,/mnt/ddn/kyudan/IEMOCAP/data/Ses03F_impro02_M031.wav,sad,Ses03,M,2.27
Ses03F_impro03_F000,/mnt/ddn/kyudan/IEMOCAP/data/Ses03F_impro03_F000.wav,happy,Ses03,F,11.201
Ses03F_impro03_F001,/mnt/ddn/kyudan/IEMOCAP/data/Ses03F_impro03_F001.wav,happy,Ses03,F,2.95
Ses03F_impro03_F002,/mnt/ddn/kyudan/IEMOCAP/data/Ses03F_impro03_F002.wav,happy,Ses03,F,11.495
Ses03F_impro03_F003,/mnt/ddn/kyudan/IEMOCAP/data/Ses03F_impro03_F003.wav,happy,Ses03,F,15.764
Ses03F_impro03_F004,/mnt/ddn/kyudan/IEMOCAP/data/Ses03F_impro03_F004.wav,happy,Ses03,F,5.211
Ses03F_impro03_F005,/mnt/ddn/kyudan/IEMOCAP/data/Ses03F_impro03_F005.wav,happy,Ses03,F,2.78
Ses03F_impro03_F006,/mnt/ddn/kyudan/IEMOCAP/data/Ses03F_impro03_F006.wav,happy,Ses03,F,7.059
Ses03F_impro03_F007,/mnt/ddn/kyudan/IEMOCAP/data/Ses03F_impro03_F007.wav,happy,Ses03,F,5.161
Ses03F_impro03_F008,/mnt/ddn/kyudan/IEMOCAP/data/Ses03F_impro03_F008.wav,happy,Ses03,F,5.332
Ses03F_impro03_F009,/mnt/ddn/kyudan/IEMOCAP/data/Ses03F_impro03_F009.wav,happy,Ses03,F,8.328
Ses03F_impro03_F010,/mnt/ddn/kyudan/IEMOCAP/data/Ses03F_impro03_F010.wav,happy,Ses03,F,4.17
Ses03F_impro03_F011,/mnt/ddn/kyudan/IEMOCAP/data/Ses03F_impro03_F011.wav,happy,Ses03,F,9.301
Ses03F_impro03_F012,/mnt/ddn/kyudan/IEMOCAP/data/Ses03F_impro03_F012.wav,happy,Ses03,F,3.413
Ses03F_impro03_F013,/mnt/ddn/kyudan/IEMOCAP/data/Ses03F_impro03_F013.wav,happy,Ses03,F,3.824
Ses03F_impro03_F014,/mnt/ddn/kyudan/IEMOCAP/data/Ses03F_impro03_F014.wav,happy,Ses03,F,2.377
Ses03F_impro03_F015,/mnt/ddn/kyudan/IEMOCAP/data/Ses03F_impro03_F015.wav,happy,Ses03,F,7.017
Ses03F_impro03_F016,/mnt/ddn/kyudan/IEMOCAP/data/Ses03F_impro03_F016.wav,happy,Ses03,F,1.667
Ses03F_impro03_F017,/mnt/ddn/kyudan/IEMOCAP/data/Ses03F_impro03_F017.wav,happy,Ses03,F,1.887
Ses03F_impro03_F018,/mnt/ddn/kyudan/IEMOCAP/data/Ses03F_impro03_F018.wav,happy,Ses03,F,2.333
Ses03F_impro03_F019,/mnt/ddn/kyudan/IEMOCAP/data/Ses03F_impro03_F019.wav,happy,Ses03,F,5.969
Ses03F_impro03_F020,/mnt/ddn/kyudan/IEMOCAP/data/Ses03F_impro03_F020.wav,happy,Ses03,F,3.26
Ses03F_impro03_F021,/mnt/ddn/kyudan/IEMOCAP/data/Ses03F_impro03_F021.wav,happy,Ses03,F,5.844
Ses03F_impro03_F022,/mnt/ddn/kyudan/IEMOCAP/data/Ses03F_impro03_F022.wav,happy,Ses03,F,3.325
Ses03F_impro03_F023,/mnt/ddn/kyudan/IEMOCAP/data/Ses03F_impro03_F023.wav,happy,Ses03,F,8.94
Ses03F_impro03_F024,/mnt/ddn/kyudan/IEMOCAP/data/Ses03F_impro03_F024.wav,happy,Ses03,F,3.28
Ses03F_impro03_M000,/mnt/ddn/kyudan/IEMOCAP/data/Ses03F_impro03_M000.wav,happy,Ses03,M,6.874
Ses03F_impro03_M001,/mnt/ddn/kyudan/IEMOCAP/data/Ses03F_impro03_M001.wav,happy,Ses03,M,4.19
Ses03F_impro03_M002,/mnt/ddn/kyudan/IEMOCAP/data/Ses03F_impro03_M002.wav,happy,Ses03,M,2.5
Ses03F_impro03_M003,/mnt/ddn/kyudan/IEMOCAP/data/Ses03F_impro03_M003.wav,happy,Ses03,M,1.423
Ses03F_impro03_M004,/mnt/ddn/kyudan/IEMOCAP/data/Ses03F_impro03_M004.wav,happy,Ses03,M,2.458
Ses03F_impro03_M005,/mnt/ddn/kyudan/IEMOCAP/data/Ses03F_impro03_M005.wav,happy,Ses03,M,1.625
Ses03F_impro03_M006,/mnt/ddn/kyudan/IEMOCAP/data/Ses03F_impro03_M006.wav,happy,Ses03,M,5.767
Ses03F_impro03_M007,/mnt/ddn/kyudan/IEMOCAP/data/Ses03F_impro03_M007.wav,happy,Ses03,M,5.942
Ses03F_impro03_M008,/mnt/ddn/kyudan/IEMOCAP/data/Ses03F_impro03_M008.wav,happy,Ses03,M,2.705
Ses03F_impro03_M010,/mnt/ddn/kyudan/IEMOCAP/data/Ses03F_impro03_M010.wav,happy,Ses03,M,1.347
Ses03F_impro03_M011,/mnt/ddn/kyudan/IEMOCAP/data/Ses03F_impro03_M011.wav,happy,Ses03,M,2.665
Ses03F_impro03_M012,/mnt/ddn/kyudan/IEMOCAP/data/Ses03F_impro03_M012.wav,happy,Ses03,M,5.173
Ses03F_impro03_M013,/mnt/ddn/kyudan/IEMOCAP/data/Ses03F_impro03_M013.wav,happy,Ses03,M,2.061
Ses03F_impro03_M014,/mnt/ddn/kyudan/IEMOCAP/data/Ses03F_impro03_M014.wav,happy,Ses03,M,1.483
Ses03F_impro03_M015,/mnt/ddn/kyudan/IEMOCAP/data/Ses03F_impro03_M015.wav,happy,Ses03,M,4.879
Ses03F_impro03_M016,/mnt/ddn/kyudan/IEMOCAP/data/Ses03F_impro03_M016.wav,happy,Ses03,M,5.31
Ses03F_impro03_M017,/mnt/ddn/kyudan/IEMOCAP/data/Ses03F_impro03_M017.wav,happy,Ses03,M,1.952
Ses03F_impro03_M018,/mnt/ddn/kyudan/IEMOCAP/data/Ses03F_impro03_M018.wav,happy,Ses03,M,3.928
Ses03F_impro03_M019,/mnt/ddn/kyudan/IEMOCAP/data/Ses03F_impro03_M019.wav,happy,Ses03,M,3.853
Ses03F_impro03_M020,/mnt/ddn/kyudan/IEMOCAP/data/Ses03F_impro03_M020.wav,happy,Ses03,M,3.06
Ses03F_impro03_M021,/mnt/ddn/kyudan/IEMOCAP/data/Ses03F_impro03_M021.wav,happy,Ses03,M,5.48
Ses03F_impro04_F002,/mnt/ddn/kyudan/IEMOCAP/data/Ses03F_impro04_F002.wav,sad,Ses03,F,7.174
Ses03F_impro04_F022,/mnt/ddn/kyudan/IEMOCAP/data/Ses03F_impro04_F022.wav,sad,Ses03,F,5.412
Ses03F_impro04_F023,/mnt/ddn/kyudan/IEMOCAP/data/Ses03F_impro04_F023.wav,sad,Ses03,F,2.35
Ses03F_impro04_F024,/mnt/ddn/kyudan/IEMOCAP/data/Ses03F_impro04_F024.wav,sad,Ses03,F,1.623
Ses03F_impro04_F025,/mnt/ddn/kyudan/IEMOCAP/data/Ses03F_impro04_F025.wav,sad,Ses03,F,2.034
Ses03F_impro04_M000,/mnt/ddn/kyudan/IEMOCAP/data/Ses03F_impro04_M000.wav,neutral,Ses03,M,2.797
Ses03F_impro04_M001,/mnt/ddn/kyudan/IEMOCAP/data/Ses03F_impro04_M001.wav,neutral,Ses03,M,2.778
Ses03F_impro04_M002,/mnt/ddn/kyudan/IEMOCAP/data/Ses03F_impro04_M002.wav,neutral,Ses03,M,3.832
Ses03F_impro04_M003,/mnt/ddn/kyudan/IEMOCAP/data/Ses03F_impro04_M003.wav,neutral,Ses03,M,3.232
Ses03F_impro04_M004,/mnt/ddn/kyudan/IEMOCAP/data/Ses03F_impro04_M004.wav,neutral,Ses03,M,2.197
Ses03F_impro04_M005,/mnt/ddn/kyudan/IEMOCAP/data/Ses03F_impro04_M005.wav,neutral,Ses03,M,2.561
Ses03F_impro04_M006,/mnt/ddn/kyudan/IEMOCAP/data/Ses03F_impro04_M006.wav,neutral,Ses03,M,2.778
Ses03F_impro04_M007,/mnt/ddn/kyudan/IEMOCAP/data/Ses03F_impro04_M007.wav,neutral,Ses03,M,2.324
Ses03F_impro04_M008,/mnt/ddn/kyudan/IEMOCAP/data/Ses03F_impro04_M008.wav,neutral,Ses03,M,6.828
Ses03F_impro04_M009,/mnt/ddn/kyudan/IEMOCAP/data/Ses03F_impro04_M009.wav,neutral,Ses03,M,4.603
Ses03F_impro04_M010,/mnt/ddn/kyudan/IEMOCAP/data/Ses03F_impro04_M010.wav,neutral,Ses03,M,5.301
Ses03F_impro04_M011,/mnt/ddn/kyudan/IEMOCAP/data/Ses03F_impro04_M011.wav,neutral,Ses03,M,1.362
Ses03F_impro04_M012,/mnt/ddn/kyudan/IEMOCAP/data/Ses03F_impro04_M012.wav,neutral,Ses03,M,6.283
Ses03F_impro04_M013,/mnt/ddn/kyudan/IEMOCAP/data/Ses03F_impro04_M013.wav,neutral,Ses03,M,3.432
Ses03F_impro04_M014,/mnt/ddn/kyudan/IEMOCAP/data/Ses03F_impro04_M014.wav,neutral,Ses03,M,2.977
Ses03F_impro04_M015,/mnt/ddn/kyudan/IEMOCAP/data/Ses03F_impro04_M015.wav,neutral,Ses03,M,4.348
Ses03F_impro04_M016,/mnt/ddn/kyudan/IEMOCAP/data/Ses03F_impro04_M016.wav,neutral,Ses03,M,2.688
Ses03F_impro04_M017,/mnt/ddn/kyudan/IEMOCAP/data/Ses03F_impro04_M017.wav,neutral,Ses03,M,3.705
Ses03F_impro04_M018,/mnt/ddn/kyudan/IEMOCAP/data/Ses03F_impro04_M018.wav,neutral,Ses03,M,4.395
Ses03F_impro04_M019,/mnt/ddn/kyudan/IEMOCAP/data/Ses03F_impro04_M019.wav,neutral,Ses03,M,3.35
Ses03F_impro05_F002,/mnt/ddn/kyudan/IEMOCAP/data/Ses03F_impro05_F002.wav,angry,Ses03,F,3.465
Ses03F_impro05_F005,/mnt/ddn/kyudan/IEMOCAP/data/Ses03F_impro05_F005.wav,angry,Ses03,F,7.292
Ses03F_impro05_F007,/mnt/ddn/kyudan/IEMOCAP/data/Ses03F_impro05_F007.wav,angry,Ses03,F,9.036
Ses03F_impro05_F008,/mnt/ddn/kyudan/IEMOCAP/data/Ses03F_impro05_F008.wav,angry,Ses03,F,3.08
Ses03F_impro05_F009,/mnt/ddn/kyudan/IEMOCAP/data/Ses03F_impro05_F009.wav,angry,Ses03,F,3.961
Ses03F_impro05_F010,/mnt/ddn/kyudan/IEMOCAP/data/Ses03F_impro05_F010.wav,angry,Ses03,F,2.06
Ses03F_impro05_F011,/mnt/ddn/kyudan/IEMOCAP/data/Ses03F_impro05_F011.wav,angry,Ses03,F,5.691
Ses03F_impro05_F015,/mnt/ddn/kyudan/IEMOCAP/data/Ses03F_impro05_F015.wav,angry,Ses03,F,2.74
Ses03F_impro05_F016,/mnt/ddn/kyudan/IEMOCAP/data/Ses03F_impro05_F016.wav,angry,Ses03,F,5.349
Ses03F_impro05_F017,/mnt/ddn/kyudan/IEMOCAP/data/Ses03F_impro05_F017.wav,angry,Ses03,F,3.167
Ses03F_impro05_M003,/mnt/ddn/kyudan/IEMOCAP/data/Ses03F_impro05_M003.wav,neutral,Ses03,M,6.364
Ses03F_impro05_M008,/mnt/ddn/kyudan/IEMOCAP/data/Ses03F_impro05_M008.wav,neutral,Ses03,M,6.747
Ses03F_impro05_M009,/mnt/ddn/kyudan/IEMOCAP/data/Ses03F_impro05_M009.wav,neutral,Ses03,M,3.193
Ses03F_impro05_M011,/mnt/ddn/kyudan/IEMOCAP/data/Ses03F_impro05_M011.wav,neutral,Ses03,M,4.756
Ses03F_impro05_M013,/mnt/ddn/kyudan/IEMOCAP/data/Ses03F_impro05_M013.wav,neutral,Ses03,M,4.228
Ses03F_impro05_M014,/mnt/ddn/kyudan/IEMOCAP/data/Ses03F_impro05_M014.wav,neutral,Ses03,M,2.106
Ses03F_impro06_F000,/mnt/ddn/kyudan/IEMOCAP/data/Ses03F_impro06_F000.wav,sad,Ses03,F,3.827
Ses03F_impro06_F001,/mnt/ddn/kyudan/IEMOCAP/data/Ses03F_impro06_F001.wav,sad,Ses03,F,3.115
Ses03F_impro06_F002,/mnt/ddn/kyudan/IEMOCAP/data/Ses03F_impro06_F002.wav,sad,Ses03,F,4.45
Ses03F_impro06_F003,/mnt/ddn/kyudan/IEMOCAP/data/Ses03F_impro06_F003.wav,sad,Ses03,F,5.674
Ses03F_impro06_F004,/mnt/ddn/kyudan/IEMOCAP/data/Ses03F_impro06_F004.wav,sad,Ses03,F,3.538
Ses03F_impro06_F005,/mnt/ddn/kyudan/IEMOCAP/data/Ses03F_impro06_F005.wav,sad,Ses03,F,8.722
Ses03F_impro06_F006,/mnt/ddn/kyudan/IEMOCAP/data/Ses03F_impro06_F006.wav,sad,Ses03,F,3.627
Ses03F_impro06_F007,/mnt/ddn/kyudan/IEMOCAP/data/Ses03F_impro06_F007.wav,sad,Ses03,F,2.826
Ses03F_impro06_F008,/mnt/ddn/kyudan/IEMOCAP/data/Ses03F_impro06_F008.wav,sad,Ses03,F,2.67
Ses03F_impro06_F009,/mnt/ddn/kyudan/IEMOCAP/data/Ses03F_impro06_F009.wav,sad,Ses03,F,3.249
Ses03F_impro06_F010,/mnt/ddn/kyudan/IEMOCAP/data/Ses03F_impro06_F010.wav,sad,Ses03,F,10.013
Ses03F_impro06_F011,/mnt/ddn/kyudan/IEMOCAP/data/Ses03F_impro06_F011.wav,sad,Ses03,F,4.561
Ses03F_impro06_F012,/mnt/ddn/kyudan/IEMOCAP/data/Ses03F_impro06_F012.wav,sad,Ses03,F,3.805
Ses03F_impro06_F013,/mnt/ddn/kyudan/IEMOCAP/data/Ses03F_impro06_F013.wav,sad,Ses03,F,5.207
Ses03F_impro06_F014,/mnt/ddn/kyudan/IEMOCAP/data/Ses03F_impro06_F014.wav,sad,Ses03,F,6.853
Ses03F_impro06_F015,/mnt/ddn/kyudan/IEMOCAP/data/Ses03F_impro06_F015.wav,sad,Ses03,F,4.94
Ses03F_impro06_F016,/mnt/ddn/kyudan/IEMOCAP/data/Ses03F_impro06_F016.wav,sad,Ses03,F,4.65
Ses03F_impro06_F017,/mnt/ddn/kyudan/IEMOCAP/data/Ses03F_impro06_F017.wav,sad,Ses03,F,2.848
Ses03F_impro06_F018,/mnt/ddn/kyudan/IEMOCAP/data/Ses03F_impro06_F018.wav,sad,Ses03,F,2.989
Ses03F_impro06_F019,/mnt/ddn/kyudan/IEMOCAP/data/Ses03F_impro06_F019.wav,sad,Ses03,F,3.249
Ses03F_impro06_F020,/mnt/ddn/kyudan/IEMOCAP/data/Ses03F_impro06_F020.wav,sad,Ses03,F,9.123
Ses03F_impro06_F021,/mnt/ddn/kyudan/IEMOCAP/data/Ses03F_impro06_F021.wav,sad,Ses03,F,5.741
Ses03F_impro06_F022,/mnt/ddn/kyudan/IEMOCAP/data/Ses03F_impro06_F022.wav,sad,Ses03,F,4.576
Ses03F_impro06_F023,/mnt/ddn/kyudan/IEMOCAP/data/Ses03F_impro06_F023.wav,sad,Ses03,F,5.451
Ses03F_impro06_F024,/mnt/ddn/kyudan/IEMOCAP/data/Ses03F_impro06_F024.wav,sad,Ses03,F,3.315
Ses03F_impro06_F025,/mnt/ddn/kyudan/IEMOCAP/data/Ses03F_impro06_F025.wav,sad,Ses03,F,9.39
Ses03F_impro06_F026,/mnt/ddn/kyudan/IEMOCAP/data/Ses03F_impro06_F026.wav,sad,Ses03,F,5.874
Ses03F_impro06_F027,/mnt/ddn/kyudan/IEMOCAP/data/Ses03F_impro06_F027.wav,sad,Ses03,F,3.649
Ses03F_impro06_F028,/mnt/ddn/kyudan/IEMOCAP/data/Ses03F_impro06_F028.wav,sad,Ses03,F,4.183
Ses03F_impro06_F029,/mnt/ddn/kyudan/IEMOCAP/data/Ses03F_impro06_F029.wav,sad,Ses03,F,7.498
Ses03F_impro06_F030,/mnt/ddn/kyudan/IEMOCAP/data/Ses03F_impro06_F030.wav,sad,Ses03,F,2.781
Ses03F_impro06_F031,/mnt/ddn/kyudan/IEMOCAP/data/Ses03F_impro06_F031.wav,sad,Ses03,F,4.05
Ses03F_impro06_F032,/mnt/ddn/kyudan/IEMOCAP/data/Ses03F_impro06_F032.wav,sad,Ses03,F,1.758
Ses03F_impro06_F033,/mnt/ddn/kyudan/IEMOCAP/data/Ses03F_impro06_F033.wav,sad,Ses03,F,4.005
Ses03F_impro06_F034,/mnt/ddn/kyudan/IEMOCAP/data/Ses03F_impro06_F034.wav,sad,Ses03,F,5.34
Ses03F_impro06_F035,/mnt/ddn/kyudan/IEMOCAP/data/Ses03F_impro06_F035.wav,sad,Ses03,F,2.759
Ses03F_impro06_M000,/mnt/ddn/kyudan/IEMOCAP/data/Ses03F_impro06_M000.wav,neutral,Ses03,M,2.414
Ses03F_impro06_M001,/mnt/ddn/kyudan/IEMOCAP/data/Ses03F_impro06_M001.wav,neutral,Ses03,M,3.048
Ses03F_impro06_M002,/mnt/ddn/kyudan/IEMOCAP/data/Ses03F_impro06_M002.wav,sad,Ses03,M,6.809
Ses03F_impro06_M003,/mnt/ddn/kyudan/IEMOCAP/data/Ses03F_impro06_M003.wav,neutral,Ses03,M,2.959
Ses03F_impro06_M004,/mnt/ddn/kyudan/IEMOCAP/data/Ses03F_impro06_M004.wav,sad,Ses03,M,3.137
Ses03F_impro06_M005,/mnt/ddn/kyudan/IEMOCAP/data/Ses03F_impro06_M005.wav,sad,Ses03,M,4.139
Ses03F_impro06_M006,/mnt/ddn/kyudan/IEMOCAP/data/Ses03F_impro06_M006.wav,sad,Ses03,M,2.826
Ses03F_impro06_M007,/mnt/ddn/kyudan/IEMOCAP/data/Ses03F_impro06_M007.wav,sad,Ses03,M,3.471
Ses03F_impro06_M008,/mnt/ddn/kyudan/IEMOCAP/data/Ses03F_impro06_M008.wav,sad,Ses03,M,2.448
Ses03F_impro06_M009,/mnt/ddn/kyudan/IEMOCAP/data/Ses03F_impro06_M009.wav,sad,Ses03,M,3.341
Ses03F_impro06_M010,/mnt/ddn/kyudan/IEMOCAP/data/Ses03F_impro06_M010.wav,sad,Ses03,M,2.403
Ses03F_impro06_M011,/mnt/ddn/kyudan/IEMOCAP/data/Ses03F_impro06_M011.wav,sad,Ses03,M,5.629
Ses03F_impro06_M012,/mnt/ddn/kyudan/IEMOCAP/data/Ses03F_impro06_M012.wav,sad,Ses03,M,3.204
Ses03F_impro06_M013,/mnt/ddn/kyudan/IEMOCAP/data/Ses03F_impro06_M013.wav,sad,Ses03,M,2.781
Ses03F_impro06_M014,/mnt/ddn/kyudan/IEMOCAP/data/Ses03F_impro06_M014.wav,sad,Ses03,M,3.026
Ses03F_impro06_M015,/mnt/ddn/kyudan/IEMOCAP/data/Ses03F_impro06_M015.wav,sad,Ses03,M,2.358
Ses03F_impro06_M016,/mnt/ddn/kyudan/IEMOCAP/data/Ses03F_impro06_M016.wav,sad,Ses03,M,3.849
Ses03F_impro07_F000,/mnt/ddn/kyudan/IEMOCAP/data/Ses03F_impro07_F000.wav,happy,Ses03,F,2.365
Ses03F_impro07_F001,/mnt/ddn/kyudan/IEMOCAP/data/Ses03F_impro07_F001.wav,happy,Ses03,F,3.164
Ses03F_impro07_F002,/mnt/ddn/kyudan/IEMOCAP/data/Ses03F_impro07_F002.wav,happy,Ses03,F,1.193
Ses03F_impro07_F004,/mnt/ddn/kyudan/IEMOCAP/data/Ses03F_impro07_F004.wav,happy,Ses03,F,2.42
Ses03F_impro07_F005,/mnt/ddn/kyudan/IEMOCAP/data/Ses03F_impro07_F005.wav,happy,Ses03,F,3.844
Ses03F_impro07_F006,/mnt/ddn/kyudan/IEMOCAP/data/Ses03F_impro07_F006.wav,happy,Ses03,F,4.74
Ses03F_impro07_F007,/mnt/ddn/kyudan/IEMOCAP/data/Ses03F_impro07_F007.wav,happy,Ses03,F,4.149
Ses03F_impro07_F008,/mnt/ddn/kyudan/IEMOCAP/data/Ses03F_impro07_F008.wav,happy,Ses03,F,3.569
Ses03F_impro07_F009,/mnt/ddn/kyudan/IEMOCAP/data/Ses03F_impro07_F009.wav,happy,Ses03,F,11.933
Ses03F_impro07_F010,/mnt/ddn/kyudan/IEMOCAP/data/Ses03F_impro07_F010.wav,happy,Ses03,F,6.164
Ses03F_impro07_F011,/mnt/ddn/kyudan/IEMOCAP/data/Ses03F_impro07_F011.wav,happy,Ses03,F,2.956
Ses03F_impro07_F012,/mnt/ddn/kyudan/IEMOCAP/data/Ses03F_impro07_F012.wav,happy,Ses03,F,2.138
Ses03F_impro07_F013,/mnt/ddn/kyudan/IEMOCAP/data/Ses03F_impro07_F013.wav,happy,Ses03,F,5.189
Ses03F_impro07_F014,/mnt/ddn/kyudan/IEMOCAP/data/Ses03F_impro07_F014.wav,happy,Ses03,F,2.573
Ses03F_impro07_F015,/mnt/ddn/kyudan/IEMOCAP/data/Ses03F_impro07_F015.wav,neutral,Ses03,F,2.584
Ses03F_impro07_F016,/mnt/ddn/kyudan/IEMOCAP/data/Ses03F_impro07_F016.wav,happy,Ses03,F,7.313
Ses03F_impro07_F017,/mnt/ddn/kyudan/IEMOCAP/data/Ses03F_impro07_F017.wav,happy,Ses03,F,2.087
Ses03F_impro07_F018,/mnt/ddn/kyudan/IEMOCAP/data/Ses03F_impro07_F018.wav,happy,Ses03,F,1.002
Ses03F_impro07_F019,/mnt/ddn/kyudan/IEMOCAP/data/Ses03F_impro07_F019.wav,happy,Ses03,F,2.584
Ses03F_impro07_F020,/mnt/ddn/kyudan/IEMOCAP/data/Ses03F_impro07_F020.wav,happy,Ses03,F,5.124
Ses03F_impro07_F021,/mnt/ddn/kyudan/IEMOCAP/data/Ses03F_impro07_F021.wav,happy,Ses03,F,3.58
Ses03F_impro07_F022,/mnt/ddn/kyudan/IEMOCAP/data/Ses03F_impro07_F022.wav,happy,Ses03,F,4.159
Ses03F_impro07_F023,/mnt/ddn/kyudan/IEMOCAP/data/Ses03F_impro07_F023.wav,happy,Ses03,F,3.317
Ses03F_impro07_F024,/mnt/ddn/kyudan/IEMOCAP/data/Ses03F_impro07_F024.wav,happy,Ses03,F,4.565
Ses03F_impro07_F025,/mnt/ddn/kyudan/IEMOCAP/data/Ses03F_impro07_F025.wav,happy,Ses03,F,2.403
Ses03F_impro07_F026,/mnt/ddn/kyudan/IEMOCAP/data/Ses03F_impro07_F026.wav,happy,Ses03,F,8.156
Ses03F_impro07_F027,/mnt/ddn/kyudan/IEMOCAP/data/Ses03F_impro07_F027.wav,happy,Ses03,F,2.288
Ses03F_impro07_F028,/mnt/ddn/kyudan/IEMOCAP/data/Ses03F_impro07_F028.wav,happy,Ses03,F,1.73
Ses03F_impro07_F029,/mnt/ddn/kyudan/IEMOCAP/data/Ses03F_impro07_F029.wav,happy,Ses03,F,3.808
Ses03F_impro07_F030,/mnt/ddn/kyudan/IEMOCAP/data/Ses03F_impro07_F030.wav,happy,Ses03,F,5.441
Ses03F_impro07_F031,/mnt/ddn/kyudan/IEMOCAP/data/Ses03F_impro07_F031.wav,neutral,Ses03,F,3.109
Ses03F_impro07_F032,/mnt/ddn/kyudan/IEMOCAP/data/Ses03F_impro07_F032.wav,happy,Ses03,F,6.197
Ses03F_impro07_F033,/mnt/ddn/kyudan/IEMOCAP/data/Ses03F_impro07_F033.wav,happy,Ses03,F,2.653
Ses03F_impro07_F034,/mnt/ddn/kyudan/IEMOCAP/data/Ses03F_impro07_F034.wav,happy,Ses03,F,2.441
Ses03F_impro07_F035,/mnt/ddn/kyudan/IEMOCAP/data/Ses03F_impro07_F035.wav,happy,Ses03,F,1.971
Ses03F_impro07_M000,/mnt/ddn/kyudan/IEMOCAP/data/Ses03F_impro07_M000.wav,neutral,Ses03,M,2.517
Ses03F_impro07_M001,/mnt/ddn/kyudan/IEMOCAP/data/Ses03F_impro07_M001.wav,neutral,Ses03,M,1.741
Ses03F_impro07_M002,/mnt/ddn/kyudan/IEMOCAP/data/Ses03F_impro07_M002.wav,happy,Ses03,M,1.577
Ses03F_impro07_M003,/mnt/ddn/kyudan/IEMOCAP/data/Ses03F_impro07_M003.wav,neutral,Ses03,M,1.73
Ses03F_impro07_M004,/mnt/ddn/kyudan/IEMOCAP/data/Ses03F_impro07_M004.wav,neutral,Ses03,M,2.146
Ses03F_impro07_M005,/mnt/ddn/kyudan/IEMOCAP/data/Ses03F_impro07_M005.wav,happy,Ses03,M,1.369
Ses03F_impro07_M006,/mnt/ddn/kyudan/IEMOCAP/data/Ses03F_impro07_M006.wav,happy,Ses03,M,2.047
Ses03F_impro07_M008,/mnt/ddn/kyudan/IEMOCAP/data/Ses03F_impro07_M008.wav,happy,Ses03,M,1.511
Ses03F_impro07_M010,/mnt/ddn/kyudan/IEMOCAP/data/Ses03F_impro07_M010.wav,happy,Ses03,M,2.832
Ses03F_impro07_M011,/mnt/ddn/kyudan/IEMOCAP/data/Ses03F_impro07_M011.wav,happy,Ses03,M,1.763
Ses03F_impro07_M012,/mnt/ddn/kyudan/IEMOCAP/data/Ses03F_impro07_M012.wav,neutral,Ses03,M,1.379
Ses03F_impro07_M013,/mnt/ddn/kyudan/IEMOCAP/data/Ses03F_impro07_M013.wav,happy,Ses03,M,4.412
Ses03F_impro07_M014,/mnt/ddn/kyudan/IEMOCAP/data/Ses03F_impro07_M014.wav,happy,Ses03,M,2.354
Ses03F_impro07_M015,/mnt/ddn/kyudan/IEMOCAP/data/Ses03F_impro07_M015.wav,happy,Ses03,M,2.595
Ses03F_impro07_M016,/mnt/ddn/kyudan/IEMOCAP/data/Ses03F_impro07_M016.wav,happy,Ses03,M,3.482
Ses03F_impro07_M019,/mnt/ddn/kyudan/IEMOCAP/data/Ses03F_impro07_M019.wav,happy,Ses03,M,4.445
Ses03F_impro07_M020,/mnt/ddn/kyudan/IEMOCAP/data/Ses03F_impro07_M020.wav,happy,Ses03,M,1.971
Ses03F_impro07_M021,/mnt/ddn/kyudan/IEMOCAP/data/Ses03F_impro07_M021.wav,neutral,Ses03,M,3.424
Ses03F_impro07_M022,/mnt/ddn/kyudan/IEMOCAP/data/Ses03F_impro07_M022.wav,happy,Ses03,M,3.711
Ses03F_impro07_M023,/mnt/ddn/kyudan/IEMOCAP/data/Ses03F_impro07_M023.wav,neutral,Ses03,M,1.675
Ses03F_impro07_M024,/mnt/ddn/kyudan/IEMOCAP/data/Ses03F_impro07_M024.wav,happy,Ses03,M,4.149
Ses03F_impro07_M025,/mnt/ddn/kyudan/IEMOCAP/data/Ses03F_impro07_M025.wav,neutral,Ses03,M,3.174
Ses03F_impro07_M026,/mnt/ddn/kyudan/IEMOCAP/data/Ses03F_impro07_M026.wav,happy,Ses03,M,3.624
Ses03F_impro07_M027,/mnt/ddn/kyudan/IEMOCAP/data/Ses03F_impro07_M027.wav,happy,Ses03,M,1.171
Ses03F_impro07_M028,/mnt/ddn/kyudan/IEMOCAP/data/Ses03F_impro07_M028.wav,happy,Ses03,M,2.693
Ses03F_impro07_M029,/mnt/ddn/kyudan/IEMOCAP/data/Ses03F_impro07_M029.wav,happy,Ses03,M,1.325
Ses03F_impro07_M030,/mnt/ddn/kyudan/IEMOCAP/data/Ses03F_impro07_M030.wav,happy,Ses03,M,4.587
Ses03F_impro07_M031,/mnt/ddn/kyudan/IEMOCAP/data/Ses03F_impro07_M031.wav,happy,Ses03,M,2.726
Ses03F_impro07_M032,/mnt/ddn/kyudan/IEMOCAP/data/Ses03F_impro07_M032.wav,happy,Ses03,M,1.073
Ses03F_impro07_M033,/mnt/ddn/kyudan/IEMOCAP/data/Ses03F_impro07_M033.wav,neutral,Ses03,M,1.741
Ses03F_impro07_M034,/mnt/ddn/kyudan/IEMOCAP/data/Ses03F_impro07_M034.wav,happy,Ses03,M,1.927
Ses03F_impro07_M035,/mnt/ddn/kyudan/IEMOCAP/data/Ses03F_impro07_M035.wav,happy,Ses03,M,2.299
Ses03F_impro08_F000,/mnt/ddn/kyudan/IEMOCAP/data/Ses03F_impro08_F000.wav,neutral,Ses03,F,1.9
Ses03F_impro08_F001,/mnt/ddn/kyudan/IEMOCAP/data/Ses03F_impro08_F001.wav,neutral,Ses03,F,1.19
Ses03F_impro08_F002,/mnt/ddn/kyudan/IEMOCAP/data/Ses03F_impro08_F002.wav,neutral,Ses03,F,5.83
Ses03F_impro08_F003,/mnt/ddn/kyudan/IEMOCAP/data/Ses03F_impro08_F003.wav,neutral,Ses03,F,4.82
Ses03F_impro08_F004,/mnt/ddn/kyudan/IEMOCAP/data/Ses03F_impro08_F004.wav,neutral,Ses03,F,3.65
Ses03F_impro08_F005,/mnt/ddn/kyudan/IEMOCAP/data/Ses03F_impro08_F005.wav,neutral,Ses03,F,6.712
Ses03F_impro08_F006,/mnt/ddn/kyudan/IEMOCAP/data/Ses03F_impro08_F006.wav,neutral,Ses03,F,2.74
Ses03F_impro08_F007,/mnt/ddn/kyudan/IEMOCAP/data/Ses03F_impro08_F007.wav,neutral,Ses03,F,2.7
Ses03F_impro08_F008,/mnt/ddn/kyudan/IEMOCAP/data/Ses03F_impro08_F008.wav,neutral,Ses03,F,4.262
Ses03F_impro08_F009,/mnt/ddn/kyudan/IEMOCAP/data/Ses03F_impro08_F009.wav,neutral,Ses03,F,6.54
Ses03F_impro08_F010,/mnt/ddn/kyudan/IEMOCAP/data/Ses03F_impro08_F010.wav,neutral,Ses03,F,10.84
Ses03F_impro08_F011,/mnt/ddn/kyudan/IEMOCAP/data/Ses03F_impro08_F011.wav,neutral,Ses03,F,2.085
Ses03F_impro08_F012,/mnt/ddn/kyudan/IEMOCAP/data/Ses03F_impro08_F012.wav,neutral,Ses03,F,5.14
Ses03F_impro08_F013,/mnt/ddn/kyudan/IEMOCAP/data/Ses03F_impro08_F013.wav,neutral,Ses03,F,1.93
Ses03F_impro08_F014,/mnt/ddn/kyudan/IEMOCAP/data/Ses03F_impro08_F014.wav,neutral,Ses03,F,4.74
Ses03F_impro08_F015,/mnt/ddn/kyudan/IEMOCAP/data/Ses03F_impro08_F015.wav,neutral,Ses03,F,3.3
Ses03F_impro08_F016,/mnt/ddn/kyudan/IEMOCAP/data/Ses03F_impro08_F016.wav,neutral,Ses03,F,2.26
Ses03F_impro08_F020,/mnt/ddn/kyudan/IEMOCAP/data/Ses03F_impro08_F020.wav,neutral,Ses03,F,1.32
Ses03F_impro08_F021,/mnt/ddn/kyudan/IEMOCAP/data/Ses03F_impro08_F021.wav,neutral,Ses03,F,0.73
Ses03F_impro08_F022,/mnt/ddn/kyudan/IEMOCAP/data/Ses03F_impro08_F022.wav,neutral,Ses03,F,2.11
Ses03F_impro08_F023,/mnt/ddn/kyudan/IEMOCAP/data/Ses03F_impro08_F023.wav,neutral,Ses03,F,3.853
Ses03F_impro08_F024,/mnt/ddn/kyudan/IEMOCAP/data/Ses03F_impro08_F024.wav,neutral,Ses03,F,2.32
Ses03F_impro08_F025,/mnt/ddn/kyudan/IEMOCAP/data/Ses03F_impro08_F025.wav,neutral,Ses03,F,1.58
Ses03F_impro08_F026,/mnt/ddn/kyudan/IEMOCAP/data/Ses03F_impro08_F026.wav,neutral,Ses03,F,1.329
Ses03F_impro08_F027,/mnt/ddn/kyudan/IEMOCAP/data/Ses03F_impro08_F027.wav,neutral,Ses03,F,8.19
Ses03F_impro08_F028,/mnt/ddn/kyudan/IEMOCAP/data/Ses03F_impro08_F028.wav,neutral,Ses03,F,4.59
Ses03F_impro08_F029,/mnt/ddn/kyudan/IEMOCAP/data/Ses03F_impro08_F029.wav,neutral,Ses03,F,2.685
Ses03F_impro08_M000,/mnt/ddn/kyudan/IEMOCAP/data/Ses03F_impro08_M000.wav,angry,Ses03,M,4.85
Ses03F_impro08_M001,/mnt/ddn/kyudan/IEMOCAP/data/Ses03F_impro08_M001.wav,angry,Ses03,M,3.98
Ses03F_impro08_M002,/mnt/ddn/kyudan/IEMOCAP/data/Ses03F_impro08_M002.wav,angry,Ses03,M,4.54
Ses03F_impro08_M006,/mnt/ddn/kyudan/IEMOCAP/data/Ses03F_impro08_M006.wav,angry,Ses03,M,4.98
Ses03F_impro08_M007,/mnt/ddn/kyudan/IEMOCAP/data/Ses03F_impro08_M007.wav,angry,Ses03,M,1.934
Ses03F_impro08_M008,/mnt/ddn/kyudan/IEMOCAP/data/Ses03F_impro08_M008.wav,angry,Ses03,M,5.08
Ses03F_impro08_M009,/mnt/ddn/kyudan/IEMOCAP/data/Ses03F_impro08_M009.wav,angry,Ses03,M,2.89
Ses03F_impro08_M010,/mnt/ddn/kyudan/IEMOCAP/data/Ses03F_impro08_M010.wav,angry,Ses03,M,3.13
Ses03F_impro08_M011,/mnt/ddn/kyudan/IEMOCAP/data/Ses03F_impro08_M011.wav,angry,Ses03,M,4.702
Ses03F_impro08_M012,/mnt/ddn/kyudan/IEMOCAP/data/Ses03F_impro08_M012.wav,angry,Ses03,M,1.66
Ses03F_impro08_M014,/mnt/ddn/kyudan/IEMOCAP/data/Ses03F_impro08_M014.wav,angry,Ses03,M,3.577
Ses03F_impro08_M015,/mnt/ddn/kyudan/IEMOCAP/data/Ses03F_impro08_M015.wav,angry,Ses03,M,4.22
Ses03F_impro08_M021,/mnt/ddn/kyudan/IEMOCAP/data/Ses03F_impro08_M021.wav,neutral,Ses03,M,2.083
Ses03F_script01_1_F004,/mnt/ddn/kyudan/IEMOCAP/data/Ses03F_script01_1_F004.wav,neutral,Ses03,F,2.491
Ses03F_script01_1_F005,/mnt/ddn/kyudan/IEMOCAP/data/Ses03F_script01_1_F005.wav,neutral,Ses03,F,3.449
Ses03F_script01_1_F006,/mnt/ddn/kyudan/IEMOCAP/data/Ses03F_script01_1_F006.wav,angry,Ses03,F,8.977
Ses03F_script01_1_F007,/mnt/ddn/kyudan/IEMOCAP/data/Ses03F_script01_1_F007.wav,neutral,Ses03,F,4.051
Ses03F_script01_1_F010,/mnt/ddn/kyudan/IEMOCAP/data/Ses03F_script01_1_F010.wav,neutral,Ses03,F,2.966
Ses03F_script01_1_F014,/mnt/ddn/kyudan/IEMOCAP/data/Ses03F_script01_1_F014.wav,neutral,Ses03,F,3.202
Ses03F_script01_1_F017,/mnt/ddn/kyudan/IEMOCAP/data/Ses03F_script01_1_F017.wav,angry,Ses03,F,9.361
Ses03F_script01_1_F019,/mnt/ddn/kyudan/IEMOCAP/data/Ses03F_script01_1_F019.wav,neutral,Ses03,F,2.792
Ses03F_script01_1_F020,/mnt/ddn/kyudan/IEMOCAP/data/Ses03F_script01_1_F020.wav,angry,Ses03,F,4.981
Ses03F_script01_1_F021,/mnt/ddn/kyudan/IEMOCAP/data/Ses03F_script01_1_F021.wav,neutral,Ses03,F,5.009
Ses03F_script01_1_F030,/mnt/ddn/kyudan/IEMOCAP/data/Ses03F_script01_1_F030.wav,neutral,Ses03,F,4.27
Ses03F_script01_1_F031,/mnt/ddn/kyudan/IEMOCAP/data/Ses03F_script01_1_F031.wav,neutral,Ses03,F,3.12
Ses03F_script01_1_F045,/mnt/ddn/kyudan/IEMOCAP/data/Ses03F_script01_1_F045.wav,neutral,Ses03,F,2.545
Ses03F_script01_1_F046,/mnt/ddn/kyudan/IEMOCAP/data/Ses03F_script01_1_F046.wav,neutral,Ses03,F,2.157
Ses03F_script01_1_F050,/mnt/ddn/kyudan/IEMOCAP/data/Ses03F_script01_1_F050.wav,neutral,Ses03,F,2.682
Ses03F_script01_1_F052,/mnt/ddn/kyudan/IEMOCAP/data/Ses03F_script01_1_F052.wav,neutral,Ses03,F,4.434
Ses03F_script01_1_F053,/mnt/ddn/kyudan/IEMOCAP/data/Ses03F_script01_1_F053.wav,neutral,Ses03,F,4.762
Ses03F_script01_1_M000,/mnt/ddn/kyudan/IEMOCAP/data/Ses03F_script01_1_M000.wav,neutral,Ses03,M,3.394
Ses03F_script01_1_M001,/mnt/ddn/kyudan/IEMOCAP/data/Ses03F_script01_1_M001.wav,neutral,Ses03,M,2.19
Ses03F_script01_1_M002,/mnt/ddn/kyudan/IEMOCAP/data/Ses03F_script01_1_M002.wav,neutral,Ses03,M,9.278
Ses03F_script01_1_M003,/mnt/ddn/kyudan/IEMOCAP/data/Ses03F_script01_1_M003.wav,neutral,Ses03,M,5.716
Ses03F_script01_1_M004,/mnt/ddn/kyudan/IEMOCAP/data/Ses03F_script01_1_M004.wav,neutral,Ses03,M,5.83
Ses03F_script01_1_M005,/mnt/ddn/kyudan/IEMOCAP/data/Ses03F_script01_1_M005.wav,neutral,Ses03,M,3.23
Ses03F_script01_1_M006,/mnt/ddn/kyudan/IEMOCAP/data/Ses03F_script01_1_M006.wav,neutral,Ses03,M,3.339
Ses03F_script01_1_M007,/mnt/ddn/kyudan/IEMOCAP/data/Ses03F_script01_1_M007.wav,neutral,Ses03,M,2.6
Ses03F_script01_1_M008,/mnt/ddn/kyudan/IEMOCAP/data/Ses03F_script01_1_M008.wav,neutral,Ses03,M,5.529
Ses03F_script01_1_M009,/mnt/ddn/kyudan/IEMOCAP/data/Ses03F_script01_1_M009.wav,neutral,Ses03,M,5.638
Ses03F_script01_1_M016,/mnt/ddn/kyudan/IEMOCAP/data/Ses03F_script01_1_M016.wav,neutral,Ses03,M,4.173
Ses03F_script01_1_M017,/mnt/ddn/kyudan/IEMOCAP/data/Ses03F_script01_1_M017.wav,neutral,Ses03,M,2.463
Ses03F_script01_1_M018,/mnt/ddn/kyudan/IEMOCAP/data/Ses03F_script01_1_M018.wav,neutral,Ses03,M,4.379
Ses03F_script01_1_M020,/mnt/ddn/kyudan/IEMOCAP/data/Ses03F_script01_1_M020.wav,neutral,Ses03,M,4.653
Ses03F_script01_1_M021,/mnt/ddn/kyudan/IEMOCAP/data/Ses03F_script01_1_M021.wav,angry,Ses03,M,4.188
Ses03F_script01_1_M022,/mnt/ddn/kyudan/IEMOCAP/data/Ses03F_script01_1_M022.wav,angry,Ses03,M,6.375
Ses03F_script01_1_M023,/mnt/ddn/kyudan/IEMOCAP/data/Ses03F_script01_1_M023.wav,angry,Ses03,M,4.242
Ses03F_script01_1_M024,/mnt/ddn/kyudan/IEMOCAP/data/Ses03F_script01_1_M024.wav,angry,Ses03,M,3.668
Ses03F_script01_1_M025,/mnt/ddn/kyudan/IEMOCAP/data/Ses03F_script01_1_M025.wav,angry,Ses03,M,3.202
Ses03F_script01_1_M026,/mnt/ddn/kyudan/IEMOCAP/data/Ses03F_script01_1_M026.wav,sad,Ses03,M,11.928
Ses03F_script01_1_M027,/mnt/ddn/kyudan/IEMOCAP/data/Ses03F_script01_1_M027.wav,angry,Ses03,M,2.846
Ses03F_script01_1_M028,/mnt/ddn/kyudan/IEMOCAP/data/Ses03F_script01_1_M028.wav,neutral,Ses03,M,4.078
Ses03F_script01_1_M029,/mnt/ddn/kyudan/IEMOCAP/data/Ses03F_script01_1_M029.wav,neutral,Ses03,M,3.321
Ses03F_script01_1_M030,/mnt/ddn/kyudan/IEMOCAP/data/Ses03F_script01_1_M030.wav,neutral,Ses03,M,6.577
Ses03F_script01_1_M031,/mnt/ddn/kyudan/IEMOCAP/data/Ses03F_script01_1_M031.wav,neutral,Ses03,M,5.487
Ses03F_script01_1_M034,/mnt/ddn/kyudan/IEMOCAP/data/Ses03F_script01_1_M034.wav,neutral,Ses03,M,3.668
Ses03F_script01_1_M036,/mnt/ddn/kyudan/IEMOCAP/data/Ses03F_script01_1_M036.wav,neutral,Ses03,M,3.886
Ses03F_script01_1_M040,/mnt/ddn/kyudan/IEMOCAP/data/Ses03F_script01_1_M040.wav,sad,Ses03,M,8.458
Ses03F_script01_1_M041,/mnt/ddn/kyudan/IEMOCAP/data/Ses03F_script01_1_M041.wav,neutral,Ses03,M,3.859
Ses03F_script01_1_M042,/mnt/ddn/kyudan/IEMOCAP/data/Ses03F_script01_1_M042.wav,neutral,Ses03,M,6.076
Ses03F_script01_1_M043,/mnt/ddn/kyudan/IEMOCAP/data/Ses03F_script01_1_M043.wav,angry,Ses03,M,4.434
Ses03F_script01_1_M045,/mnt/ddn/kyudan/IEMOCAP/data/Ses03F_script01_1_M045.wav,angry,Ses03,M,15.451
Ses03F_script01_1_M046,/mnt/ddn/kyudan/IEMOCAP/data/Ses03F_script01_1_M046.wav,angry,Ses03,M,2.972
Ses03F_script01_1_M047,/mnt/ddn/kyudan/IEMOCAP/data/Ses03F_script01_1_M047.wav,neutral,Ses03,M,3.049
Ses03F_script01_1_M048,/mnt/ddn/kyudan/IEMOCAP/data/Ses03F_script01_1_M048.wav,neutral,Ses03,M,4.051
Ses03F_script01_1_M049,/mnt/ddn/kyudan/IEMOCAP/data/Ses03F_script01_1_M049.wav,neutral,Ses03,M,3.777
Ses03F_script01_1_M050,/mnt/ddn/kyudan/IEMOCAP/data/Ses03F_script01_1_M050.wav,neutral,Ses03,M,3.23
Ses03F_script01_1_M052,/mnt/ddn/kyudan/IEMOCAP/data/Ses03F_script01_1_M052.wav,neutral,Ses03,M,3.996
Ses03F_script01_1_M053,/mnt/ddn/kyudan/IEMOCAP/data/Ses03F_script01_1_M053.wav,neutral,Ses03,M,5.611
Ses03F_script01_2_F000,/mnt/ddn/kyudan/IEMOCAP/data/Ses03F_script01_2_F000.wav,angry,Ses03,F,2.846
Ses03F_script01_2_F001,/mnt/ddn/kyudan/IEMOCAP/data/Ses03F_script01_2_F001.wav,angry,Ses03,F,4.634
Ses03F_script01_2_F002,/mnt/ddn/kyudan/IEMOCAP/data/Ses03F_script01_2_F002.wav,angry,Ses03,F,3.126
Ses03F_script01_2_F003,/mnt/ddn/kyudan/IEMOCAP/data/Ses03F_script01_2_F003.wav,angry,Ses03,F,2.744
Ses03F_script01_2_F004,/mnt/ddn/kyudan/IEMOCAP/data/Ses03F_script01_2_F004.wav,angry,Ses03,F,1.883
Ses03F_script01_2_F006,/mnt/ddn/kyudan/IEMOCAP/data/Ses03F_script01_2_F006.wav,angry,Ses03,F,4.538
Ses03F_script01_2_F007,/mnt/ddn/kyudan/IEMOCAP/data/Ses03F_script01_2_F007.wav,sad,Ses03,F,5.793
Ses03F_script01_2_F009,/mnt/ddn/kyudan/IEMOCAP/data/Ses03F_script01_2_F009.wav,sad,Ses03,F,2.291
Ses03F_script01_2_F010,/mnt/ddn/kyudan/IEMOCAP/data/Ses03F_script01_2_F010.wav,angry,Ses03,F,3.415
Ses03F_script01_2_F011,/mnt/ddn/kyudan/IEMOCAP/data/Ses03F_script01_2_F011.wav,sad,Ses03,F,7.005
Ses03F_script01_2_F012,/mnt/ddn/kyudan/IEMOCAP/data/Ses03F_script01_2_F012.wav,sad,Ses03,F,4.61
Ses03F_script01_2_F013,/mnt/ddn/kyudan/IEMOCAP/data/Ses03F_script01_2_F013.wav,angry,Ses03,F,8.402
Ses03F_script01_2_F015,/mnt/ddn/kyudan/IEMOCAP/data/Ses03F_script01_2_F015.wav,angry,Ses03,F,2.55
Ses03F_script01_2_F016,/mnt/ddn/kyudan/IEMOCAP/data/Ses03F_script01_2_F016.wav,angry,Ses03,F,7.27
Ses03F_script01_2_F018,/mnt/ddn/kyudan/IEMOCAP/data/Ses03F_script01_2_F018.wav,sad,Ses03,F,1.68
Ses03F_script01_2_F020,/mnt/ddn/kyudan/IEMOCAP/data/Ses03F_script01_2_F020.wav,sad,Ses03,F,2.49
Ses03F_script01_2_F021,/mnt/ddn/kyudan/IEMOCAP/data/Ses03F_script01_2_F021.wav,sad,Ses03,F,1.93
Ses03F_script01_2_M001,/mnt/ddn/kyudan/IEMOCAP/data/Ses03F_script01_2_M001.wav,neutral,Ses03,M,3.407
Ses03F_script01_2_M003,/mnt/ddn/kyudan/IEMOCAP/data/Ses03F_script01_2_M003.wav,neutral,Ses03,M,2.716
Ses03F_script01_2_M004,/mnt/ddn/kyudan/IEMOCAP/data/Ses03F_script01_2_M004.wav,neutral,Ses03,M,2.647
Ses03F_script01_2_M006,/mnt/ddn/kyudan/IEMOCAP/data/Ses03F_script01_2_M006.wav,neutral,Ses03,M,2.889
Ses03F_script01_2_M007,/mnt/ddn/kyudan/IEMOCAP/data/Ses03F_script01_2_M007.wav,neutral,Ses03,M,2.86
Ses03F_script01_2_M008,/mnt/ddn/kyudan/IEMOCAP/data/Ses03F_script01_2_M008.wav,neutral,Ses03,M,4.272
Ses03F_script01_2_M009,/mnt/ddn/kyudan/IEMOCAP/data/Ses03F_script01_2_M009.wav,neutral,Ses03,M,1.83
Ses03F_script01_2_M011,/mnt/ddn/kyudan/IEMOCAP/data/Ses03F_script01_2_M011.wav,angry,Ses03,M,2.55
Ses03F_script01_2_M013,/mnt/ddn/kyudan/IEMOCAP/data/Ses03F_script01_2_M013.wav,angry,Ses03,M,2.86
Ses03F_script01_2_M014,/mnt/ddn/kyudan/IEMOCAP/data/Ses03F_script01_2_M014.wav,angry,Ses03,M,1.63
Ses03F_script01_2_M015,/mnt/ddn/kyudan/IEMOCAP/data/Ses03F_script01_2_M015.wav,angry,Ses03,M,2.892
Ses03F_script01_2_M016,/mnt/ddn/kyudan/IEMOCAP/data/Ses03F_script01_2_M016.wav,angry,Ses03,M,2.76
Ses03F_script01_2_M017,/mnt/ddn/kyudan/IEMOCAP/data/Ses03F_script01_2_M017.wav,angry,Ses03,M,2.13
Ses03F_script01_2_M018,/mnt/ddn/kyudan/IEMOCAP/data/Ses03F_script01_2_M018.wav,angry,Ses03,M,2.86
Ses03F_script01_3_F000,/mnt/ddn/kyudan/IEMOCAP/data/Ses03F_script01_3_F000.wav,happy,Ses03,F,3.454
Ses03F_script01_3_F001,/mnt/ddn/kyudan/IEMOCAP/data/Ses03F_script01_3_F001.wav,happy,Ses03,F,3.666
Ses03F_script01_3_F002,/mnt/ddn/kyudan/IEMOCAP/data/Ses03F_script01_3_F002.wav,happy,Ses03,F,4.677
Ses03F_script01_3_F003,/mnt/ddn/kyudan/IEMOCAP/data/Ses03F_script01_3_F003.wav,sad,Ses03,F,3.834
Ses03F_script01_3_F007,/mnt/ddn/kyudan/IEMOCAP/data/Ses03F_script01_3_F007.wav,sad,Ses03,F,4.309
Ses03F_script01_3_F008,/mnt/ddn/kyudan/IEMOCAP/data/Ses03F_script01_3_F008.wav,sad,Ses03,F,4.066
Ses03F_script01_3_F009,/mnt/ddn/kyudan/IEMOCAP/data/Ses03F_script01_3_F009.wav,sad,Ses03,F,2.107
Ses03F_script01_3_F010,/mnt/ddn/kyudan/IEMOCAP/data/Ses03F_script01_3_F010.wav,sad,Ses03,F,3.244
Ses03F_script01_3_F011,/mnt/ddn/kyudan/IEMOCAP/data/Ses03F_script01_3_F011.wav,happy,Ses03,F,1.833
Ses03F_script01_3_F012,/mnt/ddn/kyudan/IEMOCAP/data/Ses03F_script01_3_F012.wav,happy,Ses03,F,3.328
Ses03F_script01_3_F013,/mnt/ddn/kyudan/IEMOCAP/data/Ses03F_script01_3_F013.wav,happy,Ses03,F,3.56
Ses03F_script01_3_F014,/mnt/ddn/kyudan/IEMOCAP/data/Ses03F_script01_3_F014.wav,happy,Ses03,F,4.43
Ses03F_script01_3_F018,/mnt/ddn/kyudan/IEMOCAP/data/Ses03F_script01_3_F018.wav,happy,Ses03,F,2.075
Ses03F_script01_3_F021,/mnt/ddn/kyudan/IEMOCAP/data/Ses03F_script01_3_F021.wav,happy,Ses03,F,10.533
Ses03F_script01_3_F022,/mnt/ddn/kyudan/IEMOCAP/data/Ses03F_script01_3_F022.wav,happy,Ses03,F,4.361
Ses03F_script01_3_F023,/mnt/ddn/kyudan/IEMOCAP/data/Ses03F_script01_3_F023.wav,happy,Ses03,F,6.615
Ses03F_script01_3_F024,/mnt/ddn/kyudan/IEMOCAP/data/Ses03F_script01_3_F024.wav,happy,Ses03,F,3.792
Ses03F_script01_3_F025,/mnt/ddn/kyudan/IEMOCAP/data/Ses03F_script01_3_F025.wav,sad,Ses03,F,3.743
Ses03F_script01_3_F026,/mnt/ddn/kyudan/IEMOCAP/data/Ses03F_script01_3_F026.wav,sad,Ses03,F,5.899
Ses03F_script01_3_F027,/mnt/ddn/kyudan/IEMOCAP/data/Ses03F_script01_3_F027.wav,sad,Ses03,F,3.413
Ses03F_script01_3_F028,/mnt/ddn/kyudan/IEMOCAP/data/Ses03F_script01_3_F028.wav,sad,Ses03,F,4.171
Ses03F_script01_3_F029,/mnt/ddn/kyudan/IEMOCAP/data/Ses03F_script01_3_F029.wav,sad,Ses03,F,1.938
Ses03F_script01_3_F030,/mnt/ddn/kyudan/IEMOCAP/data/Ses03F_script01_3_F030.wav,sad,Ses03,F,2.549
Ses03F_script01_3_F031,/mnt/ddn/kyudan/IEMOCAP/data/Ses03F_script01_3_F031.wav,sad,Ses03,F,3.328
Ses03F_script01_3_F032,/mnt/ddn/kyudan/IEMOCAP/data/Ses03F_script01_3_F032.wav,sad,Ses03,F,3.392
Ses03F_script01_3_F033,/mnt/ddn/kyudan/IEMOCAP/data/Ses03F_script01_3_F033.wav,sad,Ses03,F,8.585
Ses03F_script01_3_F034,/mnt/ddn/kyudan/IEMOCAP/data/Ses03F_script01_3_F034.wav,happy,Ses03,F,8.269
Ses03F_script01_3_F035,/mnt/ddn/kyudan/IEMOCAP/data/Ses03F_script01_3_F035.wav,happy,Ses03,F,4.607
Ses03F_script01_3_M000,/mnt/ddn/kyudan/IEMOCAP/data/Ses03F_script01_3_M000.wav,happy,Ses03,M,4.993
Ses03F_script01_3_M001,/mnt/ddn/kyudan/IEMOCAP/data/Ses03F_script01_3_M001.wav,neutral,Ses03,M,3.244
Ses03F_script01_3_M002,/mnt/ddn/kyudan/IEMOCAP/data/Ses03F_script01_3_M002.wav,neutral,Ses03,M,2.675
Ses03F_script01_3_M003,/mnt/ddn/kyudan/IEMOCAP/data/Ses03F_script01_3_M003.wav,neutral,Ses03,M,2.149
Ses03F_script01_3_M004,/mnt/ddn/kyudan/IEMOCAP/data/Ses03F_script01_3_M004.wav,neutral,Ses03,M,2.254
Ses03F_script01_3_M006,/mnt/ddn/kyudan/IEMOCAP/data/Ses03F_script01_3_M006.wav,happy,Ses03,M,14.536
Ses03F_script01_3_M009,/mnt/ddn/kyudan/IEMOCAP/data/Ses03F_script01_3_M009.wav,happy,Ses03,M,5.856
Ses03F_script01_3_M010,/mnt/ddn/kyudan/IEMOCAP/data/Ses03F_script01_3_M010.wav,happy,Ses03,M,2.865
Ses03F_script01_3_M011,/mnt/ddn/kyudan/IEMOCAP/data/Ses03F_script01_3_M011.wav,happy,Ses03,M,2.086
Ses03F_script01_3_M012,/mnt/ddn/kyudan/IEMOCAP/data/Ses03F_script01_3_M012.wav,happy,Ses03,M,3.139
Ses03F_script01_3_M013,/mnt/ddn/kyudan/IEMOCAP/data/Ses03F_script01_3_M013.wav,happy,Ses03,M,7.099
Ses03F_script01_3_M014,/mnt/ddn/kyudan/IEMOCAP/data/Ses03F_script01_3_M014.wav,happy,Ses03,M,12.134
Ses03F_script01_3_M015,/mnt/ddn/kyudan/IEMOCAP/data/Ses03F_script01_3_M015.wav,happy,Ses03,M,4.476
Ses03F_script01_3_M016,/mnt/ddn/kyudan/IEMOCAP/data/Ses03F_script01_3_M016.wav,happy,Ses03,M,5.266
Ses03F_script01_3_M018,/mnt/ddn/kyudan/IEMOCAP/data/Ses03F_script01_3_M018.wav,happy,Ses03,M,2.633
Ses03F_script01_3_M019,/mnt/ddn/kyudan/IEMOCAP/data/Ses03F_script01_3_M019.wav,happy,Ses03,M,2.435
Ses03F_script01_3_M020,/mnt/ddn/kyudan/IEMOCAP/data/Ses03F_script01_3_M020.wav,happy,Ses03,M,2.444
Ses03F_script01_3_M021,/mnt/ddn/kyudan/IEMOCAP/data/Ses03F_script01_3_M021.wav,happy,Ses03,M,1.71
Ses03F_script01_3_M022,/mnt/ddn/kyudan/IEMOCAP/data/Ses03F_script01_3_M022.wav,happy,Ses03,M,13.419
Ses03F_script01_3_M023,/mnt/ddn/kyudan/IEMOCAP/data/Ses03F_script01_3_M023.wav,happy,Ses03,M,6.551
Ses03F_script01_3_M024,/mnt/ddn/kyudan/IEMOCAP/data/Ses03F_script01_3_M024.wav,happy,Ses03,M,2.401
Ses03F_script01_3_M025,/mnt/ddn/kyudan/IEMOCAP/data/Ses03F_script01_3_M025.wav,sad,Ses03,M,4.293
Ses03F_script01_3_M026,/mnt/ddn/kyudan/IEMOCAP/data/Ses03F_script01_3_M026.wav,neutral,Ses03,M,3.75
Ses03F_script01_3_M027,/mnt/ddn/kyudan/IEMOCAP/data/Ses03F_script01_3_M027.wav,sad,Ses03,M,8.7
Ses03F_script01_3_M028,/mnt/ddn/kyudan/IEMOCAP/data/Ses03F_script01_3_M028.wav,sad,Ses03,M,2.991
Ses03F_script01_3_M029,/mnt/ddn/kyudan/IEMOCAP/data/Ses03F_script01_3_M029.wav,sad,Ses03,M,5.941
Ses03F_script01_3_M030,/mnt/ddn/kyudan/IEMOCAP/data/Ses03F_script01_3_M030.wav,sad,Ses03,M,2.37
Ses03F_script01_3_M031,/mnt/ddn/kyudan/IEMOCAP/data/Ses03F_script01_3_M031.wav,sad,Ses03,M,3.097
Ses03F_script01_3_M032,/mnt/ddn/kyudan/IEMOCAP/data/Ses03F_script01_3_M032.wav,sad,Ses03,M,6.563
Ses03F_script01_3_M033,/mnt/ddn/kyudan/IEMOCAP/data/Ses03F_script01_3_M033.wav,sad,Ses03,M,10.702
Ses03F_script01_3_M034,/mnt/ddn/kyudan/IEMOCAP/data/Ses03F_script01_3_M034.wav,sad,Ses03,M,14.852
Ses03F_script01_3_M035,/mnt/ddn/kyudan/IEMOCAP/data/Ses03F_script01_3_M035.wav,sad,Ses03,M,6.109
Ses03F_script01_3_M036,/mnt/ddn/kyudan/IEMOCAP/data/Ses03F_script01_3_M036.wav,sad,Ses03,M,13.288
Ses03F_script01_3_M037,/mnt/ddn/kyudan/IEMOCAP/data/Ses03F_script01_3_M037.wav,sad,Ses03,M,11.123
Ses03F_script01_3_M038,/mnt/ddn/kyudan/IEMOCAP/data/Ses03F_script01_3_M038.wav,sad,Ses03,M,11.144
Ses03F_script01_3_M039,/mnt/ddn/kyudan/IEMOCAP/data/Ses03F_script01_3_M039.wav,sad,Ses03,M,14.224
Ses03F_script01_3_M040,/mnt/ddn/kyudan/IEMOCAP/data/Ses03F_script01_3_M040.wav,sad,Ses03,M,19.837
Ses03F_script01_3_M041,/mnt/ddn/kyudan/IEMOCAP/data/Ses03F_script01_3_M041.wav,sad,Ses03,M,4.332
Ses03F_script01_3_M042,/mnt/ddn/kyudan/IEMOCAP/data/Ses03F_script01_3_M042.wav,sad,Ses03,M,2.928
Ses03F_script01_3_M043,/mnt/ddn/kyudan/IEMOCAP/data/Ses03F_script01_3_M043.wav,sad,Ses03,M,3.708
Ses03F_script01_3_M044,/mnt/ddn/kyudan/IEMOCAP/data/Ses03F_script01_3_M044.wav,happy,Ses03,M,2.97
Ses03F_script01_3_M045,/mnt/ddn/kyudan/IEMOCAP/data/Ses03F_script01_3_M045.wav,happy,Ses03,M,2.57
Ses03F_script01_3_M046,/mnt/ddn/kyudan/IEMOCAP/data/Ses03F_script01_3_M046.wav,happy,Ses03,M,3.311
Ses03F_script02_1_F000,/mnt/ddn/kyudan/IEMOCAP/data/Ses03F_script02_1_F000.wav,sad,Ses03,F,1.216
Ses03F_script02_1_F003,/mnt/ddn/kyudan/IEMOCAP/data/Ses03F_script02_1_F003.wav,angry,Ses03,F,7.591
Ses03F_script02_1_F010,/mnt/ddn/kyudan/IEMOCAP/data/Ses03F_script02_1_F010.wav,sad,Ses03,F,2.733
Ses03F_script02_1_F011,/mnt/ddn/kyudan/IEMOCAP/data/Ses03F_script02_1_F011.wav,sad,Ses03,F,2.751
Ses03F_script02_1_F012,/mnt/ddn/kyudan/IEMOCAP/data/Ses03F_script02_1_F012.wav,angry,Ses03,F,6.595
Ses03F_script02_1_F015,/mnt/ddn/kyudan/IEMOCAP/data/Ses03F_script02_1_F015.wav,sad,Ses03,F,4.701
Ses03F_script02_1_M000,/mnt/ddn/kyudan/IEMOCAP/data/Ses03F_script02_1_M000.wav,happy,Ses03,M,8.47
Ses03F_script02_1_M001,/mnt/ddn/kyudan/IEMOCAP/data/Ses03F_script02_1_M001.wav,happy,Ses03,M,3.36
Ses03F_script02_1_M002,/mnt/ddn/kyudan/IEMOCAP/data/Ses03F_script02_1_M002.wav,happy,Ses03,M,9.525
Ses03F_script02_1_M003,/mnt/ddn/kyudan/IEMOCAP/data/Ses03F_script02_1_M003.wav,happy,Ses03,M,8.197
Ses03F_script02_1_M004,/mnt/ddn/kyudan/IEMOCAP/data/Ses03F_script02_1_M004.wav,happy,Ses03,M,7.04
Ses03F_script02_1_M005,/mnt/ddn/kyudan/IEMOCAP/data/Ses03F_script02_1_M005.wav,happy,Ses03,M,7.512
Ses03F_script02_1_M006,/mnt/ddn/kyudan/IEMOCAP/data/Ses03F_script02_1_M006.wav,happy,Ses03,M,5.423
Ses03F_script02_1_M009,/mnt/ddn/kyudan/IEMOCAP/data/Ses03F_script02_1_M009.wav,happy,Ses03,M,4.142
Ses03F_script02_1_M010,/mnt/ddn/kyudan/IEMOCAP/data/Ses03F_script02_1_M010.wav,happy,Ses03,M,3.676
Ses03F_script02_1_M011,/mnt/ddn/kyudan/IEMOCAP/data/Ses03F_script02_1_M011.wav,happy,Ses03,M,6.7
Ses03F_script02_1_M012,/mnt/ddn/kyudan/IEMOCAP/data/Ses03F_script02_1_M012.wav,happy,Ses03,M,3.467
Ses03F_script02_1_M013,/mnt/ddn/kyudan/IEMOCAP/data/Ses03F_script02_1_M013.wav,happy,Ses03,M,5.245
Ses03F_script02_1_M014,/mnt/ddn/kyudan/IEMOCAP/data/Ses03F_script02_1_M014.wav,happy,Ses03,M,9.014
Ses03F_script02_1_M015,/mnt/ddn/kyudan/IEMOCAP/data/Ses03F_script02_1_M015.wav,happy,Ses03,M,9.97
Ses03F_script02_1_M016,/mnt/ddn/kyudan/IEMOCAP/data/Ses03F_script02_1_M016.wav,happy,Ses03,M,5.907
Ses03F_script02_1_M017,/mnt/ddn/kyudan/IEMOCAP/data/Ses03F_script02_1_M017.wav,neutral,Ses03,M,2.814
Ses03F_script02_1_M019,/mnt/ddn/kyudan/IEMOCAP/data/Ses03F_script02_1_M019.wav,neutral,Ses03,M,1.802
Ses03F_script02_1_M020,/mnt/ddn/kyudan/IEMOCAP/data/Ses03F_script02_1_M020.wav,neutral,Ses03,M,2.334
Ses03F_script02_1_M021,/mnt/ddn/kyudan/IEMOCAP/data/Ses03F_script02_1_M021.wav,happy,Ses03,M,6.956
Ses03F_script02_1_M022,/mnt/ddn/kyudan/IEMOCAP/data/Ses03F_script02_1_M022.wav,neutral,Ses03,M,2.952
Ses03F_script02_1_M023,/mnt/ddn/kyudan/IEMOCAP/data/Ses03F_script02_1_M023.wav,neutral,Ses03,M,2.166
Ses03F_script02_1_M035,/mnt/ddn/kyudan/IEMOCAP/data/Ses03F_script02_1_M035.wav,angry,Ses03,M,4.695
Ses03F_script02_1_M036,/mnt/ddn/kyudan/IEMOCAP/data/Ses03F_script02_1_M036.wav,happy,Ses03,M,8.28
Ses03F_script02_1_M038,/mnt/ddn/kyudan/IEMOCAP/data/Ses03F_script02_1_M038.wav,happy,Ses03,M,10.992
Ses03F_script02_1_M039,/mnt/ddn/kyudan/IEMOCAP/data/Ses03F_script02_1_M039.wav,happy,Ses03,M,12.693
Ses03F_script02_1_M040,/mnt/ddn/kyudan/IEMOCAP/data/Ses03F_script02_1_M040.wav,happy,Ses03,M,7.987
Ses03F_script02_1_M041,/mnt/ddn/kyudan/IEMOCAP/data/Ses03F_script02_1_M041.wav,happy,Ses03,M,9.815
Ses03F_script02_1_M042,/mnt/ddn/kyudan/IEMOCAP/data/Ses03F_script02_1_M042.wav,happy,Ses03,M,9.872
Ses03F_script02_1_M043,/mnt/ddn/kyudan/IEMOCAP/data/Ses03F_script02_1_M043.wav,happy,Ses03,M,2.748
Ses03F_script02_1_M044,/mnt/ddn/kyudan/IEMOCAP/data/Ses03F_script02_1_M044.wav,neutral,Ses03,M,2.315
Ses03F_script02_2_F000,/mnt/ddn/kyudan/IEMOCAP/data/Ses03F_script02_2_F000.wav,neutral,Ses03,F,2.666
Ses03F_script02_2_F005,/mnt/ddn/kyudan/IEMOCAP/data/Ses03F_script02_2_F005.wav,angry,Ses03,F,6.414
Ses03F_script02_2_F007,/mnt/ddn/kyudan/IEMOCAP/data/Ses03F_script02_2_F007.wav,sad,Ses03,F,3.345
Ses03F_script02_2_F011,/mnt/ddn/kyudan/IEMOCAP/data/Ses03F_script02_2_F011.wav,sad,Ses03,F,6.205
Ses03F_script02_2_F012,/mnt/ddn/kyudan/IEMOCAP/data/Ses03F_script02_2_F012.wav,angry,Ses03,F,7.515
Ses03F_script02_2_F016,/mnt/ddn/kyudan/IEMOCAP/data/Ses03F_script02_2_F016.wav,sad,Ses03,F,5.139
Ses03F_script02_2_F017,/mnt/ddn/kyudan/IEMOCAP/data/Ses03F_script02_2_F017.wav,sad,Ses03,F,3.2
Ses03F_script02_2_F018,/mnt/ddn/kyudan/IEMOCAP/data/Ses03F_script02_2_F018.wav,sad,Ses03,F,3.709
Ses03F_script02_2_F019,/mnt/ddn/kyudan/IEMOCAP/data/Ses03F_script02_2_F019.wav,happy,Ses03,F,6.721
Ses03F_script02_2_F020,/mnt/ddn/kyudan/IEMOCAP/data/Ses03F_script02_2_F020.wav,happy,Ses03,F,6.376
Ses03F_script02_2_F021,/mnt/ddn/kyudan/IEMOCAP/data/Ses03F_script02_2_F021.wav,happy,Ses03,F,6.326
Ses03F_script02_2_F022,/mnt/ddn/kyudan/IEMOCAP/data/Ses03F_script02_2_F022.wav,sad,Ses03,F,5.987
Ses03F_script02_2_F023,/mnt/ddn/kyudan/IEMOCAP/data/Ses03F_script02_2_F023.wav,happy,Ses03,F,5.213
Ses03F_script02_2_F024,/mnt/ddn/kyudan/IEMOCAP/data/Ses03F_script02_2_F024.wav,sad,Ses03,F,3.151
Ses03F_script02_2_F025,/mnt/ddn/kyudan/IEMOCAP/data/Ses03F_script02_2_F025.wav,sad,Ses03,F,2.687
Ses03F_script02_2_F026,/mnt/ddn/kyudan/IEMOCAP/data/Ses03F_script02_2_F026.wav,sad,Ses03,F,2.795
Ses03F_script02_2_F027,/mnt/ddn/kyudan/IEMOCAP/data/Ses03F_script02_2_F027.wav,sad,Ses03,F,1.915
Ses03F_script02_2_F028,/mnt/ddn/kyudan/IEMOCAP/data/Ses03F_script02_2_F028.wav,sad,Ses03,F,2.642
Ses03F_script02_2_F031,/mnt/ddn/kyudan/IEMOCAP/data/Ses03F_script02_2_F031.wav,angry,Ses03,F,2.109
Ses03F_script02_2_F035,/mnt/ddn/kyudan/IEMOCAP/data/Ses03F_script02_2_F035.wav,angry,Ses03,F,4.363
Ses03F_script02_2_F036,/mnt/ddn/kyudan/IEMOCAP/data/Ses03F_script02_2_F036.wav,sad,Ses03,F,4.849
Ses03F_script02_2_F037,/mnt/ddn/kyudan/IEMOCAP/data/Ses03F_script02_2_F037.wav,sad,Ses03,F,5.381
Ses03F_script02_2_F038,/mnt/ddn/kyudan/IEMOCAP/data/Ses03F_script02_2_F038.wav,sad,Ses03,F,3.854
Ses03F_script02_2_F039,/mnt/ddn/kyudan/IEMOCAP/data/Ses03F_script02_2_F039.wav,sad,Ses03,F,12.241
Ses03F_script02_2_F040,/mnt/ddn/kyudan/IEMOCAP/data/Ses03F_script02_2_F040.wav,sad,Ses03,F,2.244
Ses03F_script02_2_F043,/mnt/ddn/kyudan/IEMOCAP/data/Ses03F_script02_2_F043.wav,happy,Ses03,F,8.072
Ses03F_script02_2_F044,/mnt/ddn/kyudan/IEMOCAP/data/Ses03F_script02_2_F044.wav,happy,Ses03,F,3.854
Ses03F_script02_2_F045,/mnt/ddn/kyudan/IEMOCAP/data/Ses03F_script02_2_F045.wav,happy,Ses03,F,3.733
Ses03F_script02_2_F046,/mnt/ddn/kyudan/IEMOCAP/data/Ses03F_script02_2_F046.wav,happy,Ses03,F,3.629
Ses03F_script02_2_F047,/mnt/ddn/kyudan/IEMOCAP/data/Ses03F_script02_2_F047.wav,happy,Ses03,F,2.933
Ses03F_script02_2_F048,/mnt/ddn/kyudan/IEMOCAP/data/Ses03F_script02_2_F048.wav,happy,Ses03,F,3.709
Ses03F_script02_2_F049,/mnt/ddn/kyudan/IEMOCAP/data/Ses03F_script02_2_F049.wav,happy,Ses03,F,6.908
Ses03F_script02_2_F050,/mnt/ddn/kyudan/IEMOCAP/data/Ses03F_script02_2_F050.wav,happy,Ses03,F,4.678
Ses03F_script02_2_F051,/mnt/ddn/kyudan/IEMOCAP/data/Ses03F_script02_2_F051.wav,sad,Ses03,F,3.006
Ses03F_script02_2_F052,/mnt/ddn/kyudan/IEMOCAP/data/Ses03F_script02_2_F052.wav,happy,Ses03,F,2.666
Ses03F_script02_2_M001,/mnt/ddn/kyudan/IEMOCAP/data/Ses03F_script02_2_M001.wav,neutral,Ses03,M,3.2
Ses03F_script02_2_M005,/mnt/ddn/kyudan/IEMOCAP/data/Ses03F_script02_2_M005.wav,neutral,Ses03,M,7.805
Ses03F_script02_2_M008,/mnt/ddn/kyudan/IEMOCAP/data/Ses03F_script02_2_M008.wav,neutral,Ses03,M,3.321
Ses03F_script02_2_M016,/mnt/ddn/kyudan/IEMOCAP/data/Ses03F_script02_2_M016.wav,neutral,Ses03,M,3.684
Ses03F_script02_2_M026,/mnt/ddn/kyudan/IEMOCAP/data/Ses03F_script02_2_M026.wav,angry,Ses03,M,5.987
Ses03F_script02_2_M036,/mnt/ddn/kyudan/IEMOCAP/data/Ses03F_script02_2_M036.wav,happy,Ses03,M,3.854
Ses03F_script02_2_M038,/mnt/ddn/kyudan/IEMOCAP/data/Ses03F_script02_2_M038.wav,happy,Ses03,M,5.187
Ses03F_script02_2_M039,/mnt/ddn/kyudan/IEMOCAP/data/Ses03F_script02_2_M039.wav,happy,Ses03,M,7.223
Ses03F_script02_2_M040,/mnt/ddn/kyudan/IEMOCAP/data/Ses03F_script02_2_M040.wav,happy,Ses03,M,3.442
Ses03F_script02_2_M041,/mnt/ddn/kyudan/IEMOCAP/data/Ses03F_script02_2_M041.wav,happy,Ses03,M,3.709
Ses03F_script02_2_M042,/mnt/ddn/kyudan/IEMOCAP/data/Ses03F_script02_2_M042.wav,neutral,Ses03,M,4.727
Ses03F_script02_2_M043,/mnt/ddn/kyudan/IEMOCAP/data/Ses03F_script02_2_M043.wav,neutral,Ses03,M,3.103
Ses03F_script02_2_M044,/mnt/ddn/kyudan/IEMOCAP/data/Ses03F_script02_2_M044.wav,happy,Ses03,M,3.035
Ses03F_script02_2_M045,/mnt/ddn/kyudan/IEMOCAP/data/Ses03F_script02_2_M045.wav,happy,Ses03,M,1.855
Ses03F_script03_1_F000,/mnt/ddn/kyudan/IEMOCAP/data/Ses03F_script03_1_F000.wav,neutral,Ses03,F,1.66
Ses03F_script03_1_F001,/mnt/ddn/kyudan/IEMOCAP/data/Ses03F_script03_1_F001.wav,neutral,Ses03,F,2.252
Ses03F_script03_1_F007,/mnt/ddn/kyudan/IEMOCAP/data/Ses03F_script03_1_F007.wav,happy,Ses03,F,7.132
Ses03F_script03_1_F008,/mnt/ddn/kyudan/IEMOCAP/data/Ses03F_script03_1_F008.wav,happy,Ses03,F,2.18
Ses03F_script03_1_F009,/mnt/ddn/kyudan/IEMOCAP/data/Ses03F_script03_1_F009.wav,happy,Ses03,F,3.699
Ses03F_script03_1_F010,/mnt/ddn/kyudan/IEMOCAP/data/Ses03F_script03_1_F010.wav,happy,Ses03,F,1.91
Ses03F_script03_1_F011,/mnt/ddn/kyudan/IEMOCAP/data/Ses03F_script03_1_F011.wav,happy,Ses03,F,3.71
Ses03F_script03_1_F012,/mnt/ddn/kyudan/IEMOCAP/data/Ses03F_script03_1_F012.wav,happy,Ses03,F,4.132
Ses03F_script03_1_F013,/mnt/ddn/kyudan/IEMOCAP/data/Ses03F_script03_1_F013.wav,happy,Ses03,F,3.235
Ses03F_script03_1_F014,/mnt/ddn/kyudan/IEMOCAP/data/Ses03F_script03_1_F014.wav,sad,Ses03,F,2.827
Ses03F_script03_1_F015,/mnt/ddn/kyudan/IEMOCAP/data/Ses03F_script03_1_F015.wav,sad,Ses03,F,5.1
Ses03F_script03_1_F016,/mnt/ddn/kyudan/IEMOCAP/data/Ses03F_script03_1_F016.wav,happy,Ses03,F,2.44
Ses03F_script03_1_F017,/mnt/ddn/kyudan/IEMOCAP/data/Ses03F_script03_1_F017.wav,happy,Ses03,F,3.19
Ses03F_script03_1_F018,/mnt/ddn/kyudan/IEMOCAP/data/Ses03F_script03_1_F018.wav,happy,Ses03,F,3.382
Ses03F_script03_1_F019,/mnt/ddn/kyudan/IEMOCAP/data/Ses03F_script03_1_F019.wav,happy,Ses03,F,8.602
Ses03F_script03_1_F020,/mnt/ddn/kyudan/IEMOCAP/data/Ses03F_script03_1_F020.wav,happy,Ses03,F,2.905
Ses03F_script03_1_F021,/mnt/ddn/kyudan/IEMOCAP/data/Ses03F_script03_1_F021.wav,happy,Ses03,F,4.36
Ses03F_script03_1_F022,/mnt/ddn/kyudan/IEMOCAP/data/Ses03F_script03_1_F022.wav,happy,Ses03,F,6.147
Ses03F_script03_1_F023,/mnt/ddn/kyudan/IEMOCAP/data/Ses03F_script03_1_F023.wav,happy,Ses03,F,3.23
Ses03F_script03_1_F024,/mnt/ddn/kyudan/IEMOCAP/data/Ses03F_script03_1_F024.wav,happy,Ses03,F,4.44
Ses03F_script03_1_F025,/mnt/ddn/kyudan/IEMOCAP/data/Ses03F_script03_1_F025.wav,happy,Ses03,F,3.58
Ses03F_script03_1_F026,/mnt/ddn/kyudan/IEMOCAP/data/Ses03F_script03_1_F026.wav,happy,Ses03,F,5.82
Ses03F_script03_1_F027,/mnt/ddn/kyudan/IEMOCAP/data/Ses03F_script03_1_F027.wav,happy,Ses03,F,4.53
Ses03F_script03_1_F028,/mnt/ddn/kyudan/IEMOCAP/data/Ses03F_script03_1_F028.wav,happy,Ses03,F,2.762
Ses03F_script03_1_M004,/mnt/ddn/kyudan/IEMOCAP/data/Ses03F_script03_1_M004.wav,neutral,Ses03,M,4.38
Ses03F_script03_1_M005,/mnt/ddn/kyudan/IEMOCAP/data/Ses03F_script03_1_M005.wav,neutral,Ses03,M,2.222
Ses03F_script03_1_M007,/mnt/ddn/kyudan/IEMOCAP/data/Ses03F_script03_1_M007.wav,happy,Ses03,M,4.73
Ses03F_script03_1_M010,/mnt/ddn/kyudan/IEMOCAP/data/Ses03F_script03_1_M010.wav,happy,Ses03,M,6.62
Ses03F_script03_1_M011,/mnt/ddn/kyudan/IEMOCAP/data/Ses03F_script03_1_M011.wav,happy,Ses03,M,2.967
Ses03F_script03_1_M012,/mnt/ddn/kyudan/IEMOCAP/data/Ses03F_script03_1_M012.wav,happy,Ses03,M,12.742
Ses03F_script03_1_M013,/mnt/ddn/kyudan/IEMOCAP/data/Ses03F_script03_1_M013.wav,happy,Ses03,M,3.225
Ses03F_script03_1_M014,/mnt/ddn/kyudan/IEMOCAP/data/Ses03F_script03_1_M014.wav,happy,Ses03,M,1.8
Ses03F_script03_1_M015,/mnt/ddn/kyudan/IEMOCAP/data/Ses03F_script03_1_M015.wav,happy,Ses03,M,3.908
Ses03F_script03_1_M016,/mnt/ddn/kyudan/IEMOCAP/data/Ses03F_script03_1_M016.wav,happy,Ses03,M,2.52
Ses03F_script03_1_M017,/mnt/ddn/kyudan/IEMOCAP/data/Ses03F_script03_1_M017.wav,happy,Ses03,M,3.76
Ses03F_script03_1_M018,/mnt/ddn/kyudan/IEMOCAP/data/Ses03F_script03_1_M018.wav,happy,Ses03,M,6.468
Ses03F_script03_1_M019,/mnt/ddn/kyudan/IEMOCAP/data/Ses03F_script03_1_M019.wav,happy,Ses03,M,6.393
Ses03F_script03_1_M020,/mnt/ddn/kyudan/IEMOCAP/data/Ses03F_script03_1_M020.wav,happy,Ses03,M,18.287
Ses03F_script03_1_M021,/mnt/ddn/kyudan/IEMOCAP/data/Ses03F_script03_1_M021.wav,happy,Ses03,M,14.695
Ses03F_script03_1_M022,/mnt/ddn/kyudan/IEMOCAP/data/Ses03F_script03_1_M022.wav,happy,Ses03,M,4.46
Ses03F_script03_1_M023,/mnt/ddn/kyudan/IEMOCAP/data/Ses03F_script03_1_M023.wav,happy,Ses03,M,5.543
Ses03F_script03_1_M024,/mnt/ddn/kyudan/IEMOCAP/data/Ses03F_script03_1_M024.wav,happy,Ses03,M,4.352
Ses03F_script03_1_M025,/mnt/ddn/kyudan/IEMOCAP/data/Ses03F_script03_1_M025.wav,happy,Ses03,M,2.23
Ses03F_script03_1_M026,/mnt/ddn/kyudan/IEMOCAP/data/Ses03F_script03_1_M026.wav,happy,Ses03,M,5.35
Ses03F_script03_1_M027,/mnt/ddn/kyudan/IEMOCAP/data/Ses03F_script03_1_M027.wav,happy,Ses03,M,2.56
Ses03F_script03_1_M028,/mnt/ddn/kyudan/IEMOCAP/data/Ses03F_script03_1_M028.wav,happy,Ses03,M,2.73
Ses03F_script03_1_M029,/mnt/ddn/kyudan/IEMOCAP/data/Ses03F_script03_1_M029.wav,happy,Ses03,M,4.81
Ses03F_script03_1_M030,/mnt/ddn/kyudan/IEMOCAP/data/Ses03F_script03_1_M030.wav,happy,Ses03,M,2.14
Ses03F_script03_1_M031,/mnt/ddn/kyudan/IEMOCAP/data/Ses03F_script03_1_M031.wav,happy,Ses03,M,5.38
Ses03F_script03_2_F001,/mnt/ddn/kyudan/IEMOCAP/data/Ses03F_script03_2_F001.wav,happy,Ses03,F,3.85
Ses03F_script03_2_F004,/mnt/ddn/kyudan/IEMOCAP/data/Ses03F_script03_2_F004.wav,neutral,Ses03,F,3.452
Ses03F_script03_2_F008,/mnt/ddn/kyudan/IEMOCAP/data/Ses03F_script03_2_F008.wav,neutral,Ses03,F,2.428
Ses03F_script03_2_F013,/mnt/ddn/kyudan/IEMOCAP/data/Ses03F_script03_2_F013.wav,neutral,Ses03,F,2.142
Ses03F_script03_2_F014,/mnt/ddn/kyudan/IEMOCAP/data/Ses03F_script03_2_F014.wav,angry,Ses03,F,1.9
Ses03F_script03_2_F015,/mnt/ddn/kyudan/IEMOCAP/data/Ses03F_script03_2_F015.wav,angry,Ses03,F,1.38
Ses03F_script03_2_F017,/mnt/ddn/kyudan/IEMOCAP/data/Ses03F_script03_2_F017.wav,neutral,Ses03,F,5.543
Ses03F_script03_2_F018,/mnt/ddn/kyudan/IEMOCAP/data/Ses03F_script03_2_F018.wav,angry,Ses03,F,1.417
Ses03F_script03_2_F019,/mnt/ddn/kyudan/IEMOCAP/data/Ses03F_script03_2_F019.wav,angry,Ses03,F,3.387
Ses03F_script03_2_F023,/mnt/ddn/kyudan/IEMOCAP/data/Ses03F_script03_2_F023.wav,angry,Ses03,F,6.35
Ses03F_script03_2_F026,/mnt/ddn/kyudan/IEMOCAP/data/Ses03F_script03_2_F026.wav,angry,Ses03,F,3.79
Ses03F_script03_2_F035,/mnt/ddn/kyudan/IEMOCAP/data/Ses03F_script03_2_F035.wav,angry,Ses03,F,2.4
Ses03F_script03_2_F036,/mnt/ddn/kyudan/IEMOCAP/data/Ses03F_script03_2_F036.wav,angry,Ses03,F,7.075
Ses03F_script03_2_F037,/mnt/ddn/kyudan/IEMOCAP/data/Ses03F_script03_2_F037.wav,angry,Ses03,F,3.647
Ses03F_script03_2_F038,/mnt/ddn/kyudan/IEMOCAP/data/Ses03F_script03_2_F038.wav,angry,Ses03,F,6.63
Ses03F_script03_2_F039,/mnt/ddn/kyudan/IEMOCAP/data/Ses03F_script03_2_F039.wav,angry,Ses03,F,5.56
Ses03F_script03_2_F040,/mnt/ddn/kyudan/IEMOCAP/data/Ses03F_script03_2_F040.wav,angry,Ses03,F,4.4
Ses03F_script03_2_F041,/mnt/ddn/kyudan/IEMOCAP/data/Ses03F_script03_2_F041.wav,angry,Ses03,F,1.556
Ses03F_script03_2_F042,/mnt/ddn/kyudan/IEMOCAP/data/Ses03F_script03_2_F042.wav,angry,Ses03,F,10.74
Ses03F_script03_2_F043,/mnt/ddn/kyudan/IEMOCAP/data/Ses03F_script03_2_F043.wav,angry,Ses03,F,3.925
Ses03F_script03_2_M000,/mnt/ddn/kyudan/IEMOCAP/data/Ses03F_script03_2_M000.wav,angry,Ses03,M,5.084
Ses03F_script03_2_M001,/mnt/ddn/kyudan/IEMOCAP/data/Ses03F_script03_2_M001.wav,angry,Ses03,M,3.96
Ses03F_script03_2_M002,/mnt/ddn/kyudan/IEMOCAP/data/Ses03F_script03_2_M002.wav,angry,Ses03,M,5.69
Ses03F_script03_2_M005,/mnt/ddn/kyudan/IEMOCAP/data/Ses03F_script03_2_M005.wav,angry,Ses03,M,2.675
Ses03F_script03_2_M006,/mnt/ddn/kyudan/IEMOCAP/data/Ses03F_script03_2_M006.wav,angry,Ses03,M,1.71
Ses03F_script03_2_M007,/mnt/ddn/kyudan/IEMOCAP/data/Ses03F_script03_2_M007.wav,angry,Ses03,M,1.832
Ses03F_script03_2_M008,/mnt/ddn/kyudan/IEMOCAP/data/Ses03F_script03_2_M008.wav,angry,Ses03,M,3.69
Ses03F_script03_2_M009,/mnt/ddn/kyudan/IEMOCAP/data/Ses03F_script03_2_M009.wav,neutral,Ses03,M,2.7
Ses03F_script03_2_M010,/mnt/ddn/kyudan/IEMOCAP/data/Ses03F_script03_2_M010.wav,neutral,Ses03,M,5.22
Ses03F_script03_2_M011,/mnt/ddn/kyudan/IEMOCAP/data/Ses03F_script03_2_M011.wav,neutral,Ses03,M,2.29
Ses03F_script03_2_M012,/mnt/ddn/kyudan/IEMOCAP/data/Ses03F_script03_2_M012.wav,neutral,Ses03,M,3.533
Ses03F_script03_2_M014,/mnt/ddn/kyudan/IEMOCAP/data/Ses03F_script03_2_M014.wav,angry,Ses03,M,4.87
Ses03F_script03_2_M015,/mnt/ddn/kyudan/IEMOCAP/data/Ses03F_script03_2_M015.wav,angry,Ses03,M,1.632
Ses03F_script03_2_M016,/mnt/ddn/kyudan/IEMOCAP/data/Ses03F_script03_2_M016.wav,angry,Ses03,M,1.123
Ses03F_script03_2_M017,/mnt/ddn/kyudan/IEMOCAP/data/Ses03F_script03_2_M017.wav,angry,Ses03,M,2.23
Ses03F_script03_2_M020,/mnt/ddn/kyudan/IEMOCAP/data/Ses03F_script03_2_M020.wav,angry,Ses03,M,1.39
Ses03F_script03_2_M024,/mnt/ddn/kyudan/IEMOCAP/data/Ses03F_script03_2_M024.wav,angry,Ses03,M,1.18
Ses03F_script03_2_M025,/mnt/ddn/kyudan/IEMOCAP/data/Ses03F_script03_2_M025.wav,angry,Ses03,M,2.34
Ses03F_script03_2_M026,/mnt/ddn/kyudan/IEMOCAP/data/Ses03F_script03_2_M026.wav,angry,Ses03,M,4.683
Ses03F_script03_2_M027,/mnt/ddn/kyudan/IEMOCAP/data/Ses03F_script03_2_M027.wav,angry,Ses03,M,4.747
Ses03F_script03_2_M028,/mnt/ddn/kyudan/IEMOCAP/data/Ses03F_script03_2_M028.wav,angry,Ses03,M,7.692
Ses03F_script03_2_M029,/mnt/ddn/kyudan/IEMOCAP/data/Ses03F_script03_2_M029.wav,angry,Ses03,M,2.382
Ses03F_script03_2_M030,/mnt/ddn/kyudan/IEMOCAP/data/Ses03F_script03_2_M030.wav,angry,Ses03,M,7.06
Ses03F_script03_2_M034,/mnt/ddn/kyudan/IEMOCAP/data/Ses03F_script03_2_M034.wav,angry,Ses03,M,2.658
Ses03F_script03_2_M035,/mnt/ddn/kyudan/IEMOCAP/data/Ses03F_script03_2_M035.wav,neutral,Ses03,M,2.382
Ses03F_script03_2_M038,/mnt/ddn/kyudan/IEMOCAP/data/Ses03F_script03_2_M038.wav,angry,Ses03,M,1.5
Ses03F_script03_2_M039,/mnt/ddn/kyudan/IEMOCAP/data/Ses03F_script03_2_M039.wav,angry,Ses03,M,3.902
Ses03F_script03_2_M040,/mnt/ddn/kyudan/IEMOCAP/data/Ses03F_script03_2_M040.wav,angry,Ses03,M,2.492
Ses03F_script03_2_M041,/mnt/ddn/kyudan/IEMOCAP/data/Ses03F_script03_2_M041.wav,angry,Ses03,M,7.335
Ses03F_script03_2_M042,/mnt/ddn/kyudan/IEMOCAP/data/Ses03F_script03_2_M042.wav,angry,Ses03,M,5.343
Ses03F_script03_2_M043,/mnt/ddn/kyudan/IEMOCAP/data/Ses03F_script03_2_M043.wav,angry,Ses03,M,4.625
Ses03F_script03_2_M044,/mnt/ddn/kyudan/IEMOCAP/data/Ses03F_script03_2_M044.wav,angry,Ses03,M,11.04
Ses03M_impro01_F000,/mnt/ddn/kyudan/IEMOCAP/data/Ses03M_impro01_F000.wav,neutral,Ses03,F,3.332
Ses03M_impro01_F001,/mnt/ddn/kyudan/IEMOCAP/data/Ses03M_impro01_F001.wav,neutral,Ses03,F,2.987
Ses03M_impro01_F003,/mnt/ddn/kyudan/IEMOCAP/data/Ses03M_impro01_F003.wav,neutral,Ses03,F,3.875
Ses03M_impro01_F010,/mnt/ddn/kyudan/IEMOCAP/data/Ses03M_impro01_F010.wav,angry,Ses03,F,3.961
Ses03M_impro01_F011,/mnt/ddn/kyudan/IEMOCAP/data/Ses03M_impro01_F011.wav,angry,Ses03,F,7.508
Ses03M_impro01_F013,/mnt/ddn/kyudan/IEMOCAP/data/Ses03M_impro01_F013.wav,angry,Ses03,F,3.935
Ses03M_impro01_F022,/mnt/ddn/kyudan/IEMOCAP/data/Ses03M_impro01_F022.wav,angry,Ses03,F,4.719
Ses03M_impro01_F025,/mnt/ddn/kyudan/IEMOCAP/data/Ses03M_impro01_F025.wav,angry,Ses03,F,6.705
Ses03M_impro01_M002,/mnt/ddn/kyudan/IEMOCAP/data/Ses03M_impro01_M002.wav,angry,Ses03,M,3.532
Ses03M_impro01_M004,/mnt/ddn/kyudan/IEMOCAP/data/Ses03M_impro01_M004.wav,angry,Ses03,M,3.318
Ses03M_impro01_M011,/mnt/ddn/kyudan/IEMOCAP/data/Ses03M_impro01_M011.wav,angry,Ses03,M,3.761
Ses03M_impro01_M012,/mnt/ddn/kyudan/IEMOCAP/data/Ses03M_impro01_M012.wav,angry,Ses03,M,5.591
Ses03M_impro01_M014,/mnt/ddn/kyudan/IEMOCAP/data/Ses03M_impro01_M014.wav,angry,Ses03,M,2.174
Ses03M_impro01_M015,/mnt/ddn/kyudan/IEMOCAP/data/Ses03M_impro01_M015.wav,angry,Ses03,M,4.517
Ses03M_impro01_M017,/mnt/ddn/kyudan/IEMOCAP/data/Ses03M_impro01_M017.wav,angry,Ses03,M,2.803
Ses03M_impro01_M019,/mnt/ddn/kyudan/IEMOCAP/data/Ses03M_impro01_M019.wav,angry,Ses03,M,3.275
Ses03M_impro01_M023,/mnt/ddn/kyudan/IEMOCAP/data/Ses03M_impro01_M023.wav,angry,Ses03,M,8.208
Ses03M_impro01_M028,/mnt/ddn/kyudan/IEMOCAP/data/Ses03M_impro01_M028.wav,angry,Ses03,M,2.917
Ses03M_impro01_M029,/mnt/ddn/kyudan/IEMOCAP/data/Ses03M_impro01_M029.wav,angry,Ses03,M,2.403
Ses03M_impro02_F000,/mnt/ddn/kyudan/IEMOCAP/data/Ses03M_impro02_F000.wav,happy,Ses03,F,2.806
Ses03M_impro02_F001,/mnt/ddn/kyudan/IEMOCAP/data/Ses03M_impro02_F001.wav,happy,Ses03,F,7.782
Ses03M_impro02_F002,/mnt/ddn/kyudan/IEMOCAP/data/Ses03M_impro02_F002.wav,happy,Ses03,F,2.308
Ses03M_impro02_F003,/mnt/ddn/kyudan/IEMOCAP/data/Ses03M_impro02_F003.wav,happy,Ses03,F,2.666
Ses03M_impro02_F013,/mnt/ddn/kyudan/IEMOCAP/data/Ses03M_impro02_F013.wav,sad,Ses03,F,2.626
Ses03M_impro02_F014,/mnt/ddn/kyudan/IEMOCAP/data/Ses03M_impro02_F014.wav,sad,Ses03,F,3.462
Ses03M_impro02_F015,/mnt/ddn/kyudan/IEMOCAP/data/Ses03M_impro02_F015.wav,sad,Ses03,F,3.8
Ses03M_impro02_F016,/mnt/ddn/kyudan/IEMOCAP/data/Ses03M_impro02_F016.wav,sad,Ses03,F,2.847
Ses03M_impro02_F017,/mnt/ddn/kyudan/IEMOCAP/data/Ses03M_impro02_F017.wav,sad,Ses03,F,3.476
Ses03M_impro02_F022,/mnt/ddn/kyudan/IEMOCAP/data/Ses03M_impro02_F022.wav,sad,Ses03,F,6.289
Ses03M_impro02_F023,/mnt/ddn/kyudan/IEMOCAP/data/Ses03M_impro02_F023.wav,sad,Ses03,F,2.766
Ses03M_impro02_F024,/mnt/ddn/kyudan/IEMOCAP/data/Ses03M_impro02_F024.wav,sad,Ses03,F,6.205
Ses03M_impro02_F025,/mnt/ddn/kyudan/IEMOCAP/data/Ses03M_impro02_F025.wav,sad,Ses03,F,2.786
Ses03M_impro02_F026,/mnt/ddn/kyudan/IEMOCAP/data/Ses03M_impro02_F026.wav,sad,Ses03,F,6.904
Ses03M_impro02_F027,/mnt/ddn/kyudan/IEMOCAP/data/Ses03M_impro02_F027.wav,sad,Ses03,F,4.755
Ses03M_impro02_F028,/mnt/ddn/kyudan/IEMOCAP/data/Ses03M_impro02_F028.wav,sad,Ses03,F,12.341
Ses03M_impro02_F029,/mnt/ddn/kyudan/IEMOCAP/data/Ses03M_impro02_F029.wav,sad,Ses03,F,3.397
Ses03M_impro02_F030,/mnt/ddn/kyudan/IEMOCAP/data/Ses03M_impro02_F030.wav,sad,Ses03,F,5.631
Ses03M_impro02_F031,/mnt/ddn/kyudan/IEMOCAP/data/Ses03M_impro02_F031.wav,sad,Ses03,F,3.084
Ses03M_impro02_F032,/mnt/ddn/kyudan/IEMOCAP/data/Ses03M_impro02_F032.wav,sad,Ses03,F,3.761
Ses03M_impro02_F033,/mnt/ddn/kyudan/IEMOCAP/data/Ses03M_impro02_F033.wav,sad,Ses03,F,4.676
Ses03M_impro02_F034,/mnt/ddn/kyudan/IEMOCAP/data/Ses03M_impro02_F034.wav,sad,Ses03,F,1.751
Ses03M_impro02_M000,/mnt/ddn/kyudan/IEMOCAP/data/Ses03M_impro02_M000.wav,sad,Ses03,M,3.422
Ses03M_impro02_M001,/mnt/ddn/kyudan/IEMOCAP/data/Ses03M_impro02_M001.wav,sad,Ses03,M,2.109
Ses03M_impro02_M002,/mnt/ddn/kyudan/IEMOCAP/data/Ses03M_impro02_M002.wav,sad,Ses03,M,3.005
Ses03M_impro02_M003,/mnt/ddn/kyudan/IEMOCAP/data/Ses03M_impro02_M003.wav,sad,Ses03,M,4.645
Ses03M_impro02_M004,/mnt/ddn/kyudan/IEMOCAP/data/Ses03M_impro02_M004.wav,sad,Ses03,M,4.556
Ses03M_impro02_M005,/mnt/ddn/kyudan/IEMOCAP/data/Ses03M_impro02_M005.wav,sad,Ses03,M,2.069
Ses03M_impro02_M006,/mnt/ddn/kyudan/IEMOCAP/data/Ses03M_impro02_M006.wav,sad,Ses03,M,2.764
Ses03M_impro02_M011,/mnt/ddn/kyudan/IEMOCAP/data/Ses03M_impro02_M011.wav,sad,Ses03,M,2.288
Ses03M_impro02_M012,/mnt/ddn/kyudan/IEMOCAP/data/Ses03M_impro02_M012.wav,sad,Ses03,M,3.263
Ses03M_impro02_M013,/mnt/ddn/kyudan/IEMOCAP/data/Ses03M_impro02_M013.wav,neutral,Ses03,M,6.87
Ses03M_impro02_M015,/mnt/ddn/kyudan/IEMOCAP/data/Ses03M_impro02_M015.wav,neutral,Ses03,M,5.9
Ses03M_impro02_M016,/mnt/ddn/kyudan/IEMOCAP/data/Ses03M_impro02_M016.wav,sad,Ses03,M,3.164
Ses03M_impro02_M019,/mnt/ddn/kyudan/IEMOCAP/data/Ses03M_impro02_M019.wav,sad,Ses03,M,2.397
Ses03M_impro02_M024,/mnt/ddn/kyudan/IEMOCAP/data/Ses03M_impro02_M024.wav,sad,Ses03,M,3.303
Ses03M_impro02_M025,/mnt/ddn/kyudan/IEMOCAP/data/Ses03M_impro02_M025.wav,sad,Ses03,M,3.383
Ses03M_impro02_M026,/mnt/ddn/kyudan/IEMOCAP/data/Ses03M_impro02_M026.wav,sad,Ses03,M,4.059
Ses03M_impro02_M027,/mnt/ddn/kyudan/IEMOCAP/data/Ses03M_impro02_M027.wav,sad,Ses03,M,3.8
Ses03M_impro02_M028,/mnt/ddn/kyudan/IEMOCAP/data/Ses03M_impro02_M028.wav,sad,Ses03,M,3.999
Ses03M_impro02_M029,/mnt/ddn/kyudan/IEMOCAP/data/Ses03M_impro02_M029.wav,sad,Ses03,M,6.029
Ses03M_impro02_M030,/mnt/ddn/kyudan/IEMOCAP/data/Ses03M_impro02_M030.wav,sad,Ses03,M,3.601
Ses03M_impro02_M031,/mnt/ddn/kyudan/IEMOCAP/data/Ses03M_impro02_M031.wav,sad,Ses03,M,3.283
Ses03M_impro03_F000,/mnt/ddn/kyudan/IEMOCAP/data/Ses03M_impro03_F000.wav,happy,Ses03,F,2.285
Ses03M_impro03_F001,/mnt/ddn/kyudan/IEMOCAP/data/Ses03M_impro03_F001.wav,happy,Ses03,F,1.598
Ses03M_impro03_F003,/mnt/ddn/kyudan/IEMOCAP/data/Ses03M_impro03_F003.wav,happy,Ses03,F,3.759
Ses03M_impro03_F004,/mnt/ddn/kyudan/IEMOCAP/data/Ses03M_impro03_F004.wav,happy,Ses03,F,4.202
Ses03M_impro03_F005,/mnt/ddn/kyudan/IEMOCAP/data/Ses03M_impro03_F005.wav,happy,Ses03,F,5.767
Ses03M_impro03_F006,/mnt/ddn/kyudan/IEMOCAP/data/Ses03M_impro03_F006.wav,happy,Ses03,F,5.773
Ses03M_impro03_F007,/mnt/ddn/kyudan/IEMOCAP/data/Ses03M_impro03_F007.wav,happy,Ses03,F,2.198
Ses03M_impro03_F008,/mnt/ddn/kyudan/IEMOCAP/data/Ses03M_impro03_F008.wav,happy,Ses03,F,2.657
Ses03M_impro03_F009,/mnt/ddn/kyudan/IEMOCAP/data/Ses03M_impro03_F009.wav,happy,Ses03,F,4.522
Ses03M_impro03_F010,/mnt/ddn/kyudan/IEMOCAP/data/Ses03M_impro03_F010.wav,happy,Ses03,F,5.303
Ses03M_impro03_F011,/mnt/ddn/kyudan/IEMOCAP/data/Ses03M_impro03_F011.wav,happy,Ses03,F,1.406
Ses03M_impro03_F012,/mnt/ddn/kyudan/IEMOCAP/data/Ses03M_impro03_F012.wav,happy,Ses03,F,5.43
Ses03M_impro03_F013,/mnt/ddn/kyudan/IEMOCAP/data/Ses03M_impro03_F013.wav,happy,Ses03,F,1.887
Ses03M_impro03_F014,/mnt/ddn/kyudan/IEMOCAP/data/Ses03M_impro03_F014.wav,happy,Ses03,F,3.512
Ses03M_impro03_F015,/mnt/ddn/kyudan/IEMOCAP/data/Ses03M_impro03_F015.wav,neutral,Ses03,F,2.753
Ses03M_impro03_F016,/mnt/ddn/kyudan/IEMOCAP/data/Ses03M_impro03_F016.wav,happy,Ses03,F,9.482
Ses03M_impro03_F017,/mnt/ddn/kyudan/IEMOCAP/data/Ses03M_impro03_F017.wav,happy,Ses03,F,2.599
Ses03M_impro03_F018,/mnt/ddn/kyudan/IEMOCAP/data/Ses03M_impro03_F018.wav,neutral,Ses03,F,4.101
Ses03M_impro03_F019,/mnt/ddn/kyudan/IEMOCAP/data/Ses03M_impro03_F019.wav,happy,Ses03,F,3.455
Ses03M_impro03_F020,/mnt/ddn/kyudan/IEMOCAP/data/Ses03M_impro03_F020.wav,happy,Ses03,F,3.625
Ses03M_impro03_F021,/mnt/ddn/kyudan/IEMOCAP/data/Ses03M_impro03_F021.wav,happy,Ses03,F,3.585
Ses03M_impro03_F022,/mnt/ddn/kyudan/IEMOCAP/data/Ses03M_impro03_F022.wav,happy,Ses03,F,2.349
Ses03M_impro03_F023,/mnt/ddn/kyudan/IEMOCAP/data/Ses03M_impro03_F023.wav,happy,Ses03,F,8.299
Ses03M_impro03_F024,/mnt/ddn/kyudan/IEMOCAP/data/Ses03M_impro03_F024.wav,happy,Ses03,F,4.03
Ses03M_impro03_F025,/mnt/ddn/kyudan/IEMOCAP/data/Ses03M_impro03_F025.wav,happy,Ses03,F,2.118
Ses03M_impro03_F026,/mnt/ddn/kyudan/IEMOCAP/data/Ses03M_impro03_F026.wav,happy,Ses03,F,3.716
Ses03M_impro03_F027,/mnt/ddn/kyudan/IEMOCAP/data/Ses03M_impro03_F027.wav,happy,Ses03,F,2.311
Ses03M_impro03_F031,/mnt/ddn/kyudan/IEMOCAP/data/Ses03M_impro03_F031.wav,happy,Ses03,F,5.796
Ses03M_impro03_F032,/mnt/ddn/kyudan/IEMOCAP/data/Ses03M_impro03_F032.wav,happy,Ses03,F,3.524
Ses03M_impro03_F033,/mnt/ddn/kyudan/IEMOCAP/data/Ses03M_impro03_F033.wav,happy,Ses03,F,2.604
Ses03M_impro03_F034,/mnt/ddn/kyudan/IEMOCAP/data/Ses03M_impro03_F034.wav,happy,Ses03,F,3.273
Ses03M_impro03_F035,/mnt/ddn/kyudan/IEMOCAP/data/Ses03M_impro03_F035.wav,happy,Ses03,F,4.121
Ses03M_impro03_F036,/mnt/ddn/kyudan/IEMOCAP/data/Ses03M_impro03_F036.wav,neutral,Ses03,F,4.142
Ses03M_impro03_F037,/mnt/ddn/kyudan/IEMOCAP/data/Ses03M_impro03_F037.wav,happy,Ses03,F,2.407
Ses03M_impro03_F038,/mnt/ddn/kyudan/IEMOCAP/data/Ses03M_impro03_F038.wav,happy,Ses03,F,2.408
Ses03M_impro03_F039,/mnt/ddn/kyudan/IEMOCAP/data/Ses03M_impro03_F039.wav,happy,Ses03,F,5.719
Ses03M_impro03_F040,/mnt/ddn/kyudan/IEMOCAP/data/Ses03M_impro03_F040.wav,happy,Ses03,F,5.931
Ses03M_impro03_F041,/mnt/ddn/kyudan/IEMOCAP/data/Ses03M_impro03_F041.wav,happy,Ses03,F,3.947
Ses03M_impro03_F042,/mnt/ddn/kyudan/IEMOCAP/data/Ses03M_impro03_F042.wav,happy,Ses03,F,6.277
Ses03M_impro03_M000,/mnt/ddn/kyudan/IEMOCAP/data/Ses03M_impro03_M000.wav,happy,Ses03,M,2.54
Ses03M_impro03_M001,/mnt/ddn/kyudan/IEMOCAP/data/Ses03M_impro03_M001.wav,happy,Ses03,M,3.331
Ses03M_impro03_M002,/mnt/ddn/kyudan/IEMOCAP/data/Ses03M_impro03_M002.wav,happy,Ses03,M,6.547
Ses03M_impro03_M003,/mnt/ddn/kyudan/IEMOCAP/data/Ses03M_impro03_M003.wav,happy,Ses03,M,7.625
Ses03M_impro03_M004,/mnt/ddn/kyudan/IEMOCAP/data/Ses03M_impro03_M004.wav,happy,Ses03,M,3.729
Ses03M_impro03_M005,/mnt/ddn/kyudan/IEMOCAP/data/Ses03M_impro03_M005.wav,happy,Ses03,M,7.471
Ses03M_impro03_M006,/mnt/ddn/kyudan/IEMOCAP/data/Ses03M_impro03_M006.wav,happy,Ses03,M,3.312
Ses03M_impro03_M007,/mnt/ddn/kyudan/IEMOCAP/data/Ses03M_impro03_M007.wav,happy,Ses03,M,7.043
Ses03M_impro03_M008,/mnt/ddn/kyudan/IEMOCAP/data/Ses03M_impro03_M008.wav,happy,Ses03,M,5.395
Ses03M_impro03_M009,/mnt/ddn/kyudan/IEMOCAP/data/Ses03M_impro03_M009.wav,happy,Ses03,M,1.782
Ses03M_impro03_M010,/mnt/ddn/kyudan/IEMOCAP/data/Ses03M_impro03_M010.wav,happy,Ses03,M,7.795
Ses03M_impro03_M011,/mnt/ddn/kyudan/IEMOCAP/data/Ses03M_impro03_M011.wav,happy,Ses03,M,7.856
Ses03M_impro03_M012,/mnt/ddn/kyudan/IEMOCAP/data/Ses03M_impro03_M012.wav,happy,Ses03,M,2.495
Ses03M_impro03_M013,/mnt/ddn/kyudan/IEMOCAP/data/Ses03M_impro03_M013.wav,happy,Ses03,M,3.499
Ses03M_impro03_M014,/mnt/ddn/kyudan/IEMOCAP/data/Ses03M_impro03_M014.wav,happy,Ses03,M,4.236
Ses03M_impro03_M015,/mnt/ddn/kyudan/IEMOCAP/data/Ses03M_impro03_M015.wav,happy,Ses03,M,5.757
Ses03M_impro03_M016,/mnt/ddn/kyudan/IEMOCAP/data/Ses03M_impro03_M016.wav,happy,Ses03,M,2.734
Ses03M_impro03_M017,/mnt/ddn/kyudan/IEMOCAP/data/Ses03M_impro03_M017.wav,happy,Ses03,M,3.37
Ses03M_impro03_M018,/mnt/ddn/kyudan/IEMOCAP/data/Ses03M_impro03_M018.wav,happy,Ses03,M,5.757
Ses03M_impro03_M019,/mnt/ddn/kyudan/IEMOCAP/data/Ses03M_impro03_M019.wav,happy,Ses03,M,2.46
Ses03M_impro03_M020,/mnt/ddn/kyudan/IEMOCAP/data/Ses03M_impro03_M020.wav,happy,Ses03,M,7.912
Ses03M_impro03_M021,/mnt/ddn/kyudan/IEMOCAP/data/Ses03M_impro03_M021.wav,happy,Ses03,M,9.008
Ses03M_impro03_M022,/mnt/ddn/kyudan/IEMOCAP/data/Ses03M_impro03_M022.wav,happy,Ses03,M,4.679
Ses03M_impro03_M023,/mnt/ddn/kyudan/IEMOCAP/data/Ses03M_impro03_M023.wav,happy,Ses03,M,4.66
Ses03M_impro03_M024,/mnt/ddn/kyudan/IEMOCAP/data/Ses03M_impro03_M024.wav,happy,Ses03,M,7.202
Ses03M_impro03_M025,/mnt/ddn/kyudan/IEMOCAP/data/Ses03M_impro03_M025.wav,happy,Ses03,M,5.026
Ses03M_impro03_M026,/mnt/ddn/kyudan/IEMOCAP/data/Ses03M_impro03_M026.wav,happy,Ses03,M,1.964
Ses03M_impro03_M027,/mnt/ddn/kyudan/IEMOCAP/data/Ses03M_impro03_M027.wav,happy,Ses03,M,4.429
Ses03M_impro03_M028,/mnt/ddn/kyudan/IEMOCAP/data/Ses03M_impro03_M028.wav,neutral,Ses03,M,4.294
Ses03M_impro03_M029,/mnt/ddn/kyudan/IEMOCAP/data/Ses03M_impro03_M029.wav,happy,Ses03,M,5.391
Ses03M_impro03_M030,/mnt/ddn/kyudan/IEMOCAP/data/Ses03M_impro03_M030.wav,happy,Ses03,M,3.004
Ses03M_impro03_M031,/mnt/ddn/kyudan/IEMOCAP/data/Ses03M_impro03_M031.wav,happy,Ses03,M,10.417
Ses03M_impro03_M032,/mnt/ddn/kyudan/IEMOCAP/data/Ses03M_impro03_M032.wav,happy,Ses03,M,2.272
Ses03M_impro03_M033,/mnt/ddn/kyudan/IEMOCAP/data/Ses03M_impro03_M033.wav,neutral,Ses03,M,2.168
Ses03M_impro03_M034,/mnt/ddn/kyudan/IEMOCAP/data/Ses03M_impro03_M034.wav,happy,Ses03,M,7.105
Ses03M_impro03_M035,/mnt/ddn/kyudan/IEMOCAP/data/Ses03M_impro03_M035.wav,happy,Ses03,M,3.425
Ses03M_impro03_M036,/mnt/ddn/kyudan/IEMOCAP/data/Ses03M_impro03_M036.wav,happy,Ses03,M,7.086
Ses03M_impro03_M037,/mnt/ddn/kyudan/IEMOCAP/data/Ses03M_impro03_M037.wav,happy,Ses03,M,2.85
Ses03M_impro03_M038,/mnt/ddn/kyudan/IEMOCAP/data/Ses03M_impro03_M038.wav,neutral,Ses03,M,5.462
Ses03M_impro03_M039,/mnt/ddn/kyudan/IEMOCAP/data/Ses03M_impro03_M039.wav,happy,Ses03,M,5.122
Ses03M_impro03_M040,/mnt/ddn/kyudan/IEMOCAP/data/Ses03M_impro03_M040.wav,happy,Ses03,M,6.373
Ses03M_impro04_F001,/mnt/ddn/kyudan/IEMOCAP/data/Ses03M_impro04_F001.wav,neutral,Ses03,F,3.487
Ses03M_impro04_F003,/mnt/ddn/kyudan/IEMOCAP/data/Ses03M_impro04_F003.wav,neutral,Ses03,F,1.71
Ses03M_impro04_F004,/mnt/ddn/kyudan/IEMOCAP/data/Ses03M_impro04_F004.wav,neutral,Ses03,F,2.28
Ses03M_impro04_F007,/mnt/ddn/kyudan/IEMOCAP/data/Ses03M_impro04_F007.wav,sad,Ses03,F,1.59
Ses03M_impro04_F008,/mnt/ddn/kyudan/IEMOCAP/data/Ses03M_impro04_F008.wav,sad,Ses03,F,1.25
Ses03M_impro04_F009,/mnt/ddn/kyudan/IEMOCAP/data/Ses03M_impro04_F009.wav,sad,Ses03,F,3.85
Ses03M_impro04_F010,/mnt/ddn/kyudan/IEMOCAP/data/Ses03M_impro04_F010.wav,happy,Ses03,F,2.19
Ses03M_impro04_F011,/mnt/ddn/kyudan/IEMOCAP/data/Ses03M_impro04_F011.wav,happy,Ses03,F,3.89
Ses03M_impro04_F014,/mnt/ddn/kyudan/IEMOCAP/data/Ses03M_impro04_F014.wav,neutral,Ses03,F,2.78
Ses03M_impro04_F015,/mnt/ddn/kyudan/IEMOCAP/data/Ses03M_impro04_F015.wav,neutral,Ses03,F,3.357
Ses03M_impro04_F021,/mnt/ddn/kyudan/IEMOCAP/data/Ses03M_impro04_F021.wav,neutral,Ses03,F,3.6
Ses03M_impro04_F023,/mnt/ddn/kyudan/IEMOCAP/data/Ses03M_impro04_F023.wav,neutral,Ses03,F,6.52
Ses03M_impro04_F025,/mnt/ddn/kyudan/IEMOCAP/data/Ses03M_impro04_F025.wav,neutral,Ses03,F,5.96
Ses03M_impro04_F029,/mnt/ddn/kyudan/IEMOCAP/data/Ses03M_impro04_F029.wav,neutral,Ses03,F,3.04
Ses03M_impro04_F030,/mnt/ddn/kyudan/IEMOCAP/data/Ses03M_impro04_F030.wav,neutral,Ses03,F,3.08
Ses03M_impro04_F031,/mnt/ddn/kyudan/IEMOCAP/data/Ses03M_impro04_F031.wav,neutral,Ses03,F,2.49
Ses03M_impro04_F032,/mnt/ddn/kyudan/IEMOCAP/data/Ses03M_impro04_F032.wav,neutral,Ses03,F,2.37
Ses03M_impro04_M000,/mnt/ddn/kyudan/IEMOCAP/data/Ses03M_impro04_M000.wav,sad,Ses03,M,3.16
Ses03M_impro04_M004,/mnt/ddn/kyudan/IEMOCAP/data/Ses03M_impro04_M004.wav,angry,Ses03,M,1.74
Ses03M_impro04_M008,/mnt/ddn/kyudan/IEMOCAP/data/Ses03M_impro04_M008.wav,angry,Ses03,M,2.94
Ses03M_impro04_M014,/mnt/ddn/kyudan/IEMOCAP/data/Ses03M_impro04_M014.wav,neutral,Ses03,M,1.92
Ses03M_impro04_M024,/mnt/ddn/kyudan/IEMOCAP/data/Ses03M_impro04_M024.wav,neutral,Ses03,M,2.96
Ses03M_impro04_M026,/mnt/ddn/kyudan/IEMOCAP/data/Ses03M_impro04_M026.wav,sad,Ses03,M,1.52
Ses03M_impro04_M030,/mnt/ddn/kyudan/IEMOCAP/data/Ses03M_impro04_M030.wav,sad,Ses03,M,1.538
Ses03M_impro04_M031,/mnt/ddn/kyudan/IEMOCAP/data/Ses03M_impro04_M031.wav,sad,Ses03,M,1.66
Ses03M_impro04_M032,/mnt/ddn/kyudan/IEMOCAP/data/Ses03M_impro04_M032.wav,angry,Ses03,M,2.69
Ses03M_impro04_M038,/mnt/ddn/kyudan/IEMOCAP/data/Ses03M_impro04_M038.wav,neutral,Ses03,M,2.33
Ses03M_impro04_M041,/mnt/ddn/kyudan/IEMOCAP/data/Ses03M_impro04_M041.wav,happy,Ses03,M,5.56
Ses03M_impro05a_F000,/mnt/ddn/kyudan/IEMOCAP/data/Ses03M_impro05a_F000.wav,neutral,Ses03,F,1.8
Ses03M_impro05a_F001,/mnt/ddn/kyudan/IEMOCAP/data/Ses03M_impro05a_F001.wav,neutral,Ses03,F,3.37
Ses03M_impro05a_F002,/mnt/ddn/kyudan/IEMOCAP/data/Ses03M_impro05a_F002.wav,neutral,Ses03,F,4.88
Ses03M_impro05a_F005,/mnt/ddn/kyudan/IEMOCAP/data/Ses03M_impro05a_F005.wav,neutral,Ses03,F,1.69
Ses03M_impro05a_F007,/mnt/ddn/kyudan/IEMOCAP/data/Ses03M_impro05a_F007.wav,neutral,Ses03,F,4.49
Ses03M_impro05a_F008,/mnt/ddn/kyudan/IEMOCAP/data/Ses03M_impro05a_F008.wav,neutral,Ses03,F,2.53
Ses03M_impro05a_F009,/mnt/ddn/kyudan/IEMOCAP/data/Ses03M_impro05a_F009.wav,neutral,Ses03,F,2.81
Ses03M_impro05a_F011,/mnt/ddn/kyudan/IEMOCAP/data/Ses03M_impro05a_F011.wav,neutral,Ses03,F,1.79
Ses03M_impro05a_F012,/mnt/ddn/kyudan/IEMOCAP/data/Ses03M_impro05a_F012.wav,neutral,Ses03,F,6.64
Ses03M_impro05a_F014,/mnt/ddn/kyudan/IEMOCAP/data/Ses03M_impro05a_F014.wav,neutral,Ses03,F,1.218
Ses03M_impro05a_F016,/mnt/ddn/kyudan/IEMOCAP/data/Ses03M_impro05a_F016.wav,neutral,Ses03,F,6.07
Ses03M_impro05a_F018,/mnt/ddn/kyudan/IEMOCAP/data/Ses03M_impro05a_F018.wav,angry,Ses03,F,3.86
Ses03M_impro05a_F021,/mnt/ddn/kyudan/IEMOCAP/data/Ses03M_impro05a_F021.wav,neutral,Ses03,F,1.26
Ses03M_impro05a_F023,/mnt/ddn/kyudan/IEMOCAP/data/Ses03M_impro05a_F023.wav,neutral,Ses03,F,4.44
Ses03M_impro05a_F024,/mnt/ddn/kyudan/IEMOCAP/data/Ses03M_impro05a_F024.wav,neutral,Ses03,F,1.38
Ses03M_impro05a_F025,/mnt/ddn/kyudan/IEMOCAP/data/Ses03M_impro05a_F025.wav,neutral,Ses03,F,2.48
Ses03M_impro05a_F028,/mnt/ddn/kyudan/IEMOCAP/data/Ses03M_impro05a_F028.wav,angry,Ses03,F,1.29
Ses03M_impro05a_M000,/mnt/ddn/kyudan/IEMOCAP/data/Ses03M_impro05a_M000.wav,angry,Ses03,M,4.55
Ses03M_impro05a_M001,/mnt/ddn/kyudan/IEMOCAP/data/Ses03M_impro05a_M001.wav,angry,Ses03,M,3.95
Ses03M_impro05a_M002,/mnt/ddn/kyudan/IEMOCAP/data/Ses03M_impro05a_M002.wav,angry,Ses03,M,3.26
Ses03M_impro05a_M003,/mnt/ddn/kyudan/IEMOCAP/data/Ses03M_impro05a_M003.wav,angry,Ses03,M,1.701
Ses03M_impro05a_M004,/mnt/ddn/kyudan/IEMOCAP/data/Ses03M_impro05a_M004.wav,angry,Ses03,M,1.06
Ses03M_impro05a_M005,/mnt/ddn/kyudan/IEMOCAP/data/Ses03M_impro05a_M005.wav,angry,Ses03,M,1.06
Ses03M_impro05a_M006,/mnt/ddn/kyudan/IEMOCAP/data/Ses03M_impro05a_M006.wav,angry,Ses03,M,2.11
Ses03M_impro05a_M007,/mnt/ddn/kyudan/IEMOCAP/data/Ses03M_impro05a_M007.wav,angry,Ses03,M,1.882
Ses03M_impro05a_M008,/mnt/ddn/kyudan/IEMOCAP/data/Ses03M_impro05a_M008.wav,angry,Ses03,M,4.175
Ses03M_impro05a_M009,/mnt/ddn/kyudan/IEMOCAP/data/Ses03M_impro05a_M009.wav,angry,Ses03,M,4.827
Ses03M_impro05a_M010,/mnt/ddn/kyudan/IEMOCAP/data/Ses03M_impro05a_M010.wav,angry,Ses03,M,1.96
Ses03M_impro05a_M011,/mnt/ddn/kyudan/IEMOCAP/data/Ses03M_impro05a_M011.wav,angry,Ses03,M,3.19
Ses03M_impro05a_M012,/mnt/ddn/kyudan/IEMOCAP/data/Ses03M_impro05a_M012.wav,angry,Ses03,M,5.48
Ses03M_impro05a_M013,/mnt/ddn/kyudan/IEMOCAP/data/Ses03M_impro05a_M013.wav,angry,Ses03,M,5.09
Ses03M_impro05a_M014,/mnt/ddn/kyudan/IEMOCAP/data/Ses03M_impro05a_M014.wav,angry,Ses03,M,1.522
Ses03M_impro05a_M016,/mnt/ddn/kyudan/IEMOCAP/data/Ses03M_impro05a_M016.wav,angry,Ses03,M,4.138
Ses03M_impro05a_M017,/mnt/ddn/kyudan/IEMOCAP/data/Ses03M_impro05a_M017.wav,angry,Ses03,M,3.11
Ses03M_impro05a_M018,/mnt/ddn/kyudan/IEMOCAP/data/Ses03M_impro05a_M018.wav,angry,Ses03,M,6.08
Ses03M_impro05a_M020,/mnt/ddn/kyudan/IEMOCAP/data/Ses03M_impro05a_M020.wav,angry,Ses03,M,2.71
Ses03M_impro05a_M021,/mnt/ddn/kyudan/IEMOCAP/data/Ses03M_impro05a_M021.wav,angry,Ses03,M,1.87
Ses03M_impro05a_M022,/mnt/ddn/kyudan/IEMOCAP/data/Ses03M_impro05a_M022.wav,angry,Ses03,M,3.79
Ses03M_impro05a_M023,/mnt/ddn/kyudan/IEMOCAP/data/Ses03M_impro05a_M023.wav,angry,Ses03,M,1.31
Ses03M_impro05a_M024,/mnt/ddn/kyudan/IEMOCAP/data/Ses03M_impro05a_M024.wav,angry,Ses03,M,2.422
Ses03M_impro05a_M025,/mnt/ddn/kyudan/IEMOCAP/data/Ses03M_impro05a_M025.wav,angry,Ses03,M,2.51
Ses03M_impro05a_M026,/mnt/ddn/kyudan/IEMOCAP/data/Ses03M_impro05a_M026.wav,angry,Ses03,M,6.14
Ses03M_impro05a_M027,/mnt/ddn/kyudan/IEMOCAP/data/Ses03M_impro05a_M027.wav,angry,Ses03,M,2.32
Ses03M_impro05a_M028,/mnt/ddn/kyudan/IEMOCAP/data/Ses03M_impro05a_M028.wav,angry,Ses03,M,3.44
Ses03M_impro05a_M029,/mnt/ddn/kyudan/IEMOCAP/data/Ses03M_impro05a_M029.wav,angry,Ses03,M,2.48
Ses03M_impro05a_M030,/mnt/ddn/kyudan/IEMOCAP/data/Ses03M_impro05a_M030.wav,happy,Ses03,M,4.683
Ses03M_impro05b_F000,/mnt/ddn/kyudan/IEMOCAP/data/Ses03M_impro05b_F000.wav,neutral,Ses03,F,2.683
Ses03M_impro05b_F001,/mnt/ddn/kyudan/IEMOCAP/data/Ses03M_impro05b_F001.wav,neutral,Ses03,F,4.678
Ses03M_impro05b_F002,/mnt/ddn/kyudan/IEMOCAP/data/Ses03M_impro05b_F002.wav,neutral,Ses03,F,2.51
Ses03M_impro05b_F003,/mnt/ddn/kyudan/IEMOCAP/data/Ses03M_impro05b_F003.wav,neutral,Ses03,F,2.25
Ses03M_impro05b_F004,/mnt/ddn/kyudan/IEMOCAP/data/Ses03M_impro05b_F004.wav,neutral,Ses03,F,1.76
Ses03M_impro05b_F005,/mnt/ddn/kyudan/IEMOCAP/data/Ses03M_impro05b_F005.wav,neutral,Ses03,F,6.575
Ses03M_impro05b_F006,/mnt/ddn/kyudan/IEMOCAP/data/Ses03M_impro05b_F006.wav,neutral,Ses03,F,1.04
Ses03M_impro05b_F007,/mnt/ddn/kyudan/IEMOCAP/data/Ses03M_impro05b_F007.wav,neutral,Ses03,F,5.8
Ses03M_impro05b_F008,/mnt/ddn/kyudan/IEMOCAP/data/Ses03M_impro05b_F008.wav,neutral,Ses03,F,2.725
Ses03M_impro05b_F009,/mnt/ddn/kyudan/IEMOCAP/data/Ses03M_impro05b_F009.wav,neutral,Ses03,F,2.402
Ses03M_impro05b_F010,/mnt/ddn/kyudan/IEMOCAP/data/Ses03M_impro05b_F010.wav,neutral,Ses03,F,4.1
Ses03M_impro05b_F011,/mnt/ddn/kyudan/IEMOCAP/data/Ses03M_impro05b_F011.wav,neutral,Ses03,F,6.72
Ses03M_impro05b_F012,/mnt/ddn/kyudan/IEMOCAP/data/Ses03M_impro05b_F012.wav,neutral,Ses03,F,3.98
Ses03M_impro05b_F013,/mnt/ddn/kyudan/IEMOCAP/data/Ses03M_impro05b_F013.wav,neutral,Ses03,F,3.8
Ses03M_impro05b_F014,/mnt/ddn/kyudan/IEMOCAP/data/Ses03M_impro05b_F014.wav,neutral,Ses03,F,2.11
Ses03M_impro05b_F015,/mnt/ddn/kyudan/IEMOCAP/data/Ses03M_impro05b_F015.wav,neutral,Ses03,F,3.03
Ses03M_impro05b_F016,/mnt/ddn/kyudan/IEMOCAP/data/Ses03M_impro05b_F016.wav,neutral,Ses03,F,8.64
Ses03M_impro05b_F018,/mnt/ddn/kyudan/IEMOCAP/data/Ses03M_impro05b_F018.wav,neutral,Ses03,F,1.91
Ses03M_impro05b_F019,/mnt/ddn/kyudan/IEMOCAP/data/Ses03M_impro05b_F019.wav,neutral,Ses03,F,7.33
Ses03M_impro05b_F020,/mnt/ddn/kyudan/IEMOCAP/data/Ses03M_impro05b_F020.wav,neutral,Ses03,F,6.465
Ses03M_impro05b_F021,/mnt/ddn/kyudan/IEMOCAP/data/Ses03M_impro05b_F021.wav,neutral,Ses03,F,7.1
Ses03M_impro05b_F022,/mnt/ddn/kyudan/IEMOCAP/data/Ses03M_impro05b_F022.wav,neutral,Ses03,F,1.46
Ses03M_impro05b_F023,/mnt/ddn/kyudan/IEMOCAP/data/Ses03M_impro05b_F023.wav,neutral,Ses03,F,6.92
Ses03M_impro05b_F027,/mnt/ddn/kyudan/IEMOCAP/data/Ses03M_impro05b_F027.wav,neutral,Ses03,F,1.8
Ses03M_impro05b_F028,/mnt/ddn/kyudan/IEMOCAP/data/Ses03M_impro05b_F028.wav,neutral,Ses03,F,3.28
Ses03M_impro05b_F029,/mnt/ddn/kyudan/IEMOCAP/data/Ses03M_impro05b_F029.wav,neutral,Ses03,F,2.82
Ses03M_impro05b_F030,/mnt/ddn/kyudan/IEMOCAP/data/Ses03M_impro05b_F030.wav,neutral,Ses03,F,3.192
Ses03M_impro05b_M000,/mnt/ddn/kyudan/IEMOCAP/data/Ses03M_impro05b_M000.wav,happy,Ses03,M,2.99
Ses03M_impro05b_M008,/mnt/ddn/kyudan/IEMOCAP/data/Ses03M_impro05b_M008.wav,angry,Ses03,M,1.74
Ses03M_impro05b_M009,/mnt/ddn/kyudan/IEMOCAP/data/Ses03M_impro05b_M009.wav,angry,Ses03,M,3.48
Ses03M_impro05b_M011,/mnt/ddn/kyudan/IEMOCAP/data/Ses03M_impro05b_M011.wav,angry,Ses03,M,7.02
Ses03M_impro05b_M013,/mnt/ddn/kyudan/IEMOCAP/data/Ses03M_impro05b_M013.wav,angry,Ses03,M,6.82
Ses03M_impro05b_M014,/mnt/ddn/kyudan/IEMOCAP/data/Ses03M_impro05b_M014.wav,angry,Ses03,M,4.48
Ses03M_impro05b_M015,/mnt/ddn/kyudan/IEMOCAP/data/Ses03M_impro05b_M015.wav,angry,Ses03,M,2.74
Ses03M_impro05b_M016,/mnt/ddn/kyudan/IEMOCAP/data/Ses03M_impro05b_M016.wav,angry,Ses03,M,3.72
Ses03M_impro05b_M019,/mnt/ddn/kyudan/IEMOCAP/data/Ses03M_impro05b_M019.wav,neutral,Ses03,M,1.965
Ses03M_impro05b_M020,/mnt/ddn/kyudan/IEMOCAP/data/Ses03M_impro05b_M020.wav,angry,Ses03,M,3.97
Ses03M_impro05b_M021,/mnt/ddn/kyudan/IEMOCAP/data/Ses03M_impro05b_M021.wav,angry,Ses03,M,1.73
Ses03M_impro05b_M022,/mnt/ddn/kyudan/IEMOCAP/data/Ses03M_impro05b_M022.wav,angry,Ses03,M,2.48
Ses03M_impro05b_M023,/mnt/ddn/kyudan/IEMOCAP/data/Ses03M_impro05b_M023.wav,angry,Ses03,M,4.3
Ses03M_impro05b_M024,/mnt/ddn/kyudan/IEMOCAP/data/Ses03M_impro05b_M024.wav,angry,Ses03,M,4.982
Ses03M_impro05b_M025,/mnt/ddn/kyudan/IEMOCAP/data/Ses03M_impro05b_M025.wav,angry,Ses03,M,2.91
Ses03M_impro05b_M026,/mnt/ddn/kyudan/IEMOCAP/data/Ses03M_impro05b_M026.wav,angry,Ses03,M,4.9
Ses03M_impro05b_M027,/mnt/ddn/kyudan/IEMOCAP/data/Ses03M_impro05b_M027.wav,angry,Ses03,M,2.36
Ses03M_impro05b_M029,/mnt/ddn/kyudan/IEMOCAP/data/Ses03M_impro05b_M029.wav,angry,Ses03,M,8.93
Ses03M_impro05b_M031,/mnt/ddn/kyudan/IEMOCAP/data/Ses03M_impro05b_M031.wav,angry,Ses03,M,5.67
Ses03M_impro05b_M032,/mnt/ddn/kyudan/IEMOCAP/data/Ses03M_impro05b_M032.wav,angry,Ses03,M,8.15
Ses03M_impro05b_M033,/mnt/ddn/kyudan/IEMOCAP/data/Ses03M_impro05b_M033.wav,angry,Ses03,M,3.18
Ses03M_impro06_F000,/mnt/ddn/kyudan/IEMOCAP/data/Ses03M_impro06_F000.wav,sad,Ses03,F,5.038
Ses03M_impro06_F001,/mnt/ddn/kyudan/IEMOCAP/data/Ses03M_impro06_F001.wav,sad,Ses03,F,3.091
Ses03M_impro06_F002,/mnt/ddn/kyudan/IEMOCAP/data/Ses03M_impro06_F002.wav,sad,Ses03,F,3.578
Ses03M_impro06_F003,/mnt/ddn/kyudan/IEMOCAP/data/Ses03M_impro06_F003.wav,sad,Ses03,F,2.604
Ses03M_impro06_F004,/mnt/ddn/kyudan/IEMOCAP/data/Ses03M_impro06_F004.wav,sad,Ses03,F,3.383
Ses03M_impro06_F005,/mnt/ddn/kyudan/IEMOCAP/data/Ses03M_impro06_F005.wav,sad,Ses03,F,3.845
Ses03M_impro06_F006,/mnt/ddn/kyudan/IEMOCAP/data/Ses03M_impro06_F006.wav,sad,Ses03,F,2.142
Ses03M_impro06_F007,/mnt/ddn/kyudan/IEMOCAP/data/Ses03M_impro06_F007.wav,sad,Ses03,F,6.23
Ses03M_impro06_F008,/mnt/ddn/kyudan/IEMOCAP/data/Ses03M_impro06_F008.wav,sad,Ses03,F,2.142
Ses03M_impro06_F009,/mnt/ddn/kyudan/IEMOCAP/data/Ses03M_impro06_F009.wav,sad,Ses03,F,3.091
Ses03M_impro06_F010,/mnt/ddn/kyudan/IEMOCAP/data/Ses03M_impro06_F010.wav,sad,Ses03,F,8.396
Ses03M_impro06_F011,/mnt/ddn/kyudan/IEMOCAP/data/Ses03M_impro06_F011.wav,sad,Ses03,F,3.894
Ses03M_impro06_F012,/mnt/ddn/kyudan/IEMOCAP/data/Ses03M_impro06_F012.wav,sad,Ses03,F,2.312
Ses03M_impro06_F013,/mnt/ddn/kyudan/IEMOCAP/data/Ses03M_impro06_F013.wav,sad,Ses03,F,7.204
Ses03M_impro06_F014,/mnt/ddn/kyudan/IEMOCAP/data/Ses03M_impro06_F014.wav,sad,Ses03,F,2.166
Ses03M_impro06_F015,/mnt/ddn/kyudan/IEMOCAP/data/Ses03M_impro06_F015.wav,sad,Ses03,F,2.166
Ses03M_impro06_F016,/mnt/ddn/kyudan/IEMOCAP/data/Ses03M_impro06_F016.wav,sad,Ses03,F,6.912
Ses03M_impro06_F017,/mnt/ddn/kyudan/IEMOCAP/data/Ses03M_impro06_F017.wav,sad,Ses03,F,3.359
Ses03M_impro06_F018,/mnt/ddn/kyudan/IEMOCAP/data/Ses03M_impro06_F018.wav,sad,Ses03,F,2.02
Ses03M_impro06_F019,/mnt/ddn/kyudan/IEMOCAP/data/Ses03M_impro06_F019.wav,sad,Ses03,F,2.969
Ses03M_impro06_F020,/mnt/ddn/kyudan/IEMOCAP/data/Ses03M_impro06_F020.wav,sad,Ses03,F,3.991
Ses03M_impro06_M000,/mnt/ddn/kyudan/IEMOCAP/data/Ses03M_impro06_M000.wav,sad,Ses03,M,3.067
Ses03M_impro06_M001,/mnt/ddn/kyudan/IEMOCAP/data/Ses03M_impro06_M001.wav,sad,Ses03,M,2.75
Ses03M_impro06_M002,/mnt/ddn/kyudan/IEMOCAP/data/Ses03M_impro06_M002.wav,sad,Ses03,M,3.042
Ses03M_impro06_M003,/mnt/ddn/kyudan/IEMOCAP/data/Ses03M_impro06_M003.wav,sad,Ses03,M,4.259
Ses03M_impro06_M004,/mnt/ddn/kyudan/IEMOCAP/data/Ses03M_impro06_M004.wav,sad,Ses03,M,4.235
Ses03M_impro06_M005,/mnt/ddn/kyudan/IEMOCAP/data/Ses03M_impro06_M005.wav,sad,Ses03,M,4.405
Ses03M_impro06_M006,/mnt/ddn/kyudan/IEMOCAP/data/Ses03M_impro06_M006.wav,sad,Ses03,M,4.527
Ses03M_impro06_M007,/mnt/ddn/kyudan/IEMOCAP/data/Ses03M_impro06_M007.wav,sad,Ses03,M,2.872
Ses03M_impro06_M008,/mnt/ddn/kyudan/IEMOCAP/data/Ses03M_impro06_M008.wav,sad,Ses03,M,7.861
Ses03M_impro06_M009,/mnt/ddn/kyudan/IEMOCAP/data/Ses03M_impro06_M009.wav,sad,Ses03,M,5.5
Ses03M_impro06_M010,/mnt/ddn/kyudan/IEMOCAP/data/Ses03M_impro06_M010.wav,sad,Ses03,M,5.987
Ses03M_impro06_M011,/mnt/ddn/kyudan/IEMOCAP/data/Ses03M_impro06_M011.wav,sad,Ses03,M,5.33
Ses03M_impro06_M012,/mnt/ddn/kyudan/IEMOCAP/data/Ses03M_impro06_M012.wav,sad,Ses03,M,3.139
Ses03M_impro06_M013,/mnt/ddn/kyudan/IEMOCAP/data/Ses03M_impro06_M013.wav,sad,Ses03,M,3.432
Ses03M_impro06_M014,/mnt/ddn/kyudan/IEMOCAP/data/Ses03M_impro06_M014.wav,sad,Ses03,M,3.139
Ses03M_impro06_M015,/mnt/ddn/kyudan/IEMOCAP/data/Ses03M_impro06_M015.wav,sad,Ses03,M,4.867
Ses03M_impro06_M016,/mnt/ddn/kyudan/IEMOCAP/data/Ses03M_impro06_M016.wav,sad,Ses03,M,4.648
Ses03M_impro06_M017,/mnt/ddn/kyudan/IEMOCAP/data/Ses03M_impro06_M017.wav,sad,Ses03,M,4.941
Ses03M_impro06_M018,/mnt/ddn/kyudan/IEMOCAP/data/Ses03M_impro06_M018.wav,sad,Ses03,M,4.941
Ses03M_impro06_M019,/mnt/ddn/kyudan/IEMOCAP/data/Ses03M_impro06_M019.wav,sad,Ses03,M,8.348
Ses03M_impro06_M020,/mnt/ddn/kyudan/IEMOCAP/data/Ses03M_impro06_M020.wav,sad,Ses03,M,3.991
Ses03M_impro06_M021,/mnt/ddn/kyudan/IEMOCAP/data/Ses03M_impro06_M021.wav,sad,Ses03,M,4.989
Ses03M_impro06_M022,/mnt/ddn/kyudan/IEMOCAP/data/Ses03M_impro06_M022.wav,sad,Ses03,M,3.042
Ses03M_impro06_M023,/mnt/ddn/kyudan/IEMOCAP/data/Ses03M_impro06_M023.wav,sad,Ses03,M,3.164
Ses03M_impro06_M024,/mnt/ddn/kyudan/IEMOCAP/data/Ses03M_impro06_M024.wav,sad,Ses03,M,2.58
Ses03M_impro06_M025,/mnt/ddn/kyudan/IEMOCAP/data/Ses03M_impro06_M025.wav,sad,Ses03,M,4.405
Ses03M_impro06_M026,/mnt/ddn/kyudan/IEMOCAP/data/Ses03M_impro06_M026.wav,sad,Ses03,M,9.467
Ses03M_impro06_M027,/mnt/ddn/kyudan/IEMOCAP/data/Ses03M_impro06_M027.wav,sad,Ses03,M,5.215
Ses03M_impro06_M028,/mnt/ddn/kyudan/IEMOCAP/data/Ses03M_impro06_M028.wav,sad,Ses03,M,3.991
Ses03M_impro06_M029,/mnt/ddn/kyudan/IEMOCAP/data/Ses03M_impro06_M029.wav,sad,Ses03,M,3.845
Ses03M_impro06_M030,/mnt/ddn/kyudan/IEMOCAP/data/Ses03M_impro06_M030.wav,sad,Ses03,M,2.142
Ses03M_impro06_M031,/mnt/ddn/kyudan/IEMOCAP/data/Ses03M_impro06_M031.wav,sad,Ses03,M,2.531
Ses03M_impro06_M032,/mnt/ddn/kyudan/IEMOCAP/data/Ses03M_impro06_M032.wav,sad,Ses03,M,2.239
Ses03M_impro07_F000,/mnt/ddn/kyudan/IEMOCAP/data/Ses03M_impro07_F000.wav,happy,Ses03,F,2.53
Ses03M_impro07_F001,/mnt/ddn/kyudan/IEMOCAP/data/Ses03M_impro07_F001.wav,happy,Ses03,F,1.96
Ses03M_impro07_F002,/mnt/ddn/kyudan/IEMOCAP/data/Ses03M_impro07_F002.wav,happy,Ses03,F,1.44
Ses03M_impro07_F006,/mnt/ddn/kyudan/IEMOCAP/data/Ses03M_impro07_F006.wav,happy,Ses03,F,6.445
Ses03M_impro07_F007,/mnt/ddn/kyudan/IEMOCAP/data/Ses03M_impro07_F007.wav,happy,Ses03,F,2.44
Ses03M_impro07_F008,/mnt/ddn/kyudan/IEMOCAP/data/Ses03M_impro07_F008.wav,happy,Ses03,F,2.44
Ses03M_impro07_F009,/mnt/ddn/kyudan/IEMOCAP/data/Ses03M_impro07_F009.wav,happy,Ses03,F,6.83
Ses03M_impro07_F010,/mnt/ddn/kyudan/IEMOCAP/data/Ses03M_impro07_F010.wav,happy,Ses03,F,1.555
Ses03M_impro07_F011,/mnt/ddn/kyudan/IEMOCAP/data/Ses03M_impro07_F011.wav,happy,Ses03,F,4.07
Ses03M_impro07_F012,/mnt/ddn/kyudan/IEMOCAP/data/Ses03M_impro07_F012.wav,happy,Ses03,F,1.6
Ses03M_impro07_F013,/mnt/ddn/kyudan/IEMOCAP/data/Ses03M_impro07_F013.wav,happy,Ses03,F,8.01
Ses03M_impro07_F014,/mnt/ddn/kyudan/IEMOCAP/data/Ses03M_impro07_F014.wav,happy,Ses03,F,2.77
Ses03M_impro07_F015,/mnt/ddn/kyudan/IEMOCAP/data/Ses03M_impro07_F015.wav,happy,Ses03,F,2.51
Ses03M_impro07_F016,/mnt/ddn/kyudan/IEMOCAP/data/Ses03M_impro07_F016.wav,happy,Ses03,F,3.9
Ses03M_impro07_F017,/mnt/ddn/kyudan/IEMOCAP/data/Ses03M_impro07_F017.wav,happy,Ses03,F,4.36
Ses03M_impro07_F018,/mnt/ddn/kyudan/IEMOCAP/data/Ses03M_impro07_F018.wav,happy,Ses03,F,3.4
Ses03M_impro07_F019,/mnt/ddn/kyudan/IEMOCAP/data/Ses03M_impro07_F019.wav,happy,Ses03,F,2.34
Ses03M_impro07_F020,/mnt/ddn/kyudan/IEMOCAP/data/Ses03M_impro07_F020.wav,happy,Ses03,F,1.87
Ses03M_impro07_F021,/mnt/ddn/kyudan/IEMOCAP/data/Ses03M_impro07_F021.wav,happy,Ses03,F,7.39
Ses03M_impro07_F022,/mnt/ddn/kyudan/IEMOCAP/data/Ses03M_impro07_F022.wav,happy,Ses03,F,1.49
Ses03M_impro07_F023,/mnt/ddn/kyudan/IEMOCAP/data/Ses03M_impro07_F023.wav,neutral,Ses03,F,3.29
Ses03M_impro07_M000,/mnt/ddn/kyudan/IEMOCAP/data/Ses03M_impro07_M000.wav,happy,Ses03,M,1.444
Ses03M_impro07_M001,/mnt/ddn/kyudan/IEMOCAP/data/Ses03M_impro07_M001.wav,happy,Ses03,M,1.72
Ses03M_impro07_M002,/mnt/ddn/kyudan/IEMOCAP/data/Ses03M_impro07_M002.wav,happy,Ses03,M,4.58
Ses03M_impro07_M003,/mnt/ddn/kyudan/IEMOCAP/data/Ses03M_impro07_M003.wav,happy,Ses03,M,3.86
Ses03M_impro07_M004,/mnt/ddn/kyudan/IEMOCAP/data/Ses03M_impro07_M004.wav,happy,Ses03,M,1.37
Ses03M_impro07_M005,/mnt/ddn/kyudan/IEMOCAP/data/Ses03M_impro07_M005.wav,happy,Ses03,M,1.89
Ses03M_impro07_M006,/mnt/ddn/kyudan/IEMOCAP/data/Ses03M_impro07_M006.wav,happy,Ses03,M,2.817
Ses03M_impro07_M007,/mnt/ddn/kyudan/IEMOCAP/data/Ses03M_impro07_M007.wav,happy,Ses03,M,0.585
Ses03M_impro07_M008,/mnt/ddn/kyudan/IEMOCAP/data/Ses03M_impro07_M008.wav,happy,Ses03,M,3.92
Ses03M_impro07_M009,/mnt/ddn/kyudan/IEMOCAP/data/Ses03M_impro07_M009.wav,neutral,Ses03,M,1.5
Ses03M_impro07_M010,/mnt/ddn/kyudan/IEMOCAP/data/Ses03M_impro07_M010.wav,happy,Ses03,M,1.68
Ses03M_impro07_M011,/mnt/ddn/kyudan/IEMOCAP/data/Ses03M_impro07_M011.wav,happy,Ses03,M,3.05
Ses03M_impro07_M012,/mnt/ddn/kyudan/IEMOCAP/data/Ses03M_impro07_M012.wav,happy,Ses03,M,6.317
Ses03M_impro07_M013,/mnt/ddn/kyudan/IEMOCAP/data/Ses03M_impro07_M013.wav,happy,Ses03,M,8.2
Ses03M_impro07_M014,/mnt/ddn/kyudan/IEMOCAP/data/Ses03M_impro07_M014.wav,happy,Ses03,M,6.37
Ses03M_impro07_M015,/mnt/ddn/kyudan/IEMOCAP/data/Ses03M_impro07_M015.wav,happy,Ses03,M,3.96
Ses03M_impro07_M016,/mnt/ddn/kyudan/IEMOCAP/data/Ses03M_impro07_M016.wav,happy,Ses03,M,1.77
Ses03M_impro07_M017,/mnt/ddn/kyudan/IEMOCAP/data/Ses03M_impro07_M017.wav,happy,Ses03,M,3.68
Ses03M_impro07_M018,/mnt/ddn/kyudan/IEMOCAP/data/Ses03M_impro07_M018.wav,happy,Ses03,M,7.61
Ses03M_impro07_M019,/mnt/ddn/kyudan/IEMOCAP/data/Ses03M_impro07_M019.wav,happy,Ses03,M,1.59
Ses03M_impro07_M020,/mnt/ddn/kyudan/IEMOCAP/data/Ses03M_impro07_M020.wav,happy,Ses03,M,5.4
Ses03M_impro07_M021,/mnt/ddn/kyudan/IEMOCAP/data/Ses03M_impro07_M021.wav,happy,Ses03,M,1.29
Ses03M_impro07_M022,/mnt/ddn/kyudan/IEMOCAP/data/Ses03M_impro07_M022.wav,happy,Ses03,M,3.81
Ses03M_impro07_M023,/mnt/ddn/kyudan/IEMOCAP/data/Ses03M_impro07_M023.wav,happy,Ses03,M,5.168
Ses03M_impro07_M024,/mnt/ddn/kyudan/IEMOCAP/data/Ses03M_impro07_M024.wav,happy,Ses03,M,2.49
Ses03M_impro07_M025,/mnt/ddn/kyudan/IEMOCAP/data/Ses03M_impro07_M025.wav,happy,Ses03,M,8.65
Ses03M_impro07_M026,/mnt/ddn/kyudan/IEMOCAP/data/Ses03M_impro07_M026.wav,happy,Ses03,M,1.38
Ses03M_impro08a_F004,/mnt/ddn/kyudan/IEMOCAP/data/Ses03M_impro08a_F004.wav,neutral,Ses03,F,3.037
Ses03M_impro08a_F013,/mnt/ddn/kyudan/IEMOCAP/data/Ses03M_impro08a_F013.wav,angry,Ses03,F,7.618
Ses03M_impro08a_F014,/mnt/ddn/kyudan/IEMOCAP/data/Ses03M_impro08a_F014.wav,angry,Ses03,F,2.8
Ses03M_impro08a_F015,/mnt/ddn/kyudan/IEMOCAP/data/Ses03M_impro08a_F015.wav,angry,Ses03,F,4.969
Ses03M_impro08a_F020,/mnt/ddn/kyudan/IEMOCAP/data/Ses03M_impro08a_F020.wav,angry,Ses03,F,4.378
Ses03M_impro08a_F021,/mnt/ddn/kyudan/IEMOCAP/data/Ses03M_impro08a_F021.wav,angry,Ses03,F,7.749
Ses03M_impro08a_F022,/mnt/ddn/kyudan/IEMOCAP/data/Ses03M_impro08a_F022.wav,angry,Ses03,F,2.149
Ses03M_impro08a_M000,/mnt/ddn/kyudan/IEMOCAP/data/Ses03M_impro08a_M000.wav,neutral,Ses03,M,4.87
Ses03M_impro08a_M001,/mnt/ddn/kyudan/IEMOCAP/data/Ses03M_impro08a_M001.wav,neutral,Ses03,M,3.175
Ses03M_impro08a_M002,/mnt/ddn/kyudan/IEMOCAP/data/Ses03M_impro08a_M002.wav,neutral,Ses03,M,7.848
Ses03M_impro08a_M003,/mnt/ddn/kyudan/IEMOCAP/data/Ses03M_impro08a_M003.wav,neutral,Ses03,M,3.352
Ses03M_impro08a_M004,/mnt/ddn/kyudan/IEMOCAP/data/Ses03M_impro08a_M004.wav,neutral,Ses03,M,5.462
Ses03M_impro08a_M005,/mnt/ddn/kyudan/IEMOCAP/data/Ses03M_impro08a_M005.wav,neutral,Ses03,M,2.78
Ses03M_impro08a_M006,/mnt/ddn/kyudan/IEMOCAP/data/Ses03M_impro08a_M006.wav,neutral,Ses03,M,8.913
Ses03M_impro08a_M007,/mnt/ddn/kyudan/IEMOCAP/data/Ses03M_impro08a_M007.wav,neutral,Ses03,M,2.682
Ses03M_impro08a_M008,/mnt/ddn/kyudan/IEMOCAP/data/Ses03M_impro08a_M008.wav,neutral,Ses03,M,4.575
Ses03M_impro08a_M009,/mnt/ddn/kyudan/IEMOCAP/data/Ses03M_impro08a_M009.wav,neutral,Ses03,M,2.761
Ses03M_impro08a_M010,/mnt/ddn/kyudan/IEMOCAP/data/Ses03M_impro08a_M010.wav,neutral,Ses03,M,5.659
Ses03M_impro08a_M012,/mnt/ddn/kyudan/IEMOCAP/data/Ses03M_impro08a_M012.wav,neutral,Ses03,M,8.38
Ses03M_impro08a_M013,/mnt/ddn/kyudan/IEMOCAP/data/Ses03M_impro08a_M013.wav,neutral,Ses03,M,6.211
Ses03M_impro08a_M016,/mnt/ddn/kyudan/IEMOCAP/data/Ses03M_impro08a_M016.wav,neutral,Ses03,M,6.034
Ses03M_impro08a_M017,/mnt/ddn/kyudan/IEMOCAP/data/Ses03M_impro08a_M017.wav,neutral,Ses03,M,2.169
Ses03M_impro08a_M018,/mnt/ddn/kyudan/IEMOCAP/data/Ses03M_impro08a_M018.wav,neutral,Ses03,M,4.22
Ses03M_impro08a_M019,/mnt/ddn/kyudan/IEMOCAP/data/Ses03M_impro08a_M019.wav,neutral,Ses03,M,9.82
Ses03M_impro08a_M020,/mnt/ddn/kyudan/IEMOCAP/data/Ses03M_impro08a_M020.wav,neutral,Ses03,M,4.89
Ses03M_impro08a_M021,/mnt/ddn/kyudan/IEMOCAP/data/Ses03M_impro08a_M021.wav,neutral,Ses03,M,7.316
Ses03M_impro08a_M022,/mnt/ddn/kyudan/IEMOCAP/data/Ses03M_impro08a_M022.wav,neutral,Ses03,M,4.279
Ses03M_impro08a_M023,/mnt/ddn/kyudan/IEMOCAP/data/Ses03M_impro08a_M023.wav,neutral,Ses03,M,3.983
Ses03M_impro08a_M024,/mnt/ddn/kyudan/IEMOCAP/data/Ses03M_impro08a_M024.wav,neutral,Ses03,M,3.234
Ses03M_impro08a_M025,/mnt/ddn/kyudan/IEMOCAP/data/Ses03M_impro08a_M025.wav,neutral,Ses03,M,3.668
Ses03M_impro08a_M026,/mnt/ddn/kyudan/IEMOCAP/data/Ses03M_impro08a_M026.wav,neutral,Ses03,M,2.662
Ses03M_impro08a_M027,/mnt/ddn/kyudan/IEMOCAP/data/Ses03M_impro08a_M027.wav,neutral,Ses03,M,7.217
Ses03M_impro08b_F000,/mnt/ddn/kyudan/IEMOCAP/data/Ses03M_impro08b_F000.wav,sad,Ses03,F,2.64
Ses03M_impro08b_F005,/mnt/ddn/kyudan/IEMOCAP/data/Ses03M_impro08b_F005.wav,angry,Ses03,F,2.36
Ses03M_impro08b_F006,/mnt/ddn/kyudan/IEMOCAP/data/Ses03M_impro08b_F006.wav,angry,Ses03,F,6.537
Ses03M_impro08b_F021,/mnt/ddn/kyudan/IEMOCAP/data/Ses03M_impro08b_F021.wav,neutral,Ses03,F,4.79
Ses03M_impro08b_F023,/mnt/ddn/kyudan/IEMOCAP/data/Ses03M_impro08b_F023.wav,neutral,Ses03,F,1.355
Ses03M_impro08b_F024,/mnt/ddn/kyudan/IEMOCAP/data/Ses03M_impro08b_F024.wav,neutral,Ses03,F,2.66
Ses03M_impro08b_M000,/mnt/ddn/kyudan/IEMOCAP/data/Ses03M_impro08b_M000.wav,neutral,Ses03,M,2.4
Ses03M_impro08b_M001,/mnt/ddn/kyudan/IEMOCAP/data/Ses03M_impro08b_M001.wav,neutral,Ses03,M,7.79
Ses03M_impro08b_M002,/mnt/ddn/kyudan/IEMOCAP/data/Ses03M_impro08b_M002.wav,neutral,Ses03,M,4.16
Ses03M_impro08b_M003,/mnt/ddn/kyudan/IEMOCAP/data/Ses03M_impro08b_M003.wav,neutral,Ses03,M,3.51
Ses03M_impro08b_M004,/mnt/ddn/kyudan/IEMOCAP/data/Ses03M_impro08b_M004.wav,neutral,Ses03,M,4.31
Ses03M_impro08b_M005,/mnt/ddn/kyudan/IEMOCAP/data/Ses03M_impro08b_M005.wav,neutral,Ses03,M,10.9
Ses03M_impro08b_M006,/mnt/ddn/kyudan/IEMOCAP/data/Ses03M_impro08b_M006.wav,neutral,Ses03,M,2.52
Ses03M_impro08b_M007,/mnt/ddn/kyudan/IEMOCAP/data/Ses03M_impro08b_M007.wav,neutral,Ses03,M,5.83
Ses03M_impro08b_M008,/mnt/ddn/kyudan/IEMOCAP/data/Ses03M_impro08b_M008.wav,neutral,Ses03,M,5.66
Ses03M_impro08b_M009,/mnt/ddn/kyudan/IEMOCAP/data/Ses03M_impro08b_M009.wav,neutral,Ses03,M,8.0
Ses03M_impro08b_M010,/mnt/ddn/kyudan/IEMOCAP/data/Ses03M_impro08b_M010.wav,neutral,Ses03,M,9.16
Ses03M_impro08b_M011,/mnt/ddn/kyudan/IEMOCAP/data/Ses03M_impro08b_M011.wav,neutral,Ses03,M,7.19
Ses03M_impro08b_M012,/mnt/ddn/kyudan/IEMOCAP/data/Ses03M_impro08b_M012.wav,neutral,Ses03,M,6.17
Ses03M_impro08b_M013,/mnt/ddn/kyudan/IEMOCAP/data/Ses03M_impro08b_M013.wav,neutral,Ses03,M,4.38
Ses03M_impro08b_M014,/mnt/ddn/kyudan/IEMOCAP/data/Ses03M_impro08b_M014.wav,neutral,Ses03,M,7.28
Ses03M_impro08b_M015,/mnt/ddn/kyudan/IEMOCAP/data/Ses03M_impro08b_M015.wav,neutral,Ses03,M,2.68
Ses03M_impro08b_M016,/mnt/ddn/kyudan/IEMOCAP/data/Ses03M_impro08b_M016.wav,neutral,Ses03,M,3.39
Ses03M_impro08b_M017,/mnt/ddn/kyudan/IEMOCAP/data/Ses03M_impro08b_M017.wav,neutral,Ses03,M,5.87
Ses03M_impro08b_M018,/mnt/ddn/kyudan/IEMOCAP/data/Ses03M_impro08b_M018.wav,neutral,Ses03,M,2.91
Ses03M_impro08b_M019,/mnt/ddn/kyudan/IEMOCAP/data/Ses03M_impro08b_M019.wav,neutral,Ses03,M,10.688
Ses03M_impro08b_M020,/mnt/ddn/kyudan/IEMOCAP/data/Ses03M_impro08b_M020.wav,neutral,Ses03,M,2.21
Ses03M_impro08b_M021,/mnt/ddn/kyudan/IEMOCAP/data/Ses03M_impro08b_M021.wav,neutral,Ses03,M,3.09
Ses03M_impro08b_M022,/mnt/ddn/kyudan/IEMOCAP/data/Ses03M_impro08b_M022.wav,neutral,Ses03,M,4.49
Ses03M_script01_1_F000,/mnt/ddn/kyudan/IEMOCAP/data/Ses03M_script01_1_F000.wav,neutral,Ses03,F,5.168
Ses03M_script01_1_F003,/mnt/ddn/kyudan/IEMOCAP/data/Ses03M_script01_1_F003.wav,angry,Ses03,F,2.742
Ses03M_script01_1_F004,/mnt/ddn/kyudan/IEMOCAP/data/Ses03M_script01_1_F004.wav,sad,Ses03,F,2.32
Ses03M_script01_1_F005,/mnt/ddn/kyudan/IEMOCAP/data/Ses03M_script01_1_F005.wav,sad,Ses03,F,1.969
Ses03M_script01_1_F006,/mnt/ddn/kyudan/IEMOCAP/data/Ses03M_script01_1_F006.wav,angry,Ses03,F,3.322
Ses03M_script01_1_F008,/mnt/ddn/kyudan/IEMOCAP/data/Ses03M_script01_1_F008.wav,sad,Ses03,F,5.773
Ses03M_script01_1_F014,/mnt/ddn/kyudan/IEMOCAP/data/Ses03M_script01_1_F014.wav,sad,Ses03,F,4.06
Ses03M_script01_1_F016,/mnt/ddn/kyudan/IEMOCAP/data/Ses03M_script01_1_F016.wav,angry,Ses03,F,8.824
Ses03M_script01_1_F017,/mnt/ddn/kyudan/IEMOCAP/data/Ses03M_script01_1_F017.wav,angry,Ses03,F,2.144
Ses03M_script01_1_F020,/mnt/ddn/kyudan/IEMOCAP/data/Ses03M_script01_1_F020.wav,angry,Ses03,F,4.289
Ses03M_script01_1_F021,/mnt/ddn/kyudan/IEMOCAP/data/Ses03M_script01_1_F021.wav,neutral,Ses03,F,4.728
Ses03M_script01_1_F024,/mnt/ddn/kyudan/IEMOCAP/data/Ses03M_script01_1_F024.wav,sad,Ses03,F,3.639
Ses03M_script01_1_F028,/mnt/ddn/kyudan/IEMOCAP/data/Ses03M_script01_1_F028.wav,neutral,Ses03,F,3.006
Ses03M_script01_1_F030,/mnt/ddn/kyudan/IEMOCAP/data/Ses03M_script01_1_F030.wav,neutral,Ses03,F,5.337
Ses03M_script01_1_F036,/mnt/ddn/kyudan/IEMOCAP/data/Ses03M_script01_1_F036.wav,angry,Ses03,F,2.775
Ses03M_script01_1_F037,/mnt/ddn/kyudan/IEMOCAP/data/Ses03M_script01_1_F037.wav,angry,Ses03,F,2.601
Ses03M_script01_1_F038,/mnt/ddn/kyudan/IEMOCAP/data/Ses03M_script01_1_F038.wav,angry,Ses03,F,4.833
Ses03M_script01_1_F040,/mnt/ddn/kyudan/IEMOCAP/data/Ses03M_script01_1_F040.wav,sad,Ses03,F,4.554
Ses03M_script01_1_F041,/mnt/ddn/kyudan/IEMOCAP/data/Ses03M_script01_1_F041.wav,sad,Ses03,F,2.9
Ses03M_script01_1_F043,/mnt/ddn/kyudan/IEMOCAP/data/Ses03M_script01_1_F043.wav,angry,Ses03,F,6.87
Ses03M_script01_1_F045,/mnt/ddn/kyudan/IEMOCAP/data/Ses03M_script01_1_F045.wav,sad,Ses03,F,3.287
Ses03M_script01_1_F046,/mnt/ddn/kyudan/IEMOCAP/data/Ses03M_script01_1_F046.wav,sad,Ses03,F,3.568
Ses03M_script01_1_M000,/mnt/ddn/kyudan/IEMOCAP/data/Ses03M_script01_1_M000.wav,sad,Ses03,M,3.217
Ses03M_script01_1_M001,/mnt/ddn/kyudan/IEMOCAP/data/Ses03M_script01_1_M001.wav,sad,Ses03,M,2.654
Ses03M_script01_1_M002,/mnt/ddn/kyudan/IEMOCAP/data/Ses03M_script01_1_M002.wav,sad,Ses03,M,9.25
Ses03M_script01_1_M003,/mnt/ddn/kyudan/IEMOCAP/data/Ses03M_script01_1_M003.wav,sad,Ses03,M,5.959
Ses03M_script01_1_M004,/mnt/ddn/kyudan/IEMOCAP/data/Ses03M_script01_1_M004.wav,sad,Ses03,M,5.554
Ses03M_script01_1_M005,/mnt/ddn/kyudan/IEMOCAP/data/Ses03M_script01_1_M005.wav,sad,Ses03,M,2.39
Ses03M_script01_1_M006,/mnt/ddn/kyudan/IEMOCAP/data/Ses03M_script01_1_M006.wav,sad,Ses03,M,2.672
Ses03M_script01_1_M007,/mnt/ddn/kyudan/IEMOCAP/data/Ses03M_script01_1_M007.wav,sad,Ses03,M,6.328
Ses03M_script01_1_M009,/mnt/ddn/kyudan/IEMOCAP/data/Ses03M_script01_1_M009.wav,angry,Ses03,M,8.789
Ses03M_script01_1_M011,/mnt/ddn/kyudan/IEMOCAP/data/Ses03M_script01_1_M011.wav,angry,Ses03,M,13.57
Ses03M_script01_1_M012,/mnt/ddn/kyudan/IEMOCAP/data/Ses03M_script01_1_M012.wav,angry,Ses03,M,3.111
Ses03M_script01_1_M017,/mnt/ddn/kyudan/IEMOCAP/data/Ses03M_script01_1_M017.wav,neutral,Ses03,M,3.76
Ses03M_script01_1_M018,/mnt/ddn/kyudan/IEMOCAP/data/Ses03M_script01_1_M018.wav,neutral,Ses03,M,2.039
Ses03M_script01_1_M019,/mnt/ddn/kyudan/IEMOCAP/data/Ses03M_script01_1_M019.wav,neutral,Ses03,M,3.305
Ses03M_script01_1_M021,/mnt/ddn/kyudan/IEMOCAP/data/Ses03M_script01_1_M021.wav,neutral,Ses03,M,3.252
Ses03M_script01_1_M022,/mnt/ddn/kyudan/IEMOCAP/data/Ses03M_script01_1_M022.wav,angry,Ses03,M,11.97
Ses03M_script01_1_M027,/mnt/ddn/kyudan/IEMOCAP/data/Ses03M_script01_1_M027.wav,angry,Ses03,M,2.039
Ses03M_script01_1_M028,/mnt/ddn/kyudan/IEMOCAP/data/Ses03M_script01_1_M028.wav,neutral,Ses03,M,3.058
Ses03M_script01_1_M029,/mnt/ddn/kyudan/IEMOCAP/data/Ses03M_script01_1_M029.wav,neutral,Ses03,M,2.285
Ses03M_script01_1_M030,/mnt/ddn/kyudan/IEMOCAP/data/Ses03M_script01_1_M030.wav,sad,Ses03,M,4.855
Ses03M_script01_1_M031,/mnt/ddn/kyudan/IEMOCAP/data/Ses03M_script01_1_M031.wav,neutral,Ses03,M,5.961
Ses03M_script01_1_M036,/mnt/ddn/kyudan/IEMOCAP/data/Ses03M_script01_1_M036.wav,sad,Ses03,M,11.004
Ses03M_script01_1_M037,/mnt/ddn/kyudan/IEMOCAP/data/Ses03M_script01_1_M037.wav,neutral,Ses03,M,3.471
Ses03M_script01_1_M038,/mnt/ddn/kyudan/IEMOCAP/data/Ses03M_script01_1_M038.wav,neutral,Ses03,M,5.548
Ses03M_script01_1_M039,/mnt/ddn/kyudan/IEMOCAP/data/Ses03M_script01_1_M039.wav,angry,Ses03,M,5.828
Ses03M_script01_1_M040,/mnt/ddn/kyudan/IEMOCAP/data/Ses03M_script01_1_M040.wav,angry,Ses03,M,3.992
Ses03M_script01_1_M041,/mnt/ddn/kyudan/IEMOCAP/data/Ses03M_script01_1_M041.wav,angry,Ses03,M,14.466
Ses03M_script01_1_M043,/mnt/ddn/kyudan/IEMOCAP/data/Ses03M_script01_1_M043.wav,neutral,Ses03,M,3.603
Ses03M_script01_1_M045,/mnt/ddn/kyudan/IEMOCAP/data/Ses03M_script01_1_M045.wav,sad,Ses03,M,3.589
Ses03M_script01_1_M046,/mnt/ddn/kyudan/IEMOCAP/data/Ses03M_script01_1_M046.wav,sad,Ses03,M,3.515
Ses03M_script01_1_M047,/mnt/ddn/kyudan/IEMOCAP/data/Ses03M_script01_1_M047.wav,sad,Ses03,M,4.377
Ses03M_script01_2_F000,/mnt/ddn/kyudan/IEMOCAP/data/Ses03M_script01_2_F000.wav,angry,Ses03,F,2.484
Ses03M_script01_2_F001,/mnt/ddn/kyudan/IEMOCAP/data/Ses03M_script01_2_F001.wav,angry,Ses03,F,5.407
Ses03M_script01_2_F006,/mnt/ddn/kyudan/IEMOCAP/data/Ses03M_script01_2_F006.wav,angry,Ses03,F,4.238
Ses03M_script01_2_F009,/mnt/ddn/kyudan/IEMOCAP/data/Ses03M_script01_2_F009.wav,angry,Ses03,F,4.929
Ses03M_script01_2_F010,/mnt/ddn/kyudan/IEMOCAP/data/Ses03M_script01_2_F010.wav,sad,Ses03,F,5.168
Ses03M_script01_2_F011,/mnt/ddn/kyudan/IEMOCAP/data/Ses03M_script01_2_F011.wav,sad,Ses03,F,6.551
Ses03M_script01_2_F012,/mnt/ddn/kyudan/IEMOCAP/data/Ses03M_script01_2_F012.wav,angry,Ses03,F,9.021
Ses03M_script01_2_F013,/mnt/ddn/kyudan/IEMOCAP/data/Ses03M_script01_2_F013.wav,angry,Ses03,F,7.21
Ses03M_script01_2_F015,/mnt/ddn/kyudan/IEMOCAP/data/Ses03M_script01_2_F015.wav,angry,Ses03,F,14.026
Ses03M_script01_2_F017,/mnt/ddn/kyudan/IEMOCAP/data/Ses03M_script01_2_F017.wav,sad,Ses03,F,10.575
Ses03M_script01_2_F018,/mnt/ddn/kyudan/IEMOCAP/data/Ses03M_script01_2_F018.wav,angry,Ses03,F,3.149
Ses03M_script01_2_F019,/mnt/ddn/kyudan/IEMOCAP/data/Ses03M_script01_2_F019.wav,sad,Ses03,F,1.707
Ses03M_script01_2_M001,/mnt/ddn/kyudan/IEMOCAP/data/Ses03M_script01_2_M001.wav,neutral,Ses03,M,3.016
Ses03M_script01_2_M004,/mnt/ddn/kyudan/IEMOCAP/data/Ses03M_script01_2_M004.wav,neutral,Ses03,M,3.733
Ses03M_script01_2_M005,/mnt/ddn/kyudan/IEMOCAP/data/Ses03M_script01_2_M005.wav,neutral,Ses03,M,1.831
Ses03M_script01_2_M008,/mnt/ddn/kyudan/IEMOCAP/data/Ses03M_script01_2_M008.wav,neutral,Ses03,M,3.361
Ses03M_script01_2_M014,/mnt/ddn/kyudan/IEMOCAP/data/Ses03M_script01_2_M014.wav,angry,Ses03,M,8.435
Ses03M_script01_2_M015,/mnt/ddn/kyudan/IEMOCAP/data/Ses03M_script01_2_M015.wav,angry,Ses03,M,3.574
Ses03M_script01_2_M016,/mnt/ddn/kyudan/IEMOCAP/data/Ses03M_script01_2_M016.wav,angry,Ses03,M,2.213
Ses03M_script01_2_M017,/mnt/ddn/kyudan/IEMOCAP/data/Ses03M_script01_2_M017.wav,angry,Ses03,M,5.992
Ses03M_script01_3_F000,/mnt/ddn/kyudan/IEMOCAP/data/Ses03M_script01_3_F000.wav,happy,Ses03,F,5.43
Ses03M_script01_3_F001,/mnt/ddn/kyudan/IEMOCAP/data/Ses03M_script01_3_F001.wav,happy,Ses03,F,4.122
Ses03M_script01_3_F002,/mnt/ddn/kyudan/IEMOCAP/data/Ses03M_script01_3_F002.wav,happy,Ses03,F,2.9
Ses03M_script01_3_F003,/mnt/ddn/kyudan/IEMOCAP/data/Ses03M_script01_3_F003.wav,happy,Ses03,F,3.017
Ses03M_script01_3_F004,/mnt/ddn/kyudan/IEMOCAP/data/Ses03M_script01_3_F004.wav,sad,Ses03,F,6.172
Ses03M_script01_3_F006,/mnt/ddn/kyudan/IEMOCAP/data/Ses03M_script01_3_F006.wav,sad,Ses03,F,2.966
Ses03M_script01_3_F007,/mnt/ddn/kyudan/IEMOCAP/data/Ses03M_script01_3_F007.wav,sad,Ses03,F,7.675
Ses03M_script01_3_F008,/mnt/ddn/kyudan/IEMOCAP/data/Ses03M_script01_3_F008.wav,sad,Ses03,F,6.198
Ses03M_script01_3_F011,/mnt/ddn/kyudan/IEMOCAP/data/Ses03M_script01_3_F011.wav,happy,Ses03,F,2.006
Ses03M_script01_3_F012,/mnt/ddn/kyudan/IEMOCAP/data/Ses03M_script01_3_F012.wav,happy,Ses03,F,2.9
Ses03M_script01_3_F013,/mnt/ddn/kyudan/IEMOCAP/data/Ses03M_script01_3_F013.wav,happy,Ses03,F,3.674
Ses03M_script01_3_F014,/mnt/ddn/kyudan/IEMOCAP/data/Ses03M_script01_3_F014.wav,happy,Ses03,F,3.533
Ses03M_script01_3_F015,/mnt/ddn/kyudan/IEMOCAP/data/Ses03M_script01_3_F015.wav,happy,Ses03,F,2.879
Ses03M_script01_3_F016,/mnt/ddn/kyudan/IEMOCAP/data/Ses03M_script01_3_F016.wav,happy,Ses03,F,2.399
Ses03M_script01_3_F017,/mnt/ddn/kyudan/IEMOCAP/data/Ses03M_script01_3_F017.wav,happy,Ses03,F,7.131
Ses03M_script01_3_F018,/mnt/ddn/kyudan/IEMOCAP/data/Ses03M_script01_3_F018.wav,happy,Ses03,F,3.664
Ses03M_script01_3_F019,/mnt/ddn/kyudan/IEMOCAP/data/Ses03M_script01_3_F019.wav,happy,Ses03,F,2.333
Ses03M_script01_3_F020,/mnt/ddn/kyudan/IEMOCAP/data/Ses03M_script01_3_F020.wav,happy,Ses03,F,6.52
Ses03M_script01_3_F021,/mnt/ddn/kyudan/IEMOCAP/data/Ses03M_script01_3_F021.wav,happy,Ses03,F,3.969
Ses03M_script01_3_F022,/mnt/ddn/kyudan/IEMOCAP/data/Ses03M_script01_3_F022.wav,happy,Ses03,F,4.776
Ses03M_script01_3_F029,/mnt/ddn/kyudan/IEMOCAP/data/Ses03M_script01_3_F029.wav,sad,Ses03,F,2.203
Ses03M_script01_3_F030,/mnt/ddn/kyudan/IEMOCAP/data/Ses03M_script01_3_F030.wav,sad,Ses03,F,2.312
Ses03M_script01_3_F031,/mnt/ddn/kyudan/IEMOCAP/data/Ses03M_script01_3_F031.wav,sad,Ses03,F,3.402
Ses03M_script01_3_F032,/mnt/ddn/kyudan/IEMOCAP/data/Ses03M_script01_3_F032.wav,happy,Ses03,F,6.792
Ses03M_script01_3_F033,/mnt/ddn/kyudan/IEMOCAP/data/Ses03M_script01_3_F033.wav,sad,Ses03,F,12.821
Ses03M_script01_3_F034,/mnt/ddn/kyudan/IEMOCAP/data/Ses03M_script01_3_F034.wav,happy,Ses03,F,3.947
Ses03M_script01_3_M001,/mnt/ddn/kyudan/IEMOCAP/data/Ses03M_script01_3_M001.wav,neutral,Ses03,M,3.337
Ses03M_script01_3_M004,/mnt/ddn/kyudan/IEMOCAP/data/Ses03M_script01_3_M004.wav,neutral,Ses03,M,2.268
Ses03M_script01_3_M007,/mnt/ddn/kyudan/IEMOCAP/data/Ses03M_script01_3_M007.wav,happy,Ses03,M,4.383
Ses03M_script01_3_M008,/mnt/ddn/kyudan/IEMOCAP/data/Ses03M_script01_3_M008.wav,happy,Ses03,M,5.83
Ses03M_script01_3_M009,/mnt/ddn/kyudan/IEMOCAP/data/Ses03M_script01_3_M009.wav,happy,Ses03,M,7.48
Ses03M_script01_3_M010,/mnt/ddn/kyudan/IEMOCAP/data/Ses03M_script01_3_M010.wav,happy,Ses03,M,2.399
Ses03M_script01_3_M011,/mnt/ddn/kyudan/IEMOCAP/data/Ses03M_script01_3_M011.wav,happy,Ses03,M,5.495
Ses03M_script01_3_M012,/mnt/ddn/kyudan/IEMOCAP/data/Ses03M_script01_3_M012.wav,happy,Ses03,M,10.237
Ses03M_script01_3_M013,/mnt/ddn/kyudan/IEMOCAP/data/Ses03M_script01_3_M013.wav,happy,Ses03,M,6.09
Ses03M_script01_3_M014,/mnt/ddn/kyudan/IEMOCAP/data/Ses03M_script01_3_M014.wav,happy,Ses03,M,3.271
Ses03M_script01_3_M016,/mnt/ddn/kyudan/IEMOCAP/data/Ses03M_script01_3_M016.wav,happy,Ses03,M,2.717
Ses03M_script01_3_M017,/mnt/ddn/kyudan/IEMOCAP/data/Ses03M_script01_3_M017.wav,happy,Ses03,M,3.162
Ses03M_script01_3_M018,/mnt/ddn/kyudan/IEMOCAP/data/Ses03M_script01_3_M018.wav,happy,Ses03,M,6.128
Ses03M_script01_3_M019,/mnt/ddn/kyudan/IEMOCAP/data/Ses03M_script01_3_M019.wav,happy,Ses03,M,7.39
Ses03M_script01_3_M020,/mnt/ddn/kyudan/IEMOCAP/data/Ses03M_script01_3_M020.wav,happy,Ses03,M,3.715
Ses03M_script01_3_M021,/mnt/ddn/kyudan/IEMOCAP/data/Ses03M_script01_3_M021.wav,happy,Ses03,M,6.041
Ses03M_script01_3_M022,/mnt/ddn/kyudan/IEMOCAP/data/Ses03M_script01_3_M022.wav,happy,Ses03,M,2.388
Ses03M_script01_3_M023,/mnt/ddn/kyudan/IEMOCAP/data/Ses03M_script01_3_M023.wav,sad,Ses03,M,6.897
Ses03M_script01_3_M027,/mnt/ddn/kyudan/IEMOCAP/data/Ses03M_script01_3_M027.wav,sad,Ses03,M,5.517
Ses03M_script01_3_M028,/mnt/ddn/kyudan/IEMOCAP/data/Ses03M_script01_3_M028.wav,sad,Ses03,M,2.66
Ses03M_script01_3_M029,/mnt/ddn/kyudan/IEMOCAP/data/Ses03M_script01_3_M029.wav,sad,Ses03,M,2.508
Ses03M_script01_3_M030,/mnt/ddn/kyudan/IEMOCAP/data/Ses03M_script01_3_M030.wav,sad,Ses03,M,5.586
Ses03M_script01_3_M031,/mnt/ddn/kyudan/IEMOCAP/data/Ses03M_script01_3_M031.wav,sad,Ses03,M,11.922
Ses03M_script01_3_M032,/mnt/ddn/kyudan/IEMOCAP/data/Ses03M_script01_3_M032.wav,sad,Ses03,M,10.107
Ses03M_script01_3_M033,/mnt/ddn/kyudan/IEMOCAP/data/Ses03M_script01_3_M033.wav,sad,Ses03,M,11.655
Ses03M_script01_3_M034,/mnt/ddn/kyudan/IEMOCAP/data/Ses03M_script01_3_M034.wav,sad,Ses03,M,7.78
Ses03M_script01_3_M035,/mnt/ddn/kyudan/IEMOCAP/data/Ses03M_script01_3_M035.wav,sad,Ses03,M,10.826
Ses03M_script01_3_M036,/mnt/ddn/kyudan/IEMOCAP/data/Ses03M_script01_3_M036.wav,sad,Ses03,M,12.673
Ses03M_script01_3_M037,/mnt/ddn/kyudan/IEMOCAP/data/Ses03M_script01_3_M037.wav,sad,Ses03,M,11.887
Ses03M_script01_3_M038,/mnt/ddn/kyudan/IEMOCAP/data/Ses03M_script01_3_M038.wav,sad,Ses03,M,9.665
Ses03M_script01_3_M039,/mnt/ddn/kyudan/IEMOCAP/data/Ses03M_script01_3_M039.wav,sad,Ses03,M,6.346
Ses03M_script01_3_M040,/mnt/ddn/kyudan/IEMOCAP/data/Ses03M_script01_3_M040.wav,sad,Ses03,M,12.387
Ses03M_script01_3_M041,/mnt/ddn/kyudan/IEMOCAP/data/Ses03M_script01_3_M041.wav,sad,Ses03,M,4.781
Ses03M_script01_3_M042,/mnt/ddn/kyudan/IEMOCAP/data/Ses03M_script01_3_M042.wav,sad,Ses03,M,6.93
Ses03M_script01_3_M043,/mnt/ddn/kyudan/IEMOCAP/data/Ses03M_script01_3_M043.wav,sad,Ses03,M,2.791
Ses03M_script01_3_M045,/mnt/ddn/kyudan/IEMOCAP/data/Ses03M_script01_3_M045.wav,happy,Ses03,M,3.642
Ses03M_script01_3_M046,/mnt/ddn/kyudan/IEMOCAP/data/Ses03M_script01_3_M046.wav,happy,Ses03,M,2.005
Ses03M_script02_1_F000,/mnt/ddn/kyudan/IEMOCAP/data/Ses03M_script02_1_F000.wav,sad,Ses03,F,2.309
Ses03M_script02_1_F005,/mnt/ddn/kyudan/IEMOCAP/data/Ses03M_script02_1_F005.wav,neutral,Ses03,F,1.962
Ses03M_script02_1_F006,/mnt/ddn/kyudan/IEMOCAP/data/Ses03M_script02_1_F006.wav,sad,Ses03,F,3.018
Ses03M_script02_1_F010,/mnt/ddn/kyudan/IEMOCAP/data/Ses03M_script02_1_F010.wav,neutral,Ses03,F,1.435
Ses03M_script02_1_F016,/mnt/ddn/kyudan/IEMOCAP/data/Ses03M_script02_1_F016.wav,neutral,Ses03,F,2.276
Ses03M_script02_1_F017,/mnt/ddn/kyudan/IEMOCAP/data/Ses03M_script02_1_F017.wav,sad,Ses03,F,1.6
Ses03M_script02_1_F021,/mnt/ddn/kyudan/IEMOCAP/data/Ses03M_script02_1_F021.wav,sad,Ses03,F,2.012
Ses03M_script02_1_M000,/mnt/ddn/kyudan/IEMOCAP/data/Ses03M_script02_1_M000.wav,happy,Ses03,M,9.598
Ses03M_script02_1_M001,/mnt/ddn/kyudan/IEMOCAP/data/Ses03M_script02_1_M001.wav,happy,Ses03,M,5.112
Ses03M_script02_1_M002,/mnt/ddn/kyudan/IEMOCAP/data/Ses03M_script02_1_M002.wav,happy,Ses03,M,10.323
Ses03M_script02_1_M003,/mnt/ddn/kyudan/IEMOCAP/data/Ses03M_script02_1_M003.wav,happy,Ses03,M,7.751
Ses03M_script02_1_M004,/mnt/ddn/kyudan/IEMOCAP/data/Ses03M_script02_1_M004.wav,happy,Ses03,M,6.032
Ses03M_script02_1_M005,/mnt/ddn/kyudan/IEMOCAP/data/Ses03M_script02_1_M005.wav,happy,Ses03,M,7.292
Ses03M_script02_1_M007,/mnt/ddn/kyudan/IEMOCAP/data/Ses03M_script02_1_M007.wav,happy,Ses03,M,2.54
Ses03M_script02_1_M008,/mnt/ddn/kyudan/IEMOCAP/data/Ses03M_script02_1_M008.wav,happy,Ses03,M,1.732
Ses03M_script02_1_M009,/mnt/ddn/kyudan/IEMOCAP/data/Ses03M_script02_1_M009.wav,happy,Ses03,M,8.083
Ses03M_script02_1_M010,/mnt/ddn/kyudan/IEMOCAP/data/Ses03M_script02_1_M010.wav,happy,Ses03,M,6.324
Ses03M_script02_1_M011,/mnt/ddn/kyudan/IEMOCAP/data/Ses03M_script02_1_M011.wav,happy,Ses03,M,6.338
Ses03M_script02_1_M012,/mnt/ddn/kyudan/IEMOCAP/data/Ses03M_script02_1_M012.wav,happy,Ses03,M,3.826
Ses03M_script02_1_M013,/mnt/ddn/kyudan/IEMOCAP/data/Ses03M_script02_1_M013.wav,happy,Ses03,M,5.986
Ses03M_script02_1_M014,/mnt/ddn/kyudan/IEMOCAP/data/Ses03M_script02_1_M014.wav,happy,Ses03,M,7.883
Ses03M_script02_1_M015,/mnt/ddn/kyudan/IEMOCAP/data/Ses03M_script02_1_M015.wav,happy,Ses03,M,12.022
Ses03M_script02_1_M016,/mnt/ddn/kyudan/IEMOCAP/data/Ses03M_script02_1_M016.wav,happy,Ses03,M,5.772
Ses03M_script02_1_M017,/mnt/ddn/kyudan/IEMOCAP/data/Ses03M_script02_1_M017.wav,neutral,Ses03,M,2.869
Ses03M_script02_1_M021,/mnt/ddn/kyudan/IEMOCAP/data/Ses03M_script02_1_M021.wav,happy,Ses03,M,1.822
Ses03M_script02_1_M022,/mnt/ddn/kyudan/IEMOCAP/data/Ses03M_script02_1_M022.wav,happy,Ses03,M,1.781
Ses03M_script02_1_M023,/mnt/ddn/kyudan/IEMOCAP/data/Ses03M_script02_1_M023.wav,happy,Ses03,M,14.248
Ses03M_script02_1_M024,/mnt/ddn/kyudan/IEMOCAP/data/Ses03M_script02_1_M024.wav,happy,Ses03,M,12.154
Ses03M_script02_1_M025,/mnt/ddn/kyudan/IEMOCAP/data/Ses03M_script02_1_M025.wav,happy,Ses03,M,6.283
Ses03M_script02_1_M026,/mnt/ddn/kyudan/IEMOCAP/data/Ses03M_script02_1_M026.wav,happy,Ses03,M,2.24
Ses03M_script02_1_M027,/mnt/ddn/kyudan/IEMOCAP/data/Ses03M_script02_1_M027.wav,happy,Ses03,M,14.644
Ses03M_script02_1_M028,/mnt/ddn/kyudan/IEMOCAP/data/Ses03M_script02_1_M028.wav,happy,Ses03,M,3.183
Ses03M_script02_1_M032,/mnt/ddn/kyudan/IEMOCAP/data/Ses03M_script02_1_M032.wav,happy,Ses03,M,3.065
Ses03M_script02_1_M034,/mnt/ddn/kyudan/IEMOCAP/data/Ses03M_script02_1_M034.wav,happy,Ses03,M,3.157
Ses03M_script02_1_M035,/mnt/ddn/kyudan/IEMOCAP/data/Ses03M_script02_1_M035.wav,happy,Ses03,M,5.607
Ses03M_script02_1_M036,/mnt/ddn/kyudan/IEMOCAP/data/Ses03M_script02_1_M036.wav,happy,Ses03,M,5.92
Ses03M_script02_1_M037,/mnt/ddn/kyudan/IEMOCAP/data/Ses03M_script02_1_M037.wav,happy,Ses03,M,12.49
Ses03M_script02_1_M038,/mnt/ddn/kyudan/IEMOCAP/data/Ses03M_script02_1_M038.wav,happy,Ses03,M,18.427
Ses03M_script02_1_M039,/mnt/ddn/kyudan/IEMOCAP/data/Ses03M_script02_1_M039.wav,happy,Ses03,M,11.205
Ses03M_script02_1_M040,/mnt/ddn/kyudan/IEMOCAP/data/Ses03M_script02_1_M040.wav,happy,Ses03,M,6.765
Ses03M_script02_1_M041,/mnt/ddn/kyudan/IEMOCAP/data/Ses03M_script02_1_M041.wav,happy,Ses03,M,5.372
Ses03M_script02_1_M042,/mnt/ddn/kyudan/IEMOCAP/data/Ses03M_script02_1_M042.wav,happy,Ses03,M,3.308
Ses03M_script02_1_M043,/mnt/ddn/kyudan/IEMOCAP/data/Ses03M_script02_1_M043.wav,happy,Ses03,M,2.803
Ses03M_script02_2_F000,/mnt/ddn/kyudan/IEMOCAP/data/Ses03M_script02_2_F000.wav,angry,Ses03,F,2.278
Ses03M_script02_2_F001,/mnt/ddn/kyudan/IEMOCAP/data/Ses03M_script02_2_F001.wav,angry,Ses03,F,2.171
Ses03M_script02_2_F002,/mnt/ddn/kyudan/IEMOCAP/data/Ses03M_script02_2_F002.wav,angry,Ses03,F,7.222
Ses03M_script02_2_F003,/mnt/ddn/kyudan/IEMOCAP/data/Ses03M_script02_2_F003.wav,angry,Ses03,F,11.505
Ses03M_script02_2_F004,/mnt/ddn/kyudan/IEMOCAP/data/Ses03M_script02_2_F004.wav,angry,Ses03,F,3.304
Ses03M_script02_2_F005,/mnt/ddn/kyudan/IEMOCAP/data/Ses03M_script02_2_F005.wav,angry,Ses03,F,2.369
Ses03M_script02_2_F006,/mnt/ddn/kyudan/IEMOCAP/data/Ses03M_script02_2_F006.wav,angry,Ses03,F,6.768
Ses03M_script02_2_F009,/mnt/ddn/kyudan/IEMOCAP/data/Ses03M_script02_2_F009.wav,angry,Ses03,F,4.488
Ses03M_script02_2_F011,/mnt/ddn/kyudan/IEMOCAP/data/Ses03M_script02_2_F011.wav,angry,Ses03,F,6.265
Ses03M_script02_2_F013,/mnt/ddn/kyudan/IEMOCAP/data/Ses03M_script02_2_F013.wav,angry,Ses03,F,8.7
Ses03M_script02_2_F016,/mnt/ddn/kyudan/IEMOCAP/data/Ses03M_script02_2_F016.wav,angry,Ses03,F,5.627
Ses03M_script02_2_F018,/mnt/ddn/kyudan/IEMOCAP/data/Ses03M_script02_2_F018.wav,sad,Ses03,F,3.736
Ses03M_script02_2_F019,/mnt/ddn/kyudan/IEMOCAP/data/Ses03M_script02_2_F019.wav,sad,Ses03,F,5.9
Ses03M_script02_2_F020,/mnt/ddn/kyudan/IEMOCAP/data/Ses03M_script02_2_F020.wav,sad,Ses03,F,8.042
Ses03M_script02_2_F021,/mnt/ddn/kyudan/IEMOCAP/data/Ses03M_script02_2_F021.wav,sad,Ses03,F,10.457
Ses03M_script02_2_F022,/mnt/ddn/kyudan/IEMOCAP/data/Ses03M_script02_2_F022.wav,sad,Ses03,F,7.313
Ses03M_script02_2_F023,/mnt/ddn/kyudan/IEMOCAP/data/Ses03M_script02_2_F023.wav,sad,Ses03,F,3.577
Ses03M_script02_2_F024,/mnt/ddn/kyudan/IEMOCAP/data/Ses03M_script02_2_F024.wav,sad,Ses03,F,3.645
Ses03M_script02_2_F025,/mnt/ddn/kyudan/IEMOCAP/data/Ses03M_script02_2_F025.wav,sad,Ses03,F,2.073
Ses03M_script02_2_F031,/mnt/ddn/kyudan/IEMOCAP/data/Ses03M_script02_2_F031.wav,angry,Ses03,F,4.42
Ses03M_script02_2_F033,/mnt/ddn/kyudan/IEMOCAP/data/Ses03M_script02_2_F033.wav,angry,Ses03,F,5.718
Ses03M_script02_2_F034,/mnt/ddn/kyudan/IEMOCAP/data/Ses03M_script02_2_F034.wav,sad,Ses03,F,11.368
Ses03M_script02_2_F035,/mnt/ddn/kyudan/IEMOCAP/data/Ses03M_script02_2_F035.wav,sad,Ses03,F,5.718
Ses03M_script02_2_F036,/mnt/ddn/kyudan/IEMOCAP/data/Ses03M_script02_2_F036.wav,sad,Ses03,F,4.443
Ses03M_script02_2_F037,/mnt/ddn/kyudan/IEMOCAP/data/Ses03M_script02_2_F037.wav,sad,Ses03,F,2.278
Ses03M_script02_2_F038,/mnt/ddn/kyudan/IEMOCAP/data/Ses03M_script02_2_F038.wav,sad,Ses03,F,5.991
Ses03M_script02_2_F039,/mnt/ddn/kyudan/IEMOCAP/data/Ses03M_script02_2_F039.wav,sad,Ses03,F,3.349
Ses03M_script02_2_F040,/mnt/ddn/kyudan/IEMOCAP/data/Ses03M_script02_2_F040.wav,sad,Ses03,F,10.115
Ses03M_script02_2_F041,/mnt/ddn/kyudan/IEMOCAP/data/Ses03M_script02_2_F041.wav,sad,Ses03,F,8.475
Ses03M_script02_2_F042,/mnt/ddn/kyudan/IEMOCAP/data/Ses03M_script02_2_F042.wav,happy,Ses03,F,4.374
Ses03M_script02_2_F044,/mnt/ddn/kyudan/IEMOCAP/data/Ses03M_script02_2_F044.wav,happy,Ses03,F,3.171
Ses03M_script02_2_F045,/mnt/ddn/kyudan/IEMOCAP/data/Ses03M_script02_2_F045.wav,happy,Ses03,F,3.372
Ses03M_script02_2_F046,/mnt/ddn/kyudan/IEMOCAP/data/Ses03M_script02_2_F046.wav,happy,Ses03,F,5.536
Ses03M_script02_2_F047,/mnt/ddn/kyudan/IEMOCAP/data/Ses03M_script02_2_F047.wav,happy,Ses03,F,4.807
Ses03M_script02_2_F048,/mnt/ddn/kyudan/IEMOCAP/data/Ses03M_script02_2_F048.wav,happy,Ses03,F,2.711
Ses03M_script02_2_F049,/mnt/ddn/kyudan/IEMOCAP/data/Ses03M_script02_2_F049.wav,happy,Ses03,F,4.807
Ses03M_script02_2_M000,/mnt/ddn/kyudan/IEMOCAP/data/Ses03M_script02_2_M000.wav,happy,Ses03,M,2.741
Ses03M_script02_2_M014,/mnt/ddn/kyudan/IEMOCAP/data/Ses03M_script02_2_M014.wav,neutral,Ses03,M,5.786
Ses03M_script02_2_M016,/mnt/ddn/kyudan/IEMOCAP/data/Ses03M_script02_2_M016.wav,neutral,Ses03,M,6.37
Ses03M_script02_2_M017,/mnt/ddn/kyudan/IEMOCAP/data/Ses03M_script02_2_M017.wav,neutral,Ses03,M,10.523
Ses03M_script02_2_M019,/mnt/ddn/kyudan/IEMOCAP/data/Ses03M_script02_2_M019.wav,neutral,Ses03,M,4.716
Ses03M_script02_2_M020,/mnt/ddn/kyudan/IEMOCAP/data/Ses03M_script02_2_M020.wav,neutral,Ses03,M,6.105
Ses03M_script02_2_M021,/mnt/ddn/kyudan/IEMOCAP/data/Ses03M_script02_2_M021.wav,neutral,Ses03,M,8.82
Ses03M_script02_2_M022,/mnt/ddn/kyudan/IEMOCAP/data/Ses03M_script02_2_M022.wav,neutral,Ses03,M,2.032
Ses03M_script02_2_M023,/mnt/ddn/kyudan/IEMOCAP/data/Ses03M_script02_2_M023.wav,neutral,Ses03,M,6.083
Ses03M_script02_2_M027,/mnt/ddn/kyudan/IEMOCAP/data/Ses03M_script02_2_M027.wav,angry,Ses03,M,15.958
Ses03M_script02_2_M028,/mnt/ddn/kyudan/IEMOCAP/data/Ses03M_script02_2_M028.wav,angry,Ses03,M,3.144
Ses03M_script02_2_M029,/mnt/ddn/kyudan/IEMOCAP/data/Ses03M_script02_2_M029.wav,angry,Ses03,M,9.955
Ses03M_script02_2_M030,/mnt/ddn/kyudan/IEMOCAP/data/Ses03M_script02_2_M030.wav,angry,Ses03,M,14.876
Ses03M_script02_2_M031,/mnt/ddn/kyudan/IEMOCAP/data/Ses03M_script02_2_M031.wav,angry,Ses03,M,8.833
Ses03M_script02_2_M032,/mnt/ddn/kyudan/IEMOCAP/data/Ses03M_script02_2_M032.wav,angry,Ses03,M,2.301
Ses03M_script02_2_M033,/mnt/ddn/kyudan/IEMOCAP/data/Ses03M_script02_2_M033.wav,angry,Ses03,M,1.914
Ses03M_script02_2_M034,/mnt/ddn/kyudan/IEMOCAP/data/Ses03M_script02_2_M034.wav,angry,Ses03,M,3.121
Ses03M_script02_2_M036,/mnt/ddn/kyudan/IEMOCAP/data/Ses03M_script02_2_M036.wav,sad,Ses03,M,3.668
Ses03M_script02_2_M037,/mnt/ddn/kyudan/IEMOCAP/data/Ses03M_script02_2_M037.wav,sad,Ses03,M,4.83
Ses03M_script02_2_M038,/mnt/ddn/kyudan/IEMOCAP/data/Ses03M_script02_2_M038.wav,sad,Ses03,M,2.46
Ses03M_script02_2_M039,/mnt/ddn/kyudan/IEMOCAP/data/Ses03M_script02_2_M039.wav,sad,Ses03,M,6.698
Ses03M_script02_2_M040,/mnt/ddn/kyudan/IEMOCAP/data/Ses03M_script02_2_M040.wav,happy,Ses03,M,3.417
Ses03M_script02_2_M041,/mnt/ddn/kyudan/IEMOCAP/data/Ses03M_script02_2_M041.wav,happy,Ses03,M,3.227
Ses03M_script02_2_M042,/mnt/ddn/kyudan/IEMOCAP/data/Ses03M_script02_2_M042.wav,happy,Ses03,M,4.055
Ses03M_script02_2_M043,/mnt/ddn/kyudan/IEMOCAP/data/Ses03M_script02_2_M043.wav,happy,Ses03,M,2.453
Ses03M_script02_2_M044,/mnt/ddn/kyudan/IEMOCAP/data/Ses03M_script02_2_M044.wav,happy,Ses03,M,4.67
Ses03M_script02_2_M045,/mnt/ddn/kyudan/IEMOCAP/data/Ses03M_script02_2_M045.wav,happy,Ses03,M,6.128
Ses03M_script02_2_M046,/mnt/ddn/kyudan/IEMOCAP/data/Ses03M_script02_2_M046.wav,happy,Ses03,M,2.734
Ses03M_script03_1_F003,/mnt/ddn/kyudan/IEMOCAP/data/Ses03M_script03_1_F003.wav,happy,Ses03,F,2.15
Ses03M_script03_1_F004,/mnt/ddn/kyudan/IEMOCAP/data/Ses03M_script03_1_F004.wav,happy,Ses03,F,3.065
Ses03M_script03_1_F005,/mnt/ddn/kyudan/IEMOCAP/data/Ses03M_script03_1_F005.wav,happy,Ses03,F,4.642
Ses03M_script03_1_F006,/mnt/ddn/kyudan/IEMOCAP/data/Ses03M_script03_1_F006.wav,happy,Ses03,F,1.79
Ses03M_script03_1_F007,/mnt/ddn/kyudan/IEMOCAP/data/Ses03M_script03_1_F007.wav,happy,Ses03,F,4.05
Ses03M_script03_1_F008,/mnt/ddn/kyudan/IEMOCAP/data/Ses03M_script03_1_F008.wav,happy,Ses03,F,3.14
Ses03M_script03_1_F009,/mnt/ddn/kyudan/IEMOCAP/data/Ses03M_script03_1_F009.wav,happy,Ses03,F,3.76
Ses03M_script03_1_F010,/mnt/ddn/kyudan/IEMOCAP/data/Ses03M_script03_1_F010.wav,happy,Ses03,F,2.517
Ses03M_script03_1_F011,/mnt/ddn/kyudan/IEMOCAP/data/Ses03M_script03_1_F011.wav,happy,Ses03,F,3.082
Ses03M_script03_1_F012,/mnt/ddn/kyudan/IEMOCAP/data/Ses03M_script03_1_F012.wav,happy,Ses03,F,1.4
Ses03M_script03_1_F013,/mnt/ddn/kyudan/IEMOCAP/data/Ses03M_script03_1_F013.wav,happy,Ses03,F,4.585
Ses03M_script03_1_F014,/mnt/ddn/kyudan/IEMOCAP/data/Ses03M_script03_1_F014.wav,happy,Ses03,F,4.58
Ses03M_script03_1_F015,/mnt/ddn/kyudan/IEMOCAP/data/Ses03M_script03_1_F015.wav,happy,Ses03,F,2.53
Ses03M_script03_1_F018,/mnt/ddn/kyudan/IEMOCAP/data/Ses03M_script03_1_F018.wav,sad,Ses03,F,1.96
Ses03M_script03_1_F019,/mnt/ddn/kyudan/IEMOCAP/data/Ses03M_script03_1_F019.wav,sad,Ses03,F,3.34
Ses03M_script03_1_F020,/mnt/ddn/kyudan/IEMOCAP/data/Ses03M_script03_1_F020.wav,happy,Ses03,F,3.24
Ses03M_script03_1_F021,/mnt/ddn/kyudan/IEMOCAP/data/Ses03M_script03_1_F021.wav,happy,Ses03,F,4.5
Ses03M_script03_1_F022,/mnt/ddn/kyudan/IEMOCAP/data/Ses03M_script03_1_F022.wav,happy,Ses03,F,5.69
Ses03M_script03_1_F023,/mnt/ddn/kyudan/IEMOCAP/data/Ses03M_script03_1_F023.wav,happy,Ses03,F,2.467
Ses03M_script03_1_F024,/mnt/ddn/kyudan/IEMOCAP/data/Ses03M_script03_1_F024.wav,happy,Ses03,F,5.712
Ses03M_script03_1_F025,/mnt/ddn/kyudan/IEMOCAP/data/Ses03M_script03_1_F025.wav,happy,Ses03,F,6.867
Ses03M_script03_1_F026,/mnt/ddn/kyudan/IEMOCAP/data/Ses03M_script03_1_F026.wav,happy,Ses03,F,3.28
Ses03M_script03_1_F027,/mnt/ddn/kyudan/IEMOCAP/data/Ses03M_script03_1_F027.wav,happy,Ses03,F,3.865
Ses03M_script03_1_F028,/mnt/ddn/kyudan/IEMOCAP/data/Ses03M_script03_1_F028.wav,happy,Ses03,F,5.482
Ses03M_script03_1_F029,/mnt/ddn/kyudan/IEMOCAP/data/Ses03M_script03_1_F029.wav,happy,Ses03,F,5.3
Ses03M_script03_1_F030,/mnt/ddn/kyudan/IEMOCAP/data/Ses03M_script03_1_F030.wav,happy,Ses03,F,4.197
Ses03M_script03_1_F031,/mnt/ddn/kyudan/IEMOCAP/data/Ses03M_script03_1_F031.wav,happy,Ses03,F,2.335
Ses03M_script03_1_M004,/mnt/ddn/kyudan/IEMOCAP/data/Ses03M_script03_1_M004.wav,happy,Ses03,M,1.722
Ses03M_script03_1_M006,/mnt/ddn/kyudan/IEMOCAP/data/Ses03M_script03_1_M006.wav,happy,Ses03,M,1.85
Ses03M_script03_1_M007,/mnt/ddn/kyudan/IEMOCAP/data/Ses03M_script03_1_M007.wav,happy,Ses03,M,4.171
Ses03M_script03_1_M008,/mnt/ddn/kyudan/IEMOCAP/data/Ses03M_script03_1_M008.wav,happy,Ses03,M,2.29
Ses03M_script03_1_M009,/mnt/ddn/kyudan/IEMOCAP/data/Ses03M_script03_1_M009.wav,happy,Ses03,M,5.525
Ses03M_script03_1_M010,/mnt/ddn/kyudan/IEMOCAP/data/Ses03M_script03_1_M010.wav,happy,Ses03,M,3.56
Ses03M_script03_1_M011,/mnt/ddn/kyudan/IEMOCAP/data/Ses03M_script03_1_M011.wav,happy,Ses03,M,3.495
Ses03M_script03_1_M012,/mnt/ddn/kyudan/IEMOCAP/data/Ses03M_script03_1_M012.wav,happy,Ses03,M,8.305
Ses03M_script03_1_M013,/mnt/ddn/kyudan/IEMOCAP/data/Ses03M_script03_1_M013.wav,happy,Ses03,M,5.04
Ses03M_script03_1_M014,/mnt/ddn/kyudan/IEMOCAP/data/Ses03M_script03_1_M014.wav,happy,Ses03,M,6.28
Ses03M_script03_1_M015,/mnt/ddn/kyudan/IEMOCAP/data/Ses03M_script03_1_M015.wav,happy,Ses03,M,6.83
Ses03M_script03_1_M016,/mnt/ddn/kyudan/IEMOCAP/data/Ses03M_script03_1_M016.wav,happy,Ses03,M,3.73
Ses03M_script03_1_M017,/mnt/ddn/kyudan/IEMOCAP/data/Ses03M_script03_1_M017.wav,happy,Ses03,M,2.117
Ses03M_script03_1_M018,/mnt/ddn/kyudan/IEMOCAP/data/Ses03M_script03_1_M018.wav,happy,Ses03,M,4.31
Ses03M_script03_1_M019,/mnt/ddn/kyudan/IEMOCAP/data/Ses03M_script03_1_M019.wav,happy,Ses03,M,5.27
Ses03M_script03_1_M020,/mnt/ddn/kyudan/IEMOCAP/data/Ses03M_script03_1_M020.wav,happy,Ses03,M,4.23
Ses03M_script03_1_M021,/mnt/ddn/kyudan/IEMOCAP/data/Ses03M_script03_1_M021.wav,happy,Ses03,M,6.68
Ses03M_script03_1_M023,/mnt/ddn/kyudan/IEMOCAP/data/Ses03M_script03_1_M023.wav,happy,Ses03,M,12.68
Ses03M_script03_1_M024,/mnt/ddn/kyudan/IEMOCAP/data/Ses03M_script03_1_M024.wav,happy,Ses03,M,7.685
Ses03M_script03_1_M025,/mnt/ddn/kyudan/IEMOCAP/data/Ses03M_script03_1_M025.wav,happy,Ses03,M,6.417
Ses03M_script03_1_M026,/mnt/ddn/kyudan/IEMOCAP/data/Ses03M_script03_1_M026.wav,happy,Ses03,M,10.59
Ses03M_script03_1_M027,/mnt/ddn/kyudan/IEMOCAP/data/Ses03M_script03_1_M027.wav,happy,Ses03,M,3.09
Ses03M_script03_1_M028,/mnt/ddn/kyudan/IEMOCAP/data/Ses03M_script03_1_M028.wav,happy,Ses03,M,5.452
Ses03M_script03_1_M029,/mnt/ddn/kyudan/IEMOCAP/data/Ses03M_script03_1_M029.wav,happy,Ses03,M,1.35
Ses03M_script03_1_M030,/mnt/ddn/kyudan/IEMOCAP/data/Ses03M_script03_1_M030.wav,happy,Ses03,M,1.19
Ses03M_script03_1_M031,/mnt/ddn/kyudan/IEMOCAP/data/Ses03M_script03_1_M031.wav,happy,Ses03,M,2.74
Ses03M_script03_1_M032,/mnt/ddn/kyudan/IEMOCAP/data/Ses03M_script03_1_M032.wav,happy,Ses03,M,3.452
Ses03M_script03_1_M033,/mnt/ddn/kyudan/IEMOCAP/data/Ses03M_script03_1_M033.wav,happy,Ses03,M,2.97
Ses03M_script03_1_M034,/mnt/ddn/kyudan/IEMOCAP/data/Ses03M_script03_1_M034.wav,happy,Ses03,M,2.517
Ses03M_script03_1_M035,/mnt/ddn/kyudan/IEMOCAP/data/Ses03M_script03_1_M035.wav,neutral,Ses03,M,2.25
Ses03M_script03_1_M036,/mnt/ddn/kyudan/IEMOCAP/data/Ses03M_script03_1_M036.wav,happy,Ses03,M,4.826
Ses03M_script03_1_M037,/mnt/ddn/kyudan/IEMOCAP/data/Ses03M_script03_1_M037.wav,happy,Ses03,M,2.25
Ses03M_script03_1_M038,/mnt/ddn/kyudan/IEMOCAP/data/Ses03M_script03_1_M038.wav,happy,Ses03,M,5.213
Ses03M_script03_2_F000,/mnt/ddn/kyudan/IEMOCAP/data/Ses03M_script03_2_F000.wav,neutral,Ses03,F,3.328
Ses03M_script03_2_F001,/mnt/ddn/kyudan/IEMOCAP/data/Ses03M_script03_2_F001.wav,angry,Ses03,F,3.094
Ses03M_script03_2_F002,/mnt/ddn/kyudan/IEMOCAP/data/Ses03M_script03_2_F002.wav,angry,Ses03,F,4.102
Ses03M_script03_2_F003,/mnt/ddn/kyudan/IEMOCAP/data/Ses03M_script03_2_F003.wav,neutral,Ses03,F,4.377
Ses03M_script03_2_F004,/mnt/ddn/kyudan/IEMOCAP/data/Ses03M_script03_2_F004.wav,neutral,Ses03,F,3.26
Ses03M_script03_2_F006,/mnt/ddn/kyudan/IEMOCAP/data/Ses03M_script03_2_F006.wav,neutral,Ses03,F,4.422
Ses03M_script03_2_F008,/mnt/ddn/kyudan/IEMOCAP/data/Ses03M_script03_2_F008.wav,angry,Ses03,F,4.966
Ses03M_script03_2_F009,/mnt/ddn/kyudan/IEMOCAP/data/Ses03M_script03_2_F009.wav,sad,Ses03,F,1.494
Ses03M_script03_2_F010,/mnt/ddn/kyudan/IEMOCAP/data/Ses03M_script03_2_F010.wav,angry,Ses03,F,3.653
Ses03M_script03_2_F011,/mnt/ddn/kyudan/IEMOCAP/data/Ses03M_script03_2_F011.wav,angry,Ses03,F,4.453
Ses03M_script03_2_F012,/mnt/ddn/kyudan/IEMOCAP/data/Ses03M_script03_2_F012.wav,neutral,Ses03,F,3.094
Ses03M_script03_2_F014,/mnt/ddn/kyudan/IEMOCAP/data/Ses03M_script03_2_F014.wav,angry,Ses03,F,1.69
Ses03M_script03_2_F015,/mnt/ddn/kyudan/IEMOCAP/data/Ses03M_script03_2_F015.wav,sad,Ses03,F,1.532
Ses03M_script03_2_F016,/mnt/ddn/kyudan/IEMOCAP/data/Ses03M_script03_2_F016.wav,neutral,Ses03,F,4.047
Ses03M_script03_2_F017,/mnt/ddn/kyudan/IEMOCAP/data/Ses03M_script03_2_F017.wav,neutral,Ses03,F,5.515
Ses03M_script03_2_F019,/mnt/ddn/kyudan/IEMOCAP/data/Ses03M_script03_2_F019.wav,angry,Ses03,F,2.529
Ses03M_script03_2_F020,/mnt/ddn/kyudan/IEMOCAP/data/Ses03M_script03_2_F020.wav,angry,Ses03,F,3.004
Ses03M_script03_2_F024,/mnt/ddn/kyudan/IEMOCAP/data/Ses03M_script03_2_F024.wav,angry,Ses03,F,2.58
Ses03M_script03_2_F025,/mnt/ddn/kyudan/IEMOCAP/data/Ses03M_script03_2_F025.wav,angry,Ses03,F,1.796
Ses03M_script03_2_F026,/mnt/ddn/kyudan/IEMOCAP/data/Ses03M_script03_2_F026.wav,angry,Ses03,F,6.188
Ses03M_script03_2_F028,/mnt/ddn/kyudan/IEMOCAP/data/Ses03M_script03_2_F028.wav,angry,Ses03,F,2.309
Ses03M_script03_2_F029,/mnt/ddn/kyudan/IEMOCAP/data/Ses03M_script03_2_F029.wav,angry,Ses03,F,4.004
Ses03M_script03_2_F030,/mnt/ddn/kyudan/IEMOCAP/data/Ses03M_script03_2_F030.wav,angry,Ses03,F,1.743
Ses03M_script03_2_F031,/mnt/ddn/kyudan/IEMOCAP/data/Ses03M_script03_2_F031.wav,angry,Ses03,F,6.822
Ses03M_script03_2_F032,/mnt/ddn/kyudan/IEMOCAP/data/Ses03M_script03_2_F032.wav,angry,Ses03,F,1.902
Ses03M_script03_2_F033,/mnt/ddn/kyudan/IEMOCAP/data/Ses03M_script03_2_F033.wav,angry,Ses03,F,4.317
Ses03M_script03_2_F036,/mnt/ddn/kyudan/IEMOCAP/data/Ses03M_script03_2_F036.wav,neutral,Ses03,F,2.122
Ses03M_script03_2_F038,/mnt/ddn/kyudan/IEMOCAP/data/Ses03M_script03_2_F038.wav,angry,Ses03,F,6.16
Ses03M_script03_2_F039,/mnt/ddn/kyudan/IEMOCAP/data/Ses03M_script03_2_F039.wav,angry,Ses03,F,4.679
Ses03M_script03_2_F040,/mnt/ddn/kyudan/IEMOCAP/data/Ses03M_script03_2_F040.wav,angry,Ses03,F,3.682
Ses03M_script03_2_F041,/mnt/ddn/kyudan/IEMOCAP/data/Ses03M_script03_2_F041.wav,angry,Ses03,F,9.811
Ses03M_script03_2_F042,/mnt/ddn/kyudan/IEMOCAP/data/Ses03M_script03_2_F042.wav,angry,Ses03,F,6.958
Ses03M_script03_2_F043,/mnt/ddn/kyudan/IEMOCAP/data/Ses03M_script03_2_F043.wav,angry,Ses03,F,4.157
Ses03M_script03_2_F044,/mnt/ddn/kyudan/IEMOCAP/data/Ses03M_script03_2_F044.wav,angry,Ses03,F,14.052
Ses03M_script03_2_F045,/mnt/ddn/kyudan/IEMOCAP/data/Ses03M_script03_2_F045.wav,angry,Ses03,F,4.959
Ses03M_script03_2_M000,/mnt/ddn/kyudan/IEMOCAP/data/Ses03M_script03_2_M000.wav,neutral,Ses03,M,5.883
Ses03M_script03_2_M002,/mnt/ddn/kyudan/IEMOCAP/data/Ses03M_script03_2_M002.wav,angry,Ses03,M,7.018
Ses03M_script03_2_M003,/mnt/ddn/kyudan/IEMOCAP/data/Ses03M_script03_2_M003.wav,angry,Ses03,M,3.592
Ses03M_script03_2_M004,/mnt/ddn/kyudan/IEMOCAP/data/Ses03M_script03_2_M004.wav,angry,Ses03,M,3.079
Ses03M_script03_2_M005,/mnt/ddn/kyudan/IEMOCAP/data/Ses03M_script03_2_M005.wav,angry,Ses03,M,3.891
Ses03M_script03_2_M006,/mnt/ddn/kyudan/IEMOCAP/data/Ses03M_script03_2_M006.wav,angry,Ses03,M,2.654
Ses03M_script03_2_M007,/mnt/ddn/kyudan/IEMOCAP/data/Ses03M_script03_2_M007.wav,angry,Ses03,M,3.064
Ses03M_script03_2_M008,/mnt/ddn/kyudan/IEMOCAP/data/Ses03M_script03_2_M008.wav,angry,Ses03,M,2.925
Ses03M_script03_2_M009,/mnt/ddn/kyudan/IEMOCAP/data/Ses03M_script03_2_M009.wav,neutral,Ses03,M,1.887
Ses03M_script03_2_M010,/mnt/ddn/kyudan/IEMOCAP/data/Ses03M_script03_2_M010.wav,neutral,Ses03,M,2.342
Ses03M_script03_2_M011,/mnt/ddn/kyudan/IEMOCAP/data/Ses03M_script03_2_M011.wav,angry,Ses03,M,4.181
Ses03M_script03_2_M012,/mnt/ddn/kyudan/IEMOCAP/data/Ses03M_script03_2_M012.wav,angry,Ses03,M,5.222
Ses03M_script03_2_M013,/mnt/ddn/kyudan/IEMOCAP/data/Ses03M_script03_2_M013.wav,angry,Ses03,M,6.725
Ses03M_script03_2_M014,/mnt/ddn/kyudan/IEMOCAP/data/Ses03M_script03_2_M014.wav,angry,Ses03,M,4.951
Ses03M_script03_2_M019,/mnt/ddn/kyudan/IEMOCAP/data/Ses03M_script03_2_M019.wav,neutral,Ses03,M,3.185
Ses03M_script03_2_M020,/mnt/ddn/kyudan/IEMOCAP/data/Ses03M_script03_2_M020.wav,neutral,Ses03,M,2.098
Ses03M_script03_2_M021,/mnt/ddn/kyudan/IEMOCAP/data/Ses03M_script03_2_M021.wav,neutral,Ses03,M,2.656
Ses03M_script03_2_M029,/mnt/ddn/kyudan/IEMOCAP/data/Ses03M_script03_2_M029.wav,angry,Ses03,M,2.407
Ses03M_script03_2_M030,/mnt/ddn/kyudan/IEMOCAP/data/Ses03M_script03_2_M030.wav,angry,Ses03,M,9.117
Ses03M_script03_2_M031,/mnt/ddn/kyudan/IEMOCAP/data/Ses03M_script03_2_M031.wav,angry,Ses03,M,8.512
Ses03M_script03_2_M032,/mnt/ddn/kyudan/IEMOCAP/data/Ses03M_script03_2_M032.wav,angry,Ses03,M,5.439
Ses03M_script03_2_M033,/mnt/ddn/kyudan/IEMOCAP/data/Ses03M_script03_2_M033.wav,angry,Ses03,M,4.348
Ses03M_script03_2_M034,/mnt/ddn/kyudan/IEMOCAP/data/Ses03M_script03_2_M034.wav,angry,Ses03,M,2.746
Ses03M_script03_2_M038,/mnt/ddn/kyudan/IEMOCAP/data/Ses03M_script03_2_M038.wav,angry,Ses03,M,2.662
Ses03M_script03_2_M039,/mnt/ddn/kyudan/IEMOCAP/data/Ses03M_script03_2_M039.wav,angry,Ses03,M,4.045
Ses03M_script03_2_M040,/mnt/ddn/kyudan/IEMOCAP/data/Ses03M_script03_2_M040.wav,angry,Ses03,M,3.991
Ses03M_script03_2_M041,/mnt/ddn/kyudan/IEMOCAP/data/Ses03M_script03_2_M041.wav,angry,Ses03,M,2.943
Ses03M_script03_2_M042,/mnt/ddn/kyudan/IEMOCAP/data/Ses03M_script03_2_M042.wav,angry,Ses03,M,11.32
Ses03M_script03_2_M043,/mnt/ddn/kyudan/IEMOCAP/data/Ses03M_script03_2_M043.wav,angry,Ses03,M,3.147
Ses03M_script03_2_M044,/mnt/ddn/kyudan/IEMOCAP/data/Ses03M_script03_2_M044.wav,angry,Ses03,M,1.956
Ses03M_script03_2_M045,/mnt/ddn/kyudan/IEMOCAP/data/Ses03M_script03_2_M045.wav,angry,Ses03,M,12.05
Ses03M_script03_2_M046,/mnt/ddn/kyudan/IEMOCAP/data/Ses03M_script03_2_M046.wav,angry,Ses03,M,1.764
Ses04F_impro01_F000,/mnt/ddn/kyudan/IEMOCAP/data/Ses04F_impro01_F000.wav,happy,Ses04,F,11.88
Ses04F_impro01_F004,/mnt/ddn/kyudan/IEMOCAP/data/Ses04F_impro01_F004.wav,angry,Ses04,F,3.01
Ses04F_impro01_F008,/mnt/ddn/kyudan/IEMOCAP/data/Ses04F_impro01_F008.wav,angry,Ses04,F,4.1
Ses04F_impro01_F009,/mnt/ddn/kyudan/IEMOCAP/data/Ses04F_impro01_F009.wav,angry,Ses04,F,7.013
Ses04F_impro01_F010,/mnt/ddn/kyudan/IEMOCAP/data/Ses04F_impro01_F010.wav,angry,Ses04,F,6.78
Ses04F_impro01_F012,/mnt/ddn/kyudan/IEMOCAP/data/Ses04F_impro01_F012.wav,angry,Ses04,F,5.78
Ses04F_impro01_F014,/mnt/ddn/kyudan/IEMOCAP/data/Ses04F_impro01_F014.wav,angry,Ses04,F,10.03
Ses04F_impro01_F015,/mnt/ddn/kyudan/IEMOCAP/data/Ses04F_impro01_F015.wav,angry,Ses04,F,4.25
Ses04F_impro01_F016,/mnt/ddn/kyudan/IEMOCAP/data/Ses04F_impro01_F016.wav,angry,Ses04,F,4.45
Ses04F_impro01_F019,/mnt/ddn/kyudan/IEMOCAP/data/Ses04F_impro01_F019.wav,angry,Ses04,F,2.04
Ses04F_impro01_F021,/mnt/ddn/kyudan/IEMOCAP/data/Ses04F_impro01_F021.wav,angry,Ses04,F,3.6
Ses04F_impro01_F022,/mnt/ddn/kyudan/IEMOCAP/data/Ses04F_impro01_F022.wav,angry,Ses04,F,6.97
Ses04F_impro01_M005,/mnt/ddn/kyudan/IEMOCAP/data/Ses04F_impro01_M005.wav,angry,Ses04,M,1.71
Ses04F_impro01_M008,/mnt/ddn/kyudan/IEMOCAP/data/Ses04F_impro01_M008.wav,angry,Ses04,M,3.4
Ses04F_impro01_M011,/mnt/ddn/kyudan/IEMOCAP/data/Ses04F_impro01_M011.wav,angry,Ses04,M,2.56
Ses04F_impro01_M012,/mnt/ddn/kyudan/IEMOCAP/data/Ses04F_impro01_M012.wav,angry,Ses04,M,2.86
Ses04F_impro01_M014,/mnt/ddn/kyudan/IEMOCAP/data/Ses04F_impro01_M014.wav,angry,Ses04,M,4.98
Ses04F_impro01_M020,/mnt/ddn/kyudan/IEMOCAP/data/Ses04F_impro01_M020.wav,angry,Ses04,M,7.779
Ses04F_impro01_M021,/mnt/ddn/kyudan/IEMOCAP/data/Ses04F_impro01_M021.wav,angry,Ses04,M,2.72
Ses04F_impro01_M023,/mnt/ddn/kyudan/IEMOCAP/data/Ses04F_impro01_M023.wav,angry,Ses04,M,2.52
Ses04F_impro01_M024,/mnt/ddn/kyudan/IEMOCAP/data/Ses04F_impro01_M024.wav,angry,Ses04,M,4.25
Ses04F_impro02_F000,/mnt/ddn/kyudan/IEMOCAP/data/Ses04F_impro02_F000.wav,sad,Ses04,F,3.61
Ses04F_impro02_F001,/mnt/ddn/kyudan/IEMOCAP/data/Ses04F_impro02_F001.wav,sad,Ses04,F,2.76
Ses04F_impro02_F002,/mnt/ddn/kyudan/IEMOCAP/data/Ses04F_impro02_F002.wav,sad,Ses04,F,10.23
Ses04F_impro02_F003,/mnt/ddn/kyudan/IEMOCAP/data/Ses04F_impro02_F003.wav,sad,Ses04,F,5.48
Ses04F_impro02_F005,/mnt/ddn/kyudan/IEMOCAP/data/Ses04F_impro02_F005.wav,sad,Ses04,F,3.97
Ses04F_impro02_F006,/mnt/ddn/kyudan/IEMOCAP/data/Ses04F_impro02_F006.wav,sad,Ses04,F,3.13
Ses04F_impro02_F007,/mnt/ddn/kyudan/IEMOCAP/data/Ses04F_impro02_F007.wav,sad,Ses04,F,7.29
Ses04F_impro02_F009,/mnt/ddn/kyudan/IEMOCAP/data/Ses04F_impro02_F009.wav,sad,Ses04,F,9.528
Ses04F_impro02_F011,/mnt/ddn/kyudan/IEMOCAP/data/Ses04F_impro02_F011.wav,sad,Ses04,F,2.56
Ses04F_impro02_F012,/mnt/ddn/kyudan/IEMOCAP/data/Ses04F_impro02_F012.wav,angry,Ses04,F,4.97
Ses04F_impro02_F017,/mnt/ddn/kyudan/IEMOCAP/data/Ses04F_impro02_F017.wav,angry,Ses04,F,2.7
Ses04F_impro02_F018,/mnt/ddn/kyudan/IEMOCAP/data/Ses04F_impro02_F018.wav,angry,Ses04,F,2.37
Ses04F_impro02_F022,/mnt/ddn/kyudan/IEMOCAP/data/Ses04F_impro02_F022.wav,angry,Ses04,F,2.643
Ses04F_impro02_F023,/mnt/ddn/kyudan/IEMOCAP/data/Ses04F_impro02_F023.wav,sad,Ses04,F,9.5
Ses04F_impro02_F024,/mnt/ddn/kyudan/IEMOCAP/data/Ses04F_impro02_F024.wav,sad,Ses04,F,1.53
Ses04F_impro02_M000,/mnt/ddn/kyudan/IEMOCAP/data/Ses04F_impro02_M000.wav,sad,Ses04,M,4.286
Ses04F_impro02_M001,/mnt/ddn/kyudan/IEMOCAP/data/Ses04F_impro02_M001.wav,sad,Ses04,M,4.12
Ses04F_impro02_M004,/mnt/ddn/kyudan/IEMOCAP/data/Ses04F_impro02_M004.wav,sad,Ses04,M,8.653
Ses04F_impro02_M012,/mnt/ddn/kyudan/IEMOCAP/data/Ses04F_impro02_M012.wav,sad,Ses04,M,6.94
Ses04F_impro02_M018,/mnt/ddn/kyudan/IEMOCAP/data/Ses04F_impro02_M018.wav,angry,Ses04,M,2.92
Ses04F_impro02_M020,/mnt/ddn/kyudan/IEMOCAP/data/Ses04F_impro02_M020.wav,angry,Ses04,M,8.81
Ses04F_impro02_M021,/mnt/ddn/kyudan/IEMOCAP/data/Ses04F_impro02_M021.wav,angry,Ses04,M,6.71
Ses04F_impro02_M024,/mnt/ddn/kyudan/IEMOCAP/data/Ses04F_impro02_M024.wav,sad,Ses04,M,6.84
Ses04F_impro02_M025,/mnt/ddn/kyudan/IEMOCAP/data/Ses04F_impro02_M025.wav,sad,Ses04,M,3.791
Ses04F_impro02_M026,/mnt/ddn/kyudan/IEMOCAP/data/Ses04F_impro02_M026.wav,sad,Ses04,M,9.73
Ses04F_impro03_F000,/mnt/ddn/kyudan/IEMOCAP/data/Ses04F_impro03_F000.wav,happy,Ses04,F,2.903
Ses04F_impro03_F001,/mnt/ddn/kyudan/IEMOCAP/data/Ses04F_impro03_F001.wav,happy,Ses04,F,4.19
Ses04F_impro03_F002,/mnt/ddn/kyudan/IEMOCAP/data/Ses04F_impro03_F002.wav,happy,Ses04,F,1.52
Ses04F_impro03_F003,/mnt/ddn/kyudan/IEMOCAP/data/Ses04F_impro03_F003.wav,happy,Ses04,F,3.53
Ses04F_impro03_F004,/mnt/ddn/kyudan/IEMOCAP/data/Ses04F_impro03_F004.wav,happy,Ses04,F,1.803
Ses04F_impro03_F005,/mnt/ddn/kyudan/IEMOCAP/data/Ses04F_impro03_F005.wav,happy,Ses04,F,1.633
Ses04F_impro03_F006,/mnt/ddn/kyudan/IEMOCAP/data/Ses04F_impro03_F006.wav,happy,Ses04,F,2.4
Ses04F_impro03_F007,/mnt/ddn/kyudan/IEMOCAP/data/Ses04F_impro03_F007.wav,happy,Ses04,F,10.93
Ses04F_impro03_F008,/mnt/ddn/kyudan/IEMOCAP/data/Ses04F_impro03_F008.wav,happy,Ses04,F,2.78
Ses04F_impro03_F009,/mnt/ddn/kyudan/IEMOCAP/data/Ses04F_impro03_F009.wav,happy,Ses04,F,3.18
Ses04F_impro03_F010,/mnt/ddn/kyudan/IEMOCAP/data/Ses04F_impro03_F010.wav,happy,Ses04,F,9.5
Ses04F_impro03_F011,/mnt/ddn/kyudan/IEMOCAP/data/Ses04F_impro03_F011.wav,happy,Ses04,F,1.447
Ses04F_impro03_F012,/mnt/ddn/kyudan/IEMOCAP/data/Ses04F_impro03_F012.wav,happy,Ses04,F,1.93
Ses04F_impro03_F013,/mnt/ddn/kyudan/IEMOCAP/data/Ses04F_impro03_F013.wav,happy,Ses04,F,5.3
Ses04F_impro03_F014,/mnt/ddn/kyudan/IEMOCAP/data/Ses04F_impro03_F014.wav,happy,Ses04,F,3.6
Ses04F_impro03_F015,/mnt/ddn/kyudan/IEMOCAP/data/Ses04F_impro03_F015.wav,happy,Ses04,F,5.16
Ses04F_impro03_F016,/mnt/ddn/kyudan/IEMOCAP/data/Ses04F_impro03_F016.wav,happy,Ses04,F,1.66
Ses04F_impro03_F017,/mnt/ddn/kyudan/IEMOCAP/data/Ses04F_impro03_F017.wav,happy,Ses04,F,1.25
Ses04F_impro03_F018,/mnt/ddn/kyudan/IEMOCAP/data/Ses04F_impro03_F018.wav,happy,Ses04,F,6.82
Ses04F_impro03_F030,/mnt/ddn/kyudan/IEMOCAP/data/Ses04F_impro03_F030.wav,happy,Ses04,F,3.62
Ses04F_impro03_F031,/mnt/ddn/kyudan/IEMOCAP/data/Ses04F_impro03_F031.wav,happy,Ses04,F,1.32
Ses04F_impro03_F032,/mnt/ddn/kyudan/IEMOCAP/data/Ses04F_impro03_F032.wav,happy,Ses04,F,1.72
Ses04F_impro03_F033,/mnt/ddn/kyudan/IEMOCAP/data/Ses04F_impro03_F033.wav,happy,Ses04,F,1.3
Ses04F_impro03_F034,/mnt/ddn/kyudan/IEMOCAP/data/Ses04F_impro03_F034.wav,happy,Ses04,F,5.3
Ses04F_impro03_F035,/mnt/ddn/kyudan/IEMOCAP/data/Ses04F_impro03_F035.wav,happy,Ses04,F,3.26
Ses04F_impro03_F036,/mnt/ddn/kyudan/IEMOCAP/data/Ses04F_impro03_F036.wav,happy,Ses04,F,1.06
Ses04F_impro03_F037,/mnt/ddn/kyudan/IEMOCAP/data/Ses04F_impro03_F037.wav,happy,Ses04,F,1.8
Ses04F_impro03_F038,/mnt/ddn/kyudan/IEMOCAP/data/Ses04F_impro03_F038.wav,happy,Ses04,F,3.97
Ses04F_impro03_F039,/mnt/ddn/kyudan/IEMOCAP/data/Ses04F_impro03_F039.wav,happy,Ses04,F,2.56
Ses04F_impro03_F040,/mnt/ddn/kyudan/IEMOCAP/data/Ses04F_impro03_F040.wav,happy,Ses04,F,1.45
Ses04F_impro03_F041,/mnt/ddn/kyudan/IEMOCAP/data/Ses04F_impro03_F041.wav,happy,Ses04,F,1.62
Ses04F_impro03_F042,/mnt/ddn/kyudan/IEMOCAP/data/Ses04F_impro03_F042.wav,happy,Ses04,F,3.99
Ses04F_impro03_F043,/mnt/ddn/kyudan/IEMOCAP/data/Ses04F_impro03_F043.wav,happy,Ses04,F,4.63
Ses04F_impro03_F044,/mnt/ddn/kyudan/IEMOCAP/data/Ses04F_impro03_F044.wav,happy,Ses04,F,2.75
Ses04F_impro03_F045,/mnt/ddn/kyudan/IEMOCAP/data/Ses04F_impro03_F045.wav,happy,Ses04,F,3.155
Ses04F_impro03_F046,/mnt/ddn/kyudan/IEMOCAP/data/Ses04F_impro03_F046.wav,happy,Ses04,F,4.51
Ses04F_impro03_F047,/mnt/ddn/kyudan/IEMOCAP/data/Ses04F_impro03_F047.wav,happy,Ses04,F,2.07
Ses04F_impro03_F048,/mnt/ddn/kyudan/IEMOCAP/data/Ses04F_impro03_F048.wav,happy,Ses04,F,2.06
Ses04F_impro03_F049,/mnt/ddn/kyudan/IEMOCAP/data/Ses04F_impro03_F049.wav,happy,Ses04,F,5.25
Ses04F_impro03_F050,/mnt/ddn/kyudan/IEMOCAP/data/Ses04F_impro03_F050.wav,happy,Ses04,F,6.08
Ses04F_impro03_F051,/mnt/ddn/kyudan/IEMOCAP/data/Ses04F_impro03_F051.wav,happy,Ses04,F,3.697
Ses04F_impro03_F052,/mnt/ddn/kyudan/IEMOCAP/data/Ses04F_impro03_F052.wav,happy,Ses04,F,1.37
Ses04F_impro03_M000,/mnt/ddn/kyudan/IEMOCAP/data/Ses04F_impro03_M000.wav,neutral,Ses04,M,2.92
Ses04F_impro03_M001,/mnt/ddn/kyudan/IEMOCAP/data/Ses04F_impro03_M001.wav,neutral,Ses04,M,6.68
Ses04F_impro03_M003,/mnt/ddn/kyudan/IEMOCAP/data/Ses04F_impro03_M003.wav,happy,Ses04,M,2.52
Ses04F_impro03_M004,/mnt/ddn/kyudan/IEMOCAP/data/Ses04F_impro03_M004.wav,happy,Ses04,M,1.68
Ses04F_impro03_M005,/mnt/ddn/kyudan/IEMOCAP/data/Ses04F_impro03_M005.wav,happy,Ses04,M,1.74
Ses04F_impro03_M006,/mnt/ddn/kyudan/IEMOCAP/data/Ses04F_impro03_M006.wav,happy,Ses04,M,7.33
Ses04F_impro03_M007,/mnt/ddn/kyudan/IEMOCAP/data/Ses04F_impro03_M007.wav,happy,Ses04,M,3.67
Ses04F_impro03_M008,/mnt/ddn/kyudan/IEMOCAP/data/Ses04F_impro03_M008.wav,happy,Ses04,M,1.26
Ses04F_impro03_M009,/mnt/ddn/kyudan/IEMOCAP/data/Ses04F_impro03_M009.wav,happy,Ses04,M,1.59
Ses04F_impro03_M010,/mnt/ddn/kyudan/IEMOCAP/data/Ses04F_impro03_M010.wav,happy,Ses04,M,6.85
Ses04F_impro03_M011,/mnt/ddn/kyudan/IEMOCAP/data/Ses04F_impro03_M011.wav,happy,Ses04,M,3.06
Ses04F_impro03_M012,/mnt/ddn/kyudan/IEMOCAP/data/Ses04F_impro03_M012.wav,happy,Ses04,M,2.81
Ses04F_impro03_M013,/mnt/ddn/kyudan/IEMOCAP/data/Ses04F_impro03_M013.wav,happy,Ses04,M,3.53
Ses04F_impro03_M014,/mnt/ddn/kyudan/IEMOCAP/data/Ses04F_impro03_M014.wav,happy,Ses04,M,2.57
Ses04F_impro03_M018,/mnt/ddn/kyudan/IEMOCAP/data/Ses04F_impro03_M018.wav,neutral,Ses04,M,1.46
Ses04F_impro03_M019,/mnt/ddn/kyudan/IEMOCAP/data/Ses04F_impro03_M019.wav,neutral,Ses04,M,2.67
Ses04F_impro03_M020,/mnt/ddn/kyudan/IEMOCAP/data/Ses04F_impro03_M020.wav,neutral,Ses04,M,8.78
Ses04F_impro03_M021,/mnt/ddn/kyudan/IEMOCAP/data/Ses04F_impro03_M021.wav,neutral,Ses04,M,2.79
Ses04F_impro03_M027,/mnt/ddn/kyudan/IEMOCAP/data/Ses04F_impro03_M027.wav,neutral,Ses04,M,2.78
Ses04F_impro03_M028,/mnt/ddn/kyudan/IEMOCAP/data/Ses04F_impro03_M028.wav,neutral,Ses04,M,1.21
Ses04F_impro03_M029,/mnt/ddn/kyudan/IEMOCAP/data/Ses04F_impro03_M029.wav,neutral,Ses04,M,2.19
Ses04F_impro03_M030,/mnt/ddn/kyudan/IEMOCAP/data/Ses04F_impro03_M030.wav,neutral,Ses04,M,3.154
Ses04F_impro03_M031,/mnt/ddn/kyudan/IEMOCAP/data/Ses04F_impro03_M031.wav,neutral,Ses04,M,0.98
Ses04F_impro03_M032,/mnt/ddn/kyudan/IEMOCAP/data/Ses04F_impro03_M032.wav,neutral,Ses04,M,8.63
Ses04F_impro03_M033,/mnt/ddn/kyudan/IEMOCAP/data/Ses04F_impro03_M033.wav,neutral,Ses04,M,10.64
Ses04F_impro03_M034,/mnt/ddn/kyudan/IEMOCAP/data/Ses04F_impro03_M034.wav,neutral,Ses04,M,3.63
Ses04F_impro03_M035,/mnt/ddn/kyudan/IEMOCAP/data/Ses04F_impro03_M035.wav,neutral,Ses04,M,3.16
Ses04F_impro03_M036,/mnt/ddn/kyudan/IEMOCAP/data/Ses04F_impro03_M036.wav,happy,Ses04,M,4.22
Ses04F_impro03_M037,/mnt/ddn/kyudan/IEMOCAP/data/Ses04F_impro03_M037.wav,happy,Ses04,M,3.51
Ses04F_impro03_M038,/mnt/ddn/kyudan/IEMOCAP/data/Ses04F_impro03_M038.wav,happy,Ses04,M,3.31
Ses04F_impro03_M039,/mnt/ddn/kyudan/IEMOCAP/data/Ses04F_impro03_M039.wav,happy,Ses04,M,4.42
Ses04F_impro03_M040,/mnt/ddn/kyudan/IEMOCAP/data/Ses04F_impro03_M040.wav,happy,Ses04,M,4.91
Ses04F_impro03_M041,/mnt/ddn/kyudan/IEMOCAP/data/Ses04F_impro03_M041.wav,happy,Ses04,M,2.422
Ses04F_impro03_M042,/mnt/ddn/kyudan/IEMOCAP/data/Ses04F_impro03_M042.wav,happy,Ses04,M,4.938
Ses04F_impro03_M043,/mnt/ddn/kyudan/IEMOCAP/data/Ses04F_impro03_M043.wav,happy,Ses04,M,2.01
Ses04F_impro03_M044,/mnt/ddn/kyudan/IEMOCAP/data/Ses04F_impro03_M044.wav,happy,Ses04,M,12.089
Ses04F_impro03_M045,/mnt/ddn/kyudan/IEMOCAP/data/Ses04F_impro03_M045.wav,happy,Ses04,M,2.05
Ses04F_impro03_M046,/mnt/ddn/kyudan/IEMOCAP/data/Ses04F_impro03_M046.wav,happy,Ses04,M,5.77
Ses04F_impro03_M047,/mnt/ddn/kyudan/IEMOCAP/data/Ses04F_impro03_M047.wav,neutral,Ses04,M,5.98
Ses04F_impro03_M048,/mnt/ddn/kyudan/IEMOCAP/data/Ses04F_impro03_M048.wav,happy,Ses04,M,2.2
Ses04F_impro03_M049,/mnt/ddn/kyudan/IEMOCAP/data/Ses04F_impro03_M049.wav,happy,Ses04,M,2.81
Ses04F_impro03_M050,/mnt/ddn/kyudan/IEMOCAP/data/Ses04F_impro03_M050.wav,happy,Ses04,M,1.985
Ses04F_impro04_F000,/mnt/ddn/kyudan/IEMOCAP/data/Ses04F_impro04_F000.wav,neutral,Ses04,F,3.814
Ses04F_impro04_F005,/mnt/ddn/kyudan/IEMOCAP/data/Ses04F_impro04_F005.wav,angry,Ses04,F,5.16
Ses04F_impro04_F006,/mnt/ddn/kyudan/IEMOCAP/data/Ses04F_impro04_F006.wav,angry,Ses04,F,3.66
Ses04F_impro04_F008,/mnt/ddn/kyudan/IEMOCAP/data/Ses04F_impro04_F008.wav,angry,Ses04,F,13.0
Ses04F_impro04_F011,/mnt/ddn/kyudan/IEMOCAP/data/Ses04F_impro04_F011.wav,angry,Ses04,F,2.88
Ses04F_impro04_F013,/mnt/ddn/kyudan/IEMOCAP/data/Ses04F_impro04_F013.wav,angry,Ses04,F,7.08
Ses04F_impro04_F014,/mnt/ddn/kyudan/IEMOCAP/data/Ses04F_impro04_F014.wav,angry,Ses04,F,1.96
Ses04F_impro04_F015,/mnt/ddn/kyudan/IEMOCAP/data/Ses04F_impro04_F015.wav,angry,Ses04,F,5.91
Ses04F_impro04_F016,/mnt/ddn/kyudan/IEMOCAP/data/Ses04F_impro04_F016.wav,angry,Ses04,F,2.06
Ses04F_impro04_F017,/mnt/ddn/kyudan/IEMOCAP/data/Ses04F_impro04_F017.wav,angry,Ses04,F,3.64
Ses04F_impro04_F018,/mnt/ddn/kyudan/IEMOCAP/data/Ses04F_impro04_F018.wav,angry,Ses04,F,6.9
Ses04F_impro04_F025,/mnt/ddn/kyudan/IEMOCAP/data/Ses04F_impro04_F025.wav,angry,Ses04,F,4.13
Ses04F_impro04_F030,/mnt/ddn/kyudan/IEMOCAP/data/Ses04F_impro04_F030.wav,angry,Ses04,F,6.18
Ses04F_impro04_F031,/mnt/ddn/kyudan/IEMOCAP/data/Ses04F_impro04_F031.wav,angry,Ses04,F,3.61
Ses04F_impro04_M001,/mnt/ddn/kyudan/IEMOCAP/data/Ses04F_impro04_M001.wav,neutral,Ses04,M,3.07
Ses04F_impro04_M002,/mnt/ddn/kyudan/IEMOCAP/data/Ses04F_impro04_M002.wav,neutral,Ses04,M,5.67
Ses04F_impro04_M003,/mnt/ddn/kyudan/IEMOCAP/data/Ses04F_impro04_M003.wav,neutral,Ses04,M,4.47
Ses04F_impro04_M004,/mnt/ddn/kyudan/IEMOCAP/data/Ses04F_impro04_M004.wav,neutral,Ses04,M,1.89
Ses04F_impro04_M005,/mnt/ddn/kyudan/IEMOCAP/data/Ses04F_impro04_M005.wav,neutral,Ses04,M,2.51
Ses04F_impro04_M006,/mnt/ddn/kyudan/IEMOCAP/data/Ses04F_impro04_M006.wav,neutral,Ses04,M,3.07
Ses04F_impro04_M007,/mnt/ddn/kyudan/IEMOCAP/data/Ses04F_impro04_M007.wav,neutral,Ses04,M,1.93
Ses04F_impro04_M008,/mnt/ddn/kyudan/IEMOCAP/data/Ses04F_impro04_M008.wav,neutral,Ses04,M,4.71
Ses04F_impro04_M009,/mnt/ddn/kyudan/IEMOCAP/data/Ses04F_impro04_M009.wav,neutral,Ses04,M,6.91
Ses04F_impro04_M013,/mnt/ddn/kyudan/IEMOCAP/data/Ses04F_impro04_M013.wav,neutral,Ses04,M,3.81
Ses04F_impro04_M014,/mnt/ddn/kyudan/IEMOCAP/data/Ses04F_impro04_M014.wav,neutral,Ses04,M,2.03
Ses04F_impro04_M015,/mnt/ddn/kyudan/IEMOCAP/data/Ses04F_impro04_M015.wav,neutral,Ses04,M,2.68
Ses04F_impro04_M016,/mnt/ddn/kyudan/IEMOCAP/data/Ses04F_impro04_M016.wav,neutral,Ses04,M,3.67
Ses04F_impro04_M017,/mnt/ddn/kyudan/IEMOCAP/data/Ses04F_impro04_M017.wav,neutral,Ses04,M,5.86
Ses04F_impro04_M018,/mnt/ddn/kyudan/IEMOCAP/data/Ses04F_impro04_M018.wav,neutral,Ses04,M,7.04
Ses04F_impro04_M019,/mnt/ddn/kyudan/IEMOCAP/data/Ses04F_impro04_M019.wav,neutral,Ses04,M,4.79
Ses04F_impro04_M020,/mnt/ddn/kyudan/IEMOCAP/data/Ses04F_impro04_M020.wav,neutral,Ses04,M,4.11
Ses04F_impro04_M021,/mnt/ddn/kyudan/IEMOCAP/data/Ses04F_impro04_M021.wav,neutral,Ses04,M,5.29
Ses04F_impro04_M022,/mnt/ddn/kyudan/IEMOCAP/data/Ses04F_impro04_M022.wav,neutral,Ses04,M,6.03
Ses04F_impro04_M023,/mnt/ddn/kyudan/IEMOCAP/data/Ses04F_impro04_M023.wav,neutral,Ses04,M,6.77
Ses04F_impro04_M026,/mnt/ddn/kyudan/IEMOCAP/data/Ses04F_impro04_M026.wav,neutral,Ses04,M,4.77
Ses04F_impro04_M028,/mnt/ddn/kyudan/IEMOCAP/data/Ses04F_impro04_M028.wav,neutral,Ses04,M,2.83
Ses04F_impro04_M030,/mnt/ddn/kyudan/IEMOCAP/data/Ses04F_impro04_M030.wav,neutral,Ses04,M,2.95
Ses04F_impro04_M031,/mnt/ddn/kyudan/IEMOCAP/data/Ses04F_impro04_M031.wav,neutral,Ses04,M,2.26
Ses04F_impro04_M033,/mnt/ddn/kyudan/IEMOCAP/data/Ses04F_impro04_M033.wav,neutral,Ses04,M,2.26
Ses04F_impro05_F004,/mnt/ddn/kyudan/IEMOCAP/data/Ses04F_impro05_F004.wav,angry,Ses04,F,2.21
Ses04F_impro05_F005,/mnt/ddn/kyudan/IEMOCAP/data/Ses04F_impro05_F005.wav,angry,Ses04,F,3.4
Ses04F_impro05_F006,/mnt/ddn/kyudan/IEMOCAP/data/Ses04F_impro05_F006.wav,angry,Ses04,F,8.42
Ses04F_impro05_F008,/mnt/ddn/kyudan/IEMOCAP/data/Ses04F_impro05_F008.wav,angry,Ses04,F,3.32
Ses04F_impro05_F009,/mnt/ddn/kyudan/IEMOCAP/data/Ses04F_impro05_F009.wav,angry,Ses04,F,23.14
Ses04F_impro05_F010,/mnt/ddn/kyudan/IEMOCAP/data/Ses04F_impro05_F010.wav,angry,Ses04,F,4.36
Ses04F_impro05_F011,/mnt/ddn/kyudan/IEMOCAP/data/Ses04F_impro05_F011.wav,angry,Ses04,F,16.61
Ses04F_impro05_F012,/mnt/ddn/kyudan/IEMOCAP/data/Ses04F_impro05_F012.wav,angry,Ses04,F,9.66
Ses04F_impro05_F013,/mnt/ddn/kyudan/IEMOCAP/data/Ses04F_impro05_F013.wav,angry,Ses04,F,5.57
Ses04F_impro05_F014,/mnt/ddn/kyudan/IEMOCAP/data/Ses04F_impro05_F014.wav,angry,Ses04,F,5.87
Ses04F_impro05_F015,/mnt/ddn/kyudan/IEMOCAP/data/Ses04F_impro05_F015.wav,angry,Ses04,F,9.67
Ses04F_impro05_F016,/mnt/ddn/kyudan/IEMOCAP/data/Ses04F_impro05_F016.wav,angry,Ses04,F,1.99
Ses04F_impro05_F017,/mnt/ddn/kyudan/IEMOCAP/data/Ses04F_impro05_F017.wav,angry,Ses04,F,5.56
Ses04F_impro05_F018,/mnt/ddn/kyudan/IEMOCAP/data/Ses04F_impro05_F018.wav,angry,Ses04,F,3.04
Ses04F_impro05_F019,/mnt/ddn/kyudan/IEMOCAP/data/Ses04F_impro05_F019.wav,angry,Ses04,F,9.24
Ses04F_impro06_F000,/mnt/ddn/kyudan/IEMOCAP/data/Ses04F_impro06_F000.wav,sad,Ses04,F,2.015
Ses04F_impro06_F001,/mnt/ddn/kyudan/IEMOCAP/data/Ses04F_impro06_F001.wav,sad,Ses04,F,12.0
Ses04F_impro06_F002,/mnt/ddn/kyudan/IEMOCAP/data/Ses04F_impro06_F002.wav,sad,Ses04,F,22.182
Ses04F_impro06_F003,/mnt/ddn/kyudan/IEMOCAP/data/Ses04F_impro06_F003.wav,sad,Ses04,F,1.95
Ses04F_impro06_F004,/mnt/ddn/kyudan/IEMOCAP/data/Ses04F_impro06_F004.wav,sad,Ses04,F,15.91
Ses04F_impro06_F005,/mnt/ddn/kyudan/IEMOCAP/data/Ses04F_impro06_F005.wav,sad,Ses04,F,15.29
Ses04F_impro06_F006,/mnt/ddn/kyudan/IEMOCAP/data/Ses04F_impro06_F006.wav,sad,Ses04,F,2.95
Ses04F_impro06_F007,/mnt/ddn/kyudan/IEMOCAP/data/Ses04F_impro06_F007.wav,sad,Ses04,F,2.92
Ses04F_impro06_F008,/mnt/ddn/kyudan/IEMOCAP/data/Ses04F_impro06_F008.wav,happy,Ses04,F,8.18
Ses04F_impro06_F009,/mnt/ddn/kyudan/IEMOCAP/data/Ses04F_impro06_F009.wav,happy,Ses04,F,3.05
Ses04F_impro06_F010,/mnt/ddn/kyudan/IEMOCAP/data/Ses04F_impro06_F010.wav,sad,Ses04,F,1.86
Ses04F_impro06_M000,/mnt/ddn/kyudan/IEMOCAP/data/Ses04F_impro06_M000.wav,sad,Ses04,M,12.012
Ses04F_impro06_M001,/mnt/ddn/kyudan/IEMOCAP/data/Ses04F_impro06_M001.wav,sad,Ses04,M,24.36
Ses04F_impro06_M002,/mnt/ddn/kyudan/IEMOCAP/data/Ses04F_impro06_M002.wav,sad,Ses04,M,8.884
Ses04F_impro06_M003,/mnt/ddn/kyudan/IEMOCAP/data/Ses04F_impro06_M003.wav,sad,Ses04,M,1.65
Ses04F_impro06_M004,/mnt/ddn/kyudan/IEMOCAP/data/Ses04F_impro06_M004.wav,neutral,Ses04,M,6.76
Ses04F_impro06_M005,/mnt/ddn/kyudan/IEMOCAP/data/Ses04F_impro06_M005.wav,sad,Ses04,M,4.02
Ses04F_impro06_M006,/mnt/ddn/kyudan/IEMOCAP/data/Ses04F_impro06_M006.wav,neutral,Ses04,M,4.16
Ses04F_impro06_M007,/mnt/ddn/kyudan/IEMOCAP/data/Ses04F_impro06_M007.wav,neutral,Ses04,M,6.95
Ses04F_impro06_M008,/mnt/ddn/kyudan/IEMOCAP/data/Ses04F_impro06_M008.wav,sad,Ses04,M,2.32
Ses04F_impro06_M009,/mnt/ddn/kyudan/IEMOCAP/data/Ses04F_impro06_M009.wav,sad,Ses04,M,12.176
Ses04F_impro06_M010,/mnt/ddn/kyudan/IEMOCAP/data/Ses04F_impro06_M010.wav,sad,Ses04,M,2.32
Ses04F_impro06_M011,/mnt/ddn/kyudan/IEMOCAP/data/Ses04F_impro06_M011.wav,sad,Ses04,M,7.24
Ses04F_impro06_M012,/mnt/ddn/kyudan/IEMOCAP/data/Ses04F_impro06_M012.wav,neutral,Ses04,M,1.24
Ses04F_impro06_M013,/mnt/ddn/kyudan/IEMOCAP/data/Ses04F_impro06_M013.wav,sad,Ses04,M,15.18
Ses04F_impro06_M014,/mnt/ddn/kyudan/IEMOCAP/data/Ses04F_impro06_M014.wav,sad,Ses04,M,1.77
Ses04F_impro07_F000,/mnt/ddn/kyudan/IEMOCAP/data/Ses04F_impro07_F000.wav,happy,Ses04,F,2.13
Ses04F_impro07_F001,/mnt/ddn/kyudan/IEMOCAP/data/Ses04F_impro07_F001.wav,happy,Ses04,F,2.06
Ses04F_impro07_F002,/mnt/ddn/kyudan/IEMOCAP/data/Ses04F_impro07_F002.wav,happy,Ses04,F,1.62
Ses04F_impro07_F003,/mnt/ddn/kyudan/IEMOCAP/data/Ses04F_impro07_F003.wav,happy,Ses04,F,1.44
Ses04F_impro07_F004,/mnt/ddn/kyudan/IEMOCAP/data/Ses04F_impro07_F004.wav,happy,Ses04,F,2.792
Ses04F_impro07_F005,/mnt/ddn/kyudan/IEMOCAP/data/Ses04F_impro07_F005.wav,happy,Ses04,F,4.59
Ses04F_impro07_F006,/mnt/ddn/kyudan/IEMOCAP/data/Ses04F_impro07_F006.wav,happy,Ses04,F,2.44
Ses04F_impro07_F007,/mnt/ddn/kyudan/IEMOCAP/data/Ses04F_impro07_F007.wav,happy,Ses04,F,2.989
Ses04F_impro07_F008,/mnt/ddn/kyudan/IEMOCAP/data/Ses04F_impro07_F008.wav,happy,Ses04,F,2.29
Ses04F_impro07_F009,/mnt/ddn/kyudan/IEMOCAP/data/Ses04F_impro07_F009.wav,happy,Ses04,F,2.38
Ses04F_impro07_F010,/mnt/ddn/kyudan/IEMOCAP/data/Ses04F_impro07_F010.wav,happy,Ses04,F,4.37
Ses04F_impro07_F011,/mnt/ddn/kyudan/IEMOCAP/data/Ses04F_impro07_F011.wav,happy,Ses04,F,1.82
Ses04F_impro07_F012,/mnt/ddn/kyudan/IEMOCAP/data/Ses04F_impro07_F012.wav,happy,Ses04,F,3.95
Ses04F_impro07_F013,/mnt/ddn/kyudan/IEMOCAP/data/Ses04F_impro07_F013.wav,happy,Ses04,F,2.46
Ses04F_impro07_F014,/mnt/ddn/kyudan/IEMOCAP/data/Ses04F_impro07_F014.wav,happy,Ses04,F,5.67
Ses04F_impro07_F015,/mnt/ddn/kyudan/IEMOCAP/data/Ses04F_impro07_F015.wav,happy,Ses04,F,2.5
Ses04F_impro07_F016,/mnt/ddn/kyudan/IEMOCAP/data/Ses04F_impro07_F016.wav,happy,Ses04,F,4.56
Ses04F_impro07_F017,/mnt/ddn/kyudan/IEMOCAP/data/Ses04F_impro07_F017.wav,happy,Ses04,F,2.84
Ses04F_impro07_F018,/mnt/ddn/kyudan/IEMOCAP/data/Ses04F_impro07_F018.wav,happy,Ses04,F,4.215
Ses04F_impro07_F019,/mnt/ddn/kyudan/IEMOCAP/data/Ses04F_impro07_F019.wav,happy,Ses04,F,1.04
Ses04F_impro07_F020,/mnt/ddn/kyudan/IEMOCAP/data/Ses04F_impro07_F020.wav,happy,Ses04,F,6.5
Ses04F_impro07_F021,/mnt/ddn/kyudan/IEMOCAP/data/Ses04F_impro07_F021.wav,happy,Ses04,F,4.2
Ses04F_impro07_F022,/mnt/ddn/kyudan/IEMOCAP/data/Ses04F_impro07_F022.wav,happy,Ses04,F,3.454
Ses04F_impro07_F023,/mnt/ddn/kyudan/IEMOCAP/data/Ses04F_impro07_F023.wav,happy,Ses04,F,1.33
Ses04F_impro07_F024,/mnt/ddn/kyudan/IEMOCAP/data/Ses04F_impro07_F024.wav,happy,Ses04,F,6.65
Ses04F_impro07_F025,/mnt/ddn/kyudan/IEMOCAP/data/Ses04F_impro07_F025.wav,happy,Ses04,F,1.73
Ses04F_impro07_F026,/mnt/ddn/kyudan/IEMOCAP/data/Ses04F_impro07_F026.wav,happy,Ses04,F,3.09
Ses04F_impro07_F027,/mnt/ddn/kyudan/IEMOCAP/data/Ses04F_impro07_F027.wav,happy,Ses04,F,2.09
Ses04F_impro07_F028,/mnt/ddn/kyudan/IEMOCAP/data/Ses04F_impro07_F028.wav,happy,Ses04,F,2.3
Ses04F_impro07_F029,/mnt/ddn/kyudan/IEMOCAP/data/Ses04F_impro07_F029.wav,happy,Ses04,F,2.62
Ses04F_impro07_F030,/mnt/ddn/kyudan/IEMOCAP/data/Ses04F_impro07_F030.wav,happy,Ses04,F,4.62
Ses04F_impro07_F031,/mnt/ddn/kyudan/IEMOCAP/data/Ses04F_impro07_F031.wav,happy,Ses04,F,2.31
Ses04F_impro07_F032,/mnt/ddn/kyudan/IEMOCAP/data/Ses04F_impro07_F032.wav,happy,Ses04,F,2.1
Ses04F_impro07_F033,/mnt/ddn/kyudan/IEMOCAP/data/Ses04F_impro07_F033.wav,happy,Ses04,F,1.47
Ses04F_impro07_F034,/mnt/ddn/kyudan/IEMOCAP/data/Ses04F_impro07_F034.wav,happy,Ses04,F,3.34
Ses04F_impro07_F035,/mnt/ddn/kyudan/IEMOCAP/data/Ses04F_impro07_F035.wav,happy,Ses04,F,2.28
Ses04F_impro07_F036,/mnt/ddn/kyudan/IEMOCAP/data/Ses04F_impro07_F036.wav,happy,Ses04,F,1.05
Ses04F_impro07_F037,/mnt/ddn/kyudan/IEMOCAP/data/Ses04F_impro07_F037.wav,happy,Ses04,F,3.61
Ses04F_impro07_F038,/mnt/ddn/kyudan/IEMOCAP/data/Ses04F_impro07_F038.wav,happy,Ses04,F,2.71
Ses04F_impro07_F039,/mnt/ddn/kyudan/IEMOCAP/data/Ses04F_impro07_F039.wav,happy,Ses04,F,3.15
Ses04F_impro07_F040,/mnt/ddn/kyudan/IEMOCAP/data/Ses04F_impro07_F040.wav,happy,Ses04,F,2.97
Ses04F_impro07_F041,/mnt/ddn/kyudan/IEMOCAP/data/Ses04F_impro07_F041.wav,happy,Ses04,F,2.67
Ses04F_impro07_F042,/mnt/ddn/kyudan/IEMOCAP/data/Ses04F_impro07_F042.wav,happy,Ses04,F,1.49
Ses04F_impro07_F043,/mnt/ddn/kyudan/IEMOCAP/data/Ses04F_impro07_F043.wav,happy,Ses04,F,2.41
Ses04F_impro07_F044,/mnt/ddn/kyudan/IEMOCAP/data/Ses04F_impro07_F044.wav,happy,Ses04,F,1.45
Ses04F_impro07_F045,/mnt/ddn/kyudan/IEMOCAP/data/Ses04F_impro07_F045.wav,happy,Ses04,F,5.61
Ses04F_impro07_F046,/mnt/ddn/kyudan/IEMOCAP/data/Ses04F_impro07_F046.wav,happy,Ses04,F,2.12
Ses04F_impro07_F047,/mnt/ddn/kyudan/IEMOCAP/data/Ses04F_impro07_F047.wav,happy,Ses04,F,1.45
Ses04F_impro07_F048,/mnt/ddn/kyudan/IEMOCAP/data/Ses04F_impro07_F048.wav,happy,Ses04,F,4.11
Ses04F_impro07_F049,/mnt/ddn/kyudan/IEMOCAP/data/Ses04F_impro07_F049.wav,happy,Ses04,F,6.04
Ses04F_impro07_F050,/mnt/ddn/kyudan/IEMOCAP/data/Ses04F_impro07_F050.wav,happy,Ses04,F,2.45
Ses04F_impro07_F051,/mnt/ddn/kyudan/IEMOCAP/data/Ses04F_impro07_F051.wav,happy,Ses04,F,3.64
Ses04F_impro07_F052,/mnt/ddn/kyudan/IEMOCAP/data/Ses04F_impro07_F052.wav,happy,Ses04,F,2.63
Ses04F_impro07_F053,/mnt/ddn/kyudan/IEMOCAP/data/Ses04F_impro07_F053.wav,happy,Ses04,F,3.53
Ses04F_impro07_F054,/mnt/ddn/kyudan/IEMOCAP/data/Ses04F_impro07_F054.wav,happy,Ses04,F,1.18
Ses04F_impro07_F055,/mnt/ddn/kyudan/IEMOCAP/data/Ses04F_impro07_F055.wav,happy,Ses04,F,2.62
Ses04F_impro07_F056,/mnt/ddn/kyudan/IEMOCAP/data/Ses04F_impro07_F056.wav,happy,Ses04,F,1.94
Ses04F_impro07_F057,/mnt/ddn/kyudan/IEMOCAP/data/Ses04F_impro07_F057.wav,happy,Ses04,F,5.17
Ses04F_impro07_F058,/mnt/ddn/kyudan/IEMOCAP/data/Ses04F_impro07_F058.wav,happy,Ses04,F,5.31
Ses04F_impro07_F059,/mnt/ddn/kyudan/IEMOCAP/data/Ses04F_impro07_F059.wav,happy,Ses04,F,1.78
Ses04F_impro07_F060,/mnt/ddn/kyudan/IEMOCAP/data/Ses04F_impro07_F060.wav,happy,Ses04,F,1.24
Ses04F_impro07_F061,/mnt/ddn/kyudan/IEMOCAP/data/Ses04F_impro07_F061.wav,happy,Ses04,F,1.8
Ses04F_impro07_F062,/mnt/ddn/kyudan/IEMOCAP/data/Ses04F_impro07_F062.wav,happy,Ses04,F,1.4
Ses04F_impro07_F063,/mnt/ddn/kyudan/IEMOCAP/data/Ses04F_impro07_F063.wav,happy,Ses04,F,2.63
Ses04F_impro07_F064,/mnt/ddn/kyudan/IEMOCAP/data/Ses04F_impro07_F064.wav,happy,Ses04,F,1.853
Ses04F_impro07_F065,/mnt/ddn/kyudan/IEMOCAP/data/Ses04F_impro07_F065.wav,happy,Ses04,F,1.14
Ses04F_impro07_F066,/mnt/ddn/kyudan/IEMOCAP/data/Ses04F_impro07_F066.wav,happy,Ses04,F,9.65
Ses04F_impro07_F067,/mnt/ddn/kyudan/IEMOCAP/data/Ses04F_impro07_F067.wav,happy,Ses04,F,2.37
Ses04F_impro07_F068,/mnt/ddn/kyudan/IEMOCAP/data/Ses04F_impro07_F068.wav,happy,Ses04,F,2.2
Ses04F_impro07_F069,/mnt/ddn/kyudan/IEMOCAP/data/Ses04F_impro07_F069.wav,happy,Ses04,F,1.51
Ses04F_impro07_F070,/mnt/ddn/kyudan/IEMOCAP/data/Ses04F_impro07_F070.wav,happy,Ses04,F,3.51
Ses04F_impro07_F071,/mnt/ddn/kyudan/IEMOCAP/data/Ses04F_impro07_F071.wav,happy,Ses04,F,4.21
Ses04F_impro07_F072,/mnt/ddn/kyudan/IEMOCAP/data/Ses04F_impro07_F072.wav,happy,Ses04,F,4.27
Ses04F_impro07_F073,/mnt/ddn/kyudan/IEMOCAP/data/Ses04F_impro07_F073.wav,happy,Ses04,F,5.79
Ses04F_impro07_F074,/mnt/ddn/kyudan/IEMOCAP/data/Ses04F_impro07_F074.wav,happy,Ses04,F,10.18
Ses04F_impro07_F075,/mnt/ddn/kyudan/IEMOCAP/data/Ses04F_impro07_F075.wav,happy,Ses04,F,1.61
Ses04F_impro07_F076,/mnt/ddn/kyudan/IEMOCAP/data/Ses04F_impro07_F076.wav,happy,Ses04,F,3.09
Ses04F_impro07_F077,/mnt/ddn/kyudan/IEMOCAP/data/Ses04F_impro07_F077.wav,happy,Ses04,F,1.85
Ses04F_impro07_F078,/mnt/ddn/kyudan/IEMOCAP/data/Ses04F_impro07_F078.wav,happy,Ses04,F,3.06
Ses04F_impro07_F079,/mnt/ddn/kyudan/IEMOCAP/data/Ses04F_impro07_F079.wav,happy,Ses04,F,1.13
Ses04F_impro07_M000,/mnt/ddn/kyudan/IEMOCAP/data/Ses04F_impro07_M000.wav,neutral,Ses04,M,2.87
Ses04F_impro07_M001,/mnt/ddn/kyudan/IEMOCAP/data/Ses04F_impro07_M001.wav,happy,Ses04,M,1.36
Ses04F_impro07_M004,/mnt/ddn/kyudan/IEMOCAP/data/Ses04F_impro07_M004.wav,happy,Ses04,M,5.35
Ses04F_impro07_M005,/mnt/ddn/kyudan/IEMOCAP/data/Ses04F_impro07_M005.wav,happy,Ses04,M,2.71
Ses04F_impro07_M006,/mnt/ddn/kyudan/IEMOCAP/data/Ses04F_impro07_M006.wav,happy,Ses04,M,2.85
Ses04F_impro07_M007,/mnt/ddn/kyudan/IEMOCAP/data/Ses04F_impro07_M007.wav,happy,Ses04,M,6.04
Ses04F_impro07_M008,/mnt/ddn/kyudan/IEMOCAP/data/Ses04F_impro07_M008.wav,happy,Ses04,M,2.67
Ses04F_impro07_M009,/mnt/ddn/kyudan/IEMOCAP/data/Ses04F_impro07_M009.wav,neutral,Ses04,M,4.75
Ses04F_impro07_M010,/mnt/ddn/kyudan/IEMOCAP/data/Ses04F_impro07_M010.wav,happy,Ses04,M,3.39
Ses04F_impro07_M011,/mnt/ddn/kyudan/IEMOCAP/data/Ses04F_impro07_M011.wav,happy,Ses04,M,2.41
Ses04F_impro07_M012,/mnt/ddn/kyudan/IEMOCAP/data/Ses04F_impro07_M012.wav,happy,Ses04,M,2.57
Ses04F_impro07_M013,/mnt/ddn/kyudan/IEMOCAP/data/Ses04F_impro07_M013.wav,neutral,Ses04,M,3.35
Ses04F_impro07_M014,/mnt/ddn/kyudan/IEMOCAP/data/Ses04F_impro07_M014.wav,happy,Ses04,M,3.14
Ses04F_impro07_M015,/mnt/ddn/kyudan/IEMOCAP/data/Ses04F_impro07_M015.wav,happy,Ses04,M,1.9
Ses04F_impro07_M016,/mnt/ddn/kyudan/IEMOCAP/data/Ses04F_impro07_M016.wav,neutral,Ses04,M,2.11
Ses04F_impro07_M017,/mnt/ddn/kyudan/IEMOCAP/data/Ses04F_impro07_M017.wav,neutral,Ses04,M,3.53
Ses04F_impro07_M018,/mnt/ddn/kyudan/IEMOCAP/data/Ses04F_impro07_M018.wav,neutral,Ses04,M,1.75
Ses04F_impro07_M019,/mnt/ddn/kyudan/IEMOCAP/data/Ses04F_impro07_M019.wav,neutral,Ses04,M,1.64
Ses04F_impro07_M020,/mnt/ddn/kyudan/IEMOCAP/data/Ses04F_impro07_M020.wav,neutral,Ses04,M,1.44
Ses04F_impro07_M021,/mnt/ddn/kyudan/IEMOCAP/data/Ses04F_impro07_M021.wav,neutral,Ses04,M,8.25
Ses04F_impro07_M022,/mnt/ddn/kyudan/IEMOCAP/data/Ses04F_impro07_M022.wav,neutral,Ses04,M,1.77
Ses04F_impro07_M023,/mnt/ddn/kyudan/IEMOCAP/data/Ses04F_impro07_M023.wav,neutral,Ses04,M,1.57
Ses04F_impro07_M024,/mnt/ddn/kyudan/IEMOCAP/data/Ses04F_impro07_M024.wav,happy,Ses04,M,3.21
Ses04F_impro07_M025,/mnt/ddn/kyudan/IEMOCAP/data/Ses04F_impro07_M025.wav,happy,Ses04,M,2.709
Ses04F_impro07_M026,/mnt/ddn/kyudan/IEMOCAP/data/Ses04F_impro07_M026.wav,neutral,Ses04,M,6.19
Ses04F_impro07_M027,/mnt/ddn/kyudan/IEMOCAP/data/Ses04F_impro07_M027.wav,happy,Ses04,M,1.01
Ses04F_impro07_M028,/mnt/ddn/kyudan/IEMOCAP/data/Ses04F_impro07_M028.wav,happy,Ses04,M,1.04
Ses04F_impro07_M029,/mnt/ddn/kyudan/IEMOCAP/data/Ses04F_impro07_M029.wav,happy,Ses04,M,1.46
Ses04F_impro07_M030,/mnt/ddn/kyudan/IEMOCAP/data/Ses04F_impro07_M030.wav,happy,Ses04,M,4.01
Ses04F_impro07_M031,/mnt/ddn/kyudan/IEMOCAP/data/Ses04F_impro07_M031.wav,neutral,Ses04,M,2.79
Ses04F_impro07_M032,/mnt/ddn/kyudan/IEMOCAP/data/Ses04F_impro07_M032.wav,neutral,Ses04,M,2.817
Ses04F_impro07_M033,/mnt/ddn/kyudan/IEMOCAP/data/Ses04F_impro07_M033.wav,neutral,Ses04,M,1.04
Ses04F_impro07_M034,/mnt/ddn/kyudan/IEMOCAP/data/Ses04F_impro07_M034.wav,happy,Ses04,M,4.48
Ses04F_impro07_M035,/mnt/ddn/kyudan/IEMOCAP/data/Ses04F_impro07_M035.wav,neutral,Ses04,M,4.51
Ses04F_impro07_M036,/mnt/ddn/kyudan/IEMOCAP/data/Ses04F_impro07_M036.wav,happy,Ses04,M,4.354
Ses04F_impro07_M037,/mnt/ddn/kyudan/IEMOCAP/data/Ses04F_impro07_M037.wav,happy,Ses04,M,8.3
Ses04F_impro07_M038,/mnt/ddn/kyudan/IEMOCAP/data/Ses04F_impro07_M038.wav,happy,Ses04,M,6.45
Ses04F_impro07_M039,/mnt/ddn/kyudan/IEMOCAP/data/Ses04F_impro07_M039.wav,happy,Ses04,M,8.85
Ses04F_impro07_M040,/mnt/ddn/kyudan/IEMOCAP/data/Ses04F_impro07_M040.wav,happy,Ses04,M,1.39
Ses04F_impro07_M041,/mnt/ddn/kyudan/IEMOCAP/data/Ses04F_impro07_M041.wav,happy,Ses04,M,2.12
Ses04F_impro07_M042,/mnt/ddn/kyudan/IEMOCAP/data/Ses04F_impro07_M042.wav,happy,Ses04,M,3.06
Ses04F_impro07_M043,/mnt/ddn/kyudan/IEMOCAP/data/Ses04F_impro07_M043.wav,happy,Ses04,M,7.34
Ses04F_impro07_M044,/mnt/ddn/kyudan/IEMOCAP/data/Ses04F_impro07_M044.wav,neutral,Ses04,M,2.72
Ses04F_impro07_M045,/mnt/ddn/kyudan/IEMOCAP/data/Ses04F_impro07_M045.wav,happy,Ses04,M,3.14
Ses04F_impro07_M046,/mnt/ddn/kyudan/IEMOCAP/data/Ses04F_impro07_M046.wav,happy,Ses04,M,2.36
Ses04F_impro07_M047,/mnt/ddn/kyudan/IEMOCAP/data/Ses04F_impro07_M047.wav,happy,Ses04,M,5.89
Ses04F_impro07_M048,/mnt/ddn/kyudan/IEMOCAP/data/Ses04F_impro07_M048.wav,happy,Ses04,M,5.15
Ses04F_impro07_M049,/mnt/ddn/kyudan/IEMOCAP/data/Ses04F_impro07_M049.wav,happy,Ses04,M,4.66
Ses04F_impro07_M050,/mnt/ddn/kyudan/IEMOCAP/data/Ses04F_impro07_M050.wav,happy,Ses04,M,6.99
Ses04F_impro07_M051,/mnt/ddn/kyudan/IEMOCAP/data/Ses04F_impro07_M051.wav,neutral,Ses04,M,3.29
Ses04F_impro07_M052,/mnt/ddn/kyudan/IEMOCAP/data/Ses04F_impro07_M052.wav,happy,Ses04,M,3.54
Ses04F_impro07_M053,/mnt/ddn/kyudan/IEMOCAP/data/Ses04F_impro07_M053.wav,happy,Ses04,M,1.33
Ses04F_impro07_M054,/mnt/ddn/kyudan/IEMOCAP/data/Ses04F_impro07_M054.wav,happy,Ses04,M,2.37
Ses04F_impro07_M055,/mnt/ddn/kyudan/IEMOCAP/data/Ses04F_impro07_M055.wav,happy,Ses04,M,7.18
Ses04F_impro07_M056,/mnt/ddn/kyudan/IEMOCAP/data/Ses04F_impro07_M056.wav,happy,Ses04,M,2.889
Ses04F_impro07_M057,/mnt/ddn/kyudan/IEMOCAP/data/Ses04F_impro07_M057.wav,neutral,Ses04,M,1.54
Ses04F_impro07_M058,/mnt/ddn/kyudan/IEMOCAP/data/Ses04F_impro07_M058.wav,neutral,Ses04,M,4.07
Ses04F_impro07_M059,/mnt/ddn/kyudan/IEMOCAP/data/Ses04F_impro07_M059.wav,neutral,Ses04,M,2.78
Ses04F_impro07_M060,/mnt/ddn/kyudan/IEMOCAP/data/Ses04F_impro07_M060.wav,neutral,Ses04,M,2.2
Ses04F_impro07_M061,/mnt/ddn/kyudan/IEMOCAP/data/Ses04F_impro07_M061.wav,neutral,Ses04,M,5.667
Ses04F_impro07_M062,/mnt/ddn/kyudan/IEMOCAP/data/Ses04F_impro07_M062.wav,neutral,Ses04,M,2.77
Ses04F_impro07_M063,/mnt/ddn/kyudan/IEMOCAP/data/Ses04F_impro07_M063.wav,neutral,Ses04,M,1.23
Ses04F_impro07_M064,/mnt/ddn/kyudan/IEMOCAP/data/Ses04F_impro07_M064.wav,neutral,Ses04,M,1.49
Ses04F_impro07_M065,/mnt/ddn/kyudan/IEMOCAP/data/Ses04F_impro07_M065.wav,happy,Ses04,M,1.14
Ses04F_impro07_M066,/mnt/ddn/kyudan/IEMOCAP/data/Ses04F_impro07_M066.wav,neutral,Ses04,M,1.6
Ses04F_impro07_M067,/mnt/ddn/kyudan/IEMOCAP/data/Ses04F_impro07_M067.wav,neutral,Ses04,M,2.04
Ses04F_impro07_M068,/mnt/ddn/kyudan/IEMOCAP/data/Ses04F_impro07_M068.wav,happy,Ses04,M,1.42
Ses04F_impro07_M069,/mnt/ddn/kyudan/IEMOCAP/data/Ses04F_impro07_M069.wav,happy,Ses04,M,0.98
Ses04F_impro07_M070,/mnt/ddn/kyudan/IEMOCAP/data/Ses04F_impro07_M070.wav,happy,Ses04,M,1.316
Ses04F_impro07_M071,/mnt/ddn/kyudan/IEMOCAP/data/Ses04F_impro07_M071.wav,neutral,Ses04,M,5.42
Ses04F_impro07_M072,/mnt/ddn/kyudan/IEMOCAP/data/Ses04F_impro07_M072.wav,neutral,Ses04,M,2.84
Ses04F_impro07_M073,/mnt/ddn/kyudan/IEMOCAP/data/Ses04F_impro07_M073.wav,neutral,Ses04,M,1.22
Ses04F_impro07_M074,/mnt/ddn/kyudan/IEMOCAP/data/Ses04F_impro07_M074.wav,happy,Ses04,M,4.586
Ses04F_impro07_M075,/mnt/ddn/kyudan/IEMOCAP/data/Ses04F_impro07_M075.wav,happy,Ses04,M,4.49
Ses04F_impro07_M076,/mnt/ddn/kyudan/IEMOCAP/data/Ses04F_impro07_M076.wav,neutral,Ses04,M,3.85
Ses04F_impro07_M077,/mnt/ddn/kyudan/IEMOCAP/data/Ses04F_impro07_M077.wav,neutral,Ses04,M,4.81
Ses04F_impro07_M078,/mnt/ddn/kyudan/IEMOCAP/data/Ses04F_impro07_M078.wav,happy,Ses04,M,2.99
Ses04F_impro07_M079,/mnt/ddn/kyudan/IEMOCAP/data/Ses04F_impro07_M079.wav,neutral,Ses04,M,4.9
Ses04F_impro07_M080,/mnt/ddn/kyudan/IEMOCAP/data/Ses04F_impro07_M080.wav,neutral,Ses04,M,8.41
Ses04F_impro07_M081,/mnt/ddn/kyudan/IEMOCAP/data/Ses04F_impro07_M081.wav,happy,Ses04,M,5.71
Ses04F_impro07_M082,/mnt/ddn/kyudan/IEMOCAP/data/Ses04F_impro07_M082.wav,neutral,Ses04,M,2.55
Ses04F_impro07_M083,/mnt/ddn/kyudan/IEMOCAP/data/Ses04F_impro07_M083.wav,happy,Ses04,M,4.96
Ses04F_impro07_M084,/mnt/ddn/kyudan/IEMOCAP/data/Ses04F_impro07_M084.wav,happy,Ses04,M,1.89
Ses04F_impro07_M085,/mnt/ddn/kyudan/IEMOCAP/data/Ses04F_impro07_M085.wav,happy,Ses04,M,2.24
Ses04F_impro07_M086,/mnt/ddn/kyudan/IEMOCAP/data/Ses04F_impro07_M086.wav,happy,Ses04,M,2.678
Ses04F_impro08_F000,/mnt/ddn/kyudan/IEMOCAP/data/Ses04F_impro08_F000.wav,happy,Ses04,F,3.9
Ses04F_impro08_F001,/mnt/ddn/kyudan/IEMOCAP/data/Ses04F_impro08_F001.wav,neutral,Ses04,F,6.3
Ses04F_impro08_F002,/mnt/ddn/kyudan/IEMOCAP/data/Ses04F_impro08_F002.wav,neutral,Ses04,F,2.38
Ses04F_impro08_F004,/mnt/ddn/kyudan/IEMOCAP/data/Ses04F_impro08_F004.wav,neutral,Ses04,F,5.962
Ses04F_impro08_F005,/mnt/ddn/kyudan/IEMOCAP/data/Ses04F_impro08_F005.wav,neutral,Ses04,F,4.611
Ses04F_impro08_F006,/mnt/ddn/kyudan/IEMOCAP/data/Ses04F_impro08_F006.wav,neutral,Ses04,F,2.95
Ses04F_impro08_F008,/mnt/ddn/kyudan/IEMOCAP/data/Ses04F_impro08_F008.wav,neutral,Ses04,F,13.97
Ses04F_impro08_F009,/mnt/ddn/kyudan/IEMOCAP/data/Ses04F_impro08_F009.wav,neutral,Ses04,F,7.5
Ses04F_impro08_F023,/mnt/ddn/kyudan/IEMOCAP/data/Ses04F_impro08_F023.wav,angry,Ses04,F,2.39
Ses04F_impro08_M001,/mnt/ddn/kyudan/IEMOCAP/data/Ses04F_impro08_M001.wav,neutral,Ses04,M,5.65
Ses04F_impro08_M009,/mnt/ddn/kyudan/IEMOCAP/data/Ses04F_impro08_M009.wav,angry,Ses04,M,7.17
Ses04F_impro08_M010,/mnt/ddn/kyudan/IEMOCAP/data/Ses04F_impro08_M010.wav,angry,Ses04,M,4.9
Ses04F_impro08_M011,/mnt/ddn/kyudan/IEMOCAP/data/Ses04F_impro08_M011.wav,angry,Ses04,M,9.97
Ses04F_impro08_M012,/mnt/ddn/kyudan/IEMOCAP/data/Ses04F_impro08_M012.wav,neutral,Ses04,M,5.98
Ses04F_impro08_M013,/mnt/ddn/kyudan/IEMOCAP/data/Ses04F_impro08_M013.wav,angry,Ses04,M,8.64
Ses04F_impro08_M014,/mnt/ddn/kyudan/IEMOCAP/data/Ses04F_impro08_M014.wav,angry,Ses04,M,6.235
Ses04F_impro08_M015,/mnt/ddn/kyudan/IEMOCAP/data/Ses04F_impro08_M015.wav,angry,Ses04,M,11.55
Ses04F_impro08_M016,/mnt/ddn/kyudan/IEMOCAP/data/Ses04F_impro08_M016.wav,angry,Ses04,M,6.58
Ses04F_impro08_M017,/mnt/ddn/kyudan/IEMOCAP/data/Ses04F_impro08_M017.wav,angry,Ses04,M,3.89
Ses04F_impro08_M018,/mnt/ddn/kyudan/IEMOCAP/data/Ses04F_impro08_M018.wav,angry,Ses04,M,2.88
Ses04F_impro08_M019,/mnt/ddn/kyudan/IEMOCAP/data/Ses04F_impro08_M019.wav,angry,Ses04,M,7.38
Ses04F_impro08_M021,/mnt/ddn/kyudan/IEMOCAP/data/Ses04F_impro08_M021.wav,angry,Ses04,M,1.198
Ses04F_impro08_M022,/mnt/ddn/kyudan/IEMOCAP/data/Ses04F_impro08_M022.wav,angry,Ses04,M,2.95
Ses04F_impro08_M023,/mnt/ddn/kyudan/IEMOCAP/data/Ses04F_impro08_M023.wav,angry,Ses04,M,6.56
Ses04F_impro08_M024,/mnt/ddn/kyudan/IEMOCAP/data/Ses04F_impro08_M024.wav,angry,Ses04,M,3.93
Ses04F_script01_1_F004,/mnt/ddn/kyudan/IEMOCAP/data/Ses04F_script01_1_F004.wav,sad,Ses04,F,2.36
Ses04F_script01_1_F010,/mnt/ddn/kyudan/IEMOCAP/data/Ses04F_script01_1_F010.wav,angry,Ses04,F,2.354
Ses04F_script01_1_F011,/mnt/ddn/kyudan/IEMOCAP/data/Ses04F_script01_1_F011.wav,angry,Ses04,F,2.34
Ses04F_script01_1_F012,/mnt/ddn/kyudan/IEMOCAP/data/Ses04F_script01_1_F012.wav,angry,Ses04,F,1.77
Ses04F_script01_1_F013,/mnt/ddn/kyudan/IEMOCAP/data/Ses04F_script01_1_F013.wav,angry,Ses04,F,3.06
Ses04F_script01_1_F014,/mnt/ddn/kyudan/IEMOCAP/data/Ses04F_script01_1_F014.wav,angry,Ses04,F,8.25
Ses04F_script01_1_F015,/mnt/ddn/kyudan/IEMOCAP/data/Ses04F_script01_1_F015.wav,angry,Ses04,F,6.48
Ses04F_script01_1_F018,/mnt/ddn/kyudan/IEMOCAP/data/Ses04F_script01_1_F018.wav,neutral,Ses04,F,2.698
Ses04F_script01_1_F019,/mnt/ddn/kyudan/IEMOCAP/data/Ses04F_script01_1_F019.wav,angry,Ses04,F,3.65
Ses04F_script01_1_F022,/mnt/ddn/kyudan/IEMOCAP/data/Ses04F_script01_1_F022.wav,angry,Ses04,F,4.472
Ses04F_script01_1_F023,/mnt/ddn/kyudan/IEMOCAP/data/Ses04F_script01_1_F023.wav,angry,Ses04,F,5.533
Ses04F_script01_1_F024,/mnt/ddn/kyudan/IEMOCAP/data/Ses04F_script01_1_F024.wav,angry,Ses04,F,8.716
Ses04F_script01_1_F025,/mnt/ddn/kyudan/IEMOCAP/data/Ses04F_script01_1_F025.wav,neutral,Ses04,F,3.53
Ses04F_script01_1_F029,/mnt/ddn/kyudan/IEMOCAP/data/Ses04F_script01_1_F029.wav,angry,Ses04,F,2.67
Ses04F_script01_1_F030,/mnt/ddn/kyudan/IEMOCAP/data/Ses04F_script01_1_F030.wav,angry,Ses04,F,8.282
Ses04F_script01_1_F032,/mnt/ddn/kyudan/IEMOCAP/data/Ses04F_script01_1_F032.wav,angry,Ses04,F,7.946
Ses04F_script01_1_F035,/mnt/ddn/kyudan/IEMOCAP/data/Ses04F_script01_1_F035.wav,angry,Ses04,F,2.549
Ses04F_script01_1_F036,/mnt/ddn/kyudan/IEMOCAP/data/Ses04F_script01_1_F036.wav,angry,Ses04,F,3.43
Ses04F_script01_1_F037,/mnt/ddn/kyudan/IEMOCAP/data/Ses04F_script01_1_F037.wav,angry,Ses04,F,2.44
Ses04F_script01_1_F040,/mnt/ddn/kyudan/IEMOCAP/data/Ses04F_script01_1_F040.wav,angry,Ses04,F,4.41
Ses04F_script01_1_F041,/mnt/ddn/kyudan/IEMOCAP/data/Ses04F_script01_1_F041.wav,angry,Ses04,F,5.37
Ses04F_script01_1_F042,/mnt/ddn/kyudan/IEMOCAP/data/Ses04F_script01_1_F042.wav,angry,Ses04,F,3.7
Ses04F_script01_1_F043,/mnt/ddn/kyudan/IEMOCAP/data/Ses04F_script01_1_F043.wav,angry,Ses04,F,3.033
Ses04F_script01_1_F044,/mnt/ddn/kyudan/IEMOCAP/data/Ses04F_script01_1_F044.wav,angry,Ses04,F,3.572
Ses04F_script01_1_M000,/mnt/ddn/kyudan/IEMOCAP/data/Ses04F_script01_1_M000.wav,neutral,Ses04,M,1.807
Ses04F_script01_1_M004,/mnt/ddn/kyudan/IEMOCAP/data/Ses04F_script01_1_M004.wav,sad,Ses04,M,4.54
Ses04F_script01_1_M005,/mnt/ddn/kyudan/IEMOCAP/data/Ses04F_script01_1_M005.wav,sad,Ses04,M,3.532
Ses04F_script01_1_M009,/mnt/ddn/kyudan/IEMOCAP/data/Ses04F_script01_1_M009.wav,angry,Ses04,M,6.47
Ses04F_script01_1_M010,/mnt/ddn/kyudan/IEMOCAP/data/Ses04F_script01_1_M010.wav,angry,Ses04,M,5.32
Ses04F_script01_1_M011,/mnt/ddn/kyudan/IEMOCAP/data/Ses04F_script01_1_M011.wav,angry,Ses04,M,10.69
Ses04F_script01_1_M012,/mnt/ddn/kyudan/IEMOCAP/data/Ses04F_script01_1_M012.wav,angry,Ses04,M,1.89
Ses04F_script01_1_M013,/mnt/ddn/kyudan/IEMOCAP/data/Ses04F_script01_1_M013.wav,angry,Ses04,M,5.39
Ses04F_script01_1_M016,/mnt/ddn/kyudan/IEMOCAP/data/Ses04F_script01_1_M016.wav,neutral,Ses04,M,2.11
Ses04F_script01_1_M017,/mnt/ddn/kyudan/IEMOCAP/data/Ses04F_script01_1_M017.wav,neutral,Ses04,M,3.242
Ses04F_script01_1_M020,/mnt/ddn/kyudan/IEMOCAP/data/Ses04F_script01_1_M020.wav,angry,Ses04,M,3.11
Ses04F_script01_1_M021,/mnt/ddn/kyudan/IEMOCAP/data/Ses04F_script01_1_M021.wav,angry,Ses04,M,6.308
Ses04F_script01_1_M022,/mnt/ddn/kyudan/IEMOCAP/data/Ses04F_script01_1_M022.wav,angry,Ses04,M,4.04
Ses04F_script01_1_M025,/mnt/ddn/kyudan/IEMOCAP/data/Ses04F_script01_1_M025.wav,angry,Ses04,M,2.493
Ses04F_script01_1_M026,/mnt/ddn/kyudan/IEMOCAP/data/Ses04F_script01_1_M026.wav,sad,Ses04,M,2.933
Ses04F_script01_1_M028,/mnt/ddn/kyudan/IEMOCAP/data/Ses04F_script01_1_M028.wav,angry,Ses04,M,4.391
Ses04F_script01_1_M029,/mnt/ddn/kyudan/IEMOCAP/data/Ses04F_script01_1_M029.wav,angry,Ses04,M,2.26
Ses04F_script01_1_M030,/mnt/ddn/kyudan/IEMOCAP/data/Ses04F_script01_1_M030.wav,angry,Ses04,M,1.72
Ses04F_script01_1_M032,/mnt/ddn/kyudan/IEMOCAP/data/Ses04F_script01_1_M032.wav,sad,Ses04,M,7.261
Ses04F_script01_1_M034,/mnt/ddn/kyudan/IEMOCAP/data/Ses04F_script01_1_M034.wav,angry,Ses04,M,6.137
Ses04F_script01_1_M036,/mnt/ddn/kyudan/IEMOCAP/data/Ses04F_script01_1_M036.wav,angry,Ses04,M,3.7
Ses04F_script01_1_M037,/mnt/ddn/kyudan/IEMOCAP/data/Ses04F_script01_1_M037.wav,angry,Ses04,M,4.26
Ses04F_script01_1_M038,/mnt/ddn/kyudan/IEMOCAP/data/Ses04F_script01_1_M038.wav,angry,Ses04,M,2.63
Ses04F_script01_1_M044,/mnt/ddn/kyudan/IEMOCAP/data/Ses04F_script01_1_M044.wav,angry,Ses04,M,2.367
Ses04F_script01_1_M045,/mnt/ddn/kyudan/IEMOCAP/data/Ses04F_script01_1_M045.wav,angry,Ses04,M,3.546
Ses04F_script01_2_F000,/mnt/ddn/kyudan/IEMOCAP/data/Ses04F_script01_2_F000.wav,angry,Ses04,F,2.581
Ses04F_script01_2_F001,/mnt/ddn/kyudan/IEMOCAP/data/Ses04F_script01_2_F001.wav,angry,Ses04,F,3.042
Ses04F_script01_2_F005,/mnt/ddn/kyudan/IEMOCAP/data/Ses04F_script01_2_F005.wav,angry,Ses04,F,3.17
Ses04F_script01_2_F006,/mnt/ddn/kyudan/IEMOCAP/data/Ses04F_script01_2_F006.wav,angry,Ses04,F,3.19
Ses04F_script01_2_F007,/mnt/ddn/kyudan/IEMOCAP/data/Ses04F_script01_2_F007.wav,angry,Ses04,F,3.71
Ses04F_script01_2_F008,/mnt/ddn/kyudan/IEMOCAP/data/Ses04F_script01_2_F008.wav,angry,Ses04,F,5.282
Ses04F_script01_2_F009,/mnt/ddn/kyudan/IEMOCAP/data/Ses04F_script01_2_F009.wav,angry,Ses04,F,4.653
Ses04F_script01_2_F010,/mnt/ddn/kyudan/IEMOCAP/data/Ses04F_script01_2_F010.wav,angry,Ses04,F,5.571
Ses04F_script01_2_F016,/mnt/ddn/kyudan/IEMOCAP/data/Ses04F_script01_2_F016.wav,angry,Ses04,F,8.761
Ses04F_script01_2_M000,/mnt/ddn/kyudan/IEMOCAP/data/Ses04F_script01_2_M000.wav,neutral,Ses04,M,2.04
Ses04F_script01_2_M001,/mnt/ddn/kyudan/IEMOCAP/data/Ses04F_script01_2_M001.wav,neutral,Ses04,M,3.87
Ses04F_script01_2_M004,/mnt/ddn/kyudan/IEMOCAP/data/Ses04F_script01_2_M004.wav,neutral,Ses04,M,2.78
Ses04F_script01_2_M005,/mnt/ddn/kyudan/IEMOCAP/data/Ses04F_script01_2_M005.wav,angry,Ses04,M,3.609
Ses04F_script01_2_M007,/mnt/ddn/kyudan/IEMOCAP/data/Ses04F_script01_2_M007.wav,neutral,Ses04,M,9.955
Ses04F_script01_2_M008,/mnt/ddn/kyudan/IEMOCAP/data/Ses04F_script01_2_M008.wav,neutral,Ses04,M,2.34
Ses04F_script01_2_M017,/mnt/ddn/kyudan/IEMOCAP/data/Ses04F_script01_2_M017.wav,angry,Ses04,M,5.64
Ses04F_script01_3_F001,/mnt/ddn/kyudan/IEMOCAP/data/Ses04F_script01_3_F001.wav,happy,Ses04,F,2.89
Ses04F_script01_3_F002,/mnt/ddn/kyudan/IEMOCAP/data/Ses04F_script01_3_F002.wav,happy,Ses04,F,4.88
Ses04F_script01_3_F009,/mnt/ddn/kyudan/IEMOCAP/data/Ses04F_script01_3_F009.wav,happy,Ses04,F,2.991
Ses04F_script01_3_F010,/mnt/ddn/kyudan/IEMOCAP/data/Ses04F_script01_3_F010.wav,happy,Ses04,F,4.11
Ses04F_script01_3_F011,/mnt/ddn/kyudan/IEMOCAP/data/Ses04F_script01_3_F011.wav,happy,Ses04,F,3.429
Ses04F_script01_3_F012,/mnt/ddn/kyudan/IEMOCAP/data/Ses04F_script01_3_F012.wav,happy,Ses04,F,2.65
Ses04F_script01_3_F013,/mnt/ddn/kyudan/IEMOCAP/data/Ses04F_script01_3_F013.wav,happy,Ses04,F,2.56
Ses04F_script01_3_F014,/mnt/ddn/kyudan/IEMOCAP/data/Ses04F_script01_3_F014.wav,happy,Ses04,F,8.614
Ses04F_script01_3_F015,/mnt/ddn/kyudan/IEMOCAP/data/Ses04F_script01_3_F015.wav,happy,Ses04,F,7.51
Ses04F_script01_3_F017,/mnt/ddn/kyudan/IEMOCAP/data/Ses04F_script01_3_F017.wav,happy,Ses04,F,5.454
Ses04F_script01_3_F023,/mnt/ddn/kyudan/IEMOCAP/data/Ses04F_script01_3_F023.wav,neutral,Ses04,F,2.396
Ses04F_script01_3_F024,/mnt/ddn/kyudan/IEMOCAP/data/Ses04F_script01_3_F024.wav,sad,Ses04,F,2.167
Ses04F_script01_3_F026,/mnt/ddn/kyudan/IEMOCAP/data/Ses04F_script01_3_F026.wav,happy,Ses04,F,2.852
Ses04F_script01_3_F027,/mnt/ddn/kyudan/IEMOCAP/data/Ses04F_script01_3_F027.wav,happy,Ses04,F,7.54
Ses04F_script01_3_F028,/mnt/ddn/kyudan/IEMOCAP/data/Ses04F_script01_3_F028.wav,happy,Ses04,F,7.091
Ses04F_script01_3_F029,/mnt/ddn/kyudan/IEMOCAP/data/Ses04F_script01_3_F029.wav,happy,Ses04,F,3.209
Ses04F_script01_3_F030,/mnt/ddn/kyudan/IEMOCAP/data/Ses04F_script01_3_F030.wav,happy,Ses04,F,2.89
Ses04F_script01_3_M000,/mnt/ddn/kyudan/IEMOCAP/data/Ses04F_script01_3_M000.wav,angry,Ses04,M,2.852
Ses04F_script01_3_M004,/mnt/ddn/kyudan/IEMOCAP/data/Ses04F_script01_3_M004.wav,angry,Ses04,M,1.17
Ses04F_script01_3_M008,/mnt/ddn/kyudan/IEMOCAP/data/Ses04F_script01_3_M008.wav,neutral,Ses04,M,4.695
Ses04F_script01_3_M009,/mnt/ddn/kyudan/IEMOCAP/data/Ses04F_script01_3_M009.wav,happy,Ses04,M,8.451
Ses04F_script01_3_M010,/mnt/ddn/kyudan/IEMOCAP/data/Ses04F_script01_3_M010.wav,happy,Ses04,M,7.712
Ses04F_script01_3_M011,/mnt/ddn/kyudan/IEMOCAP/data/Ses04F_script01_3_M011.wav,happy,Ses04,M,4.847
Ses04F_script01_3_M012,/mnt/ddn/kyudan/IEMOCAP/data/Ses04F_script01_3_M012.wav,happy,Ses04,M,6.484
Ses04F_script01_3_M013,/mnt/ddn/kyudan/IEMOCAP/data/Ses04F_script01_3_M013.wav,happy,Ses04,M,9.42
Ses04F_script01_3_M014,/mnt/ddn/kyudan/IEMOCAP/data/Ses04F_script01_3_M014.wav,neutral,Ses04,M,3.271
Ses04F_script01_3_M015,/mnt/ddn/kyudan/IEMOCAP/data/Ses04F_script01_3_M015.wav,happy,Ses04,M,2.04
Ses04F_script01_3_M016,/mnt/ddn/kyudan/IEMOCAP/data/Ses04F_script01_3_M016.wav,happy,Ses04,M,2.3
Ses04F_script01_3_M017,/mnt/ddn/kyudan/IEMOCAP/data/Ses04F_script01_3_M017.wav,happy,Ses04,M,3.554
Ses04F_script01_3_M018,/mnt/ddn/kyudan/IEMOCAP/data/Ses04F_script01_3_M018.wav,happy,Ses04,M,5.16
Ses04F_script01_3_M019,/mnt/ddn/kyudan/IEMOCAP/data/Ses04F_script01_3_M019.wav,happy,Ses04,M,5.552
Ses04F_script01_3_M020,/mnt/ddn/kyudan/IEMOCAP/data/Ses04F_script01_3_M020.wav,happy,Ses04,M,3.778
Ses04F_script01_3_M023,/mnt/ddn/kyudan/IEMOCAP/data/Ses04F_script01_3_M023.wav,sad,Ses04,M,3.389
Ses04F_script01_3_M024,/mnt/ddn/kyudan/IEMOCAP/data/Ses04F_script01_3_M024.wav,sad,Ses04,M,7.577
Ses04F_script01_3_M026,/mnt/ddn/kyudan/IEMOCAP/data/Ses04F_script01_3_M026.wav,sad,Ses04,M,5.389
Ses04F_script01_3_M027,/mnt/ddn/kyudan/IEMOCAP/data/Ses04F_script01_3_M027.wav,sad,Ses04,M,3.652
Ses04F_script01_3_M028,/mnt/ddn/kyudan/IEMOCAP/data/Ses04F_script01_3_M028.wav,sad,Ses04,M,3.663
Ses04F_script01_3_M029,/mnt/ddn/kyudan/IEMOCAP/data/Ses04F_script01_3_M029.wav,sad,Ses04,M,2.35
Ses04F_script01_3_M030,/mnt/ddn/kyudan/IEMOCAP/data/Ses04F_script01_3_M030.wav,sad,Ses04,M,7.448
Ses04F_script01_3_M031,/mnt/ddn/kyudan/IEMOCAP/data/Ses04F_script01_3_M031.wav,sad,Ses04,M,10.168
Ses04F_script01_3_M032,/mnt/ddn/kyudan/IEMOCAP/data/Ses04F_script01_3_M032.wav,sad,Ses04,M,8.521
Ses04F_script01_3_M033,/mnt/ddn/kyudan/IEMOCAP/data/Ses04F_script01_3_M033.wav,sad,Ses04,M,8.641
Ses04F_script01_3_M034,/mnt/ddn/kyudan/IEMOCAP/data/Ses04F_script01_3_M034.wav,sad,Ses04,M,9.82
Ses04F_script01_3_M035,/mnt/ddn/kyudan/IEMOCAP/data/Ses04F_script01_3_M035.wav,sad,Ses04,M,5.672
Ses04F_script01_3_M036,/mnt/ddn/kyudan/IEMOCAP/data/Ses04F_script01_3_M036.wav,sad,Ses04,M,4.15
Ses04F_script01_3_M039,/mnt/ddn/kyudan/IEMOCAP/data/Ses04F_script01_3_M039.wav,sad,Ses04,M,4.384
Ses04F_script01_3_M040,/mnt/ddn/kyudan/IEMOCAP/data/Ses04F_script01_3_M040.wav,sad,Ses04,M,8.434
Ses04F_script01_3_M041,/mnt/ddn/kyudan/IEMOCAP/data/Ses04F_script01_3_M041.wav,sad,Ses04,M,7.803
Ses04F_script01_3_M043,/mnt/ddn/kyudan/IEMOCAP/data/Ses04F_script01_3_M043.wav,sad,Ses04,M,9.222
Ses04F_script01_3_M044,/mnt/ddn/kyudan/IEMOCAP/data/Ses04F_script01_3_M044.wav,sad,Ses04,M,7.261
Ses04F_script01_3_M045,/mnt/ddn/kyudan/IEMOCAP/data/Ses04F_script01_3_M045.wav,sad,Ses04,M,3.52
Ses04F_script01_3_M046,/mnt/ddn/kyudan/IEMOCAP/data/Ses04F_script01_3_M046.wav,happy,Ses04,M,2.068
Ses04F_script01_3_M047,/mnt/ddn/kyudan/IEMOCAP/data/Ses04F_script01_3_M047.wav,happy,Ses04,M,4.138
Ses04F_script02_1_F000,/mnt/ddn/kyudan/IEMOCAP/data/Ses04F_script02_1_F000.wav,neutral,Ses04,F,1.59
Ses04F_script02_1_F005,/mnt/ddn/kyudan/IEMOCAP/data/Ses04F_script02_1_F005.wav,sad,Ses04,F,1.3
Ses04F_script02_1_F006,/mnt/ddn/kyudan/IEMOCAP/data/Ses04F_script02_1_F006.wav,sad,Ses04,F,1.432
Ses04F_script02_1_F007,/mnt/ddn/kyudan/IEMOCAP/data/Ses04F_script02_1_F007.wav,angry,Ses04,F,2.303
Ses04F_script02_1_F008,/mnt/ddn/kyudan/IEMOCAP/data/Ses04F_script02_1_F008.wav,angry,Ses04,F,2.62
Ses04F_script02_1_F012,/mnt/ddn/kyudan/IEMOCAP/data/Ses04F_script02_1_F012.wav,angry,Ses04,F,2.81
Ses04F_script02_1_F013,/mnt/ddn/kyudan/IEMOCAP/data/Ses04F_script02_1_F013.wav,angry,Ses04,F,7.87
Ses04F_script02_1_F014,/mnt/ddn/kyudan/IEMOCAP/data/Ses04F_script02_1_F014.wav,angry,Ses04,F,8.1
Ses04F_script02_1_F016,/mnt/ddn/kyudan/IEMOCAP/data/Ses04F_script02_1_F016.wav,angry,Ses04,F,1.829
Ses04F_script02_1_F017,/mnt/ddn/kyudan/IEMOCAP/data/Ses04F_script02_1_F017.wav,angry,Ses04,F,2.001
Ses04F_script02_1_F019,/mnt/ddn/kyudan/IEMOCAP/data/Ses04F_script02_1_F019.wav,angry,Ses04,F,2.32
Ses04F_script02_1_F021,/mnt/ddn/kyudan/IEMOCAP/data/Ses04F_script02_1_F021.wav,angry,Ses04,F,1.68
Ses04F_script02_1_F022,/mnt/ddn/kyudan/IEMOCAP/data/Ses04F_script02_1_F022.wav,angry,Ses04,F,1.89
Ses04F_script02_1_M000,/mnt/ddn/kyudan/IEMOCAP/data/Ses04F_script02_1_M000.wav,happy,Ses04,M,6.848
Ses04F_script02_1_M002,/mnt/ddn/kyudan/IEMOCAP/data/Ses04F_script02_1_M002.wav,happy,Ses04,M,5.04
Ses04F_script02_1_M009,/mnt/ddn/kyudan/IEMOCAP/data/Ses04F_script02_1_M009.wav,happy,Ses04,M,8.408
Ses04F_script02_1_M010,/mnt/ddn/kyudan/IEMOCAP/data/Ses04F_script02_1_M010.wav,neutral,Ses04,M,7.667
Ses04F_script02_1_M011,/mnt/ddn/kyudan/IEMOCAP/data/Ses04F_script02_1_M011.wav,happy,Ses04,M,6.365
Ses04F_script02_1_M014,/mnt/ddn/kyudan/IEMOCAP/data/Ses04F_script02_1_M014.wav,happy,Ses04,M,1.57
Ses04F_script02_1_M017,/mnt/ddn/kyudan/IEMOCAP/data/Ses04F_script02_1_M017.wav,neutral,Ses04,M,2.335
Ses04F_script02_1_M021,/mnt/ddn/kyudan/IEMOCAP/data/Ses04F_script02_1_M021.wav,happy,Ses04,M,7.603
Ses04F_script02_1_M023,/mnt/ddn/kyudan/IEMOCAP/data/Ses04F_script02_1_M023.wav,happy,Ses04,M,3.88
Ses04F_script02_1_M026,/mnt/ddn/kyudan/IEMOCAP/data/Ses04F_script02_1_M026.wav,happy,Ses04,M,8.79
Ses04F_script02_1_M031,/mnt/ddn/kyudan/IEMOCAP/data/Ses04F_script02_1_M031.wav,angry,Ses04,M,3.982
Ses04F_script02_1_M032,/mnt/ddn/kyudan/IEMOCAP/data/Ses04F_script02_1_M032.wav,happy,Ses04,M,7.752
Ses04F_script02_1_M033,/mnt/ddn/kyudan/IEMOCAP/data/Ses04F_script02_1_M033.wav,happy,Ses04,M,8.004
Ses04F_script02_1_M034,/mnt/ddn/kyudan/IEMOCAP/data/Ses04F_script02_1_M034.wav,happy,Ses04,M,9.549
Ses04F_script02_1_M035,/mnt/ddn/kyudan/IEMOCAP/data/Ses04F_script02_1_M035.wav,happy,Ses04,M,11.869
Ses04F_script02_1_M036,/mnt/ddn/kyudan/IEMOCAP/data/Ses04F_script02_1_M036.wav,happy,Ses04,M,4.581
Ses04F_script02_1_M037,/mnt/ddn/kyudan/IEMOCAP/data/Ses04F_script02_1_M037.wav,happy,Ses04,M,5.155
Ses04F_script02_1_M038,/mnt/ddn/kyudan/IEMOCAP/data/Ses04F_script02_1_M038.wav,happy,Ses04,M,10.106
Ses04F_script02_1_M039,/mnt/ddn/kyudan/IEMOCAP/data/Ses04F_script02_1_M039.wav,happy,Ses04,M,5.25
Ses04F_script02_1_M040,/mnt/ddn/kyudan/IEMOCAP/data/Ses04F_script02_1_M040.wav,happy,Ses04,M,4.38
Ses04F_script02_1_M041,/mnt/ddn/kyudan/IEMOCAP/data/Ses04F_script02_1_M041.wav,happy,Ses04,M,1.87
Ses04F_script02_1_M042,/mnt/ddn/kyudan/IEMOCAP/data/Ses04F_script02_1_M042.wav,happy,Ses04,M,1.94
Ses04F_script02_2_F002,/mnt/ddn/kyudan/IEMOCAP/data/Ses04F_script02_2_F002.wav,angry,Ses04,F,7.33
Ses04F_script02_2_F005,/mnt/ddn/kyudan/IEMOCAP/data/Ses04F_script02_2_F005.wav,angry,Ses04,F,8.186
Ses04F_script02_2_F006,/mnt/ddn/kyudan/IEMOCAP/data/Ses04F_script02_2_F006.wav,angry,Ses04,F,4.5
Ses04F_script02_2_F007,/mnt/ddn/kyudan/IEMOCAP/data/Ses04F_script02_2_F007.wav,angry,Ses04,F,3.82
Ses04F_script02_2_F008,/mnt/ddn/kyudan/IEMOCAP/data/Ses04F_script02_2_F008.wav,neutral,Ses04,F,4.199
Ses04F_script02_2_F009,/mnt/ddn/kyudan/IEMOCAP/data/Ses04F_script02_2_F009.wav,angry,Ses04,F,3.86
Ses04F_script02_2_F010,/mnt/ddn/kyudan/IEMOCAP/data/Ses04F_script02_2_F010.wav,angry,Ses04,F,3.479
Ses04F_script02_2_F011,/mnt/ddn/kyudan/IEMOCAP/data/Ses04F_script02_2_F011.wav,angry,Ses04,F,3.38
Ses04F_script02_2_F013,/mnt/ddn/kyudan/IEMOCAP/data/Ses04F_script02_2_F013.wav,angry,Ses04,F,9.073
Ses04F_script02_2_F014,/mnt/ddn/kyudan/IEMOCAP/data/Ses04F_script02_2_F014.wav,angry,Ses04,F,2.861
Ses04F_script02_2_F019,/mnt/ddn/kyudan/IEMOCAP/data/Ses04F_script02_2_F019.wav,sad,Ses04,F,9.543
Ses04F_script02_2_F020,/mnt/ddn/kyudan/IEMOCAP/data/Ses04F_script02_2_F020.wav,sad,Ses04,F,7.78
Ses04F_script02_2_F021,/mnt/ddn/kyudan/IEMOCAP/data/Ses04F_script02_2_F021.wav,sad,Ses04,F,5.714
Ses04F_script02_2_F022,/mnt/ddn/kyudan/IEMOCAP/data/Ses04F_script02_2_F022.wav,sad,Ses04,F,9.7
Ses04F_script02_2_F023,/mnt/ddn/kyudan/IEMOCAP/data/Ses04F_script02_2_F023.wav,sad,Ses04,F,3.83
Ses04F_script02_2_F024,/mnt/ddn/kyudan/IEMOCAP/data/Ses04F_script02_2_F024.wav,sad,Ses04,F,5.59
Ses04F_script02_2_F025,/mnt/ddn/kyudan/IEMOCAP/data/Ses04F_script02_2_F025.wav,neutral,Ses04,F,1.62
Ses04F_script02_2_F026,/mnt/ddn/kyudan/IEMOCAP/data/Ses04F_script02_2_F026.wav,sad,Ses04,F,1.26
Ses04F_script02_2_F031,/mnt/ddn/kyudan/IEMOCAP/data/Ses04F_script02_2_F031.wav,angry,Ses04,F,1.35
Ses04F_script02_2_F033,/mnt/ddn/kyudan/IEMOCAP/data/Ses04F_script02_2_F033.wav,angry,Ses04,F,3.69
Ses04F_script02_2_F034,/mnt/ddn/kyudan/IEMOCAP/data/Ses04F_script02_2_F034.wav,angry,Ses04,F,5.64
Ses04F_script02_2_F036,/mnt/ddn/kyudan/IEMOCAP/data/Ses04F_script02_2_F036.wav,sad,Ses04,F,10.827
Ses04F_script02_2_F037,/mnt/ddn/kyudan/IEMOCAP/data/Ses04F_script02_2_F037.wav,sad,Ses04,F,13.625
Ses04F_script02_2_F041,/mnt/ddn/kyudan/IEMOCAP/data/Ses04F_script02_2_F041.wav,sad,Ses04,F,3.681
Ses04F_script02_2_F042,/mnt/ddn/kyudan/IEMOCAP/data/Ses04F_script02_2_F042.wav,happy,Ses04,F,6.041
Ses04F_script02_2_F043,/mnt/ddn/kyudan/IEMOCAP/data/Ses04F_script02_2_F043.wav,happy,Ses04,F,7.842
Ses04F_script02_2_F044,/mnt/ddn/kyudan/IEMOCAP/data/Ses04F_script02_2_F044.wav,happy,Ses04,F,3.296
Ses04F_script02_2_F045,/mnt/ddn/kyudan/IEMOCAP/data/Ses04F_script02_2_F045.wav,happy,Ses04,F,3.31
Ses04F_script02_2_F046,/mnt/ddn/kyudan/IEMOCAP/data/Ses04F_script02_2_F046.wav,happy,Ses04,F,10.027
Ses04F_script02_2_F047,/mnt/ddn/kyudan/IEMOCAP/data/Ses04F_script02_2_F047.wav,happy,Ses04,F,2.029
Ses04F_script02_2_M000,/mnt/ddn/kyudan/IEMOCAP/data/Ses04F_script02_2_M000.wav,neutral,Ses04,M,2.95
Ses04F_script02_2_M001,/mnt/ddn/kyudan/IEMOCAP/data/Ses04F_script02_2_M001.wav,happy,Ses04,M,1.52
Ses04F_script02_2_M019,/mnt/ddn/kyudan/IEMOCAP/data/Ses04F_script02_2_M019.wav,neutral,Ses04,M,1.84
Ses04F_script02_2_M020,/mnt/ddn/kyudan/IEMOCAP/data/Ses04F_script02_2_M020.wav,neutral,Ses04,M,12.0
Ses04F_script02_2_M021,/mnt/ddn/kyudan/IEMOCAP/data/Ses04F_script02_2_M021.wav,happy,Ses04,M,4.29
Ses04F_script02_2_M022,/mnt/ddn/kyudan/IEMOCAP/data/Ses04F_script02_2_M022.wav,happy,Ses04,M,7.723
Ses04F_script02_2_M023,/mnt/ddn/kyudan/IEMOCAP/data/Ses04F_script02_2_M023.wav,neutral,Ses04,M,1.93
Ses04F_script02_2_M024,/mnt/ddn/kyudan/IEMOCAP/data/Ses04F_script02_2_M024.wav,happy,Ses04,M,1.76
Ses04F_script02_2_M037,/mnt/ddn/kyudan/IEMOCAP/data/Ses04F_script02_2_M037.wav,sad,Ses04,M,1.38
Ses04F_script02_2_M040,/mnt/ddn/kyudan/IEMOCAP/data/Ses04F_script02_2_M040.wav,sad,Ses04,M,3.036
Ses04F_script02_2_M041,/mnt/ddn/kyudan/IEMOCAP/data/Ses04F_script02_2_M041.wav,sad,Ses04,M,5.822
Ses04F_script02_2_M043,/mnt/ddn/kyudan/IEMOCAP/data/Ses04F_script02_2_M043.wav,neutral,Ses04,M,3.708
Ses04F_script02_2_M044,/mnt/ddn/kyudan/IEMOCAP/data/Ses04F_script02_2_M044.wav,neutral,Ses04,M,5.735
Ses04F_script02_2_M045,/mnt/ddn/kyudan/IEMOCAP/data/Ses04F_script02_2_M045.wav,happy,Ses04,M,4.29
Ses04F_script02_2_M046,/mnt/ddn/kyudan/IEMOCAP/data/Ses04F_script02_2_M046.wav,happy,Ses04,M,4.09
Ses04F_script02_2_M047,/mnt/ddn/kyudan/IEMOCAP/data/Ses04F_script02_2_M047.wav,neutral,Ses04,M,1.98
Ses04F_script02_2_M048,/mnt/ddn/kyudan/IEMOCAP/data/Ses04F_script02_2_M048.wav,happy,Ses04,M,4.231
Ses04F_script02_2_M049,/mnt/ddn/kyudan/IEMOCAP/data/Ses04F_script02_2_M049.wav,happy,Ses04,M,5.45
Ses04F_script02_2_M050,/mnt/ddn/kyudan/IEMOCAP/data/Ses04F_script02_2_M050.wav,happy,Ses04,M,1.62
Ses04F_script03_1_F005,/mnt/ddn/kyudan/IEMOCAP/data/Ses04F_script03_1_F005.wav,happy,Ses04,F,4.555
Ses04F_script03_1_F006,/mnt/ddn/kyudan/IEMOCAP/data/Ses04F_script03_1_F006.wav,happy,Ses04,F,2.04
Ses04F_script03_1_F007,/mnt/ddn/kyudan/IEMOCAP/data/Ses04F_script03_1_F007.wav,happy,Ses04,F,2.54
Ses04F_script03_1_F009,/mnt/ddn/kyudan/IEMOCAP/data/Ses04F_script03_1_F009.wav,happy,Ses04,F,2.68
Ses04F_script03_1_F010,/mnt/ddn/kyudan/IEMOCAP/data/Ses04F_script03_1_F010.wav,sad,Ses04,F,2.73
Ses04F_script03_1_F011,/mnt/ddn/kyudan/IEMOCAP/data/Ses04F_script03_1_F011.wav,happy,Ses04,F,2.89
Ses04F_script03_1_F012,/mnt/ddn/kyudan/IEMOCAP/data/Ses04F_script03_1_F012.wav,neutral,Ses04,F,1.45
Ses04F_script03_1_F013,/mnt/ddn/kyudan/IEMOCAP/data/Ses04F_script03_1_F013.wav,happy,Ses04,F,3.38
Ses04F_script03_1_F014,/mnt/ddn/kyudan/IEMOCAP/data/Ses04F_script03_1_F014.wav,happy,Ses04,F,5.29
Ses04F_script03_1_F015,/mnt/ddn/kyudan/IEMOCAP/data/Ses04F_script03_1_F015.wav,happy,Ses04,F,3.093
Ses04F_script03_1_F016,/mnt/ddn/kyudan/IEMOCAP/data/Ses04F_script03_1_F016.wav,happy,Ses04,F,2.316
Ses04F_script03_1_F017,/mnt/ddn/kyudan/IEMOCAP/data/Ses04F_script03_1_F017.wav,neutral,Ses04,F,4.43
Ses04F_script03_1_F018,/mnt/ddn/kyudan/IEMOCAP/data/Ses04F_script03_1_F018.wav,happy,Ses04,F,2.47
Ses04F_script03_1_F019,/mnt/ddn/kyudan/IEMOCAP/data/Ses04F_script03_1_F019.wav,happy,Ses04,F,2.99
Ses04F_script03_1_F020,/mnt/ddn/kyudan/IEMOCAP/data/Ses04F_script03_1_F020.wav,happy,Ses04,F,2.73
Ses04F_script03_1_F021,/mnt/ddn/kyudan/IEMOCAP/data/Ses04F_script03_1_F021.wav,happy,Ses04,F,7.368
Ses04F_script03_1_F022,/mnt/ddn/kyudan/IEMOCAP/data/Ses04F_script03_1_F022.wav,happy,Ses04,F,1.92
Ses04F_script03_1_F023,/mnt/ddn/kyudan/IEMOCAP/data/Ses04F_script03_1_F023.wav,happy,Ses04,F,5.18
Ses04F_script03_1_F024,/mnt/ddn/kyudan/IEMOCAP/data/Ses04F_script03_1_F024.wav,happy,Ses04,F,5.43
Ses04F_script03_1_F025,/mnt/ddn/kyudan/IEMOCAP/data/Ses04F_script03_1_F025.wav,happy,Ses04,F,2.86
Ses04F_script03_1_F026,/mnt/ddn/kyudan/IEMOCAP/data/Ses04F_script03_1_F026.wav,happy,Ses04,F,3.98
Ses04F_script03_1_F027,/mnt/ddn/kyudan/IEMOCAP/data/Ses04F_script03_1_F027.wav,happy,Ses04,F,2.82
Ses04F_script03_1_F028,/mnt/ddn/kyudan/IEMOCAP/data/Ses04F_script03_1_F028.wav,happy,Ses04,F,5.64
Ses04F_script03_1_F029,/mnt/ddn/kyudan/IEMOCAP/data/Ses04F_script03_1_F029.wav,happy,Ses04,F,3.79
Ses04F_script03_1_F030,/mnt/ddn/kyudan/IEMOCAP/data/Ses04F_script03_1_F030.wav,happy,Ses04,F,2.04
Ses04F_script03_1_M006,/mnt/ddn/kyudan/IEMOCAP/data/Ses04F_script03_1_M006.wav,happy,Ses04,M,3.369
Ses04F_script03_1_M007,/mnt/ddn/kyudan/IEMOCAP/data/Ses04F_script03_1_M007.wav,happy,Ses04,M,1.74
Ses04F_script03_1_M008,/mnt/ddn/kyudan/IEMOCAP/data/Ses04F_script03_1_M008.wav,happy,Ses04,M,4.07
Ses04F_script03_1_M009,/mnt/ddn/kyudan/IEMOCAP/data/Ses04F_script03_1_M009.wav,neutral,Ses04,M,2.08
Ses04F_script03_1_M010,/mnt/ddn/kyudan/IEMOCAP/data/Ses04F_script03_1_M010.wav,happy,Ses04,M,3.42
Ses04F_script03_1_M011,/mnt/ddn/kyudan/IEMOCAP/data/Ses04F_script03_1_M011.wav,happy,Ses04,M,7.29
Ses04F_script03_1_M012,/mnt/ddn/kyudan/IEMOCAP/data/Ses04F_script03_1_M012.wav,happy,Ses04,M,4.09
Ses04F_script03_1_M013,/mnt/ddn/kyudan/IEMOCAP/data/Ses04F_script03_1_M013.wav,happy,Ses04,M,3.15
Ses04F_script03_1_M014,/mnt/ddn/kyudan/IEMOCAP/data/Ses04F_script03_1_M014.wav,happy,Ses04,M,5.208
Ses04F_script03_1_M015,/mnt/ddn/kyudan/IEMOCAP/data/Ses04F_script03_1_M015.wav,happy,Ses04,M,3.57
Ses04F_script03_1_M016,/mnt/ddn/kyudan/IEMOCAP/data/Ses04F_script03_1_M016.wav,happy,Ses04,M,2.77
Ses04F_script03_1_M017,/mnt/ddn/kyudan/IEMOCAP/data/Ses04F_script03_1_M017.wav,neutral,Ses04,M,3.856
Ses04F_script03_1_M018,/mnt/ddn/kyudan/IEMOCAP/data/Ses04F_script03_1_M018.wav,happy,Ses04,M,3.08
Ses04F_script03_1_M019,/mnt/ddn/kyudan/IEMOCAP/data/Ses04F_script03_1_M019.wav,happy,Ses04,M,2.625
Ses04F_script03_1_M020,/mnt/ddn/kyudan/IEMOCAP/data/Ses04F_script03_1_M020.wav,happy,Ses04,M,3.52
Ses04F_script03_1_M021,/mnt/ddn/kyudan/IEMOCAP/data/Ses04F_script03_1_M021.wav,happy,Ses04,M,5.5
Ses04F_script03_1_M022,/mnt/ddn/kyudan/IEMOCAP/data/Ses04F_script03_1_M022.wav,happy,Ses04,M,5.188
Ses04F_script03_1_M023,/mnt/ddn/kyudan/IEMOCAP/data/Ses04F_script03_1_M023.wav,happy,Ses04,M,6.695
Ses04F_script03_1_M024,/mnt/ddn/kyudan/IEMOCAP/data/Ses04F_script03_1_M024.wav,happy,Ses04,M,7.13
Ses04F_script03_1_M025,/mnt/ddn/kyudan/IEMOCAP/data/Ses04F_script03_1_M025.wav,happy,Ses04,M,5.46
Ses04F_script03_1_M026,/mnt/ddn/kyudan/IEMOCAP/data/Ses04F_script03_1_M026.wav,happy,Ses04,M,9.491
Ses04F_script03_1_M027,/mnt/ddn/kyudan/IEMOCAP/data/Ses04F_script03_1_M027.wav,neutral,Ses04,M,2.482
Ses04F_script03_1_M028,/mnt/ddn/kyudan/IEMOCAP/data/Ses04F_script03_1_M028.wav,neutral,Ses04,M,5.03
Ses04F_script03_1_M029,/mnt/ddn/kyudan/IEMOCAP/data/Ses04F_script03_1_M029.wav,neutral,Ses04,M,1.89
Ses04F_script03_1_M030,/mnt/ddn/kyudan/IEMOCAP/data/Ses04F_script03_1_M030.wav,neutral,Ses04,M,1.87
Ses04F_script03_1_M031,/mnt/ddn/kyudan/IEMOCAP/data/Ses04F_script03_1_M031.wav,neutral,Ses04,M,5.32
Ses04F_script03_1_M032,/mnt/ddn/kyudan/IEMOCAP/data/Ses04F_script03_1_M032.wav,happy,Ses04,M,4.18
Ses04F_script03_1_M033,/mnt/ddn/kyudan/IEMOCAP/data/Ses04F_script03_1_M033.wav,happy,Ses04,M,2.75
Ses04F_script03_1_M034,/mnt/ddn/kyudan/IEMOCAP/data/Ses04F_script03_1_M034.wav,happy,Ses04,M,2.37
Ses04F_script03_1_M035,/mnt/ddn/kyudan/IEMOCAP/data/Ses04F_script03_1_M035.wav,happy,Ses04,M,2.14
Ses04F_script03_1_M036,/mnt/ddn/kyudan/IEMOCAP/data/Ses04F_script03_1_M036.wav,happy,Ses04,M,3.57
Ses04F_script03_2_F000,/mnt/ddn/kyudan/IEMOCAP/data/Ses04F_script03_2_F000.wav,happy,Ses04,F,3.27
Ses04F_script03_2_F001,/mnt/ddn/kyudan/IEMOCAP/data/Ses04F_script03_2_F001.wav,happy,Ses04,F,2.76
Ses04F_script03_2_F002,/mnt/ddn/kyudan/IEMOCAP/data/Ses04F_script03_2_F002.wav,happy,Ses04,F,4.9
Ses04F_script03_2_F003,/mnt/ddn/kyudan/IEMOCAP/data/Ses04F_script03_2_F003.wav,happy,Ses04,F,4.19
Ses04F_script03_2_F004,/mnt/ddn/kyudan/IEMOCAP/data/Ses04F_script03_2_F004.wav,happy,Ses04,F,2.89
Ses04F_script03_2_F005,/mnt/ddn/kyudan/IEMOCAP/data/Ses04F_script03_2_F005.wav,angry,Ses04,F,1.85
Ses04F_script03_2_F006,/mnt/ddn/kyudan/IEMOCAP/data/Ses04F_script03_2_F006.wav,happy,Ses04,F,3.86
Ses04F_script03_2_F007,/mnt/ddn/kyudan/IEMOCAP/data/Ses04F_script03_2_F007.wav,happy,Ses04,F,4.17
Ses04F_script03_2_F012,/mnt/ddn/kyudan/IEMOCAP/data/Ses04F_script03_2_F012.wav,angry,Ses04,F,2.431
Ses04F_script03_2_F013,/mnt/ddn/kyudan/IEMOCAP/data/Ses04F_script03_2_F013.wav,angry,Ses04,F,1.84
Ses04F_script03_2_F014,/mnt/ddn/kyudan/IEMOCAP/data/Ses04F_script03_2_F014.wav,angry,Ses04,F,1.14
Ses04F_script03_2_F019,/mnt/ddn/kyudan/IEMOCAP/data/Ses04F_script03_2_F019.wav,angry,Ses04,F,3.47
Ses04F_script03_2_F020,/mnt/ddn/kyudan/IEMOCAP/data/Ses04F_script03_2_F020.wav,angry,Ses04,F,2.3
Ses04F_script03_2_F021,/mnt/ddn/kyudan/IEMOCAP/data/Ses04F_script03_2_F021.wav,angry,Ses04,F,1.32
Ses04F_script03_2_F022,/mnt/ddn/kyudan/IEMOCAP/data/Ses04F_script03_2_F022.wav,angry,Ses04,F,6.46
Ses04F_script03_2_F023,/mnt/ddn/kyudan/IEMOCAP/data/Ses04F_script03_2_F023.wav,angry,Ses04,F,2.64
Ses04F_script03_2_F024,/mnt/ddn/kyudan/IEMOCAP/data/Ses04F_script03_2_F024.wav,angry,Ses04,F,1.949
Ses04F_script03_2_F025,/mnt/ddn/kyudan/IEMOCAP/data/Ses04F_script03_2_F025.wav,angry,Ses04,F,3.946
Ses04F_script03_2_F026,/mnt/ddn/kyudan/IEMOCAP/data/Ses04F_script03_2_F026.wav,angry,Ses04,F,3.053
Ses04F_script03_2_F027,/mnt/ddn/kyudan/IEMOCAP/data/Ses04F_script03_2_F027.wav,angry,Ses04,F,5.18
Ses04F_script03_2_F028,/mnt/ddn/kyudan/IEMOCAP/data/Ses04F_script03_2_F028.wav,angry,Ses04,F,2.17
Ses04F_script03_2_F029,/mnt/ddn/kyudan/IEMOCAP/data/Ses04F_script03_2_F029.wav,angry,Ses04,F,3.88
Ses04F_script03_2_F030,/mnt/ddn/kyudan/IEMOCAP/data/Ses04F_script03_2_F030.wav,angry,Ses04,F,2.73
Ses04F_script03_2_F031,/mnt/ddn/kyudan/IEMOCAP/data/Ses04F_script03_2_F031.wav,angry,Ses04,F,3.28
Ses04F_script03_2_F034,/mnt/ddn/kyudan/IEMOCAP/data/Ses04F_script03_2_F034.wav,angry,Ses04,F,3.51
Ses04F_script03_2_F035,/mnt/ddn/kyudan/IEMOCAP/data/Ses04F_script03_2_F035.wav,angry,Ses04,F,3.49
Ses04F_script03_2_F036,/mnt/ddn/kyudan/IEMOCAP/data/Ses04F_script03_2_F036.wav,angry,Ses04,F,3.21
Ses04F_script03_2_F037,/mnt/ddn/kyudan/IEMOCAP/data/Ses04F_script03_2_F037.wav,angry,Ses04,F,5.68
Ses04F_script03_2_F038,/mnt/ddn/kyudan/IEMOCAP/data/Ses04F_script03_2_F038.wav,angry,Ses04,F,1.39
Ses04F_script03_2_F039,/mnt/ddn/kyudan/IEMOCAP/data/Ses04F_script03_2_F039.wav,angry,Ses04,F,6.1
Ses04F_script03_2_F040,/mnt/ddn/kyudan/IEMOCAP/data/Ses04F_script03_2_F040.wav,angry,Ses04,F,2.68
Ses04F_script03_2_F041,/mnt/ddn/kyudan/IEMOCAP/data/Ses04F_script03_2_F041.wav,angry,Ses04,F,1.98
Ses04F_script03_2_F042,/mnt/ddn/kyudan/IEMOCAP/data/Ses04F_script03_2_F042.wav,angry,Ses04,F,2.861
Ses04F_script03_2_F043,/mnt/ddn/kyudan/IEMOCAP/data/Ses04F_script03_2_F043.wav,angry,Ses04,F,6.59
Ses04F_script03_2_F044,/mnt/ddn/kyudan/IEMOCAP/data/Ses04F_script03_2_F044.wav,angry,Ses04,F,5.71
Ses04F_script03_2_M000,/mnt/ddn/kyudan/IEMOCAP/data/Ses04F_script03_2_M000.wav,neutral,Ses04,M,4.17
Ses04F_script03_2_M001,/mnt/ddn/kyudan/IEMOCAP/data/Ses04F_script03_2_M001.wav,angry,Ses04,M,4.175
Ses04F_script03_2_M003,/mnt/ddn/kyudan/IEMOCAP/data/Ses04F_script03_2_M003.wav,angry,Ses04,M,3.3
Ses04F_script03_2_M005,/mnt/ddn/kyudan/IEMOCAP/data/Ses04F_script03_2_M005.wav,angry,Ses04,M,2.28
Ses04F_script03_2_M006,/mnt/ddn/kyudan/IEMOCAP/data/Ses04F_script03_2_M006.wav,angry,Ses04,M,1.97
Ses04F_script03_2_M007,/mnt/ddn/kyudan/IEMOCAP/data/Ses04F_script03_2_M007.wav,angry,Ses04,M,1.68
Ses04F_script03_2_M008,/mnt/ddn/kyudan/IEMOCAP/data/Ses04F_script03_2_M008.wav,angry,Ses04,M,2.41
Ses04F_script03_2_M010,/mnt/ddn/kyudan/IEMOCAP/data/Ses04F_script03_2_M010.wav,neutral,Ses04,M,2.33
Ses04F_script03_2_M014,/mnt/ddn/kyudan/IEMOCAP/data/Ses04F_script03_2_M014.wav,angry,Ses04,M,1.64
Ses04F_script03_2_M015,/mnt/ddn/kyudan/IEMOCAP/data/Ses04F_script03_2_M015.wav,angry,Ses04,M,1.826
Ses04F_script03_2_M016,/mnt/ddn/kyudan/IEMOCAP/data/Ses04F_script03_2_M016.wav,angry,Ses04,M,3.483
Ses04F_script03_2_M022,/mnt/ddn/kyudan/IEMOCAP/data/Ses04F_script03_2_M022.wav,happy,Ses04,M,4.58
Ses04F_script03_2_M023,/mnt/ddn/kyudan/IEMOCAP/data/Ses04F_script03_2_M023.wav,happy,Ses04,M,1.41
Ses04F_script03_2_M024,/mnt/ddn/kyudan/IEMOCAP/data/Ses04F_script03_2_M024.wav,neutral,Ses04,M,2.92
Ses04F_script03_2_M027,/mnt/ddn/kyudan/IEMOCAP/data/Ses04F_script03_2_M027.wav,angry,Ses04,M,2.4
Ses04F_script03_2_M031,/mnt/ddn/kyudan/IEMOCAP/data/Ses04F_script03_2_M031.wav,angry,Ses04,M,3.53
Ses04F_script03_2_M034,/mnt/ddn/kyudan/IEMOCAP/data/Ses04F_script03_2_M034.wav,angry,Ses04,M,2.41
Ses04F_script03_2_M035,/mnt/ddn/kyudan/IEMOCAP/data/Ses04F_script03_2_M035.wav,angry,Ses04,M,3.12
Ses04F_script03_2_M037,/mnt/ddn/kyudan/IEMOCAP/data/Ses04F_script03_2_M037.wav,angry,Ses04,M,2.29
Ses04F_script03_2_M039,/mnt/ddn/kyudan/IEMOCAP/data/Ses04F_script03_2_M039.wav,angry,Ses04,M,1.35
Ses04F_script03_2_M040,/mnt/ddn/kyudan/IEMOCAP/data/Ses04F_script03_2_M040.wav,angry,Ses04,M,2.308
Ses04F_script03_2_M041,/mnt/ddn/kyudan/IEMOCAP/data/Ses04F_script03_2_M041.wav,angry,Ses04,M,6.633
Ses04F_script03_2_M042,/mnt/ddn/kyudan/IEMOCAP/data/Ses04F_script03_2_M042.wav,angry,Ses04,M,2.78
Ses04F_script03_2_M043,/mnt/ddn/kyudan/IEMOCAP/data/Ses04F_script03_2_M043.wav,angry,Ses04,M,1.32
Ses04F_script03_2_M044,/mnt/ddn/kyudan/IEMOCAP/data/Ses04F_script03_2_M044.wav,angry,Ses04,M,4.88
Ses04F_script03_2_M045,/mnt/ddn/kyudan/IEMOCAP/data/Ses04F_script03_2_M045.wav,angry,Ses04,M,7.4
Ses04M_impro01_F000,/mnt/ddn/kyudan/IEMOCAP/data/Ses04M_impro01_F000.wav,neutral,Ses04,F,2.24
Ses04M_impro01_F001,/mnt/ddn/kyudan/IEMOCAP/data/Ses04M_impro01_F001.wav,neutral,Ses04,F,2.81
Ses04M_impro01_F002,/mnt/ddn/kyudan/IEMOCAP/data/Ses04M_impro01_F002.wav,neutral,Ses04,F,5.15
Ses04M_impro01_F012,/mnt/ddn/kyudan/IEMOCAP/data/Ses04M_impro01_F012.wav,neutral,Ses04,F,3.26
Ses04M_impro01_F018,/mnt/ddn/kyudan/IEMOCAP/data/Ses04M_impro01_F018.wav,angry,Ses04,F,4.41
Ses04M_impro01_F019,/mnt/ddn/kyudan/IEMOCAP/data/Ses04M_impro01_F019.wav,angry,Ses04,F,4.432
Ses04M_impro01_F021,/mnt/ddn/kyudan/IEMOCAP/data/Ses04M_impro01_F021.wav,angry,Ses04,F,4.003
Ses04M_impro01_M000,/mnt/ddn/kyudan/IEMOCAP/data/Ses04M_impro01_M000.wav,neutral,Ses04,M,11.33
Ses04M_impro01_M003,/mnt/ddn/kyudan/IEMOCAP/data/Ses04M_impro01_M003.wav,neutral,Ses04,M,1.32
Ses04M_impro01_M015,/mnt/ddn/kyudan/IEMOCAP/data/Ses04M_impro01_M015.wav,angry,Ses04,M,6.58
Ses04M_impro01_M018,/mnt/ddn/kyudan/IEMOCAP/data/Ses04M_impro01_M018.wav,angry,Ses04,M,1.777
Ses04M_impro01_M024,/mnt/ddn/kyudan/IEMOCAP/data/Ses04M_impro01_M024.wav,angry,Ses04,M,4.02
Ses04M_impro02_F000,/mnt/ddn/kyudan/IEMOCAP/data/Ses04M_impro02_F000.wav,sad,Ses04,F,4.54
Ses04M_impro02_F001,/mnt/ddn/kyudan/IEMOCAP/data/Ses04M_impro02_F001.wav,sad,Ses04,F,3.566
Ses04M_impro02_F003,/mnt/ddn/kyudan/IEMOCAP/data/Ses04M_impro02_F003.wav,sad,Ses04,F,5.01
Ses04M_impro02_F009,/mnt/ddn/kyudan/IEMOCAP/data/Ses04M_impro02_F009.wav,sad,Ses04,F,6.59
Ses04M_impro02_F020,/mnt/ddn/kyudan/IEMOCAP/data/Ses04M_impro02_F020.wav,sad,Ses04,F,2.406
Ses04M_impro02_F021,/mnt/ddn/kyudan/IEMOCAP/data/Ses04M_impro02_F021.wav,angry,Ses04,F,4.95
Ses04M_impro02_F030,/mnt/ddn/kyudan/IEMOCAP/data/Ses04M_impro02_F030.wav,sad,Ses04,F,4.022
Ses04M_impro02_F031,/mnt/ddn/kyudan/IEMOCAP/data/Ses04M_impro02_F031.wav,angry,Ses04,F,2.79
Ses04M_impro02_M000,/mnt/ddn/kyudan/IEMOCAP/data/Ses04M_impro02_M000.wav,sad,Ses04,M,3.62
Ses04M_impro02_M001,/mnt/ddn/kyudan/IEMOCAP/data/Ses04M_impro02_M001.wav,sad,Ses04,M,3.68
Ses04M_impro02_M008,/mnt/ddn/kyudan/IEMOCAP/data/Ses04M_impro02_M008.wav,neutral,Ses04,M,3.88
Ses04M_impro03_F000,/mnt/ddn/kyudan/IEMOCAP/data/Ses04M_impro03_F000.wav,happy,Ses04,F,2.0
Ses04M_impro03_F001,/mnt/ddn/kyudan/IEMOCAP/data/Ses04M_impro03_F001.wav,happy,Ses04,F,2.96
Ses04M_impro03_F002,/mnt/ddn/kyudan/IEMOCAP/data/Ses04M_impro03_F002.wav,happy,Ses04,F,3.82
Ses04M_impro03_F003,/mnt/ddn/kyudan/IEMOCAP/data/Ses04M_impro03_F003.wav,happy,Ses04,F,5.215
Ses04M_impro03_F004,/mnt/ddn/kyudan/IEMOCAP/data/Ses04M_impro03_F004.wav,happy,Ses04,F,1.75
Ses04M_impro03_F005,/mnt/ddn/kyudan/IEMOCAP/data/Ses04M_impro03_F005.wav,happy,Ses04,F,3.42
Ses04M_impro03_F006,/mnt/ddn/kyudan/IEMOCAP/data/Ses04M_impro03_F006.wav,happy,Ses04,F,6.21
Ses04M_impro03_F007,/mnt/ddn/kyudan/IEMOCAP/data/Ses04M_impro03_F007.wav,happy,Ses04,F,1.93
Ses04M_impro03_F008,/mnt/ddn/kyudan/IEMOCAP/data/Ses04M_impro03_F008.wav,happy,Ses04,F,3.51
Ses04M_impro03_F009,/mnt/ddn/kyudan/IEMOCAP/data/Ses04M_impro03_F009.wav,happy,Ses04,F,4.57
Ses04M_impro03_F010,/mnt/ddn/kyudan/IEMOCAP/data/Ses04M_impro03_F010.wav,happy,Ses04,F,2.395
Ses04M_impro03_F011,/mnt/ddn/kyudan/IEMOCAP/data/Ses04M_impro03_F011.wav,happy,Ses04,F,4.76
Ses04M_impro03_F012,/mnt/ddn/kyudan/IEMOCAP/data/Ses04M_impro03_F012.wav,happy,Ses04,F,2.56
Ses04M_impro03_F013,/mnt/ddn/kyudan/IEMOCAP/data/Ses04M_impro03_F013.wav,happy,Ses04,F,1.62
Ses04M_impro03_F014,/mnt/ddn/kyudan/IEMOCAP/data/Ses04M_impro03_F014.wav,happy,Ses04,F,6.62
Ses04M_impro03_F015,/mnt/ddn/kyudan/IEMOCAP/data/Ses04M_impro03_F015.wav,happy,Ses04,F,3.78
Ses04M_impro03_F016,/mnt/ddn/kyudan/IEMOCAP/data/Ses04M_impro03_F016.wav,happy,Ses04,F,3.1
Ses04M_impro03_F017,/mnt/ddn/kyudan/IEMOCAP/data/Ses04M_impro03_F017.wav,happy,Ses04,F,4.93
Ses04M_impro03_F018,/mnt/ddn/kyudan/IEMOCAP/data/Ses04M_impro03_F018.wav,happy,Ses04,F,2.05
Ses04M_impro03_F019,/mnt/ddn/kyudan/IEMOCAP/data/Ses04M_impro03_F019.wav,happy,Ses04,F,3.93
Ses04M_impro03_F020,/mnt/ddn/kyudan/IEMOCAP/data/Ses04M_impro03_F020.wav,happy,Ses04,F,2.47
Ses04M_impro03_F021,/mnt/ddn/kyudan/IEMOCAP/data/Ses04M_impro03_F021.wav,happy,Ses04,F,4.22
Ses04M_impro03_F022,/mnt/ddn/kyudan/IEMOCAP/data/Ses04M_impro03_F022.wav,happy,Ses04,F,7.04
Ses04M_impro03_F023,/mnt/ddn/kyudan/IEMOCAP/data/Ses04M_impro03_F023.wav,happy,Ses04,F,1.73
Ses04M_impro03_F024,/mnt/ddn/kyudan/IEMOCAP/data/Ses04M_impro03_F024.wav,happy,Ses04,F,3.9
Ses04M_impro03_F025,/mnt/ddn/kyudan/IEMOCAP/data/Ses04M_impro03_F025.wav,happy,Ses04,F,3.69
Ses04M_impro03_M000,/mnt/ddn/kyudan/IEMOCAP/data/Ses04M_impro03_M000.wav,happy,Ses04,M,13.12
Ses04M_impro03_M001,/mnt/ddn/kyudan/IEMOCAP/data/Ses04M_impro03_M001.wav,happy,Ses04,M,6.93
Ses04M_impro03_M002,/mnt/ddn/kyudan/IEMOCAP/data/Ses04M_impro03_M002.wav,happy,Ses04,M,1.96
Ses04M_impro03_M003,/mnt/ddn/kyudan/IEMOCAP/data/Ses04M_impro03_M003.wav,happy,Ses04,M,6.29
Ses04M_impro03_M004,/mnt/ddn/kyudan/IEMOCAP/data/Ses04M_impro03_M004.wav,happy,Ses04,M,11.7
Ses04M_impro03_M005,/mnt/ddn/kyudan/IEMOCAP/data/Ses04M_impro03_M005.wav,happy,Ses04,M,3.73
Ses04M_impro03_M006,/mnt/ddn/kyudan/IEMOCAP/data/Ses04M_impro03_M006.wav,happy,Ses04,M,6.426
Ses04M_impro03_M007,/mnt/ddn/kyudan/IEMOCAP/data/Ses04M_impro03_M007.wav,happy,Ses04,M,6.24
Ses04M_impro03_M008,/mnt/ddn/kyudan/IEMOCAP/data/Ses04M_impro03_M008.wav,happy,Ses04,M,9.74
Ses04M_impro03_M009,/mnt/ddn/kyudan/IEMOCAP/data/Ses04M_impro03_M009.wav,happy,Ses04,M,6.78
Ses04M_impro03_M010,/mnt/ddn/kyudan/IEMOCAP/data/Ses04M_impro03_M010.wav,happy,Ses04,M,9.56
Ses04M_impro03_M011,/mnt/ddn/kyudan/IEMOCAP/data/Ses04M_impro03_M011.wav,happy,Ses04,M,3.37
Ses04M_impro03_M012,/mnt/ddn/kyudan/IEMOCAP/data/Ses04M_impro03_M012.wav,happy,Ses04,M,4.841
Ses04M_impro03_M013,/mnt/ddn/kyudan/IEMOCAP/data/Ses04M_impro03_M013.wav,happy,Ses04,M,9.13
Ses04M_impro03_M014,/mnt/ddn/kyudan/IEMOCAP/data/Ses04M_impro03_M014.wav,happy,Ses04,M,5.55
Ses04M_impro03_M015,/mnt/ddn/kyudan/IEMOCAP/data/Ses04M_impro03_M015.wav,happy,Ses04,M,1.38
Ses04M_impro03_M016,/mnt/ddn/kyudan/IEMOCAP/data/Ses04M_impro03_M016.wav,happy,Ses04,M,5.26
Ses04M_impro03_M017,/mnt/ddn/kyudan/IEMOCAP/data/Ses04M_impro03_M017.wav,happy,Ses04,M,6.0
Ses04M_impro03_M018,/mnt/ddn/kyudan/IEMOCAP/data/Ses04M_impro03_M018.wav,happy,Ses04,M,10.9
Ses04M_impro03_M019,/mnt/ddn/kyudan/IEMOCAP/data/Ses04M_impro03_M019.wav,happy,Ses04,M,5.7
Ses04M_impro03_M020,/mnt/ddn/kyudan/IEMOCAP/data/Ses04M_impro03_M020.wav,happy,Ses04,M,11.668
Ses04M_impro03_M021,/mnt/ddn/kyudan/IEMOCAP/data/Ses04M_impro03_M021.wav,happy,Ses04,M,9.08
Ses04M_impro03_M022,/mnt/ddn/kyudan/IEMOCAP/data/Ses04M_impro03_M022.wav,happy,Ses04,M,1.82
Ses04M_impro03_M023,/mnt/ddn/kyudan/IEMOCAP/data/Ses04M_impro03_M023.wav,happy,Ses04,M,10.797
Ses04M_impro03_M024,/mnt/ddn/kyudan/IEMOCAP/data/Ses04M_impro03_M024.wav,happy,Ses04,M,17.224
Ses04M_impro03_M025,/mnt/ddn/kyudan/IEMOCAP/data/Ses04M_impro03_M025.wav,happy,Ses04,M,11.931
Ses04M_impro03_M026,/mnt/ddn/kyudan/IEMOCAP/data/Ses04M_impro03_M026.wav,happy,Ses04,M,1.46
Ses04M_impro03_M027,/mnt/ddn/kyudan/IEMOCAP/data/Ses04M_impro03_M027.wav,happy,Ses04,M,3.32
Ses04M_impro03_M028,/mnt/ddn/kyudan/IEMOCAP/data/Ses04M_impro03_M028.wav,happy,Ses04,M,7.24
Ses04M_impro03_M029,/mnt/ddn/kyudan/IEMOCAP/data/Ses04M_impro03_M029.wav,happy,Ses04,M,5.66
Ses04M_impro03_M030,/mnt/ddn/kyudan/IEMOCAP/data/Ses04M_impro03_M030.wav,happy,Ses04,M,6.57
Ses04M_impro03_M031,/mnt/ddn/kyudan/IEMOCAP/data/Ses04M_impro03_M031.wav,neutral,Ses04,M,6.616
Ses04M_impro04_F000,/mnt/ddn/kyudan/IEMOCAP/data/Ses04M_impro04_F000.wav,neutral,Ses04,F,3.176
Ses04M_impro04_F001,/mnt/ddn/kyudan/IEMOCAP/data/Ses04M_impro04_F001.wav,neutral,Ses04,F,2.21
Ses04M_impro04_F002,/mnt/ddn/kyudan/IEMOCAP/data/Ses04M_impro04_F002.wav,neutral,Ses04,F,3.46
Ses04M_impro04_F003,/mnt/ddn/kyudan/IEMOCAP/data/Ses04M_impro04_F003.wav,neutral,Ses04,F,5.24
Ses04M_impro04_F004,/mnt/ddn/kyudan/IEMOCAP/data/Ses04M_impro04_F004.wav,neutral,Ses04,F,2.57
Ses04M_impro04_F005,/mnt/ddn/kyudan/IEMOCAP/data/Ses04M_impro04_F005.wav,neutral,Ses04,F,9.99
Ses04M_impro04_F006,/mnt/ddn/kyudan/IEMOCAP/data/Ses04M_impro04_F006.wav,neutral,Ses04,F,2.54
Ses04M_impro04_F007,/mnt/ddn/kyudan/IEMOCAP/data/Ses04M_impro04_F007.wav,neutral,Ses04,F,6.87
Ses04M_impro04_F008,/mnt/ddn/kyudan/IEMOCAP/data/Ses04M_impro04_F008.wav,neutral,Ses04,F,9.69
Ses04M_impro04_F009,/mnt/ddn/kyudan/IEMOCAP/data/Ses04M_impro04_F009.wav,neutral,Ses04,F,3.04
Ses04M_impro04_F011,/mnt/ddn/kyudan/IEMOCAP/data/Ses04M_impro04_F011.wav,neutral,Ses04,F,2.72
Ses04M_impro04_F012,/mnt/ddn/kyudan/IEMOCAP/data/Ses04M_impro04_F012.wav,neutral,Ses04,F,1.78
Ses04M_impro04_F013,/mnt/ddn/kyudan/IEMOCAP/data/Ses04M_impro04_F013.wav,neutral,Ses04,F,3.33
Ses04M_impro04_F014,/mnt/ddn/kyudan/IEMOCAP/data/Ses04M_impro04_F014.wav,happy,Ses04,F,3.89
Ses04M_impro04_F015,/mnt/ddn/kyudan/IEMOCAP/data/Ses04M_impro04_F015.wav,neutral,Ses04,F,4.84
Ses04M_impro04_F016,/mnt/ddn/kyudan/IEMOCAP/data/Ses04M_impro04_F016.wav,neutral,Ses04,F,3.0
Ses04M_impro04_F017,/mnt/ddn/kyudan/IEMOCAP/data/Ses04M_impro04_F017.wav,neutral,Ses04,F,1.46
Ses04M_impro04_M004,/mnt/ddn/kyudan/IEMOCAP/data/Ses04M_impro04_M004.wav,neutral,Ses04,M,4.09
Ses04M_impro04_M020,/mnt/ddn/kyudan/IEMOCAP/data/Ses04M_impro04_M020.wav,neutral,Ses04,M,3.06
Ses04M_impro04_M021,/mnt/ddn/kyudan/IEMOCAP/data/Ses04M_impro04_M021.wav,neutral,Ses04,M,4.42
Ses04M_impro04_M022,/mnt/ddn/kyudan/IEMOCAP/data/Ses04M_impro04_M022.wav,neutral,Ses04,M,3.7
Ses04M_impro05_F000,/mnt/ddn/kyudan/IEMOCAP/data/Ses04M_impro05_F000.wav,neutral,Ses04,F,2.07
Ses04M_impro05_F001,/mnt/ddn/kyudan/IEMOCAP/data/Ses04M_impro05_F001.wav,neutral,Ses04,F,1.99
Ses04M_impro05_F002,/mnt/ddn/kyudan/IEMOCAP/data/Ses04M_impro05_F002.wav,neutral,Ses04,F,1.79
Ses04M_impro05_F003,/mnt/ddn/kyudan/IEMOCAP/data/Ses04M_impro05_F003.wav,neutral,Ses04,F,0.85
Ses04M_impro05_F004,/mnt/ddn/kyudan/IEMOCAP/data/Ses04M_impro05_F004.wav,happy,Ses04,F,1.287
Ses04M_impro05_F005,/mnt/ddn/kyudan/IEMOCAP/data/Ses04M_impro05_F005.wav,happy,Ses04,F,1.38
Ses04M_impro05_F006,/mnt/ddn/kyudan/IEMOCAP/data/Ses04M_impro05_F006.wav,neutral,Ses04,F,4.875
Ses04M_impro05_F007,/mnt/ddn/kyudan/IEMOCAP/data/Ses04M_impro05_F007.wav,neutral,Ses04,F,3.727
Ses04M_impro05_F008,/mnt/ddn/kyudan/IEMOCAP/data/Ses04M_impro05_F008.wav,neutral,Ses04,F,3.66
Ses04M_impro05_F009,/mnt/ddn/kyudan/IEMOCAP/data/Ses04M_impro05_F009.wav,neutral,Ses04,F,2.14
Ses04M_impro05_F010,/mnt/ddn/kyudan/IEMOCAP/data/Ses04M_impro05_F010.wav,neutral,Ses04,F,2.889
Ses04M_impro05_F013,/mnt/ddn/kyudan/IEMOCAP/data/Ses04M_impro05_F013.wav,neutral,Ses04,F,1.83
Ses04M_impro05_F017,/mnt/ddn/kyudan/IEMOCAP/data/Ses04M_impro05_F017.wav,neutral,Ses04,F,3.595
Ses04M_impro05_F019,/mnt/ddn/kyudan/IEMOCAP/data/Ses04M_impro05_F019.wav,neutral,Ses04,F,4.01
Ses04M_impro05_F020,/mnt/ddn/kyudan/IEMOCAP/data/Ses04M_impro05_F020.wav,neutral,Ses04,F,2.8
Ses04M_impro05_F036,/mnt/ddn/kyudan/IEMOCAP/data/Ses04M_impro05_F036.wav,neutral,Ses04,F,2.67
Ses04M_impro05_F037,/mnt/ddn/kyudan/IEMOCAP/data/Ses04M_impro05_F037.wav,neutral,Ses04,F,5.11
Ses04M_impro05_M001,/mnt/ddn/kyudan/IEMOCAP/data/Ses04M_impro05_M001.wav,angry,Ses04,M,3.24
Ses04M_impro05_M008,/mnt/ddn/kyudan/IEMOCAP/data/Ses04M_impro05_M008.wav,angry,Ses04,M,1.9
Ses04M_impro05_M009,/mnt/ddn/kyudan/IEMOCAP/data/Ses04M_impro05_M009.wav,angry,Ses04,M,2.49
Ses04M_impro05_M010,/mnt/ddn/kyudan/IEMOCAP/data/Ses04M_impro05_M010.wav,angry,Ses04,M,3.15
Ses04M_impro05_M011,/mnt/ddn/kyudan/IEMOCAP/data/Ses04M_impro05_M011.wav,angry,Ses04,M,1.43
Ses04M_impro05_M014,/mnt/ddn/kyudan/IEMOCAP/data/Ses04M_impro05_M014.wav,angry,Ses04,M,5.39
Ses04M_impro05_M015,/mnt/ddn/kyudan/IEMOCAP/data/Ses04M_impro05_M015.wav,angry,Ses04,M,6.4
Ses04M_impro05_M016,/mnt/ddn/kyudan/IEMOCAP/data/Ses04M_impro05_M016.wav,angry,Ses04,M,1.539
Ses04M_impro05_M017,/mnt/ddn/kyudan/IEMOCAP/data/Ses04M_impro05_M017.wav,angry,Ses04,M,8.69
Ses04M_impro05_M018,/mnt/ddn/kyudan/IEMOCAP/data/Ses04M_impro05_M018.wav,angry,Ses04,M,4.29
Ses04M_impro05_M022,/mnt/ddn/kyudan/IEMOCAP/data/Ses04M_impro05_M022.wav,angry,Ses04,M,4.38
Ses04M_impro05_M023,/mnt/ddn/kyudan/IEMOCAP/data/Ses04M_impro05_M023.wav,angry,Ses04,M,10.13
Ses04M_impro05_M026,/mnt/ddn/kyudan/IEMOCAP/data/Ses04M_impro05_M026.wav,angry,Ses04,M,3.93
Ses04M_impro05_M038,/mnt/ddn/kyudan/IEMOCAP/data/Ses04M_impro05_M038.wav,angry,Ses04,M,1.72
Ses04M_impro05_M039,/mnt/ddn/kyudan/IEMOCAP/data/Ses04M_impro05_M039.wav,angry,Ses04,M,3.73
Ses04M_impro05_M044,/mnt/ddn/kyudan/IEMOCAP/data/Ses04M_impro05_M044.wav,angry,Ses04,M,3.44
Ses04M_impro05_M045,/mnt/ddn/kyudan/IEMOCAP/data/Ses04M_impro05_M045.wav,angry,Ses04,M,5.392
Ses04M_impro06_F000,/mnt/ddn/kyudan/IEMOCAP/data/Ses04M_impro06_F000.wav,sad,Ses04,F,3.176
Ses04M_impro06_F001,/mnt/ddn/kyudan/IEMOCAP/data/Ses04M_impro06_F001.wav,sad,Ses04,F,2.47
Ses04M_impro06_F002,/mnt/ddn/kyudan/IEMOCAP/data/Ses04M_impro06_F002.wav,sad,Ses04,F,5.28
Ses04M_impro06_F003,/mnt/ddn/kyudan/IEMOCAP/data/Ses04M_impro06_F003.wav,sad,Ses04,F,4.94
Ses04M_impro06_F004,/mnt/ddn/kyudan/IEMOCAP/data/Ses04M_impro06_F004.wav,sad,Ses04,F,5.376
Ses04M_impro06_F005,/mnt/ddn/kyudan/IEMOCAP/data/Ses04M_impro06_F005.wav,sad,Ses04,F,3.24
Ses04M_impro06_F006,/mnt/ddn/kyudan/IEMOCAP/data/Ses04M_impro06_F006.wav,sad,Ses04,F,4.59
Ses04M_impro06_F007,/mnt/ddn/kyudan/IEMOCAP/data/Ses04M_impro06_F007.wav,sad,Ses04,F,5.58
Ses04M_impro06_F008,/mnt/ddn/kyudan/IEMOCAP/data/Ses04M_impro06_F008.wav,sad,Ses04,F,7.85
Ses04M_impro06_F009,/mnt/ddn/kyudan/IEMOCAP/data/Ses04M_impro06_F009.wav,sad,Ses04,F,12.08
Ses04M_impro06_F010,/mnt/ddn/kyudan/IEMOCAP/data/Ses04M_impro06_F010.wav,sad,Ses04,F,3.16
Ses04M_impro06_F011,/mnt/ddn/kyudan/IEMOCAP/data/Ses04M_impro06_F011.wav,sad,Ses04,F,5.19
Ses04M_impro06_F012,/mnt/ddn/kyudan/IEMOCAP/data/Ses04M_impro06_F012.wav,sad,Ses04,F,15.01
Ses04M_impro06_F013,/mnt/ddn/kyudan/IEMOCAP/data/Ses04M_impro06_F013.wav,sad,Ses04,F,2.97
Ses04M_impro06_F014,/mnt/ddn/kyudan/IEMOCAP/data/Ses04M_impro06_F014.wav,sad,Ses04,F,5.43
Ses04M_impro06_F015,/mnt/ddn/kyudan/IEMOCAP/data/Ses04M_impro06_F015.wav,sad,Ses04,F,5.65
Ses04M_impro06_F016,/mnt/ddn/kyudan/IEMOCAP/data/Ses04M_impro06_F016.wav,sad,Ses04,F,4.835
Ses04M_impro06_F017,/mnt/ddn/kyudan/IEMOCAP/data/Ses04M_impro06_F017.wav,sad,Ses04,F,2.015
Ses04M_impro06_F018,/mnt/ddn/kyudan/IEMOCAP/data/Ses04M_impro06_F018.wav,sad,Ses04,F,6.604
Ses04M_impro06_F019,/mnt/ddn/kyudan/IEMOCAP/data/Ses04M_impro06_F019.wav,sad,Ses04,F,8.4
Ses04M_impro06_M000,/mnt/ddn/kyudan/IEMOCAP/data/Ses04M_impro06_M000.wav,sad,Ses04,M,2.103
Ses04M_impro06_M001,/mnt/ddn/kyudan/IEMOCAP/data/Ses04M_impro06_M001.wav,sad,Ses04,M,11.59
Ses04M_impro06_M002,/mnt/ddn/kyudan/IEMOCAP/data/Ses04M_impro06_M002.wav,sad,Ses04,M,10.45
Ses04M_impro06_M003,/mnt/ddn/kyudan/IEMOCAP/data/Ses04M_impro06_M003.wav,sad,Ses04,M,1.596
Ses04M_impro06_M004,/mnt/ddn/kyudan/IEMOCAP/data/Ses04M_impro06_M004.wav,sad,Ses04,M,1.35
Ses04M_impro06_M005,/mnt/ddn/kyudan/IEMOCAP/data/Ses04M_impro06_M005.wav,sad,Ses04,M,5.1
Ses04M_impro06_M006,/mnt/ddn/kyudan/IEMOCAP/data/Ses04M_impro06_M006.wav,sad,Ses04,M,6.32
Ses04M_impro06_M007,/mnt/ddn/kyudan/IEMOCAP/data/Ses04M_impro06_M007.wav,sad,Ses04,M,4.79
Ses04M_impro06_M008,/mnt/ddn/kyudan/IEMOCAP/data/Ses04M_impro06_M008.wav,sad,Ses04,M,12.11
Ses04M_impro06_M009,/mnt/ddn/kyudan/IEMOCAP/data/Ses04M_impro06_M009.wav,sad,Ses04,M,2.77
Ses04M_impro06_M010,/mnt/ddn/kyudan/IEMOCAP/data/Ses04M_impro06_M010.wav,sad,Ses04,M,12.87
Ses04M_impro06_M011,/mnt/ddn/kyudan/IEMOCAP/data/Ses04M_impro06_M011.wav,sad,Ses04,M,7.04
Ses04M_impro06_M012,/mnt/ddn/kyudan/IEMOCAP/data/Ses04M_impro06_M012.wav,sad,Ses04,M,8.07
Ses04M_impro06_M013,/mnt/ddn/kyudan/IEMOCAP/data/Ses04M_impro06_M013.wav,sad,Ses04,M,8.87
Ses04M_impro06_M014,/mnt/ddn/kyudan/IEMOCAP/data/Ses04M_impro06_M014.wav,sad,Ses04,M,3.57
Ses04M_impro06_M015,/mnt/ddn/kyudan/IEMOCAP/data/Ses04M_impro06_M015.wav,sad,Ses04,M,6.65
Ses04M_impro06_M016,/mnt/ddn/kyudan/IEMOCAP/data/Ses04M_impro06_M016.wav,sad,Ses04,M,7.7
Ses04M_impro06_M017,/mnt/ddn/kyudan/IEMOCAP/data/Ses04M_impro06_M017.wav,sad,Ses04,M,2.82
Ses04M_impro06_M018,/mnt/ddn/kyudan/IEMOCAP/data/Ses04M_impro06_M018.wav,sad,Ses04,M,7.37
Ses04M_impro06_M019,/mnt/ddn/kyudan/IEMOCAP/data/Ses04M_impro06_M019.wav,sad,Ses04,M,9.56
Ses04M_impro06_M020,/mnt/ddn/kyudan/IEMOCAP/data/Ses04M_impro06_M020.wav,sad,Ses04,M,2.52
Ses04M_impro07_F002,/mnt/ddn/kyudan/IEMOCAP/data/Ses04M_impro07_F002.wav,happy,Ses04,F,1.88
Ses04M_impro07_F003,/mnt/ddn/kyudan/IEMOCAP/data/Ses04M_impro07_F003.wav,happy,Ses04,F,2.38
Ses04M_impro07_F004,/mnt/ddn/kyudan/IEMOCAP/data/Ses04M_impro07_F004.wav,happy,Ses04,F,9.23
Ses04M_impro07_F005,/mnt/ddn/kyudan/IEMOCAP/data/Ses04M_impro07_F005.wav,happy,Ses04,F,1.95
Ses04M_impro07_F006,/mnt/ddn/kyudan/IEMOCAP/data/Ses04M_impro07_F006.wav,happy,Ses04,F,1.17
Ses04M_impro07_F007,/mnt/ddn/kyudan/IEMOCAP/data/Ses04M_impro07_F007.wav,happy,Ses04,F,1.1
Ses04M_impro07_F008,/mnt/ddn/kyudan/IEMOCAP/data/Ses04M_impro07_F008.wav,happy,Ses04,F,3.13
Ses04M_impro07_F009,/mnt/ddn/kyudan/IEMOCAP/data/Ses04M_impro07_F009.wav,happy,Ses04,F,3.217
Ses04M_impro07_F010,/mnt/ddn/kyudan/IEMOCAP/data/Ses04M_impro07_F010.wav,happy,Ses04,F,1.77
Ses04M_impro07_F011,/mnt/ddn/kyudan/IEMOCAP/data/Ses04M_impro07_F011.wav,happy,Ses04,F,2.655
Ses04M_impro07_F012,/mnt/ddn/kyudan/IEMOCAP/data/Ses04M_impro07_F012.wav,happy,Ses04,F,2.43
Ses04M_impro07_F013,/mnt/ddn/kyudan/IEMOCAP/data/Ses04M_impro07_F013.wav,happy,Ses04,F,2.54
Ses04M_impro07_F014,/mnt/ddn/kyudan/IEMOCAP/data/Ses04M_impro07_F014.wav,happy,Ses04,F,4.83
Ses04M_impro07_F015,/mnt/ddn/kyudan/IEMOCAP/data/Ses04M_impro07_F015.wav,happy,Ses04,F,3.381
Ses04M_impro07_F016,/mnt/ddn/kyudan/IEMOCAP/data/Ses04M_impro07_F016.wav,happy,Ses04,F,3.07
Ses04M_impro07_F017,/mnt/ddn/kyudan/IEMOCAP/data/Ses04M_impro07_F017.wav,happy,Ses04,F,2.3
Ses04M_impro07_F018,/mnt/ddn/kyudan/IEMOCAP/data/Ses04M_impro07_F018.wav,happy,Ses04,F,1.43
Ses04M_impro07_F019,/mnt/ddn/kyudan/IEMOCAP/data/Ses04M_impro07_F019.wav,happy,Ses04,F,4.24
Ses04M_impro07_F020,/mnt/ddn/kyudan/IEMOCAP/data/Ses04M_impro07_F020.wav,happy,Ses04,F,4.26
Ses04M_impro07_F021,/mnt/ddn/kyudan/IEMOCAP/data/Ses04M_impro07_F021.wav,happy,Ses04,F,4.92
Ses04M_impro07_F022,/mnt/ddn/kyudan/IEMOCAP/data/Ses04M_impro07_F022.wav,happy,Ses04,F,2.89
Ses04M_impro07_F023,/mnt/ddn/kyudan/IEMOCAP/data/Ses04M_impro07_F023.wav,neutral,Ses04,F,3.07
Ses04M_impro07_F024,/mnt/ddn/kyudan/IEMOCAP/data/Ses04M_impro07_F024.wav,happy,Ses04,F,5.29
Ses04M_impro07_F025,/mnt/ddn/kyudan/IEMOCAP/data/Ses04M_impro07_F025.wav,happy,Ses04,F,6.79
Ses04M_impro07_F026,/mnt/ddn/kyudan/IEMOCAP/data/Ses04M_impro07_F026.wav,neutral,Ses04,F,2.52
Ses04M_impro07_F027,/mnt/ddn/kyudan/IEMOCAP/data/Ses04M_impro07_F027.wav,happy,Ses04,F,3.946
Ses04M_impro07_F028,/mnt/ddn/kyudan/IEMOCAP/data/Ses04M_impro07_F028.wav,happy,Ses04,F,2.69
Ses04M_impro07_F029,/mnt/ddn/kyudan/IEMOCAP/data/Ses04M_impro07_F029.wav,happy,Ses04,F,3.0
Ses04M_impro07_F030,/mnt/ddn/kyudan/IEMOCAP/data/Ses04M_impro07_F030.wav,happy,Ses04,F,2.24
Ses04M_impro07_F031,/mnt/ddn/kyudan/IEMOCAP/data/Ses04M_impro07_F031.wav,happy,Ses04,F,6.63
Ses04M_impro07_F032,/mnt/ddn/kyudan/IEMOCAP/data/Ses04M_impro07_F032.wav,happy,Ses04,F,3.25
Ses04M_impro07_F033,/mnt/ddn/kyudan/IEMOCAP/data/Ses04M_impro07_F033.wav,happy,Ses04,F,5.53
Ses04M_impro07_F034,/mnt/ddn/kyudan/IEMOCAP/data/Ses04M_impro07_F034.wav,happy,Ses04,F,1.11
Ses04M_impro07_F035,/mnt/ddn/kyudan/IEMOCAP/data/Ses04M_impro07_F035.wav,happy,Ses04,F,2.42
Ses04M_impro07_F036,/mnt/ddn/kyudan/IEMOCAP/data/Ses04M_impro07_F036.wav,neutral,Ses04,F,1.81
Ses04M_impro07_F037,/mnt/ddn/kyudan/IEMOCAP/data/Ses04M_impro07_F037.wav,neutral,Ses04,F,1.42
Ses04M_impro07_F038,/mnt/ddn/kyudan/IEMOCAP/data/Ses04M_impro07_F038.wav,happy,Ses04,F,5.91
Ses04M_impro07_F039,/mnt/ddn/kyudan/IEMOCAP/data/Ses04M_impro07_F039.wav,happy,Ses04,F,3.435
Ses04M_impro07_M000,/mnt/ddn/kyudan/IEMOCAP/data/Ses04M_impro07_M000.wav,happy,Ses04,M,11.68
Ses04M_impro07_M001,/mnt/ddn/kyudan/IEMOCAP/data/Ses04M_impro07_M001.wav,happy,Ses04,M,2.73
Ses04M_impro07_M002,/mnt/ddn/kyudan/IEMOCAP/data/Ses04M_impro07_M002.wav,happy,Ses04,M,1.82
Ses04M_impro07_M003,/mnt/ddn/kyudan/IEMOCAP/data/Ses04M_impro07_M003.wav,happy,Ses04,M,4.77
Ses04M_impro07_M004,/mnt/ddn/kyudan/IEMOCAP/data/Ses04M_impro07_M004.wav,happy,Ses04,M,2.47
Ses04M_impro07_M005,/mnt/ddn/kyudan/IEMOCAP/data/Ses04M_impro07_M005.wav,happy,Ses04,M,12.535
Ses04M_impro07_M006,/mnt/ddn/kyudan/IEMOCAP/data/Ses04M_impro07_M006.wav,happy,Ses04,M,6.572
Ses04M_impro07_M007,/mnt/ddn/kyudan/IEMOCAP/data/Ses04M_impro07_M007.wav,happy,Ses04,M,7.05
Ses04M_impro07_M008,/mnt/ddn/kyudan/IEMOCAP/data/Ses04M_impro07_M008.wav,happy,Ses04,M,1.19
Ses04M_impro07_M009,/mnt/ddn/kyudan/IEMOCAP/data/Ses04M_impro07_M009.wav,happy,Ses04,M,1.43
Ses04M_impro07_M010,/mnt/ddn/kyudan/IEMOCAP/data/Ses04M_impro07_M010.wav,happy,Ses04,M,6.54
Ses04M_impro07_M011,/mnt/ddn/kyudan/IEMOCAP/data/Ses04M_impro07_M011.wav,happy,Ses04,M,3.203
Ses04M_impro07_M012,/mnt/ddn/kyudan/IEMOCAP/data/Ses04M_impro07_M012.wav,happy,Ses04,M,5.98
Ses04M_impro07_M013,/mnt/ddn/kyudan/IEMOCAP/data/Ses04M_impro07_M013.wav,happy,Ses04,M,5.78
Ses04M_impro07_M014,/mnt/ddn/kyudan/IEMOCAP/data/Ses04M_impro07_M014.wav,happy,Ses04,M,8.95
Ses04M_impro07_M015,/mnt/ddn/kyudan/IEMOCAP/data/Ses04M_impro07_M015.wav,happy,Ses04,M,8.47
Ses04M_impro07_M016,/mnt/ddn/kyudan/IEMOCAP/data/Ses04M_impro07_M016.wav,happy,Ses04,M,1.78
Ses04M_impro07_M017,/mnt/ddn/kyudan/IEMOCAP/data/Ses04M_impro07_M017.wav,happy,Ses04,M,4.48
Ses04M_impro07_M018,/mnt/ddn/kyudan/IEMOCAP/data/Ses04M_impro07_M018.wav,happy,Ses04,M,4.51
Ses04M_impro07_M019,/mnt/ddn/kyudan/IEMOCAP/data/Ses04M_impro07_M019.wav,happy,Ses04,M,5.534
Ses04M_impro07_M020,/mnt/ddn/kyudan/IEMOCAP/data/Ses04M_impro07_M020.wav,happy,Ses04,M,5.69
Ses04M_impro07_M021,/mnt/ddn/kyudan/IEMOCAP/data/Ses04M_impro07_M021.wav,happy,Ses04,M,5.104
Ses04M_impro07_M022,/mnt/ddn/kyudan/IEMOCAP/data/Ses04M_impro07_M022.wav,happy,Ses04,M,3.72
Ses04M_impro07_M023,/mnt/ddn/kyudan/IEMOCAP/data/Ses04M_impro07_M023.wav,happy,Ses04,M,5.36
Ses04M_impro07_M024,/mnt/ddn/kyudan/IEMOCAP/data/Ses04M_impro07_M024.wav,happy,Ses04,M,6.58
Ses04M_impro07_M025,/mnt/ddn/kyudan/IEMOCAP/data/Ses04M_impro07_M025.wav,neutral,Ses04,M,4.184
Ses04M_impro07_M026,/mnt/ddn/kyudan/IEMOCAP/data/Ses04M_impro07_M026.wav,neutral,Ses04,M,5.86
Ses04M_impro07_M028,/mnt/ddn/kyudan/IEMOCAP/data/Ses04M_impro07_M028.wav,happy,Ses04,M,2.0
Ses04M_impro07_M029,/mnt/ddn/kyudan/IEMOCAP/data/Ses04M_impro07_M029.wav,neutral,Ses04,M,1.96
Ses04M_impro07_M030,/mnt/ddn/kyudan/IEMOCAP/data/Ses04M_impro07_M030.wav,neutral,Ses04,M,2.33
Ses04M_impro07_M031,/mnt/ddn/kyudan/IEMOCAP/data/Ses04M_impro07_M031.wav,happy,Ses04,M,3.12
Ses04M_impro07_M032,/mnt/ddn/kyudan/IEMOCAP/data/Ses04M_impro07_M032.wav,neutral,Ses04,M,3.373
Ses04M_impro07_M033,/mnt/ddn/kyudan/IEMOCAP/data/Ses04M_impro07_M033.wav,happy,Ses04,M,7.29
Ses04M_impro07_M034,/mnt/ddn/kyudan/IEMOCAP/data/Ses04M_impro07_M034.wav,happy,Ses04,M,4.43
Ses04M_impro07_M035,/mnt/ddn/kyudan/IEMOCAP/data/Ses04M_impro07_M035.wav,neutral,Ses04,M,1.95
Ses04M_impro07_M036,/mnt/ddn/kyudan/IEMOCAP/data/Ses04M_impro07_M036.wav,neutral,Ses04,M,5.02
Ses04M_impro07_M037,/mnt/ddn/kyudan/IEMOCAP/data/Ses04M_impro07_M037.wav,neutral,Ses04,M,1.84
Ses04M_impro07_M038,/mnt/ddn/kyudan/IEMOCAP/data/Ses04M_impro07_M038.wav,happy,Ses04,M,1.67
Ses04M_impro07_M039,/mnt/ddn/kyudan/IEMOCAP/data/Ses04M_impro07_M039.wav,happy,Ses04,M,3.5
Ses04M_impro07_M040,/mnt/ddn/kyudan/IEMOCAP/data/Ses04M_impro07_M040.wav,neutral,Ses04,M,6.45
Ses04M_impro07_M041,/mnt/ddn/kyudan/IEMOCAP/data/Ses04M_impro07_M041.wav,neutral,Ses04,M,6.23
Ses04M_impro07_M042,/mnt/ddn/kyudan/IEMOCAP/data/Ses04M_impro07_M042.wav,neutral,Ses04,M,4.19
Ses04M_impro07_M043,/mnt/ddn/kyudan/IEMOCAP/data/Ses04M_impro07_M043.wav,neutral,Ses04,M,3.86
Ses04M_impro08_F015,/mnt/ddn/kyudan/IEMOCAP/data/Ses04M_impro08_F015.wav,angry,Ses04,F,10.06
Ses04M_impro08_F020,/mnt/ddn/kyudan/IEMOCAP/data/Ses04M_impro08_F020.wav,neutral,Ses04,F,2.38
Ses04M_impro08_F022,/mnt/ddn/kyudan/IEMOCAP/data/Ses04M_impro08_F022.wav,happy,Ses04,F,2.17
Ses04M_impro08_F023,/mnt/ddn/kyudan/IEMOCAP/data/Ses04M_impro08_F023.wav,happy,Ses04,F,4.96
Ses04M_impro08_F024,/mnt/ddn/kyudan/IEMOCAP/data/Ses04M_impro08_F024.wav,happy,Ses04,F,2.49
Ses04M_impro08_F026,/mnt/ddn/kyudan/IEMOCAP/data/Ses04M_impro08_F026.wav,happy,Ses04,F,6.22
Ses04M_impro08_F027,/mnt/ddn/kyudan/IEMOCAP/data/Ses04M_impro08_F027.wav,neutral,Ses04,F,1.619
Ses04M_impro08_F028,/mnt/ddn/kyudan/IEMOCAP/data/Ses04M_impro08_F028.wav,neutral,Ses04,F,4.21
Ses04M_impro08_F029,/mnt/ddn/kyudan/IEMOCAP/data/Ses04M_impro08_F029.wav,happy,Ses04,F,4.3
Ses04M_impro08_F030,/mnt/ddn/kyudan/IEMOCAP/data/Ses04M_impro08_F030.wav,neutral,Ses04,F,0.867
Ses04M_impro08_M001,/mnt/ddn/kyudan/IEMOCAP/data/Ses04M_impro08_M001.wav,neutral,Ses04,M,2.87
Ses04M_impro08_M004,/mnt/ddn/kyudan/IEMOCAP/data/Ses04M_impro08_M004.wav,neutral,Ses04,M,1.16
Ses04M_impro08_M005,/mnt/ddn/kyudan/IEMOCAP/data/Ses04M_impro08_M005.wav,neutral,Ses04,M,3.9
Ses04M_impro08_M006,/mnt/ddn/kyudan/IEMOCAP/data/Ses04M_impro08_M006.wav,neutral,Ses04,M,5.259
Ses04M_impro08_M008,/mnt/ddn/kyudan/IEMOCAP/data/Ses04M_impro08_M008.wav,neutral,Ses04,M,3.33
Ses04M_impro08_M010,/mnt/ddn/kyudan/IEMOCAP/data/Ses04M_impro08_M010.wav,neutral,Ses04,M,5.38
Ses04M_impro08_M011,/mnt/ddn/kyudan/IEMOCAP/data/Ses04M_impro08_M011.wav,neutral,Ses04,M,1.69
Ses04M_impro08_M012,/mnt/ddn/kyudan/IEMOCAP/data/Ses04M_impro08_M012.wav,neutral,Ses04,M,8.65
Ses04M_impro08_M013,/mnt/ddn/kyudan/IEMOCAP/data/Ses04M_impro08_M013.wav,neutral,Ses04,M,5.345
Ses04M_impro08_M017,/mnt/ddn/kyudan/IEMOCAP/data/Ses04M_impro08_M017.wav,neutral,Ses04,M,4.961
Ses04M_impro08_M019,/mnt/ddn/kyudan/IEMOCAP/data/Ses04M_impro08_M019.wav,neutral,Ses04,M,6.92
Ses04M_impro08_M020,/mnt/ddn/kyudan/IEMOCAP/data/Ses04M_impro08_M020.wav,neutral,Ses04,M,6.33
Ses04M_impro08_M021,/mnt/ddn/kyudan/IEMOCAP/data/Ses04M_impro08_M021.wav,neutral,Ses04,M,1.45
Ses04M_impro08_M022,/mnt/ddn/kyudan/IEMOCAP/data/Ses04M_impro08_M022.wav,neutral,Ses04,M,1.23
Ses04M_impro08_M023,/mnt/ddn/kyudan/IEMOCAP/data/Ses04M_impro08_M023.wav,neutral,Ses04,M,2.96
Ses04M_impro08_M024,/mnt/ddn/kyudan/IEMOCAP/data/Ses04M_impro08_M024.wav,neutral,Ses04,M,3.58
Ses04M_impro08_M025,/mnt/ddn/kyudan/IEMOCAP/data/Ses04M_impro08_M025.wav,neutral,Ses04,M,9.99
Ses04M_impro08_M026,/mnt/ddn/kyudan/IEMOCAP/data/Ses04M_impro08_M026.wav,neutral,Ses04,M,4.14
Ses04M_impro08_M027,/mnt/ddn/kyudan/IEMOCAP/data/Ses04M_impro08_M027.wav,neutral,Ses04,M,8.945
Ses04M_impro08_M028,/mnt/ddn/kyudan/IEMOCAP/data/Ses04M_impro08_M028.wav,neutral,Ses04,M,1.32
Ses04M_script01_1_F000,/mnt/ddn/kyudan/IEMOCAP/data/Ses04M_script01_1_F000.wav,neutral,Ses04,F,5.06
Ses04M_script01_1_F007,/mnt/ddn/kyudan/IEMOCAP/data/Ses04M_script01_1_F007.wav,sad,Ses04,F,4.81
Ses04M_script01_1_F011,/mnt/ddn/kyudan/IEMOCAP/data/Ses04M_script01_1_F011.wav,angry,Ses04,F,2.16
Ses04M_script01_1_F012,/mnt/ddn/kyudan/IEMOCAP/data/Ses04M_script01_1_F012.wav,angry,Ses04,F,2.77
Ses04M_script01_1_F013,/mnt/ddn/kyudan/IEMOCAP/data/Ses04M_script01_1_F013.wav,angry,Ses04,F,8.27
Ses04M_script01_1_F015,/mnt/ddn/kyudan/IEMOCAP/data/Ses04M_script01_1_F015.wav,neutral,Ses04,F,2.013
Ses04M_script01_1_F016,/mnt/ddn/kyudan/IEMOCAP/data/Ses04M_script01_1_F016.wav,angry,Ses04,F,4.55
Ses04M_script01_1_F017,/mnt/ddn/kyudan/IEMOCAP/data/Ses04M_script01_1_F017.wav,neutral,Ses04,F,2.86
Ses04M_script01_1_F018,/mnt/ddn/kyudan/IEMOCAP/data/Ses04M_script01_1_F018.wav,angry,Ses04,F,3.04
Ses04M_script01_1_F019,/mnt/ddn/kyudan/IEMOCAP/data/Ses04M_script01_1_F019.wav,neutral,Ses04,F,3.631
Ses04M_script01_1_F021,/mnt/ddn/kyudan/IEMOCAP/data/Ses04M_script01_1_F021.wav,angry,Ses04,F,4.12
Ses04M_script01_1_F022,/mnt/ddn/kyudan/IEMOCAP/data/Ses04M_script01_1_F022.wav,angry,Ses04,F,4.705
Ses04M_script01_1_F026,/mnt/ddn/kyudan/IEMOCAP/data/Ses04M_script01_1_F026.wav,neutral,Ses04,F,2.668
Ses04M_script01_1_F027,/mnt/ddn/kyudan/IEMOCAP/data/Ses04M_script01_1_F027.wav,neutral,Ses04,F,5.002
Ses04M_script01_1_F028,/mnt/ddn/kyudan/IEMOCAP/data/Ses04M_script01_1_F028.wav,neutral,Ses04,F,3.16
Ses04M_script01_1_F029,/mnt/ddn/kyudan/IEMOCAP/data/Ses04M_script01_1_F029.wav,angry,Ses04,F,2.59
Ses04M_script01_1_F032,/mnt/ddn/kyudan/IEMOCAP/data/Ses04M_script01_1_F032.wav,neutral,Ses04,F,2.68
Ses04M_script01_1_F033,/mnt/ddn/kyudan/IEMOCAP/data/Ses04M_script01_1_F033.wav,neutral,Ses04,F,2.222
Ses04M_script01_1_F034,/mnt/ddn/kyudan/IEMOCAP/data/Ses04M_script01_1_F034.wav,angry,Ses04,F,2.04
Ses04M_script01_1_F035,/mnt/ddn/kyudan/IEMOCAP/data/Ses04M_script01_1_F035.wav,angry,Ses04,F,2.089
Ses04M_script01_1_F036,/mnt/ddn/kyudan/IEMOCAP/data/Ses04M_script01_1_F036.wav,angry,Ses04,F,2.99
Ses04M_script01_1_F037,/mnt/ddn/kyudan/IEMOCAP/data/Ses04M_script01_1_F037.wav,angry,Ses04,F,2.09
Ses04M_script01_1_F038,/mnt/ddn/kyudan/IEMOCAP/data/Ses04M_script01_1_F038.wav,angry,Ses04,F,5.412
Ses04M_script01_1_F039,/mnt/ddn/kyudan/IEMOCAP/data/Ses04M_script01_1_F039.wav,angry,Ses04,F,3.189
Ses04M_script01_1_F040,/mnt/ddn/kyudan/IEMOCAP/data/Ses04M_script01_1_F040.wav,angry,Ses04,F,9.29
Ses04M_script01_1_F041,/mnt/ddn/kyudan/IEMOCAP/data/Ses04M_script01_1_F041.wav,angry,Ses04,F,2.58
Ses04M_script01_1_F042,/mnt/ddn/kyudan/IEMOCAP/data/Ses04M_script01_1_F042.wav,angry,Ses04,F,2.58
Ses04M_script01_1_F043,/mnt/ddn/kyudan/IEMOCAP/data/Ses04M_script01_1_F043.wav,angry,Ses04,F,2.416
Ses04M_script01_1_M000,/mnt/ddn/kyudan/IEMOCAP/data/Ses04M_script01_1_M000.wav,neutral,Ses04,M,2.33
Ses04M_script01_1_M001,/mnt/ddn/kyudan/IEMOCAP/data/Ses04M_script01_1_M001.wav,neutral,Ses04,M,1.965
Ses04M_script01_1_M008,/mnt/ddn/kyudan/IEMOCAP/data/Ses04M_script01_1_M008.wav,angry,Ses04,M,5.48
Ses04M_script01_1_M013,/mnt/ddn/kyudan/IEMOCAP/data/Ses04M_script01_1_M013.wav,angry,Ses04,M,1.729
Ses04M_script01_1_M014,/mnt/ddn/kyudan/IEMOCAP/data/Ses04M_script01_1_M014.wav,angry,Ses04,M,4.3
Ses04M_script01_1_M015,/mnt/ddn/kyudan/IEMOCAP/data/Ses04M_script01_1_M015.wav,angry,Ses04,M,2.47
Ses04M_script01_1_M018,/mnt/ddn/kyudan/IEMOCAP/data/Ses04M_script01_1_M018.wav,neutral,Ses04,M,2.5
Ses04M_script01_1_M021,/mnt/ddn/kyudan/IEMOCAP/data/Ses04M_script01_1_M021.wav,angry,Ses04,M,3.735
Ses04M_script01_1_M022,/mnt/ddn/kyudan/IEMOCAP/data/Ses04M_script01_1_M022.wav,angry,Ses04,M,9.52
Ses04M_script01_1_M026,/mnt/ddn/kyudan/IEMOCAP/data/Ses04M_script01_1_M026.wav,neutral,Ses04,M,2.767
Ses04M_script01_1_M031,/mnt/ddn/kyudan/IEMOCAP/data/Ses04M_script01_1_M031.wav,neutral,Ses04,M,3.147
Ses04M_script01_1_M032,/mnt/ddn/kyudan/IEMOCAP/data/Ses04M_script01_1_M032.wav,neutral,Ses04,M,1.79
Ses04M_script01_1_M034,/mnt/ddn/kyudan/IEMOCAP/data/Ses04M_script01_1_M034.wav,sad,Ses04,M,12.046
Ses04M_script01_1_M037,/mnt/ddn/kyudan/IEMOCAP/data/Ses04M_script01_1_M037.wav,angry,Ses04,M,3.81
Ses04M_script01_1_M038,/mnt/ddn/kyudan/IEMOCAP/data/Ses04M_script01_1_M038.wav,angry,Ses04,M,7.69
Ses04M_script01_1_M040,/mnt/ddn/kyudan/IEMOCAP/data/Ses04M_script01_1_M040.wav,neutral,Ses04,M,2.86
Ses04M_script01_1_M041,/mnt/ddn/kyudan/IEMOCAP/data/Ses04M_script01_1_M041.wav,neutral,Ses04,M,2.89
Ses04M_script01_2_F000,/mnt/ddn/kyudan/IEMOCAP/data/Ses04M_script01_2_F000.wav,angry,Ses04,F,3.35
Ses04M_script01_2_F001,/mnt/ddn/kyudan/IEMOCAP/data/Ses04M_script01_2_F001.wav,neutral,Ses04,F,1.93
Ses04M_script01_2_F002,/mnt/ddn/kyudan/IEMOCAP/data/Ses04M_script01_2_F002.wav,angry,Ses04,F,3.8
Ses04M_script01_2_F003,/mnt/ddn/kyudan/IEMOCAP/data/Ses04M_script01_2_F003.wav,angry,Ses04,F,3.87
Ses04M_script01_2_F004,/mnt/ddn/kyudan/IEMOCAP/data/Ses04M_script01_2_F004.wav,angry,Ses04,F,2.84
Ses04M_script01_2_F005,/mnt/ddn/kyudan/IEMOCAP/data/Ses04M_script01_2_F005.wav,angry,Ses04,F,2.418
Ses04M_script01_2_F006,/mnt/ddn/kyudan/IEMOCAP/data/Ses04M_script01_2_F006.wav,angry,Ses04,F,2.917
Ses04M_script01_2_F007,/mnt/ddn/kyudan/IEMOCAP/data/Ses04M_script01_2_F007.wav,neutral,Ses04,F,3.29
Ses04M_script01_2_F008,/mnt/ddn/kyudan/IEMOCAP/data/Ses04M_script01_2_F008.wav,angry,Ses04,F,3.707
Ses04M_script01_2_F009,/mnt/ddn/kyudan/IEMOCAP/data/Ses04M_script01_2_F009.wav,angry,Ses04,F,7.69
Ses04M_script01_2_F010,/mnt/ddn/kyudan/IEMOCAP/data/Ses04M_script01_2_F010.wav,angry,Ses04,F,8.01
Ses04M_script01_2_F011,/mnt/ddn/kyudan/IEMOCAP/data/Ses04M_script01_2_F011.wav,angry,Ses04,F,6.46
Ses04M_script01_2_F012,/mnt/ddn/kyudan/IEMOCAP/data/Ses04M_script01_2_F012.wav,angry,Ses04,F,8.92
Ses04M_script01_2_F013,/mnt/ddn/kyudan/IEMOCAP/data/Ses04M_script01_2_F013.wav,angry,Ses04,F,3.343
Ses04M_script01_2_F014,/mnt/ddn/kyudan/IEMOCAP/data/Ses04M_script01_2_F014.wav,angry,Ses04,F,5.463
Ses04M_script01_2_F015,/mnt/ddn/kyudan/IEMOCAP/data/Ses04M_script01_2_F015.wav,angry,Ses04,F,8.118
Ses04M_script01_2_F016,/mnt/ddn/kyudan/IEMOCAP/data/Ses04M_script01_2_F016.wav,angry,Ses04,F,3.65
Ses04M_script01_2_F017,/mnt/ddn/kyudan/IEMOCAP/data/Ses04M_script01_2_F017.wav,angry,Ses04,F,3.99
Ses04M_script01_2_F018,/mnt/ddn/kyudan/IEMOCAP/data/Ses04M_script01_2_F018.wav,angry,Ses04,F,2.92
Ses04M_script01_2_F019,/mnt/ddn/kyudan/IEMOCAP/data/Ses04M_script01_2_F019.wav,angry,Ses04,F,2.11
Ses04M_script01_2_F020,/mnt/ddn/kyudan/IEMOCAP/data/Ses04M_script01_2_F020.wav,sad,Ses04,F,1.9
Ses04M_script01_2_M000,/mnt/ddn/kyudan/IEMOCAP/data/Ses04M_script01_2_M000.wav,neutral,Ses04,M,2.847
Ses04M_script01_2_M005,/mnt/ddn/kyudan/IEMOCAP/data/Ses04M_script01_2_M005.wav,neutral,Ses04,M,2.44
Ses04M_script01_2_M006,/mnt/ddn/kyudan/IEMOCAP/data/Ses04M_script01_2_M006.wav,neutral,Ses04,M,2.844
Ses04M_script01_2_M007,/mnt/ddn/kyudan/IEMOCAP/data/Ses04M_script01_2_M007.wav,neutral,Ses04,M,1.15
Ses04M_script01_2_M019,/mnt/ddn/kyudan/IEMOCAP/data/Ses04M_script01_2_M019.wav,angry,Ses04,M,5.841
Ses04M_script01_3_F000,/mnt/ddn/kyudan/IEMOCAP/data/Ses04M_script01_3_F000.wav,sad,Ses04,F,4.04
Ses04M_script01_3_F001,/mnt/ddn/kyudan/IEMOCAP/data/Ses04M_script01_3_F001.wav,happy,Ses04,F,7.74
Ses04M_script01_3_F008,/mnt/ddn/kyudan/IEMOCAP/data/Ses04M_script01_3_F008.wav,happy,Ses04,F,2.33
Ses04M_script01_3_F009,/mnt/ddn/kyudan/IEMOCAP/data/Ses04M_script01_3_F009.wav,happy,Ses04,F,3.25
Ses04M_script01_3_F010,/mnt/ddn/kyudan/IEMOCAP/data/Ses04M_script01_3_F010.wav,happy,Ses04,F,2.927
Ses04M_script01_3_F011,/mnt/ddn/kyudan/IEMOCAP/data/Ses04M_script01_3_F011.wav,happy,Ses04,F,2.27
Ses04M_script01_3_F012,/mnt/ddn/kyudan/IEMOCAP/data/Ses04M_script01_3_F012.wav,happy,Ses04,F,1.62
Ses04M_script01_3_F013,/mnt/ddn/kyudan/IEMOCAP/data/Ses04M_script01_3_F013.wav,happy,Ses04,F,8.05
Ses04M_script01_3_F014,/mnt/ddn/kyudan/IEMOCAP/data/Ses04M_script01_3_F014.wav,happy,Ses04,F,8.04
Ses04M_script01_3_F015,/mnt/ddn/kyudan/IEMOCAP/data/Ses04M_script01_3_F015.wav,happy,Ses04,F,3.12
Ses04M_script01_3_F022,/mnt/ddn/kyudan/IEMOCAP/data/Ses04M_script01_3_F022.wav,sad,Ses04,F,2.776
Ses04M_script01_3_F023,/mnt/ddn/kyudan/IEMOCAP/data/Ses04M_script01_3_F023.wav,sad,Ses04,F,2.237
Ses04M_script01_3_F024,/mnt/ddn/kyudan/IEMOCAP/data/Ses04M_script01_3_F024.wav,happy,Ses04,F,2.61
Ses04M_script01_3_F025,/mnt/ddn/kyudan/IEMOCAP/data/Ses04M_script01_3_F025.wav,happy,Ses04,F,7.278
Ses04M_script01_3_F026,/mnt/ddn/kyudan/IEMOCAP/data/Ses04M_script01_3_F026.wav,happy,Ses04,F,8.29
Ses04M_script01_3_F027,/mnt/ddn/kyudan/IEMOCAP/data/Ses04M_script01_3_F027.wav,happy,Ses04,F,2.56
Ses04M_script01_3_M008,/mnt/ddn/kyudan/IEMOCAP/data/Ses04M_script01_3_M008.wav,happy,Ses04,M,8.29
Ses04M_script01_3_M009,/mnt/ddn/kyudan/IEMOCAP/data/Ses04M_script01_3_M009.wav,happy,Ses04,M,8.804
Ses04M_script01_3_M010,/mnt/ddn/kyudan/IEMOCAP/data/Ses04M_script01_3_M010.wav,happy,Ses04,M,8.628
Ses04M_script01_3_M011,/mnt/ddn/kyudan/IEMOCAP/data/Ses04M_script01_3_M011.wav,happy,Ses04,M,10.486
Ses04M_script01_3_M012,/mnt/ddn/kyudan/IEMOCAP/data/Ses04M_script01_3_M012.wav,happy,Ses04,M,3.51
Ses04M_script01_3_M013,/mnt/ddn/kyudan/IEMOCAP/data/Ses04M_script01_3_M013.wav,happy,Ses04,M,1.67
Ses04M_script01_3_M014,/mnt/ddn/kyudan/IEMOCAP/data/Ses04M_script01_3_M014.wav,happy,Ses04,M,1.92
Ses04M_script01_3_M015,/mnt/ddn/kyudan/IEMOCAP/data/Ses04M_script01_3_M015.wav,happy,Ses04,M,1.82
Ses04M_script01_3_M016,/mnt/ddn/kyudan/IEMOCAP/data/Ses04M_script01_3_M016.wav,happy,Ses04,M,3.28
Ses04M_script01_3_M017,/mnt/ddn/kyudan/IEMOCAP/data/Ses04M_script01_3_M017.wav,happy,Ses04,M,6.35
Ses04M_script01_3_M018,/mnt/ddn/kyudan/IEMOCAP/data/Ses04M_script01_3_M018.wav,happy,Ses04,M,4.201
Ses04M_script01_3_M019,/mnt/ddn/kyudan/IEMOCAP/data/Ses04M_script01_3_M019.wav,happy,Ses04,M,1.88
Ses04M_script01_3_M020,/mnt/ddn/kyudan/IEMOCAP/data/Ses04M_script01_3_M020.wav,happy,Ses04,M,4.19
Ses04M_script01_3_M022,/mnt/ddn/kyudan/IEMOCAP/data/Ses04M_script01_3_M022.wav,sad,Ses04,M,5.077
Ses04M_script01_3_M023,/mnt/ddn/kyudan/IEMOCAP/data/Ses04M_script01_3_M023.wav,sad,Ses04,M,3.03
Ses04M_script01_3_M024,/mnt/ddn/kyudan/IEMOCAP/data/Ses04M_script01_3_M024.wav,sad,Ses04,M,9.304
Ses04M_script01_3_M025,/mnt/ddn/kyudan/IEMOCAP/data/Ses04M_script01_3_M025.wav,sad,Ses04,M,4.051
Ses04M_script01_3_M026,/mnt/ddn/kyudan/IEMOCAP/data/Ses04M_script01_3_M026.wav,sad,Ses04,M,2.476
Ses04M_script01_3_M027,/mnt/ddn/kyudan/IEMOCAP/data/Ses04M_script01_3_M027.wav,sad,Ses04,M,5.756
Ses04M_script01_3_M028,/mnt/ddn/kyudan/IEMOCAP/data/Ses04M_script01_3_M028.wav,sad,Ses04,M,14.809
Ses04M_script01_3_M030,/mnt/ddn/kyudan/IEMOCAP/data/Ses04M_script01_3_M030.wav,sad,Ses04,M,11.88
Ses04M_script01_3_M031,/mnt/ddn/kyudan/IEMOCAP/data/Ses04M_script01_3_M031.wav,sad,Ses04,M,11.59
Ses04M_script01_3_M032,/mnt/ddn/kyudan/IEMOCAP/data/Ses04M_script01_3_M032.wav,sad,Ses04,M,16.71
Ses04M_script01_3_M033,/mnt/ddn/kyudan/IEMOCAP/data/Ses04M_script01_3_M033.wav,sad,Ses04,M,10.5
Ses04M_script01_3_M034,/mnt/ddn/kyudan/IEMOCAP/data/Ses04M_script01_3_M034.wav,sad,Ses04,M,14.57
Ses04M_script01_3_M035,/mnt/ddn/kyudan/IEMOCAP/data/Ses04M_script01_3_M035.wav,sad,Ses04,M,15.35
Ses04M_script01_3_M036,/mnt/ddn/kyudan/IEMOCAP/data/Ses04M_script01_3_M036.wav,happy,Ses04,M,2.28
Ses04M_script01_3_M037,/mnt/ddn/kyudan/IEMOCAP/data/Ses04M_script01_3_M037.wav,happy,Ses04,M,3.56
Ses04M_script02_1_F000,/mnt/ddn/kyudan/IEMOCAP/data/Ses04M_script02_1_F000.wav,neutral,Ses04,F,1.77
Ses04M_script02_1_F002,/mnt/ddn/kyudan/IEMOCAP/data/Ses04M_script02_1_F002.wav,angry,Ses04,F,1.93
Ses04M_script02_1_F003,/mnt/ddn/kyudan/IEMOCAP/data/Ses04M_script02_1_F003.wav,angry,Ses04,F,2.75
Ses04M_script02_1_F004,/mnt/ddn/kyudan/IEMOCAP/data/Ses04M_script02_1_F004.wav,angry,Ses04,F,5.11
Ses04M_script02_1_F005,/mnt/ddn/kyudan/IEMOCAP/data/Ses04M_script02_1_F005.wav,angry,Ses04,F,1.37
Ses04M_script02_1_F006,/mnt/ddn/kyudan/IEMOCAP/data/Ses04M_script02_1_F006.wav,sad,Ses04,F,1.58
Ses04M_script02_1_F007,/mnt/ddn/kyudan/IEMOCAP/data/Ses04M_script02_1_F007.wav,angry,Ses04,F,2.302
Ses04M_script02_1_F008,/mnt/ddn/kyudan/IEMOCAP/data/Ses04M_script02_1_F008.wav,angry,Ses04,F,2.17
Ses04M_script02_1_F010,/mnt/ddn/kyudan/IEMOCAP/data/Ses04M_script02_1_F010.wav,angry,Ses04,F,1.789
Ses04M_script02_1_F012,/mnt/ddn/kyudan/IEMOCAP/data/Ses04M_script02_1_F012.wav,angry,Ses04,F,2.798
Ses04M_script02_1_F013,/mnt/ddn/kyudan/IEMOCAP/data/Ses04M_script02_1_F013.wav,angry,Ses04,F,7.21
Ses04M_script02_1_F014,/mnt/ddn/kyudan/IEMOCAP/data/Ses04M_script02_1_F014.wav,neutral,Ses04,F,2.2
Ses04M_script02_1_F017,/mnt/ddn/kyudan/IEMOCAP/data/Ses04M_script02_1_F017.wav,angry,Ses04,F,1.468
Ses04M_script02_1_F018,/mnt/ddn/kyudan/IEMOCAP/data/Ses04M_script02_1_F018.wav,angry,Ses04,F,10.153
Ses04M_script02_1_M001,/mnt/ddn/kyudan/IEMOCAP/data/Ses04M_script02_1_M001.wav,happy,Ses04,M,6.3
Ses04M_script02_1_M002,/mnt/ddn/kyudan/IEMOCAP/data/Ses04M_script02_1_M002.wav,happy,Ses04,M,12.045
Ses04M_script02_1_M003,/mnt/ddn/kyudan/IEMOCAP/data/Ses04M_script02_1_M003.wav,happy,Ses04,M,8.46
Ses04M_script02_1_M004,/mnt/ddn/kyudan/IEMOCAP/data/Ses04M_script02_1_M004.wav,happy,Ses04,M,2.89
Ses04M_script02_1_M005,/mnt/ddn/kyudan/IEMOCAP/data/Ses04M_script02_1_M005.wav,neutral,Ses04,M,1.645
Ses04M_script02_1_M007,/mnt/ddn/kyudan/IEMOCAP/data/Ses04M_script02_1_M007.wav,happy,Ses04,M,11.5
Ses04M_script02_1_M008,/mnt/ddn/kyudan/IEMOCAP/data/Ses04M_script02_1_M008.wav,happy,Ses04,M,4.68
Ses04M_script02_1_M009,/mnt/ddn/kyudan/IEMOCAP/data/Ses04M_script02_1_M009.wav,neutral,Ses04,M,8.572
Ses04M_script02_1_M012,/mnt/ddn/kyudan/IEMOCAP/data/Ses04M_script02_1_M012.wav,neutral,Ses04,M,1.86
Ses04M_script02_1_M014,/mnt/ddn/kyudan/IEMOCAP/data/Ses04M_script02_1_M014.wav,neutral,Ses04,M,0.9
Ses04M_script02_1_M015,/mnt/ddn/kyudan/IEMOCAP/data/Ses04M_script02_1_M015.wav,neutral,Ses04,M,2.27
Ses04M_script02_1_M018,/mnt/ddn/kyudan/IEMOCAP/data/Ses04M_script02_1_M018.wav,happy,Ses04,M,14.091
Ses04M_script02_1_M020,/mnt/ddn/kyudan/IEMOCAP/data/Ses04M_script02_1_M020.wav,happy,Ses04,M,3.39
Ses04M_script02_1_M021,/mnt/ddn/kyudan/IEMOCAP/data/Ses04M_script02_1_M021.wav,happy,Ses04,M,4.168
Ses04M_script02_1_M022,/mnt/ddn/kyudan/IEMOCAP/data/Ses04M_script02_1_M022.wav,happy,Ses04,M,10.21
Ses04M_script02_1_M023,/mnt/ddn/kyudan/IEMOCAP/data/Ses04M_script02_1_M023.wav,happy,Ses04,M,7.93
Ses04M_script02_1_M026,/mnt/ddn/kyudan/IEMOCAP/data/Ses04M_script02_1_M026.wav,happy,Ses04,M,3.11
Ses04M_script02_1_M027,/mnt/ddn/kyudan/IEMOCAP/data/Ses04M_script02_1_M027.wav,happy,Ses04,M,10.681
Ses04M_script02_1_M028,/mnt/ddn/kyudan/IEMOCAP/data/Ses04M_script02_1_M028.wav,happy,Ses04,M,14.316
Ses04M_script02_1_M029,/mnt/ddn/kyudan/IEMOCAP/data/Ses04M_script02_1_M029.wav,happy,Ses04,M,13.024
Ses04M_script02_1_M030,/mnt/ddn/kyudan/IEMOCAP/data/Ses04M_script02_1_M030.wav,happy,Ses04,M,9.998
Ses04M_script02_1_M031,/mnt/ddn/kyudan/IEMOCAP/data/Ses04M_script02_1_M031.wav,happy,Ses04,M,9.64
Ses04M_script02_1_M032,/mnt/ddn/kyudan/IEMOCAP/data/Ses04M_script02_1_M032.wav,happy,Ses04,M,18.121
Ses04M_script02_1_M033,/mnt/ddn/kyudan/IEMOCAP/data/Ses04M_script02_1_M033.wav,happy,Ses04,M,2.7
Ses04M_script02_2_F000,/mnt/ddn/kyudan/IEMOCAP/data/Ses04M_script02_2_F000.wav,neutral,Ses04,F,3.421
Ses04M_script02_2_F006,/mnt/ddn/kyudan/IEMOCAP/data/Ses04M_script02_2_F006.wav,angry,Ses04,F,6.48
Ses04M_script02_2_F007,/mnt/ddn/kyudan/IEMOCAP/data/Ses04M_script02_2_F007.wav,angry,Ses04,F,4.403
Ses04M_script02_2_F009,/mnt/ddn/kyudan/IEMOCAP/data/Ses04M_script02_2_F009.wav,angry,Ses04,F,3.419
Ses04M_script02_2_F013,/mnt/ddn/kyudan/IEMOCAP/data/Ses04M_script02_2_F013.wav,angry,Ses04,F,7.79
Ses04M_script02_2_F014,/mnt/ddn/kyudan/IEMOCAP/data/Ses04M_script02_2_F014.wav,angry,Ses04,F,2.53
Ses04M_script02_2_F016,/mnt/ddn/kyudan/IEMOCAP/data/Ses04M_script02_2_F016.wav,sad,Ses04,F,14.254
Ses04M_script02_2_F018,/mnt/ddn/kyudan/IEMOCAP/data/Ses04M_script02_2_F018.wav,sad,Ses04,F,4.2
Ses04M_script02_2_F019,/mnt/ddn/kyudan/IEMOCAP/data/Ses04M_script02_2_F019.wav,sad,Ses04,F,5.33
Ses04M_script02_2_F020,/mnt/ddn/kyudan/IEMOCAP/data/Ses04M_script02_2_F020.wav,sad,Ses04,F,2.2
Ses04M_script02_2_F021,/mnt/ddn/kyudan/IEMOCAP/data/Ses04M_script02_2_F021.wav,sad,Ses04,F,2.335
Ses04M_script02_2_F025,/mnt/ddn/kyudan/IEMOCAP/data/Ses04M_script02_2_F025.wav,angry,Ses04,F,1.39
Ses04M_script02_2_F026,/mnt/ddn/kyudan/IEMOCAP/data/Ses04M_script02_2_F026.wav,angry,Ses04,F,3.07
Ses04M_script02_2_F027,/mnt/ddn/kyudan/IEMOCAP/data/Ses04M_script02_2_F027.wav,angry,Ses04,F,3.46
Ses04M_script02_2_F028,/mnt/ddn/kyudan/IEMOCAP/data/Ses04M_script02_2_F028.wav,angry,Ses04,F,4.37
Ses04M_script02_2_F029,/mnt/ddn/kyudan/IEMOCAP/data/Ses04M_script02_2_F029.wav,angry,Ses04,F,3.65
Ses04M_script02_2_F032,/mnt/ddn/kyudan/IEMOCAP/data/Ses04M_script02_2_F032.wav,sad,Ses04,F,1.753
Ses04M_script02_2_F033,/mnt/ddn/kyudan/IEMOCAP/data/Ses04M_script02_2_F033.wav,happy,Ses04,F,5.473
Ses04M_script02_2_F034,/mnt/ddn/kyudan/IEMOCAP/data/Ses04M_script02_2_F034.wav,happy,Ses04,F,10.824
Ses04M_script02_2_F035,/mnt/ddn/kyudan/IEMOCAP/data/Ses04M_script02_2_F035.wav,happy,Ses04,F,5.7
Ses04M_script02_2_F036,/mnt/ddn/kyudan/IEMOCAP/data/Ses04M_script02_2_F036.wav,happy,Ses04,F,10.328
Ses04M_script02_2_M000,/mnt/ddn/kyudan/IEMOCAP/data/Ses04M_script02_2_M000.wav,neutral,Ses04,M,2.277
Ses04M_script02_2_M001,/mnt/ddn/kyudan/IEMOCAP/data/Ses04M_script02_2_M001.wav,neutral,Ses04,M,1.89
Ses04M_script02_2_M006,/mnt/ddn/kyudan/IEMOCAP/data/Ses04M_script02_2_M006.wav,angry,Ses04,M,1.73
Ses04M_script02_2_M007,/mnt/ddn/kyudan/IEMOCAP/data/Ses04M_script02_2_M007.wav,angry,Ses04,M,9.65
Ses04M_script02_2_M020,/mnt/ddn/kyudan/IEMOCAP/data/Ses04M_script02_2_M020.wav,neutral,Ses04,M,2.357
Ses04M_script02_2_M021,/mnt/ddn/kyudan/IEMOCAP/data/Ses04M_script02_2_M021.wav,neutral,Ses04,M,13.0
Ses04M_script02_2_M022,/mnt/ddn/kyudan/IEMOCAP/data/Ses04M_script02_2_M022.wav,happy,Ses04,M,6.62
Ses04M_script02_2_M023,/mnt/ddn/kyudan/IEMOCAP/data/Ses04M_script02_2_M023.wav,sad,Ses04,M,3.15
Ses04M_script02_2_M028,/mnt/ddn/kyudan/IEMOCAP/data/Ses04M_script02_2_M028.wav,angry,Ses04,M,8.39
Ses04M_script02_2_M029,/mnt/ddn/kyudan/IEMOCAP/data/Ses04M_script02_2_M029.wav,angry,Ses04,M,11.55
Ses04M_script02_2_M031,/mnt/ddn/kyudan/IEMOCAP/data/Ses04M_script02_2_M031.wav,angry,Ses04,M,7.94
Ses04M_script02_2_M034,/mnt/ddn/kyudan/IEMOCAP/data/Ses04M_script02_2_M034.wav,angry,Ses04,M,1.95
Ses04M_script02_2_M036,/mnt/ddn/kyudan/IEMOCAP/data/Ses04M_script02_2_M036.wav,sad,Ses04,M,2.709
Ses04M_script02_2_M037,/mnt/ddn/kyudan/IEMOCAP/data/Ses04M_script02_2_M037.wav,sad,Ses04,M,3.964
Ses04M_script02_2_M039,/mnt/ddn/kyudan/IEMOCAP/data/Ses04M_script02_2_M039.wav,happy,Ses04,M,4.826
Ses04M_script02_2_M040,/mnt/ddn/kyudan/IEMOCAP/data/Ses04M_script02_2_M040.wav,happy,Ses04,M,6.79
Ses04M_script02_2_M041,/mnt/ddn/kyudan/IEMOCAP/data/Ses04M_script02_2_M041.wav,happy,Ses04,M,6.662
Ses04M_script03_1_F005,/mnt/ddn/kyudan/IEMOCAP/data/Ses04M_script03_1_F005.wav,happy,Ses04,F,3.25
Ses04M_script03_1_F006,/mnt/ddn/kyudan/IEMOCAP/data/Ses04M_script03_1_F006.wav,happy,Ses04,F,1.85
Ses04M_script03_1_F007,/mnt/ddn/kyudan/IEMOCAP/data/Ses04M_script03_1_F007.wav,happy,Ses04,F,2.92
Ses04M_script03_1_F008,/mnt/ddn/kyudan/IEMOCAP/data/Ses04M_script03_1_F008.wav,happy,Ses04,F,3.25
Ses04M_script03_1_F009,/mnt/ddn/kyudan/IEMOCAP/data/Ses04M_script03_1_F009.wav,happy,Ses04,F,3.0
Ses04M_script03_1_F010,/mnt/ddn/kyudan/IEMOCAP/data/Ses04M_script03_1_F010.wav,happy,Ses04,F,2.7
Ses04M_script03_1_F011,/mnt/ddn/kyudan/IEMOCAP/data/Ses04M_script03_1_F011.wav,happy,Ses04,F,3.131
Ses04M_script03_1_F012,/mnt/ddn/kyudan/IEMOCAP/data/Ses04M_script03_1_F012.wav,happy,Ses04,F,1.32
Ses04M_script03_1_F013,/mnt/ddn/kyudan/IEMOCAP/data/Ses04M_script03_1_F013.wav,neutral,Ses04,F,3.53
Ses04M_script03_1_F014,/mnt/ddn/kyudan/IEMOCAP/data/Ses04M_script03_1_F014.wav,happy,Ses04,F,5.155
Ses04M_script03_1_F015,/mnt/ddn/kyudan/IEMOCAP/data/Ses04M_script03_1_F015.wav,happy,Ses04,F,3.22
Ses04M_script03_1_F016,/mnt/ddn/kyudan/IEMOCAP/data/Ses04M_script03_1_F016.wav,happy,Ses04,F,2.7
Ses04M_script03_1_F017,/mnt/ddn/kyudan/IEMOCAP/data/Ses04M_script03_1_F017.wav,happy,Ses04,F,3.85
Ses04M_script03_1_F018,/mnt/ddn/kyudan/IEMOCAP/data/Ses04M_script03_1_F018.wav,happy,Ses04,F,2.28
Ses04M_script03_1_F019,/mnt/ddn/kyudan/IEMOCAP/data/Ses04M_script03_1_F019.wav,happy,Ses04,F,2.84
Ses04M_script03_1_F020,/mnt/ddn/kyudan/IEMOCAP/data/Ses04M_script03_1_F020.wav,happy,Ses04,F,2.489
Ses04M_script03_1_F021,/mnt/ddn/kyudan/IEMOCAP/data/Ses04M_script03_1_F021.wav,happy,Ses04,F,8.67
Ses04M_script03_1_F022,/mnt/ddn/kyudan/IEMOCAP/data/Ses04M_script03_1_F022.wav,happy,Ses04,F,1.97
Ses04M_script03_1_F023,/mnt/ddn/kyudan/IEMOCAP/data/Ses04M_script03_1_F023.wav,happy,Ses04,F,5.1
Ses04M_script03_1_F024,/mnt/ddn/kyudan/IEMOCAP/data/Ses04M_script03_1_F024.wav,happy,Ses04,F,5.61
Ses04M_script03_1_F025,/mnt/ddn/kyudan/IEMOCAP/data/Ses04M_script03_1_F025.wav,happy,Ses04,F,2.54
Ses04M_script03_1_F026,/mnt/ddn/kyudan/IEMOCAP/data/Ses04M_script03_1_F026.wav,happy,Ses04,F,3.99
Ses04M_script03_1_F027,/mnt/ddn/kyudan/IEMOCAP/data/Ses04M_script03_1_F027.wav,happy,Ses04,F,2.76
Ses04M_script03_1_F028,/mnt/ddn/kyudan/IEMOCAP/data/Ses04M_script03_1_F028.wav,happy,Ses04,F,6.63
Ses04M_script03_1_F029,/mnt/ddn/kyudan/IEMOCAP/data/Ses04M_script03_1_F029.wav,happy,Ses04,F,4.34
Ses04M_script03_1_F030,/mnt/ddn/kyudan/IEMOCAP/data/Ses04M_script03_1_F030.wav,happy,Ses04,F,2.346
Ses04M_script03_1_M003,/mnt/ddn/kyudan/IEMOCAP/data/Ses04M_script03_1_M003.wav,neutral,Ses04,M,3.442
Ses04M_script03_1_M004,/mnt/ddn/kyudan/IEMOCAP/data/Ses04M_script03_1_M004.wav,happy,Ses04,M,2.17
Ses04M_script03_1_M006,/mnt/ddn/kyudan/IEMOCAP/data/Ses04M_script03_1_M006.wav,happy,Ses04,M,2.75
Ses04M_script03_1_M007,/mnt/ddn/kyudan/IEMOCAP/data/Ses04M_script03_1_M007.wav,happy,Ses04,M,2.48
Ses04M_script03_1_M010,/mnt/ddn/kyudan/IEMOCAP/data/Ses04M_script03_1_M010.wav,neutral,Ses04,M,3.67
Ses04M_script03_1_M011,/mnt/ddn/kyudan/IEMOCAP/data/Ses04M_script03_1_M011.wav,sad,Ses04,M,7.86
Ses04M_script03_1_M012,/mnt/ddn/kyudan/IEMOCAP/data/Ses04M_script03_1_M012.wav,neutral,Ses04,M,3.28
Ses04M_script03_1_M013,/mnt/ddn/kyudan/IEMOCAP/data/Ses04M_script03_1_M013.wav,angry,Ses04,M,14.19
Ses04M_script03_1_M016,/mnt/ddn/kyudan/IEMOCAP/data/Ses04M_script03_1_M016.wav,sad,Ses04,M,3.512
Ses04M_script03_1_M020,/mnt/ddn/kyudan/IEMOCAP/data/Ses04M_script03_1_M020.wav,happy,Ses04,M,15.688
Ses04M_script03_1_M021,/mnt/ddn/kyudan/IEMOCAP/data/Ses04M_script03_1_M021.wav,happy,Ses04,M,7.947
Ses04M_script03_1_M022,/mnt/ddn/kyudan/IEMOCAP/data/Ses04M_script03_1_M022.wav,happy,Ses04,M,14.796
Ses04M_script03_1_M023,/mnt/ddn/kyudan/IEMOCAP/data/Ses04M_script03_1_M023.wav,happy,Ses04,M,3.193
Ses04M_script03_1_M024,/mnt/ddn/kyudan/IEMOCAP/data/Ses04M_script03_1_M024.wav,happy,Ses04,M,4.31
Ses04M_script03_1_M025,/mnt/ddn/kyudan/IEMOCAP/data/Ses04M_script03_1_M025.wav,angry,Ses04,M,1.91
Ses04M_script03_1_M026,/mnt/ddn/kyudan/IEMOCAP/data/Ses04M_script03_1_M026.wav,happy,Ses04,M,1.98
Ses04M_script03_1_M027,/mnt/ddn/kyudan/IEMOCAP/data/Ses04M_script03_1_M027.wav,happy,Ses04,M,5.11
Ses04M_script03_1_M028,/mnt/ddn/kyudan/IEMOCAP/data/Ses04M_script03_1_M028.wav,neutral,Ses04,M,1.977
Ses04M_script03_1_M029,/mnt/ddn/kyudan/IEMOCAP/data/Ses04M_script03_1_M029.wav,happy,Ses04,M,2.1
Ses04M_script03_1_M030,/mnt/ddn/kyudan/IEMOCAP/data/Ses04M_script03_1_M030.wav,happy,Ses04,M,2.13
Ses04M_script03_1_M031,/mnt/ddn/kyudan/IEMOCAP/data/Ses04M_script03_1_M031.wav,happy,Ses04,M,4.35
Ses04M_script03_1_M032,/mnt/ddn/kyudan/IEMOCAP/data/Ses04M_script03_1_M032.wav,happy,Ses04,M,3.3
Ses04M_script03_1_M033,/mnt/ddn/kyudan/IEMOCAP/data/Ses04M_script03_1_M033.wav,neutral,Ses04,M,4.81
Ses04M_script03_2_F000,/mnt/ddn/kyudan/IEMOCAP/data/Ses04M_script03_2_F000.wav,angry,Ses04,F,2.597
Ses04M_script03_2_F001,/mnt/ddn/kyudan/IEMOCAP/data/Ses04M_script03_2_F001.wav,happy,Ses04,F,6.317
Ses04M_script03_2_F002,/mnt/ddn/kyudan/IEMOCAP/data/Ses04M_script03_2_F002.wav,happy,Ses04,F,3.85
Ses04M_script03_2_F003,/mnt/ddn/kyudan/IEMOCAP/data/Ses04M_script03_2_F003.wav,happy,Ses04,F,2.24
Ses04M_script03_2_F004,/mnt/ddn/kyudan/IEMOCAP/data/Ses04M_script03_2_F004.wav,happy,Ses04,F,1.97
Ses04M_script03_2_F006,/mnt/ddn/kyudan/IEMOCAP/data/Ses04M_script03_2_F006.wav,happy,Ses04,F,4.41
Ses04M_script03_2_F008,/mnt/ddn/kyudan/IEMOCAP/data/Ses04M_script03_2_F008.wav,happy,Ses04,F,3.82
Ses04M_script03_2_F009,/mnt/ddn/kyudan/IEMOCAP/data/Ses04M_script03_2_F009.wav,neutral,Ses04,F,1.03
Ses04M_script03_2_F010,/mnt/ddn/kyudan/IEMOCAP/data/Ses04M_script03_2_F010.wav,angry,Ses04,F,1.754
Ses04M_script03_2_F014,/mnt/ddn/kyudan/IEMOCAP/data/Ses04M_script03_2_F014.wav,angry,Ses04,F,1.902
Ses04M_script03_2_F017,/mnt/ddn/kyudan/IEMOCAP/data/Ses04M_script03_2_F017.wav,angry,Ses04,F,3.015
Ses04M_script03_2_F019,/mnt/ddn/kyudan/IEMOCAP/data/Ses04M_script03_2_F019.wav,angry,Ses04,F,1.609
Ses04M_script03_2_F021,/mnt/ddn/kyudan/IEMOCAP/data/Ses04M_script03_2_F021.wav,angry,Ses04,F,5.06
Ses04M_script03_2_F022,/mnt/ddn/kyudan/IEMOCAP/data/Ses04M_script03_2_F022.wav,angry,Ses04,F,1.65
Ses04M_script03_2_F023,/mnt/ddn/kyudan/IEMOCAP/data/Ses04M_script03_2_F023.wav,angry,Ses04,F,2.33
Ses04M_script03_2_F024,/mnt/ddn/kyudan/IEMOCAP/data/Ses04M_script03_2_F024.wav,neutral,Ses04,F,1.447
Ses04M_script03_2_F026,/mnt/ddn/kyudan/IEMOCAP/data/Ses04M_script03_2_F026.wav,angry,Ses04,F,2.57
Ses04M_script03_2_F028,/mnt/ddn/kyudan/IEMOCAP/data/Ses04M_script03_2_F028.wav,angry,Ses04,F,6.27
Ses04M_script03_2_F029,/mnt/ddn/kyudan/IEMOCAP/data/Ses04M_script03_2_F029.wav,angry,Ses04,F,2.599
Ses04M_script03_2_F030,/mnt/ddn/kyudan/IEMOCAP/data/Ses04M_script03_2_F030.wav,angry,Ses04,F,2.85
Ses04M_script03_2_F031,/mnt/ddn/kyudan/IEMOCAP/data/Ses04M_script03_2_F031.wav,angry,Ses04,F,4.01
Ses04M_script03_2_F032,/mnt/ddn/kyudan/IEMOCAP/data/Ses04M_script03_2_F032.wav,angry,Ses04,F,1.94
Ses04M_script03_2_F033,/mnt/ddn/kyudan/IEMOCAP/data/Ses04M_script03_2_F033.wav,angry,Ses04,F,5.438
Ses04M_script03_2_F034,/mnt/ddn/kyudan/IEMOCAP/data/Ses04M_script03_2_F034.wav,angry,Ses04,F,1.96
Ses04M_script03_2_F035,/mnt/ddn/kyudan/IEMOCAP/data/Ses04M_script03_2_F035.wav,angry,Ses04,F,3.37
Ses04M_script03_2_F036,/mnt/ddn/kyudan/IEMOCAP/data/Ses04M_script03_2_F036.wav,angry,Ses04,F,2.291
Ses04M_script03_2_F037,/mnt/ddn/kyudan/IEMOCAP/data/Ses04M_script03_2_F037.wav,angry,Ses04,F,4.08
Ses04M_script03_2_F038,/mnt/ddn/kyudan/IEMOCAP/data/Ses04M_script03_2_F038.wav,angry,Ses04,F,2.72
Ses04M_script03_2_F039,/mnt/ddn/kyudan/IEMOCAP/data/Ses04M_script03_2_F039.wav,angry,Ses04,F,2.796
Ses04M_script03_2_F040,/mnt/ddn/kyudan/IEMOCAP/data/Ses04M_script03_2_F040.wav,angry,Ses04,F,3.98
Ses04M_script03_2_F041,/mnt/ddn/kyudan/IEMOCAP/data/Ses04M_script03_2_F041.wav,angry,Ses04,F,3.192
Ses04M_script03_2_F042,/mnt/ddn/kyudan/IEMOCAP/data/Ses04M_script03_2_F042.wav,angry,Ses04,F,5.2
Ses04M_script03_2_F043,/mnt/ddn/kyudan/IEMOCAP/data/Ses04M_script03_2_F043.wav,neutral,Ses04,F,1.827
Ses04M_script03_2_F044,/mnt/ddn/kyudan/IEMOCAP/data/Ses04M_script03_2_F044.wav,angry,Ses04,F,4.734
Ses04M_script03_2_F045,/mnt/ddn/kyudan/IEMOCAP/data/Ses04M_script03_2_F045.wav,angry,Ses04,F,0.76
Ses04M_script03_2_F046,/mnt/ddn/kyudan/IEMOCAP/data/Ses04M_script03_2_F046.wav,angry,Ses04,F,5.18
Ses04M_script03_2_F047,/mnt/ddn/kyudan/IEMOCAP/data/Ses04M_script03_2_F047.wav,angry,Ses04,F,3.85
Ses04M_script03_2_F048,/mnt/ddn/kyudan/IEMOCAP/data/Ses04M_script03_2_F048.wav,angry,Ses04,F,1.37
Ses04M_script03_2_F049,/mnt/ddn/kyudan/IEMOCAP/data/Ses04M_script03_2_F049.wav,angry,Ses04,F,5.44
Ses04M_script03_2_F050,/mnt/ddn/kyudan/IEMOCAP/data/Ses04M_script03_2_F050.wav,angry,Ses04,F,1.5
Ses04M_script03_2_F051,/mnt/ddn/kyudan/IEMOCAP/data/Ses04M_script03_2_F051.wav,angry,Ses04,F,4.06
Ses04M_script03_2_F052,/mnt/ddn/kyudan/IEMOCAP/data/Ses04M_script03_2_F052.wav,angry,Ses04,F,1.53
Ses04M_script03_2_M000,/mnt/ddn/kyudan/IEMOCAP/data/Ses04M_script03_2_M000.wav,happy,Ses04,M,2.915
Ses04M_script03_2_M001,/mnt/ddn/kyudan/IEMOCAP/data/Ses04M_script03_2_M001.wav,neutral,Ses04,M,2.05
Ses04M_script03_2_M008,/mnt/ddn/kyudan/IEMOCAP/data/Ses04M_script03_2_M008.wav,angry,Ses04,M,3.27
Ses04M_script03_2_M009,/mnt/ddn/kyudan/IEMOCAP/data/Ses04M_script03_2_M009.wav,neutral,Ses04,M,1.275
Ses04M_script03_2_M010,/mnt/ddn/kyudan/IEMOCAP/data/Ses04M_script03_2_M010.wav,angry,Ses04,M,2.16
Ses04M_script03_2_M011,/mnt/ddn/kyudan/IEMOCAP/data/Ses04M_script03_2_M011.wav,angry,Ses04,M,2.08
Ses04M_script03_2_M012,/mnt/ddn/kyudan/IEMOCAP/data/Ses04M_script03_2_M012.wav,angry,Ses04,M,1.83
Ses04M_script03_2_M013,/mnt/ddn/kyudan/IEMOCAP/data/Ses04M_script03_2_M013.wav,angry,Ses04,M,2.742
Ses04M_script03_2_M014,/mnt/ddn/kyudan/IEMOCAP/data/Ses04M_script03_2_M014.wav,angry,Ses04,M,2.814
Ses04M_script03_2_M020,/mnt/ddn/kyudan/IEMOCAP/data/Ses04M_script03_2_M020.wav,angry,Ses04,M,1.6
Ses04M_script03_2_M021,/mnt/ddn/kyudan/IEMOCAP/data/Ses04M_script03_2_M021.wav,angry,Ses04,M,2.235
Ses04M_script03_2_M022,/mnt/ddn/kyudan/IEMOCAP/data/Ses04M_script03_2_M022.wav,angry,Ses04,M,2.61
Ses04M_script03_2_M024,/mnt/ddn/kyudan/IEMOCAP/data/Ses04M_script03_2_M024.wav,angry,Ses04,M,2.71
Ses04M_script03_2_M025,/mnt/ddn/kyudan/IEMOCAP/data/Ses04M_script03_2_M025.wav,angry,Ses04,M,1.34
Ses04M_script03_2_M026,/mnt/ddn/kyudan/IEMOCAP/data/Ses04M_script03_2_M026.wav,neutral,Ses04,M,1.581
Ses04M_script03_2_M027,/mnt/ddn/kyudan/IEMOCAP/data/Ses04M_script03_2_M027.wav,angry,Ses04,M,4.15
Ses04M_script03_2_M028,/mnt/ddn/kyudan/IEMOCAP/data/Ses04M_script03_2_M028.wav,neutral,Ses04,M,2.15
Ses04M_script03_2_M029,/mnt/ddn/kyudan/IEMOCAP/data/Ses04M_script03_2_M029.wav,angry,Ses04,M,3.53
Ses04M_script03_2_M030,/mnt/ddn/kyudan/IEMOCAP/data/Ses04M_script03_2_M030.wav,angry,Ses04,M,4.4
Ses04M_script03_2_M031,/mnt/ddn/kyudan/IEMOCAP/data/Ses04M_script03_2_M031.wav,angry,Ses04,M,1.26
Ses04M_script03_2_M033,/mnt/ddn/kyudan/IEMOCAP/data/Ses04M_script03_2_M033.wav,angry,Ses04,M,3.39
Ses04M_script03_2_M034,/mnt/ddn/kyudan/IEMOCAP/data/Ses04M_script03_2_M034.wav,angry,Ses04,M,4.16
Ses04M_script03_2_M035,/mnt/ddn/kyudan/IEMOCAP/data/Ses04M_script03_2_M035.wav,angry,Ses04,M,5.58
Ses04M_script03_2_M036,/mnt/ddn/kyudan/IEMOCAP/data/Ses04M_script03_2_M036.wav,angry,Ses04,M,1.8
Ses04M_script03_2_M038,/mnt/ddn/kyudan/IEMOCAP/data/Ses04M_script03_2_M038.wav,angry,Ses04,M,5.464
Ses04M_script03_2_M039,/mnt/ddn/kyudan/IEMOCAP/data/Ses04M_script03_2_M039.wav,angry,Ses04,M,5.75
Ses04M_script03_2_M040,/mnt/ddn/kyudan/IEMOCAP/data/Ses04M_script03_2_M040.wav,angry,Ses04,M,2.6
Ses04M_script03_2_M041,/mnt/ddn/kyudan/IEMOCAP/data/Ses04M_script03_2_M041.wav,angry,Ses04,M,2.712
Ses04M_script03_2_M042,/mnt/ddn/kyudan/IEMOCAP/data/Ses04M_script03_2_M042.wav,angry,Ses04,M,4.068
Ses04M_script03_2_M043,/mnt/ddn/kyudan/IEMOCAP/data/Ses04M_script03_2_M043.wav,angry,Ses04,M,3.082
Ses04M_script03_2_M044,/mnt/ddn/kyudan/IEMOCAP/data/Ses04M_script03_2_M044.wav,angry,Ses04,M,3.22
Ses04M_script03_2_M045,/mnt/ddn/kyudan/IEMOCAP/data/Ses04M_script03_2_M045.wav,angry,Ses04,M,2.028
Ses04M_script03_2_M046,/mnt/ddn/kyudan/IEMOCAP/data/Ses04M_script03_2_M046.wav,angry,Ses04,M,2.2
Ses04M_script03_2_M047,/mnt/ddn/kyudan/IEMOCAP/data/Ses04M_script03_2_M047.wav,angry,Ses04,M,2.24
Ses04M_script03_2_M048,/mnt/ddn/kyudan/IEMOCAP/data/Ses04M_script03_2_M048.wav,angry,Ses04,M,1.214
Ses04M_script03_2_M049,/mnt/ddn/kyudan/IEMOCAP/data/Ses04M_script03_2_M049.wav,angry,Ses04,M,2.66
Ses04M_script03_2_M050,/mnt/ddn/kyudan/IEMOCAP/data/Ses04M_script03_2_M050.wav,angry,Ses04,M,5.2
Ses04M_script03_2_M051,/mnt/ddn/kyudan/IEMOCAP/data/Ses04M_script03_2_M051.wav,angry,Ses04,M,1.78
Ses04M_script03_2_M052,/mnt/ddn/kyudan/IEMOCAP/data/Ses04M_script03_2_M052.wav,angry,Ses04,M,1.08
Ses04M_script03_2_M053,/mnt/ddn/kyudan/IEMOCAP/data/Ses04M_script03_2_M053.wav,angry,Ses04,M,1.9
Ses04M_script03_2_M054,/mnt/ddn/kyudan/IEMOCAP/data/Ses04M_script03_2_M054.wav,angry,Ses04,M,2.35
Ses04M_script03_2_M055,/mnt/ddn/kyudan/IEMOCAP/data/Ses04M_script03_2_M055.wav,angry,Ses04,M,4.69
Ses04M_script03_2_M056,/mnt/ddn/kyudan/IEMOCAP/data/Ses04M_script03_2_M056.wav,angry,Ses04,M,1.92
Ses05F_impro01_F000,/mnt/ddn/kyudan/IEMOCAP/data/Ses05F_impro01_F000.wav,neutral,Ses05,F,2.557
Ses05F_impro01_F008,/mnt/ddn/kyudan/IEMOCAP/data/Ses05F_impro01_F008.wav,neutral,Ses05,F,4.24
Ses05F_impro01_F017,/mnt/ddn/kyudan/IEMOCAP/data/Ses05F_impro01_F017.wav,angry,Ses05,F,6.02
Ses05F_impro01_F018,/mnt/ddn/kyudan/IEMOCAP/data/Ses05F_impro01_F018.wav,angry,Ses05,F,1.56
Ses05F_impro01_F020,/mnt/ddn/kyudan/IEMOCAP/data/Ses05F_impro01_F020.wav,angry,Ses05,F,4.81
Ses05F_impro01_M000,/mnt/ddn/kyudan/IEMOCAP/data/Ses05F_impro01_M000.wav,neutral,Ses05,M,9.0
Ses05F_impro01_M003,/mnt/ddn/kyudan/IEMOCAP/data/Ses05F_impro01_M003.wav,neutral,Ses05,M,6.77
Ses05F_impro02_F001,/mnt/ddn/kyudan/IEMOCAP/data/Ses05F_impro02_F001.wav,sad,Ses05,F,2.18
Ses05F_impro02_F002,/mnt/ddn/kyudan/IEMOCAP/data/Ses05F_impro02_F002.wav,sad,Ses05,F,5.66
Ses05F_impro02_F003,/mnt/ddn/kyudan/IEMOCAP/data/Ses05F_impro02_F003.wav,angry,Ses05,F,3.76
Ses05F_impro02_F004,/mnt/ddn/kyudan/IEMOCAP/data/Ses05F_impro02_F004.wav,sad,Ses05,F,2.301
Ses05F_impro02_F005,/mnt/ddn/kyudan/IEMOCAP/data/Ses05F_impro02_F005.wav,sad,Ses05,F,3.49
Ses05F_impro02_F007,/mnt/ddn/kyudan/IEMOCAP/data/Ses05F_impro02_F007.wav,sad,Ses05,F,3.16
Ses05F_impro02_F008,/mnt/ddn/kyudan/IEMOCAP/data/Ses05F_impro02_F008.wav,sad,Ses05,F,2.68
Ses05F_impro02_F009,/mnt/ddn/kyudan/IEMOCAP/data/Ses05F_impro02_F009.wav,sad,Ses05,F,4.16
Ses05F_impro02_F010,/mnt/ddn/kyudan/IEMOCAP/data/Ses05F_impro02_F010.wav,sad,Ses05,F,10.96
Ses05F_impro02_F011,/mnt/ddn/kyudan/IEMOCAP/data/Ses05F_impro02_F011.wav,sad,Ses05,F,2.25
Ses05F_impro02_F012,/mnt/ddn/kyudan/IEMOCAP/data/Ses05F_impro02_F012.wav,sad,Ses05,F,4.97
Ses05F_impro02_F021,/mnt/ddn/kyudan/IEMOCAP/data/Ses05F_impro02_F021.wav,sad,Ses05,F,3.14
Ses05F_impro02_F022,/mnt/ddn/kyudan/IEMOCAP/data/Ses05F_impro02_F022.wav,sad,Ses05,F,12.85
Ses05F_impro02_F023,/mnt/ddn/kyudan/IEMOCAP/data/Ses05F_impro02_F023.wav,sad,Ses05,F,5.88
Ses05F_impro02_F024,/mnt/ddn/kyudan/IEMOCAP/data/Ses05F_impro02_F024.wav,sad,Ses05,F,3.22
Ses05F_impro02_F027,/mnt/ddn/kyudan/IEMOCAP/data/Ses05F_impro02_F027.wav,sad,Ses05,F,1.76
Ses05F_impro02_F028,/mnt/ddn/kyudan/IEMOCAP/data/Ses05F_impro02_F028.wav,sad,Ses05,F,1.85
Ses05F_impro02_F029,/mnt/ddn/kyudan/IEMOCAP/data/Ses05F_impro02_F029.wav,sad,Ses05,F,10.48
Ses05F_impro02_F030,/mnt/ddn/kyudan/IEMOCAP/data/Ses05F_impro02_F030.wav,sad,Ses05,F,3.59
Ses05F_impro02_F031,/mnt/ddn/kyudan/IEMOCAP/data/Ses05F_impro02_F031.wav,sad,Ses05,F,3.38
Ses05F_impro02_F032,/mnt/ddn/kyudan/IEMOCAP/data/Ses05F_impro02_F032.wav,sad,Ses05,F,3.87
Ses05F_impro02_F033,/mnt/ddn/kyudan/IEMOCAP/data/Ses05F_impro02_F033.wav,sad,Ses05,F,3.26
Ses05F_impro02_F034,/mnt/ddn/kyudan/IEMOCAP/data/Ses05F_impro02_F034.wav,sad,Ses05,F,2.67
Ses05F_impro02_F035,/mnt/ddn/kyudan/IEMOCAP/data/Ses05F_impro02_F035.wav,sad,Ses05,F,4.2
Ses05F_impro02_F036,/mnt/ddn/kyudan/IEMOCAP/data/Ses05F_impro02_F036.wav,sad,Ses05,F,1.74
Ses05F_impro02_F037,/mnt/ddn/kyudan/IEMOCAP/data/Ses05F_impro02_F037.wav,sad,Ses05,F,1.2
Ses05F_impro02_F038,/mnt/ddn/kyudan/IEMOCAP/data/Ses05F_impro02_F038.wav,sad,Ses05,F,8.134
Ses05F_impro02_M000,/mnt/ddn/kyudan/IEMOCAP/data/Ses05F_impro02_M000.wav,neutral,Ses05,M,2.828
Ses05F_impro02_M004,/mnt/ddn/kyudan/IEMOCAP/data/Ses05F_impro02_M004.wav,angry,Ses05,M,2.19
Ses05F_impro02_M005,/mnt/ddn/kyudan/IEMOCAP/data/Ses05F_impro02_M005.wav,angry,Ses05,M,3.08
Ses05F_impro02_M007,/mnt/ddn/kyudan/IEMOCAP/data/Ses05F_impro02_M007.wav,sad,Ses05,M,5.39
Ses05F_impro02_M009,/mnt/ddn/kyudan/IEMOCAP/data/Ses05F_impro02_M009.wav,angry,Ses05,M,4.52
Ses05F_impro02_M010,/mnt/ddn/kyudan/IEMOCAP/data/Ses05F_impro02_M010.wav,angry,Ses05,M,2.98
Ses05F_impro02_M011,/mnt/ddn/kyudan/IEMOCAP/data/Ses05F_impro02_M011.wav,sad,Ses05,M,4.5
Ses05F_impro02_M012,/mnt/ddn/kyudan/IEMOCAP/data/Ses05F_impro02_M012.wav,sad,Ses05,M,2.49
Ses05F_impro02_M014,/mnt/ddn/kyudan/IEMOCAP/data/Ses05F_impro02_M014.wav,angry,Ses05,M,4.214
Ses05F_impro02_M015,/mnt/ddn/kyudan/IEMOCAP/data/Ses05F_impro02_M015.wav,angry,Ses05,M,7.46
Ses05F_impro02_M023,/mnt/ddn/kyudan/IEMOCAP/data/Ses05F_impro02_M023.wav,angry,Ses05,M,6.84
Ses05F_impro02_M024,/mnt/ddn/kyudan/IEMOCAP/data/Ses05F_impro02_M024.wav,sad,Ses05,M,3.47
Ses05F_impro02_M025,/mnt/ddn/kyudan/IEMOCAP/data/Ses05F_impro02_M025.wav,sad,Ses05,M,1.98
Ses05F_impro02_M026,/mnt/ddn/kyudan/IEMOCAP/data/Ses05F_impro02_M026.wav,sad,Ses05,M,10.88
Ses05F_impro02_M029,/mnt/ddn/kyudan/IEMOCAP/data/Ses05F_impro02_M029.wav,sad,Ses05,M,6.82
Ses05F_impro02_M030,/mnt/ddn/kyudan/IEMOCAP/data/Ses05F_impro02_M030.wav,sad,Ses05,M,6.94
Ses05F_impro02_M031,/mnt/ddn/kyudan/IEMOCAP/data/Ses05F_impro02_M031.wav,sad,Ses05,M,2.091
Ses05F_impro02_M032,/mnt/ddn/kyudan/IEMOCAP/data/Ses05F_impro02_M032.wav,sad,Ses05,M,1.84
Ses05F_impro02_M033,/mnt/ddn/kyudan/IEMOCAP/data/Ses05F_impro02_M033.wav,sad,Ses05,M,9.33
Ses05F_impro02_M034,/mnt/ddn/kyudan/IEMOCAP/data/Ses05F_impro02_M034.wav,sad,Ses05,M,6.26
Ses05F_impro02_M035,/mnt/ddn/kyudan/IEMOCAP/data/Ses05F_impro02_M035.wav,sad,Ses05,M,2.13
Ses05F_impro02_M036,/mnt/ddn/kyudan/IEMOCAP/data/Ses05F_impro02_M036.wav,sad,Ses05,M,6.58
Ses05F_impro02_M041,/mnt/ddn/kyudan/IEMOCAP/data/Ses05F_impro02_M041.wav,sad,Ses05,M,2.317
Ses05F_impro03_F000,/mnt/ddn/kyudan/IEMOCAP/data/Ses05F_impro03_F000.wav,happy,Ses05,F,1.738
Ses05F_impro03_F001,/mnt/ddn/kyudan/IEMOCAP/data/Ses05F_impro03_F001.wav,happy,Ses05,F,1.88
Ses05F_impro03_F002,/mnt/ddn/kyudan/IEMOCAP/data/Ses05F_impro03_F002.wav,happy,Ses05,F,1.13
Ses05F_impro03_F003,/mnt/ddn/kyudan/IEMOCAP/data/Ses05F_impro03_F003.wav,happy,Ses05,F,1.139
Ses05F_impro03_F004,/mnt/ddn/kyudan/IEMOCAP/data/Ses05F_impro03_F004.wav,happy,Ses05,F,1.18
Ses05F_impro03_F005,/mnt/ddn/kyudan/IEMOCAP/data/Ses05F_impro03_F005.wav,happy,Ses05,F,1.91
Ses05F_impro03_F006,/mnt/ddn/kyudan/IEMOCAP/data/Ses05F_impro03_F006.wav,happy,Ses05,F,1.94
Ses05F_impro03_F007,/mnt/ddn/kyudan/IEMOCAP/data/Ses05F_impro03_F007.wav,happy,Ses05,F,1.71
Ses05F_impro03_F008,/mnt/ddn/kyudan/IEMOCAP/data/Ses05F_impro03_F008.wav,happy,Ses05,F,4.71
Ses05F_impro03_F009,/mnt/ddn/kyudan/IEMOCAP/data/Ses05F_impro03_F009.wav,happy,Ses05,F,1.53
Ses05F_impro03_F010,/mnt/ddn/kyudan/IEMOCAP/data/Ses05F_impro03_F010.wav,happy,Ses05,F,3.58
Ses05F_impro03_F011,/mnt/ddn/kyudan/IEMOCAP/data/Ses05F_impro03_F011.wav,happy,Ses05,F,1.75
Ses05F_impro03_F012,/mnt/ddn/kyudan/IEMOCAP/data/Ses05F_impro03_F012.wav,happy,Ses05,F,7.16
Ses05F_impro03_F013,/mnt/ddn/kyudan/IEMOCAP/data/Ses05F_impro03_F013.wav,happy,Ses05,F,1.91
Ses05F_impro03_F014,/mnt/ddn/kyudan/IEMOCAP/data/Ses05F_impro03_F014.wav,happy,Ses05,F,4.01
Ses05F_impro03_F015,/mnt/ddn/kyudan/IEMOCAP/data/Ses05F_impro03_F015.wav,happy,Ses05,F,7.19
Ses05F_impro03_F016,/mnt/ddn/kyudan/IEMOCAP/data/Ses05F_impro03_F016.wav,happy,Ses05,F,4.76
Ses05F_impro03_F017,/mnt/ddn/kyudan/IEMOCAP/data/Ses05F_impro03_F017.wav,happy,Ses05,F,1.25
Ses05F_impro03_F018,/mnt/ddn/kyudan/IEMOCAP/data/Ses05F_impro03_F018.wav,happy,Ses05,F,2.75
Ses05F_impro03_F019,/mnt/ddn/kyudan/IEMOCAP/data/Ses05F_impro03_F019.wav,happy,Ses05,F,2.29
Ses05F_impro03_F020,/mnt/ddn/kyudan/IEMOCAP/data/Ses05F_impro03_F020.wav,happy,Ses05,F,3.17
Ses05F_impro03_F021,/mnt/ddn/kyudan/IEMOCAP/data/Ses05F_impro03_F021.wav,happy,Ses05,F,2.31
Ses05F_impro03_F022,/mnt/ddn/kyudan/IEMOCAP/data/Ses05F_impro03_F022.wav,happy,Ses05,F,1.85
Ses05F_impro03_F023,/mnt/ddn/kyudan/IEMOCAP/data/Ses05F_impro03_F023.wav,happy,Ses05,F,1.68
Ses05F_impro03_F024,/mnt/ddn/kyudan/IEMOCAP/data/Ses05F_impro03_F024.wav,happy,Ses05,F,3.55
Ses05F_impro03_F025,/mnt/ddn/kyudan/IEMOCAP/data/Ses05F_impro03_F025.wav,happy,Ses05,F,2.01
Ses05F_impro03_F026,/mnt/ddn/kyudan/IEMOCAP/data/Ses05F_impro03_F026.wav,happy,Ses05,F,1.27
Ses05F_impro03_F027,/mnt/ddn/kyudan/IEMOCAP/data/Ses05F_impro03_F027.wav,happy,Ses05,F,6.55
Ses05F_impro03_F028,/mnt/ddn/kyudan/IEMOCAP/data/Ses05F_impro03_F028.wav,happy,Ses05,F,1.26
Ses05F_impro03_F029,/mnt/ddn/kyudan/IEMOCAP/data/Ses05F_impro03_F029.wav,happy,Ses05,F,6.11
Ses05F_impro03_F030,/mnt/ddn/kyudan/IEMOCAP/data/Ses05F_impro03_F030.wav,happy,Ses05,F,2.56
Ses05F_impro03_F031,/mnt/ddn/kyudan/IEMOCAP/data/Ses05F_impro03_F031.wav,happy,Ses05,F,1.3
Ses05F_impro03_F032,/mnt/ddn/kyudan/IEMOCAP/data/Ses05F_impro03_F032.wav,happy,Ses05,F,1.09
Ses05F_impro03_F033,/mnt/ddn/kyudan/IEMOCAP/data/Ses05F_impro03_F033.wav,happy,Ses05,F,1.99
Ses05F_impro03_F034,/mnt/ddn/kyudan/IEMOCAP/data/Ses05F_impro03_F034.wav,happy,Ses05,F,2.94
Ses05F_impro03_F035,/mnt/ddn/kyudan/IEMOCAP/data/Ses05F_impro03_F035.wav,happy,Ses05,F,1.22
Ses05F_impro03_F036,/mnt/ddn/kyudan/IEMOCAP/data/Ses05F_impro03_F036.wav,happy,Ses05,F,2.04
Ses05F_impro03_F037,/mnt/ddn/kyudan/IEMOCAP/data/Ses05F_impro03_F037.wav,happy,Ses05,F,2.39
Ses05F_impro03_F038,/mnt/ddn/kyudan/IEMOCAP/data/Ses05F_impro03_F038.wav,happy,Ses05,F,5.429
Ses05F_impro03_F039,/mnt/ddn/kyudan/IEMOCAP/data/Ses05F_impro03_F039.wav,happy,Ses05,F,2.33
Ses05F_impro03_F040,/mnt/ddn/kyudan/IEMOCAP/data/Ses05F_impro03_F040.wav,happy,Ses05,F,1.65
Ses05F_impro03_F041,/mnt/ddn/kyudan/IEMOCAP/data/Ses05F_impro03_F041.wav,happy,Ses05,F,1.56
Ses05F_impro03_F042,/mnt/ddn/kyudan/IEMOCAP/data/Ses05F_impro03_F042.wav,happy,Ses05,F,1.83
Ses05F_impro03_F043,/mnt/ddn/kyudan/IEMOCAP/data/Ses05F_impro03_F043.wav,happy,Ses05,F,2.3
Ses05F_impro03_F044,/mnt/ddn/kyudan/IEMOCAP/data/Ses05F_impro03_F044.wav,happy,Ses05,F,1.58
Ses05F_impro03_F045,/mnt/ddn/kyudan/IEMOCAP/data/Ses05F_impro03_F045.wav,happy,Ses05,F,1.78
Ses05F_impro03_F046,/mnt/ddn/kyudan/IEMOCAP/data/Ses05F_impro03_F046.wav,happy,Ses05,F,3.37
Ses05F_impro03_F047,/mnt/ddn/kyudan/IEMOCAP/data/Ses05F_impro03_F047.wav,happy,Ses05,F,2.93
Ses05F_impro03_F048,/mnt/ddn/kyudan/IEMOCAP/data/Ses05F_impro03_F048.wav,happy,Ses05,F,2.08
Ses05F_impro03_F049,/mnt/ddn/kyudan/IEMOCAP/data/Ses05F_impro03_F049.wav,happy,Ses05,F,1.39
Ses05F_impro03_F050,/mnt/ddn/kyudan/IEMOCAP/data/Ses05F_impro03_F050.wav,happy,Ses05,F,1.11
Ses05F_impro03_F051,/mnt/ddn/kyudan/IEMOCAP/data/Ses05F_impro03_F051.wav,happy,Ses05,F,4.36
Ses05F_impro03_F052,/mnt/ddn/kyudan/IEMOCAP/data/Ses05F_impro03_F052.wav,happy,Ses05,F,2.57
Ses05F_impro03_F053,/mnt/ddn/kyudan/IEMOCAP/data/Ses05F_impro03_F053.wav,happy,Ses05,F,1.79
Ses05F_impro03_F054,/mnt/ddn/kyudan/IEMOCAP/data/Ses05F_impro03_F054.wav,happy,Ses05,F,1.1
Ses05F_impro03_F055,/mnt/ddn/kyudan/IEMOCAP/data/Ses05F_impro03_F055.wav,happy,Ses05,F,4.51
Ses05F_impro03_F056,/mnt/ddn/kyudan/IEMOCAP/data/Ses05F_impro03_F056.wav,happy,Ses05,F,2.125
Ses05F_impro03_F057,/mnt/ddn/kyudan/IEMOCAP/data/Ses05F_impro03_F057.wav,happy,Ses05,F,4.09
Ses05F_impro03_F058,/mnt/ddn/kyudan/IEMOCAP/data/Ses05F_impro03_F058.wav,happy,Ses05,F,1.39
Ses05F_impro03_F059,/mnt/ddn/kyudan/IEMOCAP/data/Ses05F_impro03_F059.wav,happy,Ses05,F,2.02
Ses05F_impro03_F060,/mnt/ddn/kyudan/IEMOCAP/data/Ses05F_impro03_F060.wav,happy,Ses05,F,1.96
Ses05F_impro03_M000,/mnt/ddn/kyudan/IEMOCAP/data/Ses05F_impro03_M000.wav,happy,Ses05,M,1.2
Ses05F_impro03_M001,/mnt/ddn/kyudan/IEMOCAP/data/Ses05F_impro03_M001.wav,happy,Ses05,M,3.76
Ses05F_impro03_M003,/mnt/ddn/kyudan/IEMOCAP/data/Ses05F_impro03_M003.wav,happy,Ses05,M,1.61
Ses05F_impro03_M004,/mnt/ddn/kyudan/IEMOCAP/data/Ses05F_impro03_M004.wav,happy,Ses05,M,1.65
Ses05F_impro03_M005,/mnt/ddn/kyudan/IEMOCAP/data/Ses05F_impro03_M005.wav,happy,Ses05,M,3.18
Ses05F_impro03_M006,/mnt/ddn/kyudan/IEMOCAP/data/Ses05F_impro03_M006.wav,happy,Ses05,M,2.03
Ses05F_impro03_M007,/mnt/ddn/kyudan/IEMOCAP/data/Ses05F_impro03_M007.wav,happy,Ses05,M,4.69
Ses05F_impro03_M008,/mnt/ddn/kyudan/IEMOCAP/data/Ses05F_impro03_M008.wav,happy,Ses05,M,1.85
Ses05F_impro03_M009,/mnt/ddn/kyudan/IEMOCAP/data/Ses05F_impro03_M009.wav,happy,Ses05,M,1.96
Ses05F_impro03_M010,/mnt/ddn/kyudan/IEMOCAP/data/Ses05F_impro03_M010.wav,happy,Ses05,M,5.69
Ses05F_impro03_M011,/mnt/ddn/kyudan/IEMOCAP/data/Ses05F_impro03_M011.wav,happy,Ses05,M,5.299
Ses05F_impro03_M012,/mnt/ddn/kyudan/IEMOCAP/data/Ses05F_impro03_M012.wav,happy,Ses05,M,4.38
Ses05F_impro03_M013,/mnt/ddn/kyudan/IEMOCAP/data/Ses05F_impro03_M013.wav,happy,Ses05,M,4.18
Ses05F_impro03_M014,/mnt/ddn/kyudan/IEMOCAP/data/Ses05F_impro03_M014.wav,happy,Ses05,M,1.51
Ses05F_impro03_M015,/mnt/ddn/kyudan/IEMOCAP/data/Ses05F_impro03_M015.wav,happy,Ses05,M,3.25
Ses05F_impro03_M016,/mnt/ddn/kyudan/IEMOCAP/data/Ses05F_impro03_M016.wav,happy,Ses05,M,1.39
Ses05F_impro03_M017,/mnt/ddn/kyudan/IEMOCAP/data/Ses05F_impro03_M017.wav,happy,Ses05,M,1.76
Ses05F_impro03_M018,/mnt/ddn/kyudan/IEMOCAP/data/Ses05F_impro03_M018.wav,happy,Ses05,M,4.57
Ses05F_impro03_M019,/mnt/ddn/kyudan/IEMOCAP/data/Ses05F_impro03_M019.wav,happy,Ses05,M,7.05
Ses05F_impro03_M020,/mnt/ddn/kyudan/IEMOCAP/data/Ses05F_impro03_M020.wav,happy,Ses05,M,1.54
Ses05F_impro03_M021,/mnt/ddn/kyudan/IEMOCAP/data/Ses05F_impro03_M021.wav,happy,Ses05,M,3.05
Ses05F_impro03_M022,/mnt/ddn/kyudan/IEMOCAP/data/Ses05F_impro03_M022.wav,happy,Ses05,M,1.14
Ses05F_impro03_M023,/mnt/ddn/kyudan/IEMOCAP/data/Ses05F_impro03_M023.wav,happy,Ses05,M,2.25
Ses05F_impro03_M024,/mnt/ddn/kyudan/IEMOCAP/data/Ses05F_impro03_M024.wav,happy,Ses05,M,1.27
Ses05F_impro03_M025,/mnt/ddn/kyudan/IEMOCAP/data/Ses05F_impro03_M025.wav,happy,Ses05,M,1.78
Ses05F_impro03_M026,/mnt/ddn/kyudan/IEMOCAP/data/Ses05F_impro03_M026.wav,happy,Ses05,M,1.27
Ses05F_impro03_M027,/mnt/ddn/kyudan/IEMOCAP/data/Ses05F_impro03_M027.wav,happy,Ses05,M,4.06
Ses05F_impro03_M028,/mnt/ddn/kyudan/IEMOCAP/data/Ses05F_impro03_M028.wav,happy,Ses05,M,4.26
Ses05F_impro03_M029,/mnt/ddn/kyudan/IEMOCAP/data/Ses05F_impro03_M029.wav,happy,Ses05,M,3.61
Ses05F_impro03_M030,/mnt/ddn/kyudan/IEMOCAP/data/Ses05F_impro03_M030.wav,happy,Ses05,M,2.3
Ses05F_impro03_M031,/mnt/ddn/kyudan/IEMOCAP/data/Ses05F_impro03_M031.wav,happy,Ses05,M,1.69
Ses05F_impro03_M032,/mnt/ddn/kyudan/IEMOCAP/data/Ses05F_impro03_M032.wav,happy,Ses05,M,3.59
Ses05F_impro03_M033,/mnt/ddn/kyudan/IEMOCAP/data/Ses05F_impro03_M033.wav,happy,Ses05,M,1.79
Ses05F_impro03_M034,/mnt/ddn/kyudan/IEMOCAP/data/Ses05F_impro03_M034.wav,happy,Ses05,M,8.6
Ses05F_impro03_M035,/mnt/ddn/kyudan/IEMOCAP/data/Ses05F_impro03_M035.wav,happy,Ses05,M,2.25
Ses05F_impro03_M036,/mnt/ddn/kyudan/IEMOCAP/data/Ses05F_impro03_M036.wav,happy,Ses05,M,6.75
Ses05F_impro03_M037,/mnt/ddn/kyudan/IEMOCAP/data/Ses05F_impro03_M037.wav,happy,Ses05,M,7.74
Ses05F_impro03_M038,/mnt/ddn/kyudan/IEMOCAP/data/Ses05F_impro03_M038.wav,happy,Ses05,M,1.9
Ses05F_impro03_M039,/mnt/ddn/kyudan/IEMOCAP/data/Ses05F_impro03_M039.wav,happy,Ses05,M,11.14
Ses05F_impro03_M040,/mnt/ddn/kyudan/IEMOCAP/data/Ses05F_impro03_M040.wav,happy,Ses05,M,1.35
Ses05F_impro03_M041,/mnt/ddn/kyudan/IEMOCAP/data/Ses05F_impro03_M041.wav,happy,Ses05,M,2.33
Ses05F_impro03_M042,/mnt/ddn/kyudan/IEMOCAP/data/Ses05F_impro03_M042.wav,happy,Ses05,M,5.67
Ses05F_impro03_M043,/mnt/ddn/kyudan/IEMOCAP/data/Ses05F_impro03_M043.wav,happy,Ses05,M,4.19
Ses05F_impro03_M044,/mnt/ddn/kyudan/IEMOCAP/data/Ses05F_impro03_M044.wav,happy,Ses05,M,2.64
Ses05F_impro03_M045,/mnt/ddn/kyudan/IEMOCAP/data/Ses05F_impro03_M045.wav,happy,Ses05,M,4.93
Ses05F_impro03_M046,/mnt/ddn/kyudan/IEMOCAP/data/Ses05F_impro03_M046.wav,happy,Ses05,M,1.61
Ses05F_impro03_M047,/mnt/ddn/kyudan/IEMOCAP/data/Ses05F_impro03_M047.wav,happy,Ses05,M,1.65
Ses05F_impro03_M048,/mnt/ddn/kyudan/IEMOCAP/data/Ses05F_impro03_M048.wav,happy,Ses05,M,1.27
Ses05F_impro03_M049,/mnt/ddn/kyudan/IEMOCAP/data/Ses05F_impro03_M049.wav,happy,Ses05,M,3.93
Ses05F_impro03_M050,/mnt/ddn/kyudan/IEMOCAP/data/Ses05F_impro03_M050.wav,happy,Ses05,M,2.46
Ses05F_impro03_M051,/mnt/ddn/kyudan/IEMOCAP/data/Ses05F_impro03_M051.wav,happy,Ses05,M,2.59
Ses05F_impro03_M052,/mnt/ddn/kyudan/IEMOCAP/data/Ses05F_impro03_M052.wav,happy,Ses05,M,0.9
Ses05F_impro03_M053,/mnt/ddn/kyudan/IEMOCAP/data/Ses05F_impro03_M053.wav,happy,Ses05,M,1.41
Ses05F_impro03_M054,/mnt/ddn/kyudan/IEMOCAP/data/Ses05F_impro03_M054.wav,happy,Ses05,M,3.51
Ses05F_impro03_M055,/mnt/ddn/kyudan/IEMOCAP/data/Ses05F_impro03_M055.wav,happy,Ses05,M,1.84
Ses05F_impro03_M056,/mnt/ddn/kyudan/IEMOCAP/data/Ses05F_impro03_M056.wav,happy,Ses05,M,2.935
Ses05F_impro03_M057,/mnt/ddn/kyudan/IEMOCAP/data/Ses05F_impro03_M057.wav,happy,Ses05,M,1.24
Ses05F_impro03_M058,/mnt/ddn/kyudan/IEMOCAP/data/Ses05F_impro03_M058.wav,happy,Ses05,M,1.27
Ses05F_impro03_M059,/mnt/ddn/kyudan/IEMOCAP/data/Ses05F_impro03_M059.wav,happy,Ses05,M,3.13
Ses05F_impro03_M060,/mnt/ddn/kyudan/IEMOCAP/data/Ses05F_impro03_M060.wav,happy,Ses05,M,1.6
Ses05F_impro03_M061,/mnt/ddn/kyudan/IEMOCAP/data/Ses05F_impro03_M061.wav,happy,Ses05,M,2.08
Ses05F_impro03_M062,/mnt/ddn/kyudan/IEMOCAP/data/Ses05F_impro03_M062.wav,happy,Ses05,M,1.61
Ses05F_impro03_M063,/mnt/ddn/kyudan/IEMOCAP/data/Ses05F_impro03_M063.wav,happy,Ses05,M,1.77
Ses05F_impro03_M064,/mnt/ddn/kyudan/IEMOCAP/data/Ses05F_impro03_M064.wav,happy,Ses05,M,1.76
Ses05F_impro03_M065,/mnt/ddn/kyudan/IEMOCAP/data/Ses05F_impro03_M065.wav,happy,Ses05,M,3.83
Ses05F_impro03_M066,/mnt/ddn/kyudan/IEMOCAP/data/Ses05F_impro03_M066.wav,happy,Ses05,M,1.55
Ses05F_impro03_M067,/mnt/ddn/kyudan/IEMOCAP/data/Ses05F_impro03_M067.wav,happy,Ses05,M,2.16
Ses05F_impro03_M068,/mnt/ddn/kyudan/IEMOCAP/data/Ses05F_impro03_M068.wav,happy,Ses05,M,2.32
Ses05F_impro04_F000,/mnt/ddn/kyudan/IEMOCAP/data/Ses05F_impro04_F000.wav,sad,Ses05,F,4.58
Ses05F_impro04_F008,/mnt/ddn/kyudan/IEMOCAP/data/Ses05F_impro04_F008.wav,angry,Ses05,F,5.91
Ses05F_impro04_F015,/mnt/ddn/kyudan/IEMOCAP/data/Ses05F_impro04_F015.wav,sad,Ses05,F,8.72
Ses05F_impro04_F016,/mnt/ddn/kyudan/IEMOCAP/data/Ses05F_impro04_F016.wav,sad,Ses05,F,3.922
Ses05F_impro04_F017,/mnt/ddn/kyudan/IEMOCAP/data/Ses05F_impro04_F017.wav,sad,Ses05,F,5.85
Ses05F_impro04_F018,/mnt/ddn/kyudan/IEMOCAP/data/Ses05F_impro04_F018.wav,sad,Ses05,F,3.17
Ses05F_impro04_F019,/mnt/ddn/kyudan/IEMOCAP/data/Ses05F_impro04_F019.wav,sad,Ses05,F,2.12
Ses05F_impro04_F022,/mnt/ddn/kyudan/IEMOCAP/data/Ses05F_impro04_F022.wav,sad,Ses05,F,2.19
Ses05F_impro04_F023,/mnt/ddn/kyudan/IEMOCAP/data/Ses05F_impro04_F023.wav,sad,Ses05,F,5.85
Ses05F_impro04_F038,/mnt/ddn/kyudan/IEMOCAP/data/Ses05F_impro04_F038.wav,neutral,Ses05,F,2.69
Ses05F_impro04_F039,/mnt/ddn/kyudan/IEMOCAP/data/Ses05F_impro04_F039.wav,neutral,Ses05,F,2.63
Ses05F_impro04_F040,/mnt/ddn/kyudan/IEMOCAP/data/Ses05F_impro04_F040.wav,neutral,Ses05,F,1.45
Ses05F_impro04_F041,/mnt/ddn/kyudan/IEMOCAP/data/Ses05F_impro04_F041.wav,neutral,Ses05,F,2.55
Ses05F_impro04_F042,/mnt/ddn/kyudan/IEMOCAP/data/Ses05F_impro04_F042.wav,sad,Ses05,F,8.42
Ses05F_impro04_F043,/mnt/ddn/kyudan/IEMOCAP/data/Ses05F_impro04_F043.wav,neutral,Ses05,F,1.31
Ses05F_impro04_F044,/mnt/ddn/kyudan/IEMOCAP/data/Ses05F_impro04_F044.wav,neutral,Ses05,F,1.48
Ses05F_impro04_F045,/mnt/ddn/kyudan/IEMOCAP/data/Ses05F_impro04_F045.wav,neutral,Ses05,F,2.03
Ses05F_impro04_F046,/mnt/ddn/kyudan/IEMOCAP/data/Ses05F_impro04_F046.wav,happy,Ses05,F,1.51
Ses05F_impro04_M000,/mnt/ddn/kyudan/IEMOCAP/data/Ses05F_impro04_M000.wav,neutral,Ses05,M,4.92
Ses05F_impro04_M001,/mnt/ddn/kyudan/IEMOCAP/data/Ses05F_impro04_M001.wav,neutral,Ses05,M,5.06
Ses05F_impro04_M003,/mnt/ddn/kyudan/IEMOCAP/data/Ses05F_impro04_M003.wav,neutral,Ses05,M,5.14
Ses05F_impro04_M004,/mnt/ddn/kyudan/IEMOCAP/data/Ses05F_impro04_M004.wav,neutral,Ses05,M,1.96
Ses05F_impro04_M005,/mnt/ddn/kyudan/IEMOCAP/data/Ses05F_impro04_M005.wav,neutral,Ses05,M,4.7
Ses05F_impro04_M007,/mnt/ddn/kyudan/IEMOCAP/data/Ses05F_impro04_M007.wav,neutral,Ses05,M,4.49
Ses05F_impro04_M008,/mnt/ddn/kyudan/IEMOCAP/data/Ses05F_impro04_M008.wav,neutral,Ses05,M,5.86
Ses05F_impro04_M009,/mnt/ddn/kyudan/IEMOCAP/data/Ses05F_impro04_M009.wav,neutral,Ses05,M,4.09
Ses05F_impro04_M010,/mnt/ddn/kyudan/IEMOCAP/data/Ses05F_impro04_M010.wav,neutral,Ses05,M,3.79
Ses05F_impro04_M011,/mnt/ddn/kyudan/IEMOCAP/data/Ses05F_impro04_M011.wav,neutral,Ses05,M,3.96
Ses05F_impro04_M012,/mnt/ddn/kyudan/IEMOCAP/data/Ses05F_impro04_M012.wav,neutral,Ses05,M,3.29
Ses05F_impro04_M013,/mnt/ddn/kyudan/IEMOCAP/data/Ses05F_impro04_M013.wav,neutral,Ses05,M,3.79
Ses05F_impro04_M015,/mnt/ddn/kyudan/IEMOCAP/data/Ses05F_impro04_M015.wav,neutral,Ses05,M,7.22
Ses05F_impro04_M016,/mnt/ddn/kyudan/IEMOCAP/data/Ses05F_impro04_M016.wav,neutral,Ses05,M,6.17
Ses05F_impro04_M017,/mnt/ddn/kyudan/IEMOCAP/data/Ses05F_impro04_M017.wav,neutral,Ses05,M,4.49
Ses05F_impro04_M020,/mnt/ddn/kyudan/IEMOCAP/data/Ses05F_impro04_M020.wav,neutral,Ses05,M,16.67
Ses05F_impro04_M022,/mnt/ddn/kyudan/IEMOCAP/data/Ses05F_impro04_M022.wav,neutral,Ses05,M,3.94
Ses05F_impro04_M024,/mnt/ddn/kyudan/IEMOCAP/data/Ses05F_impro04_M024.wav,neutral,Ses05,M,4.13
Ses05F_impro04_M025,/mnt/ddn/kyudan/IEMOCAP/data/Ses05F_impro04_M025.wav,neutral,Ses05,M,12.77
Ses05F_impro04_M026,/mnt/ddn/kyudan/IEMOCAP/data/Ses05F_impro04_M026.wav,neutral,Ses05,M,4.89
Ses05F_impro04_M027,/mnt/ddn/kyudan/IEMOCAP/data/Ses05F_impro04_M027.wav,neutral,Ses05,M,4.02
Ses05F_impro04_M028,/mnt/ddn/kyudan/IEMOCAP/data/Ses05F_impro04_M028.wav,neutral,Ses05,M,2.22
Ses05F_impro04_M029,/mnt/ddn/kyudan/IEMOCAP/data/Ses05F_impro04_M029.wav,neutral,Ses05,M,1.37
Ses05F_impro04_M030,/mnt/ddn/kyudan/IEMOCAP/data/Ses05F_impro04_M030.wav,neutral,Ses05,M,1.92
Ses05F_impro04_M031,/mnt/ddn/kyudan/IEMOCAP/data/Ses05F_impro04_M031.wav,neutral,Ses05,M,4.0
Ses05F_impro04_M032,/mnt/ddn/kyudan/IEMOCAP/data/Ses05F_impro04_M032.wav,neutral,Ses05,M,3.72
Ses05F_impro04_M033,/mnt/ddn/kyudan/IEMOCAP/data/Ses05F_impro04_M033.wav,neutral,Ses05,M,3.4
Ses05F_impro04_M034,/mnt/ddn/kyudan/IEMOCAP/data/Ses05F_impro04_M034.wav,neutral,Ses05,M,6.55
Ses05F_impro04_M035,/mnt/ddn/kyudan/IEMOCAP/data/Ses05F_impro04_M035.wav,neutral,Ses05,M,3.18
Ses05F_impro04_M036,/mnt/ddn/kyudan/IEMOCAP/data/Ses05F_impro04_M036.wav,neutral,Ses05,M,1.66
Ses05F_impro04_M037,/mnt/ddn/kyudan/IEMOCAP/data/Ses05F_impro04_M037.wav,neutral,Ses05,M,3.49
Ses05F_impro04_M038,/mnt/ddn/kyudan/IEMOCAP/data/Ses05F_impro04_M038.wav,neutral,Ses05,M,2.23
Ses05F_impro04_M039,/mnt/ddn/kyudan/IEMOCAP/data/Ses05F_impro04_M039.wav,neutral,Ses05,M,11.92
Ses05F_impro04_M040,/mnt/ddn/kyudan/IEMOCAP/data/Ses05F_impro04_M040.wav,neutral,Ses05,M,3.14
Ses05F_impro04_M041,/mnt/ddn/kyudan/IEMOCAP/data/Ses05F_impro04_M041.wav,neutral,Ses05,M,4.255
Ses05F_impro04_M042,/mnt/ddn/kyudan/IEMOCAP/data/Ses05F_impro04_M042.wav,neutral,Ses05,M,5.02
Ses05F_impro04_M043,/mnt/ddn/kyudan/IEMOCAP/data/Ses05F_impro04_M043.wav,neutral,Ses05,M,2.06
Ses05F_impro05_F000,/mnt/ddn/kyudan/IEMOCAP/data/Ses05F_impro05_F000.wav,neutral,Ses05,F,9.3
Ses05F_impro05_F001,/mnt/ddn/kyudan/IEMOCAP/data/Ses05F_impro05_F001.wav,neutral,Ses05,F,3.576
Ses05F_impro05_F002,/mnt/ddn/kyudan/IEMOCAP/data/Ses05F_impro05_F002.wav,neutral,Ses05,F,2.68
Ses05F_impro05_F004,/mnt/ddn/kyudan/IEMOCAP/data/Ses05F_impro05_F004.wav,neutral,Ses05,F,1.37
Ses05F_impro05_F005,/mnt/ddn/kyudan/IEMOCAP/data/Ses05F_impro05_F005.wav,neutral,Ses05,F,1.28
Ses05F_impro05_F006,/mnt/ddn/kyudan/IEMOCAP/data/Ses05F_impro05_F006.wav,neutral,Ses05,F,1.283
Ses05F_impro05_F007,/mnt/ddn/kyudan/IEMOCAP/data/Ses05F_impro05_F007.wav,neutral,Ses05,F,5.352
Ses05F_impro05_F010,/mnt/ddn/kyudan/IEMOCAP/data/Ses05F_impro05_F010.wav,neutral,Ses05,F,7.11
Ses05F_impro05_F018,/mnt/ddn/kyudan/IEMOCAP/data/Ses05F_impro05_F018.wav,angry,Ses05,F,8.37
Ses05F_impro05_F019,/mnt/ddn/kyudan/IEMOCAP/data/Ses05F_impro05_F019.wav,angry,Ses05,F,4.86
Ses05F_impro05_F020,/mnt/ddn/kyudan/IEMOCAP/data/Ses05F_impro05_F020.wav,angry,Ses05,F,8.63
Ses05F_impro05_F021,/mnt/ddn/kyudan/IEMOCAP/data/Ses05F_impro05_F021.wav,angry,Ses05,F,13.77
Ses05F_impro05_F022,/mnt/ddn/kyudan/IEMOCAP/data/Ses05F_impro05_F022.wav,angry,Ses05,F,5.717
Ses05F_impro05_F023,/mnt/ddn/kyudan/IEMOCAP/data/Ses05F_impro05_F023.wav,angry,Ses05,F,3.888
Ses05F_impro05_F024,/mnt/ddn/kyudan/IEMOCAP/data/Ses05F_impro05_F024.wav,angry,Ses05,F,5.862
Ses05F_impro05_F025,/mnt/ddn/kyudan/IEMOCAP/data/Ses05F_impro05_F025.wav,angry,Ses05,F,1.86
Ses05F_impro05_F031,/mnt/ddn/kyudan/IEMOCAP/data/Ses05F_impro05_F031.wav,angry,Ses05,F,2.3
Ses05F_impro05_F033,/mnt/ddn/kyudan/IEMOCAP/data/Ses05F_impro05_F033.wav,angry,Ses05,F,3.69
Ses05F_impro05_F034,/mnt/ddn/kyudan/IEMOCAP/data/Ses05F_impro05_F034.wav,angry,Ses05,F,5.06
Ses05F_impro05_F035,/mnt/ddn/kyudan/IEMOCAP/data/Ses05F_impro05_F035.wav,angry,Ses05,F,3.08
Ses05F_impro05_F041,/mnt/ddn/kyudan/IEMOCAP/data/Ses05F_impro05_F041.wav,angry,Ses05,F,9.65
Ses05F_impro05_F042,/mnt/ddn/kyudan/IEMOCAP/data/Ses05F_impro05_F042.wav,angry,Ses05,F,3.02
Ses05F_impro05_F043,/mnt/ddn/kyudan/IEMOCAP/data/Ses05F_impro05_F043.wav,sad,Ses05,F,1.837
Ses05F_impro05_M000,/mnt/ddn/kyudan/IEMOCAP/data/Ses05F_impro05_M000.wav,neutral,Ses05,M,2.09
Ses05F_impro05_M001,/mnt/ddn/kyudan/IEMOCAP/data/Ses05F_impro05_M001.wav,neutral,Ses05,M,2.14
Ses05F_impro05_M002,/mnt/ddn/kyudan/IEMOCAP/data/Ses05F_impro05_M002.wav,neutral,Ses05,M,7.063
Ses05F_impro05_M003,/mnt/ddn/kyudan/IEMOCAP/data/Ses05F_impro05_M003.wav,neutral,Ses05,M,4.766
Ses05F_impro05_M004,/mnt/ddn/kyudan/IEMOCAP/data/Ses05F_impro05_M004.wav,neutral,Ses05,M,3.935
Ses05F_impro05_M005,/mnt/ddn/kyudan/IEMOCAP/data/Ses05F_impro05_M005.wav,neutral,Ses05,M,4.684
Ses05F_impro05_M006,/mnt/ddn/kyudan/IEMOCAP/data/Ses05F_impro05_M006.wav,neutral,Ses05,M,4.863
Ses05F_impro05_M007,/mnt/ddn/kyudan/IEMOCAP/data/Ses05F_impro05_M007.wav,neutral,Ses05,M,4.038
Ses05F_impro05_M008,/mnt/ddn/kyudan/IEMOCAP/data/Ses05F_impro05_M008.wav,neutral,Ses05,M,7.06
Ses05F_impro05_M009,/mnt/ddn/kyudan/IEMOCAP/data/Ses05F_impro05_M009.wav,neutral,Ses05,M,8.668
Ses05F_impro05_M010,/mnt/ddn/kyudan/IEMOCAP/data/Ses05F_impro05_M010.wav,neutral,Ses05,M,4.41
Ses05F_impro05_M012,/mnt/ddn/kyudan/IEMOCAP/data/Ses05F_impro05_M012.wav,neutral,Ses05,M,1.76
Ses05F_impro05_M014,/mnt/ddn/kyudan/IEMOCAP/data/Ses05F_impro05_M014.wav,neutral,Ses05,M,12.13
Ses05F_impro05_M015,/mnt/ddn/kyudan/IEMOCAP/data/Ses05F_impro05_M015.wav,neutral,Ses05,M,2.01
Ses05F_impro05_M016,/mnt/ddn/kyudan/IEMOCAP/data/Ses05F_impro05_M016.wav,neutral,Ses05,M,9.66
Ses05F_impro05_M017,/mnt/ddn/kyudan/IEMOCAP/data/Ses05F_impro05_M017.wav,neutral,Ses05,M,7.748
Ses05F_impro05_M018,/mnt/ddn/kyudan/IEMOCAP/data/Ses05F_impro05_M018.wav,neutral,Ses05,M,5.714
Ses05F_impro05_M019,/mnt/ddn/kyudan/IEMOCAP/data/Ses05F_impro05_M019.wav,neutral,Ses05,M,1.11
Ses05F_impro05_M022,/mnt/ddn/kyudan/IEMOCAP/data/Ses05F_impro05_M022.wav,neutral,Ses05,M,6.619
Ses05F_impro05_M023,/mnt/ddn/kyudan/IEMOCAP/data/Ses05F_impro05_M023.wav,neutral,Ses05,M,5.492
Ses05F_impro05_M024,/mnt/ddn/kyudan/IEMOCAP/data/Ses05F_impro05_M024.wav,angry,Ses05,M,4.2
Ses05F_impro05_M025,/mnt/ddn/kyudan/IEMOCAP/data/Ses05F_impro05_M025.wav,neutral,Ses05,M,4.95
Ses05F_impro05_M030,/mnt/ddn/kyudan/IEMOCAP/data/Ses05F_impro05_M030.wav,neutral,Ses05,M,2.757
Ses05F_impro05_M031,/mnt/ddn/kyudan/IEMOCAP/data/Ses05F_impro05_M031.wav,neutral,Ses05,M,3.96
Ses05F_impro05_M032,/mnt/ddn/kyudan/IEMOCAP/data/Ses05F_impro05_M032.wav,neutral,Ses05,M,6.66
Ses05F_impro05_M033,/mnt/ddn/kyudan/IEMOCAP/data/Ses05F_impro05_M033.wav,neutral,Ses05,M,7.7
Ses05F_impro05_M034,/mnt/ddn/kyudan/IEMOCAP/data/Ses05F_impro05_M034.wav,neutral,Ses05,M,2.89
Ses05F_impro05_M036,/mnt/ddn/kyudan/IEMOCAP/data/Ses05F_impro05_M036.wav,neutral,Ses05,M,6.75
Ses05F_impro05_M037,/mnt/ddn/kyudan/IEMOCAP/data/Ses05F_impro05_M037.wav,neutral,Ses05,M,2.35
Ses05F_impro05_M039,/mnt/ddn/kyudan/IEMOCAP/data/Ses05F_impro05_M039.wav,neutral,Ses05,M,6.76
Ses05F_impro05_M040,/mnt/ddn/kyudan/IEMOCAP/data/Ses05F_impro05_M040.wav,neutral,Ses05,M,1.46
Ses05F_impro05_M041,/mnt/ddn/kyudan/IEMOCAP/data/Ses05F_impro05_M041.wav,neutral,Ses05,M,3.05
Ses05F_impro05_M042,/mnt/ddn/kyudan/IEMOCAP/data/Ses05F_impro05_M042.wav,angry,Ses05,M,6.68
Ses05F_impro05_M048,/mnt/ddn/kyudan/IEMOCAP/data/Ses05F_impro05_M048.wav,neutral,Ses05,M,1.38
Ses05F_impro05_M050,/mnt/ddn/kyudan/IEMOCAP/data/Ses05F_impro05_M050.wav,neutral,Ses05,M,5.23
Ses05F_impro05_M051,/mnt/ddn/kyudan/IEMOCAP/data/Ses05F_impro05_M051.wav,neutral,Ses05,M,2.53
Ses05F_impro05_M052,/mnt/ddn/kyudan/IEMOCAP/data/Ses05F_impro05_M052.wav,neutral,Ses05,M,10.04
Ses05F_impro05_M053,/mnt/ddn/kyudan/IEMOCAP/data/Ses05F_impro05_M053.wav,neutral,Ses05,M,1.88
Ses05F_impro06_F000,/mnt/ddn/kyudan/IEMOCAP/data/Ses05F_impro06_F000.wav,sad,Ses05,F,5.397
Ses05F_impro06_F001,/mnt/ddn/kyudan/IEMOCAP/data/Ses05F_impro06_F001.wav,sad,Ses05,F,6.308
Ses05F_impro06_F002,/mnt/ddn/kyudan/IEMOCAP/data/Ses05F_impro06_F002.wav,sad,Ses05,F,7.633
Ses05F_impro06_F003,/mnt/ddn/kyudan/IEMOCAP/data/Ses05F_impro06_F003.wav,sad,Ses05,F,4.45
Ses05F_impro06_F004,/mnt/ddn/kyudan/IEMOCAP/data/Ses05F_impro06_F004.wav,sad,Ses05,F,1.48
Ses05F_impro06_F005,/mnt/ddn/kyudan/IEMOCAP/data/Ses05F_impro06_F005.wav,sad,Ses05,F,1.36
Ses05F_impro06_F006,/mnt/ddn/kyudan/IEMOCAP/data/Ses05F_impro06_F006.wav,sad,Ses05,F,4.33
Ses05F_impro06_F007,/mnt/ddn/kyudan/IEMOCAP/data/Ses05F_impro06_F007.wav,sad,Ses05,F,1.97
Ses05F_impro06_F008,/mnt/ddn/kyudan/IEMOCAP/data/Ses05F_impro06_F008.wav,sad,Ses05,F,2.36
Ses05F_impro06_F009,/mnt/ddn/kyudan/IEMOCAP/data/Ses05F_impro06_F009.wav,sad,Ses05,F,4.03
Ses05F_impro06_F010,/mnt/ddn/kyudan/IEMOCAP/data/Ses05F_impro06_F010.wav,sad,Ses05,F,2.42
Ses05F_impro06_F011,/mnt/ddn/kyudan/IEMOCAP/data/Ses05F_impro06_F011.wav,sad,Ses05,F,7.58
Ses05F_impro06_F012,/mnt/ddn/kyudan/IEMOCAP/data/Ses05F_impro06_F012.wav,sad,Ses05,F,4.13
Ses05F_impro06_F013,/mnt/ddn/kyudan/IEMOCAP/data/Ses05F_impro06_F013.wav,sad,Ses05,F,3.17
Ses05F_impro06_F014,/mnt/ddn/kyudan/IEMOCAP/data/Ses05F_impro06_F014.wav,sad,Ses05,F,5.43
Ses05F_impro06_F015,/mnt/ddn/kyudan/IEMOCAP/data/Ses05F_impro06_F015.wav,sad,Ses05,F,1.66
Ses05F_impro06_F016,/mnt/ddn/kyudan/IEMOCAP/data/Ses05F_impro06_F016.wav,sad,Ses05,F,4.79
Ses05F_impro06_F017,/mnt/ddn/kyudan/IEMOCAP/data/Ses05F_impro06_F017.wav,sad,Ses05,F,3.45
Ses05F_impro06_F018,/mnt/ddn/kyudan/IEMOCAP/data/Ses05F_impro06_F018.wav,sad,Ses05,F,1.51
Ses05F_impro06_F019,/mnt/ddn/kyudan/IEMOCAP/data/Ses05F_impro06_F019.wav,sad,Ses05,F,5.1
Ses05F_impro06_F020,/mnt/ddn/kyudan/IEMOCAP/data/Ses05F_impro06_F020.wav,sad,Ses05,F,1.4
Ses05F_impro06_F021,/mnt/ddn/kyudan/IEMOCAP/data/Ses05F_impro06_F021.wav,sad,Ses05,F,4.9
Ses05F_impro06_F022,/mnt/ddn/kyudan/IEMOCAP/data/Ses05F_impro06_F022.wav,sad,Ses05,F,6.71
Ses05F_impro06_F023,/mnt/ddn/kyudan/IEMOCAP/data/Ses05F_impro06_F023.wav,sad,Ses05,F,6.66
Ses05F_impro06_F024,/mnt/ddn/kyudan/IEMOCAP/data/Ses05F_impro06_F024.wav,sad,Ses05,F,1.56
Ses05F_impro06_F025,/mnt/ddn/kyudan/IEMOCAP/data/Ses05F_impro06_F025.wav,sad,Ses05,F,1.85
Ses05F_impro06_F026,/mnt/ddn/kyudan/IEMOCAP/data/Ses05F_impro06_F026.wav,sad,Ses05,F,3.96
Ses05F_impro06_F027,/mnt/ddn/kyudan/IEMOCAP/data/Ses05F_impro06_F027.wav,sad,Ses05,F,1.79
Ses05F_impro06_F028,/mnt/ddn/kyudan/IEMOCAP/data/Ses05F_impro06_F028.wav,sad,Ses05,F,1.8
Ses05F_impro06_F029,/mnt/ddn/kyudan/IEMOCAP/data/Ses05F_impro06_F029.wav,sad,Ses05,F,1.98
Ses05F_impro06_M000,/mnt/ddn/kyudan/IEMOCAP/data/Ses05F_impro06_M000.wav,sad,Ses05,M,2.967
Ses05F_impro06_M001,/mnt/ddn/kyudan/IEMOCAP/data/Ses05F_impro06_M001.wav,sad,Ses05,M,5.367
Ses05F_impro06_M002,/mnt/ddn/kyudan/IEMOCAP/data/Ses05F_impro06_M002.wav,sad,Ses05,M,7.06
Ses05F_impro06_M003,/mnt/ddn/kyudan/IEMOCAP/data/Ses05F_impro06_M003.wav,sad,Ses05,M,3.71
Ses05F_impro06_M004,/mnt/ddn/kyudan/IEMOCAP/data/Ses05F_impro06_M004.wav,sad,Ses05,M,3.63
Ses05F_impro06_M005,/mnt/ddn/kyudan/IEMOCAP/data/Ses05F_impro06_M005.wav,sad,Ses05,M,2.76
Ses05F_impro06_M006,/mnt/ddn/kyudan/IEMOCAP/data/Ses05F_impro06_M006.wav,sad,Ses05,M,1.44
Ses05F_impro06_M007,/mnt/ddn/kyudan/IEMOCAP/data/Ses05F_impro06_M007.wav,sad,Ses05,M,1.75
Ses05F_impro06_M008,/mnt/ddn/kyudan/IEMOCAP/data/Ses05F_impro06_M008.wav,sad,Ses05,M,6.61
Ses05F_impro06_M009,/mnt/ddn/kyudan/IEMOCAP/data/Ses05F_impro06_M009.wav,sad,Ses05,M,1.51
Ses05F_impro06_M010,/mnt/ddn/kyudan/IEMOCAP/data/Ses05F_impro06_M010.wav,neutral,Ses05,M,2.56
Ses05F_impro06_M011,/mnt/ddn/kyudan/IEMOCAP/data/Ses05F_impro06_M011.wav,sad,Ses05,M,2.17
Ses05F_impro06_M012,/mnt/ddn/kyudan/IEMOCAP/data/Ses05F_impro06_M012.wav,neutral,Ses05,M,2.59
Ses05F_impro06_M013,/mnt/ddn/kyudan/IEMOCAP/data/Ses05F_impro06_M013.wav,neutral,Ses05,M,1.678
Ses05F_impro06_M014,/mnt/ddn/kyudan/IEMOCAP/data/Ses05F_impro06_M014.wav,sad,Ses05,M,4.67
Ses05F_impro06_M015,/mnt/ddn/kyudan/IEMOCAP/data/Ses05F_impro06_M015.wav,neutral,Ses05,M,4.05
Ses05F_impro06_M016,/mnt/ddn/kyudan/IEMOCAP/data/Ses05F_impro06_M016.wav,happy,Ses05,M,1.7
Ses05F_impro06_M017,/mnt/ddn/kyudan/IEMOCAP/data/Ses05F_impro06_M017.wav,neutral,Ses05,M,2.85
Ses05F_impro06_M018,/mnt/ddn/kyudan/IEMOCAP/data/Ses05F_impro06_M018.wav,neutral,Ses05,M,2.656
Ses05F_impro06_M019,/mnt/ddn/kyudan/IEMOCAP/data/Ses05F_impro06_M019.wav,neutral,Ses05,M,1.84
Ses05F_impro06_M020,/mnt/ddn/kyudan/IEMOCAP/data/Ses05F_impro06_M020.wav,sad,Ses05,M,5.72
Ses05F_impro06_M021,/mnt/ddn/kyudan/IEMOCAP/data/Ses05F_impro06_M021.wav,neutral,Ses05,M,1.64
Ses05F_impro06_M022,/mnt/ddn/kyudan/IEMOCAP/data/Ses05F_impro06_M022.wav,neutral,Ses05,M,12.81
Ses05F_impro06_M023,/mnt/ddn/kyudan/IEMOCAP/data/Ses05F_impro06_M023.wav,neutral,Ses05,M,2.09
Ses05F_impro06_M024,/mnt/ddn/kyudan/IEMOCAP/data/Ses05F_impro06_M024.wav,neutral,Ses05,M,1.98
Ses05F_impro06_M025,/mnt/ddn/kyudan/IEMOCAP/data/Ses05F_impro06_M025.wav,neutral,Ses05,M,11.37
Ses05F_impro07_F000,/mnt/ddn/kyudan/IEMOCAP/data/Ses05F_impro07_F000.wav,happy,Ses05,F,1.934
Ses05F_impro07_F001,/mnt/ddn/kyudan/IEMOCAP/data/Ses05F_impro07_F001.wav,happy,Ses05,F,2.79
Ses05F_impro07_F002,/mnt/ddn/kyudan/IEMOCAP/data/Ses05F_impro07_F002.wav,happy,Ses05,F,1.02
Ses05F_impro07_F003,/mnt/ddn/kyudan/IEMOCAP/data/Ses05F_impro07_F003.wav,happy,Ses05,F,1.49
Ses05F_impro07_F004,/mnt/ddn/kyudan/IEMOCAP/data/Ses05F_impro07_F004.wav,happy,Ses05,F,1.14
Ses05F_impro07_F005,/mnt/ddn/kyudan/IEMOCAP/data/Ses05F_impro07_F005.wav,happy,Ses05,F,1.73
Ses05F_impro07_F006,/mnt/ddn/kyudan/IEMOCAP/data/Ses05F_impro07_F006.wav,happy,Ses05,F,2.31
Ses05F_impro07_F007,/mnt/ddn/kyudan/IEMOCAP/data/Ses05F_impro07_F007.wav,neutral,Ses05,F,3.76
Ses05F_impro07_F008,/mnt/ddn/kyudan/IEMOCAP/data/Ses05F_impro07_F008.wav,happy,Ses05,F,4.99
Ses05F_impro07_F009,/mnt/ddn/kyudan/IEMOCAP/data/Ses05F_impro07_F009.wav,happy,Ses05,F,3.06
Ses05F_impro07_F010,/mnt/ddn/kyudan/IEMOCAP/data/Ses05F_impro07_F010.wav,happy,Ses05,F,2.0
Ses05F_impro07_F011,/mnt/ddn/kyudan/IEMOCAP/data/Ses05F_impro07_F011.wav,happy,Ses05,F,3.12
Ses05F_impro07_F012,/mnt/ddn/kyudan/IEMOCAP/data/Ses05F_impro07_F012.wav,happy,Ses05,F,4.1
Ses05F_impro07_F013,/mnt/ddn/kyudan/IEMOCAP/data/Ses05F_impro07_F013.wav,happy,Ses05,F,4.33
Ses05F_impro07_F014,/mnt/ddn/kyudan/IEMOCAP/data/Ses05F_impro07_F014.wav,happy,Ses05,F,2.54
Ses05F_impro07_F015,/mnt/ddn/kyudan/IEMOCAP/data/Ses05F_impro07_F015.wav,happy,Ses05,F,1.39
Ses05F_impro07_F016,/mnt/ddn/kyudan/IEMOCAP/data/Ses05F_impro07_F016.wav,happy,Ses05,F,2.72
Ses05F_impro07_F017,/mnt/ddn/kyudan/IEMOCAP/data/Ses05F_impro07_F017.wav,happy,Ses05,F,1.24
Ses05F_impro07_F018,/mnt/ddn/kyudan/IEMOCAP/data/Ses05F_impro07_F018.wav,happy,Ses05,F,1.42
Ses05F_impro07_F019,/mnt/ddn/kyudan/IEMOCAP/data/Ses05F_impro07_F019.wav,happy,Ses05,F,2.4
Ses05F_impro07_F020,/mnt/ddn/kyudan/IEMOCAP/data/Ses05F_impro07_F020.wav,happy,Ses05,F,0.88
Ses05F_impro07_F021,/mnt/ddn/kyudan/IEMOCAP/data/Ses05F_impro07_F021.wav,happy,Ses05,F,3.23
Ses05F_impro07_F022,/mnt/ddn/kyudan/IEMOCAP/data/Ses05F_impro07_F022.wav,happy,Ses05,F,2.28
Ses05F_impro07_F023,/mnt/ddn/kyudan/IEMOCAP/data/Ses05F_impro07_F023.wav,happy,Ses05,F,4.18
Ses05F_impro07_F024,/mnt/ddn/kyudan/IEMOCAP/data/Ses05F_impro07_F024.wav,happy,Ses05,F,2.06
Ses05F_impro07_F025,/mnt/ddn/kyudan/IEMOCAP/data/Ses05F_impro07_F025.wav,happy,Ses05,F,2.28
Ses05F_impro07_F026,/mnt/ddn/kyudan/IEMOCAP/data/Ses05F_impro07_F026.wav,happy,Ses05,F,1.24
Ses05F_impro07_F027,/mnt/ddn/kyudan/IEMOCAP/data/Ses05F_impro07_F027.wav,happy,Ses05,F,1.49
Ses05F_impro07_F028,/mnt/ddn/kyudan/IEMOCAP/data/Ses05F_impro07_F028.wav,happy,Ses05,F,4.06
Ses05F_impro07_F029,/mnt/ddn/kyudan/IEMOCAP/data/Ses05F_impro07_F029.wav,happy,Ses05,F,3.42
Ses05F_impro07_F030,/mnt/ddn/kyudan/IEMOCAP/data/Ses05F_impro07_F030.wav,happy,Ses05,F,2.24
Ses05F_impro07_F031,/mnt/ddn/kyudan/IEMOCAP/data/Ses05F_impro07_F031.wav,happy,Ses05,F,2.19
Ses05F_impro07_F032,/mnt/ddn/kyudan/IEMOCAP/data/Ses05F_impro07_F032.wav,happy,Ses05,F,2.86
Ses05F_impro07_F033,/mnt/ddn/kyudan/IEMOCAP/data/Ses05F_impro07_F033.wav,happy,Ses05,F,1.9
Ses05F_impro07_F034,/mnt/ddn/kyudan/IEMOCAP/data/Ses05F_impro07_F034.wav,happy,Ses05,F,1.23
Ses05F_impro07_F035,/mnt/ddn/kyudan/IEMOCAP/data/Ses05F_impro07_F035.wav,happy,Ses05,F,2.93
Ses05F_impro07_F036,/mnt/ddn/kyudan/IEMOCAP/data/Ses05F_impro07_F036.wav,happy,Ses05,F,1.36
Ses05F_impro07_F037,/mnt/ddn/kyudan/IEMOCAP/data/Ses05F_impro07_F037.wav,happy,Ses05,F,1.08
Ses05F_impro07_F038,/mnt/ddn/kyudan/IEMOCAP/data/Ses05F_impro07_F038.wav,happy,Ses05,F,1.93
Ses05F_impro07_F039,/mnt/ddn/kyudan/IEMOCAP/data/Ses05F_impro07_F039.wav,happy,Ses05,F,1.16
Ses05F_impro07_M000,/mnt/ddn/kyudan/IEMOCAP/data/Ses05F_impro07_M000.wav,happy,Ses05,M,1.055
Ses05F_impro07_M001,/mnt/ddn/kyudan/IEMOCAP/data/Ses05F_impro07_M001.wav,happy,Ses05,M,2.93
Ses05F_impro07_M002,/mnt/ddn/kyudan/IEMOCAP/data/Ses05F_impro07_M002.wav,happy,Ses05,M,2.23
Ses05F_impro07_M003,/mnt/ddn/kyudan/IEMOCAP/data/Ses05F_impro07_M003.wav,happy,Ses05,M,1.9
Ses05F_impro07_M004,/mnt/ddn/kyudan/IEMOCAP/data/Ses05F_impro07_M004.wav,happy,Ses05,M,3.295
Ses05F_impro07_M005,/mnt/ddn/kyudan/IEMOCAP/data/Ses05F_impro07_M005.wav,happy,Ses05,M,2.164
Ses05F_impro07_M006,/mnt/ddn/kyudan/IEMOCAP/data/Ses05F_impro07_M006.wav,happy,Ses05,M,4.76
Ses05F_impro07_M007,/mnt/ddn/kyudan/IEMOCAP/data/Ses05F_impro07_M007.wav,happy,Ses05,M,4.17
Ses05F_impro07_M008,/mnt/ddn/kyudan/IEMOCAP/data/Ses05F_impro07_M008.wav,happy,Ses05,M,2.47
Ses05F_impro07_M009,/mnt/ddn/kyudan/IEMOCAP/data/Ses05F_impro07_M009.wav,happy,Ses05,M,7.71
Ses05F_impro07_M010,/mnt/ddn/kyudan/IEMOCAP/data/Ses05F_impro07_M010.wav,happy,Ses05,M,1.47
Ses05F_impro07_M011,/mnt/ddn/kyudan/IEMOCAP/data/Ses05F_impro07_M011.wav,happy,Ses05,M,5.23
Ses05F_impro07_M012,/mnt/ddn/kyudan/IEMOCAP/data/Ses05F_impro07_M012.wav,happy,Ses05,M,2.669
Ses05F_impro07_M013,/mnt/ddn/kyudan/IEMOCAP/data/Ses05F_impro07_M013.wav,happy,Ses05,M,2.63
Ses05F_impro07_M014,/mnt/ddn/kyudan/IEMOCAP/data/Ses05F_impro07_M014.wav,happy,Ses05,M,4.16
Ses05F_impro07_M015,/mnt/ddn/kyudan/IEMOCAP/data/Ses05F_impro07_M015.wav,happy,Ses05,M,7.51
Ses05F_impro07_M016,/mnt/ddn/kyudan/IEMOCAP/data/Ses05F_impro07_M016.wav,happy,Ses05,M,5.13
Ses05F_impro07_M017,/mnt/ddn/kyudan/IEMOCAP/data/Ses05F_impro07_M017.wav,happy,Ses05,M,2.51
Ses05F_impro07_M018,/mnt/ddn/kyudan/IEMOCAP/data/Ses05F_impro07_M018.wav,happy,Ses05,M,6.59
Ses05F_impro07_M019,/mnt/ddn/kyudan/IEMOCAP/data/Ses05F_impro07_M019.wav,happy,Ses05,M,0.94
Ses05F_impro07_M020,/mnt/ddn/kyudan/IEMOCAP/data/Ses05F_impro07_M020.wav,happy,Ses05,M,6.03
Ses05F_impro07_M021,/mnt/ddn/kyudan/IEMOCAP/data/Ses05F_impro07_M021.wav,happy,Ses05,M,3.72
Ses05F_impro07_M022,/mnt/ddn/kyudan/IEMOCAP/data/Ses05F_impro07_M022.wav,happy,Ses05,M,2.31
Ses05F_impro07_M023,/mnt/ddn/kyudan/IEMOCAP/data/Ses05F_impro07_M023.wav,happy,Ses05,M,10.39
Ses05F_impro07_M024,/mnt/ddn/kyudan/IEMOCAP/data/Ses05F_impro07_M024.wav,happy,Ses05,M,3.67
Ses05F_impro07_M025,/mnt/ddn/kyudan/IEMOCAP/data/Ses05F_impro07_M025.wav,happy,Ses05,M,6.12
Ses05F_impro07_M026,/mnt/ddn/kyudan/IEMOCAP/data/Ses05F_impro07_M026.wav,happy,Ses05,M,2.73
Ses05F_impro07_M027,/mnt/ddn/kyudan/IEMOCAP/data/Ses05F_impro07_M027.wav,happy,Ses05,M,3.54
Ses05F_impro07_M028,/mnt/ddn/kyudan/IEMOCAP/data/Ses05F_impro07_M028.wav,happy,Ses05,M,6.01
Ses05F_impro07_M029,/mnt/ddn/kyudan/IEMOCAP/data/Ses05F_impro07_M029.wav,happy,Ses05,M,5.69
Ses05F_impro07_M030,/mnt/ddn/kyudan/IEMOCAP/data/Ses05F_impro07_M030.wav,happy,Ses05,M,10.46
Ses05F_impro07_M031,/mnt/ddn/kyudan/IEMOCAP/data/Ses05F_impro07_M031.wav,happy,Ses05,M,1.51
Ses05F_impro07_M032,/mnt/ddn/kyudan/IEMOCAP/data/Ses05F_impro07_M032.wav,happy,Ses05,M,6.45
Ses05F_impro07_M033,/mnt/ddn/kyudan/IEMOCAP/data/Ses05F_impro07_M033.wav,happy,Ses05,M,1.51
Ses05F_impro07_M034,/mnt/ddn/kyudan/IEMOCAP/data/Ses05F_impro07_M034.wav,happy,Ses05,M,1.89
Ses05F_impro07_M035,/mnt/ddn/kyudan/IEMOCAP/data/Ses05F_impro07_M035.wav,happy,Ses05,M,3.4
Ses05F_impro07_M036,/mnt/ddn/kyudan/IEMOCAP/data/Ses05F_impro07_M036.wav,happy,Ses05,M,6.283
Ses05F_impro08_F000,/mnt/ddn/kyudan/IEMOCAP/data/Ses05F_impro08_F000.wav,neutral,Ses05,F,1.746
Ses05F_impro08_F001,/mnt/ddn/kyudan/IEMOCAP/data/Ses05F_impro08_F001.wav,neutral,Ses05,F,1.15
Ses05F_impro08_F002,/mnt/ddn/kyudan/IEMOCAP/data/Ses05F_impro08_F002.wav,neutral,Ses05,F,4.45
Ses05F_impro08_F003,/mnt/ddn/kyudan/IEMOCAP/data/Ses05F_impro08_F003.wav,neutral,Ses05,F,2.73
Ses05F_impro08_F004,/mnt/ddn/kyudan/IEMOCAP/data/Ses05F_impro08_F004.wav,neutral,Ses05,F,2.2
Ses05F_impro08_F005,/mnt/ddn/kyudan/IEMOCAP/data/Ses05F_impro08_F005.wav,neutral,Ses05,F,3.54
Ses05F_impro08_F007,/mnt/ddn/kyudan/IEMOCAP/data/Ses05F_impro08_F007.wav,neutral,Ses05,F,13.04
Ses05F_impro08_F008,/mnt/ddn/kyudan/IEMOCAP/data/Ses05F_impro08_F008.wav,neutral,Ses05,F,7.2
Ses05F_impro08_F009,/mnt/ddn/kyudan/IEMOCAP/data/Ses05F_impro08_F009.wav,neutral,Ses05,F,0.78
Ses05F_impro08_F010,/mnt/ddn/kyudan/IEMOCAP/data/Ses05F_impro08_F010.wav,neutral,Ses05,F,6.91
Ses05F_impro08_F011,/mnt/ddn/kyudan/IEMOCAP/data/Ses05F_impro08_F011.wav,neutral,Ses05,F,1.14
Ses05F_impro08_F012,/mnt/ddn/kyudan/IEMOCAP/data/Ses05F_impro08_F012.wav,neutral,Ses05,F,1.26
Ses05F_impro08_F013,/mnt/ddn/kyudan/IEMOCAP/data/Ses05F_impro08_F013.wav,happy,Ses05,F,1.51
Ses05F_impro08_F014,/mnt/ddn/kyudan/IEMOCAP/data/Ses05F_impro08_F014.wav,neutral,Ses05,F,5.2
Ses05F_impro08_F015,/mnt/ddn/kyudan/IEMOCAP/data/Ses05F_impro08_F015.wav,neutral,Ses05,F,2.18
Ses05F_impro08_F016,/mnt/ddn/kyudan/IEMOCAP/data/Ses05F_impro08_F016.wav,neutral,Ses05,F,15.04
Ses05F_impro08_F017,/mnt/ddn/kyudan/IEMOCAP/data/Ses05F_impro08_F017.wav,neutral,Ses05,F,9.93
Ses05F_impro08_F018,/mnt/ddn/kyudan/IEMOCAP/data/Ses05F_impro08_F018.wav,neutral,Ses05,F,6.08
Ses05F_impro08_F019,/mnt/ddn/kyudan/IEMOCAP/data/Ses05F_impro08_F019.wav,neutral,Ses05,F,6.29
Ses05F_impro08_F020,/mnt/ddn/kyudan/IEMOCAP/data/Ses05F_impro08_F020.wav,neutral,Ses05,F,5.03
Ses05F_impro08_F021,/mnt/ddn/kyudan/IEMOCAP/data/Ses05F_impro08_F021.wav,neutral,Ses05,F,2.06
Ses05F_impro08_F022,/mnt/ddn/kyudan/IEMOCAP/data/Ses05F_impro08_F022.wav,neutral,Ses05,F,5.74
Ses05F_impro08_F023,/mnt/ddn/kyudan/IEMOCAP/data/Ses05F_impro08_F023.wav,neutral,Ses05,F,19.07
Ses05F_impro08_F024,/mnt/ddn/kyudan/IEMOCAP/data/Ses05F_impro08_F024.wav,neutral,Ses05,F,5.65
Ses05F_impro08_F025,/mnt/ddn/kyudan/IEMOCAP/data/Ses05F_impro08_F025.wav,neutral,Ses05,F,1.03
Ses05F_impro08_F026,/mnt/ddn/kyudan/IEMOCAP/data/Ses05F_impro08_F026.wav,neutral,Ses05,F,1.35
Ses05F_impro08_F027,/mnt/ddn/kyudan/IEMOCAP/data/Ses05F_impro08_F027.wav,neutral,Ses05,F,3.17
Ses05F_impro08_F028,/mnt/ddn/kyudan/IEMOCAP/data/Ses05F_impro08_F028.wav,neutral,Ses05,F,1.8
Ses05F_impro08_F029,/mnt/ddn/kyudan/IEMOCAP/data/Ses05F_impro08_F029.wav,neutral,Ses05,F,1.21
Ses05F_impro08_F030,/mnt/ddn/kyudan/IEMOCAP/data/Ses05F_impro08_F030.wav,neutral,Ses05,F,2.2
Ses05F_impro08_F031,/mnt/ddn/kyudan/IEMOCAP/data/Ses05F_impro08_F031.wav,happy,Ses05,F,1.3
Ses05F_impro08_F032,/mnt/ddn/kyudan/IEMOCAP/data/Ses05F_impro08_F032.wav,neutral,Ses05,F,1.5
Ses05F_impro08_F033,/mnt/ddn/kyudan/IEMOCAP/data/Ses05F_impro08_F033.wav,neutral,Ses05,F,1.38
Ses05F_impro08_M003,/mnt/ddn/kyudan/IEMOCAP/data/Ses05F_impro08_M003.wav,angry,Ses05,M,5.13
Ses05F_impro08_M004,/mnt/ddn/kyudan/IEMOCAP/data/Ses05F_impro08_M004.wav,angry,Ses05,M,8.77
Ses05F_impro08_M005,/mnt/ddn/kyudan/IEMOCAP/data/Ses05F_impro08_M005.wav,angry,Ses05,M,9.42
Ses05F_impro08_M007,/mnt/ddn/kyudan/IEMOCAP/data/Ses05F_impro08_M007.wav,angry,Ses05,M,3.22
Ses05F_impro08_M013,/mnt/ddn/kyudan/IEMOCAP/data/Ses05F_impro08_M013.wav,neutral,Ses05,M,1.93
Ses05F_impro08_M016,/mnt/ddn/kyudan/IEMOCAP/data/Ses05F_impro08_M016.wav,neutral,Ses05,M,1.73
Ses05F_impro08_M018,/mnt/ddn/kyudan/IEMOCAP/data/Ses05F_impro08_M018.wav,neutral,Ses05,M,1.25
Ses05F_impro08_M019,/mnt/ddn/kyudan/IEMOCAP/data/Ses05F_impro08_M019.wav,neutral,Ses05,M,1.25
Ses05F_impro08_M020,/mnt/ddn/kyudan/IEMOCAP/data/Ses05F_impro08_M020.wav,neutral,Ses05,M,2.93
Ses05F_impro08_M022,/mnt/ddn/kyudan/IEMOCAP/data/Ses05F_impro08_M022.wav,neutral,Ses05,M,1.09
Ses05F_impro08_M025,/mnt/ddn/kyudan/IEMOCAP/data/Ses05F_impro08_M025.wav,happy,Ses05,M,3.41
Ses05F_impro08_M026,/mnt/ddn/kyudan/IEMOCAP/data/Ses05F_impro08_M026.wav,happy,Ses05,M,1.677
Ses05F_impro08_M027,/mnt/ddn/kyudan/IEMOCAP/data/Ses05F_impro08_M027.wav,neutral,Ses05,M,1.1
Ses05F_impro08_M028,/mnt/ddn/kyudan/IEMOCAP/data/Ses05F_impro08_M028.wav,happy,Ses05,M,5.55
Ses05F_impro08_M029,/mnt/ddn/kyudan/IEMOCAP/data/Ses05F_impro08_M029.wav,happy,Ses05,M,0.92
Ses05F_impro08_M030,/mnt/ddn/kyudan/IEMOCAP/data/Ses05F_impro08_M030.wav,happy,Ses05,M,4.82
Ses05F_impro08_M031,/mnt/ddn/kyudan/IEMOCAP/data/Ses05F_impro08_M031.wav,happy,Ses05,M,2.36
Ses05F_impro08_M032,/mnt/ddn/kyudan/IEMOCAP/data/Ses05F_impro08_M032.wav,happy,Ses05,M,1.2
Ses05F_script01_1_F000,/mnt/ddn/kyudan/IEMOCAP/data/Ses05F_script01_1_F000.wav,sad,Ses05,F,5.466
Ses05F_script01_1_F001,/mnt/ddn/kyudan/IEMOCAP/data/Ses05F_script01_1_F001.wav,sad,Ses05,F,3.874
Ses05F_script01_1_F002,/mnt/ddn/kyudan/IEMOCAP/data/Ses05F_script01_1_F002.wav,sad,Ses05,F,1.53
Ses05F_script01_1_F003,/mnt/ddn/kyudan/IEMOCAP/data/Ses05F_script01_1_F003.wav,sad,Ses05,F,3.15
Ses05F_script01_1_F004,/mnt/ddn/kyudan/IEMOCAP/data/Ses05F_script01_1_F004.wav,sad,Ses05,F,1.77
Ses05F_script01_1_F005,/mnt/ddn/kyudan/IEMOCAP/data/Ses05F_script01_1_F005.wav,sad,Ses05,F,1.83
Ses05F_script01_1_F006,/mnt/ddn/kyudan/IEMOCAP/data/Ses05F_script01_1_F006.wav,sad,Ses05,F,2.36
Ses05F_script01_1_F007,/mnt/ddn/kyudan/IEMOCAP/data/Ses05F_script01_1_F007.wav,sad,Ses05,F,5.13
Ses05F_script01_1_F008,/mnt/ddn/kyudan/IEMOCAP/data/Ses05F_script01_1_F008.wav,sad,Ses05,F,2.25
Ses05F_script01_1_F009,/mnt/ddn/kyudan/IEMOCAP/data/Ses05F_script01_1_F009.wav,sad,Ses05,F,1.72
Ses05F_script01_1_F010,/mnt/ddn/kyudan/IEMOCAP/data/Ses05F_script01_1_F010.wav,sad,Ses05,F,2.42
Ses05F_script01_1_F011,/mnt/ddn/kyudan/IEMOCAP/data/Ses05F_script01_1_F011.wav,sad,Ses05,F,2.57
Ses05F_script01_1_F017,/mnt/ddn/kyudan/IEMOCAP/data/Ses05F_script01_1_F017.wav,neutral,Ses05,F,3.09
Ses05F_script01_1_F024,/mnt/ddn/kyudan/IEMOCAP/data/Ses05F_script01_1_F024.wav,neutral,Ses05,F,3.34
Ses05F_script01_1_F025,/mnt/ddn/kyudan/IEMOCAP/data/Ses05F_script01_1_F025.wav,neutral,Ses05,F,2.99
Ses05F_script01_1_F026,/mnt/ddn/kyudan/IEMOCAP/data/Ses05F_script01_1_F026.wav,neutral,Ses05,F,6.36
Ses05F_script01_1_F027,/mnt/ddn/kyudan/IEMOCAP/data/Ses05F_script01_1_F027.wav,neutral,Ses05,F,3.0
Ses05F_script01_1_F028,/mnt/ddn/kyudan/IEMOCAP/data/Ses05F_script01_1_F028.wav,neutral,Ses05,F,2.83
Ses05F_script01_1_F031,/mnt/ddn/kyudan/IEMOCAP/data/Ses05F_script01_1_F031.wav,sad,Ses05,F,9.92
Ses05F_script01_1_F033,/mnt/ddn/kyudan/IEMOCAP/data/Ses05F_script01_1_F033.wav,angry,Ses05,F,1.46
Ses05F_script01_1_F034,/mnt/ddn/kyudan/IEMOCAP/data/Ses05F_script01_1_F034.wav,angry,Ses05,F,1.81
Ses05F_script01_1_F038,/mnt/ddn/kyudan/IEMOCAP/data/Ses05F_script01_1_F038.wav,angry,Ses05,F,8.79
Ses05F_script01_1_F039,/mnt/ddn/kyudan/IEMOCAP/data/Ses05F_script01_1_F039.wav,sad,Ses05,F,2.52
Ses05F_script01_1_M000,/mnt/ddn/kyudan/IEMOCAP/data/Ses05F_script01_1_M000.wav,sad,Ses05,M,2.186
Ses05F_script01_1_M001,/mnt/ddn/kyudan/IEMOCAP/data/Ses05F_script01_1_M001.wav,sad,Ses05,M,2.41
Ses05F_script01_1_M002,/mnt/ddn/kyudan/IEMOCAP/data/Ses05F_script01_1_M002.wav,sad,Ses05,M,7.08
Ses05F_script01_1_M003,/mnt/ddn/kyudan/IEMOCAP/data/Ses05F_script01_1_M003.wav,sad,Ses05,M,6.25
Ses05F_script01_1_M004,/mnt/ddn/kyudan/IEMOCAP/data/Ses05F_script01_1_M004.wav,sad,Ses05,M,4.22
Ses05F_script01_1_M005,/mnt/ddn/kyudan/IEMOCAP/data/Ses05F_script01_1_M005.wav,sad,Ses05,M,3.22
Ses05F_script01_1_M006,/mnt/ddn/kyudan/IEMOCAP/data/Ses05F_script01_1_M006.wav,sad,Ses05,M,2.06
Ses05F_script01_1_M007,/mnt/ddn/kyudan/IEMOCAP/data/Ses05F_script01_1_M007.wav,sad,Ses05,M,6.43
Ses05F_script01_1_M008,/mnt/ddn/kyudan/IEMOCAP/data/Ses05F_script01_1_M008.wav,sad,Ses05,M,4.83
Ses05F_script01_1_M009,/mnt/ddn/kyudan/IEMOCAP/data/Ses05F_script01_1_M009.wav,sad,Ses05,M,7.9
Ses05F_script01_1_M013,/mnt/ddn/kyudan/IEMOCAP/data/Ses05F_script01_1_M013.wav,angry,Ses05,M,6.8
Ses05F_script01_1_M016,/mnt/ddn/kyudan/IEMOCAP/data/Ses05F_script01_1_M016.wav,sad,Ses05,M,3.341
Ses05F_script01_1_M018,/mnt/ddn/kyudan/IEMOCAP/data/Ses05F_script01_1_M018.wav,neutral,Ses05,M,2.49
Ses05F_script01_1_M021,/mnt/ddn/kyudan/IEMOCAP/data/Ses05F_script01_1_M021.wav,angry,Ses05,M,8.23
Ses05F_script01_1_M025,/mnt/ddn/kyudan/IEMOCAP/data/Ses05F_script01_1_M025.wav,angry,Ses05,M,2.11
Ses05F_script01_1_M035,/mnt/ddn/kyudan/IEMOCAP/data/Ses05F_script01_1_M035.wav,angry,Ses05,M,3.9
Ses05F_script01_1_M037,/mnt/ddn/kyudan/IEMOCAP/data/Ses05F_script01_1_M037.wav,sad,Ses05,M,2.11
Ses05F_script01_1_M038,/mnt/ddn/kyudan/IEMOCAP/data/Ses05F_script01_1_M038.wav,sad,Ses05,M,5.97
Ses05F_script01_1_M039,/mnt/ddn/kyudan/IEMOCAP/data/Ses05F_script01_1_M039.wav,sad,Ses05,M,2.22
Ses05F_script01_2_F001,/mnt/ddn/kyudan/IEMOCAP/data/Ses05F_script01_2_F001.wav,neutral,Ses05,F,3.96
Ses05F_script01_2_F006,/mnt/ddn/kyudan/IEMOCAP/data/Ses05F_script01_2_F006.wav,angry,Ses05,F,2.53
Ses05F_script01_2_F010,/mnt/ddn/kyudan/IEMOCAP/data/Ses05F_script01_2_F010.wav,angry,Ses05,F,3.19
Ses05F_script01_2_F011,/mnt/ddn/kyudan/IEMOCAP/data/Ses05F_script01_2_F011.wav,angry,Ses05,F,3.31
Ses05F_script01_2_F012,/mnt/ddn/kyudan/IEMOCAP/data/Ses05F_script01_2_F012.wav,angry,Ses05,F,8.2
Ses05F_script01_2_F014,/mnt/ddn/kyudan/IEMOCAP/data/Ses05F_script01_2_F014.wav,angry,Ses05,F,5.64
Ses05F_script01_2_F016,/mnt/ddn/kyudan/IEMOCAP/data/Ses05F_script01_2_F016.wav,sad,Ses05,F,2.34
Ses05F_script01_2_F017,/mnt/ddn/kyudan/IEMOCAP/data/Ses05F_script01_2_F017.wav,angry,Ses05,F,1.66
Ses05F_script01_2_M000,/mnt/ddn/kyudan/IEMOCAP/data/Ses05F_script01_2_M000.wav,neutral,Ses05,M,2.13
Ses05F_script01_2_M001,/mnt/ddn/kyudan/IEMOCAP/data/Ses05F_script01_2_M001.wav,neutral,Ses05,M,5.07
Ses05F_script01_2_M002,/mnt/ddn/kyudan/IEMOCAP/data/Ses05F_script01_2_M002.wav,neutral,Ses05,M,9.77
Ses05F_script01_2_M016,/mnt/ddn/kyudan/IEMOCAP/data/Ses05F_script01_2_M016.wav,angry,Ses05,M,3.97
Ses05F_script01_2_M017,/mnt/ddn/kyudan/IEMOCAP/data/Ses05F_script01_2_M017.wav,angry,Ses05,M,4.86
Ses05F_script01_3_F000,/mnt/ddn/kyudan/IEMOCAP/data/Ses05F_script01_3_F000.wav,happy,Ses05,F,3.322
Ses05F_script01_3_F001,/mnt/ddn/kyudan/IEMOCAP/data/Ses05F_script01_3_F001.wav,happy,Ses05,F,1.773
Ses05F_script01_3_F002,/mnt/ddn/kyudan/IEMOCAP/data/Ses05F_script01_3_F002.wav,happy,Ses05,F,4.817
Ses05F_script01_3_F003,/mnt/ddn/kyudan/IEMOCAP/data/Ses05F_script01_3_F003.wav,happy,Ses05,F,4.968
Ses05F_script01_3_F006,/mnt/ddn/kyudan/IEMOCAP/data/Ses05F_script01_3_F006.wav,sad,Ses05,F,3.378
Ses05F_script01_3_F008,/mnt/ddn/kyudan/IEMOCAP/data/Ses05F_script01_3_F008.wav,neutral,Ses05,F,4.327
Ses05F_script01_3_F009,/mnt/ddn/kyudan/IEMOCAP/data/Ses05F_script01_3_F009.wav,happy,Ses05,F,3.916
Ses05F_script01_3_F010,/mnt/ddn/kyudan/IEMOCAP/data/Ses05F_script01_3_F010.wav,happy,Ses05,F,3.245
Ses05F_script01_3_F011,/mnt/ddn/kyudan/IEMOCAP/data/Ses05F_script01_3_F011.wav,happy,Ses05,F,3.465
Ses05F_script01_3_F012,/mnt/ddn/kyudan/IEMOCAP/data/Ses05F_script01_3_F012.wav,happy,Ses05,F,2.155
Ses05F_script01_3_F013,/mnt/ddn/kyudan/IEMOCAP/data/Ses05F_script01_3_F013.wav,happy,Ses05,F,1.528
Ses05F_script01_3_F014,/mnt/ddn/kyudan/IEMOCAP/data/Ses05F_script01_3_F014.wav,happy,Ses05,F,10.185
Ses05F_script01_3_F015,/mnt/ddn/kyudan/IEMOCAP/data/Ses05F_script01_3_F015.wav,happy,Ses05,F,7.461
Ses05F_script01_3_F016,/mnt/ddn/kyudan/IEMOCAP/data/Ses05F_script01_3_F016.wav,happy,Ses05,F,2.306
Ses05F_script01_3_F017,/mnt/ddn/kyudan/IEMOCAP/data/Ses05F_script01_3_F017.wav,happy,Ses05,F,7.862
Ses05F_script01_3_F018,/mnt/ddn/kyudan/IEMOCAP/data/Ses05F_script01_3_F018.wav,happy,Ses05,F,2.053
Ses05F_script01_3_F019,/mnt/ddn/kyudan/IEMOCAP/data/Ses05F_script01_3_F019.wav,happy,Ses05,F,6.52
Ses05F_script01_3_F020,/mnt/ddn/kyudan/IEMOCAP/data/Ses05F_script01_3_F020.wav,sad,Ses05,F,2.584
Ses05F_script01_3_F021,/mnt/ddn/kyudan/IEMOCAP/data/Ses05F_script01_3_F021.wav,neutral,Ses05,F,1.693
Ses05F_script01_3_F022,/mnt/ddn/kyudan/IEMOCAP/data/Ses05F_script01_3_F022.wav,sad,Ses05,F,1.793
Ses05F_script01_3_F023,/mnt/ddn/kyudan/IEMOCAP/data/Ses05F_script01_3_F023.wav,sad,Ses05,F,2.003
Ses05F_script01_3_F024,/mnt/ddn/kyudan/IEMOCAP/data/Ses05F_script01_3_F024.wav,neutral,Ses05,F,2.468
Ses05F_script01_3_F025,/mnt/ddn/kyudan/IEMOCAP/data/Ses05F_script01_3_F025.wav,sad,Ses05,F,17.276
Ses05F_script01_3_F026,/mnt/ddn/kyudan/IEMOCAP/data/Ses05F_script01_3_F026.wav,happy,Ses05,F,2.954
Ses05F_script01_3_M000,/mnt/ddn/kyudan/IEMOCAP/data/Ses05F_script01_3_M000.wav,happy,Ses05,M,4.086
Ses05F_script01_3_M001,/mnt/ddn/kyudan/IEMOCAP/data/Ses05F_script01_3_M001.wav,happy,Ses05,M,2.123
Ses05F_script01_3_M003,/mnt/ddn/kyudan/IEMOCAP/data/Ses05F_script01_3_M003.wav,happy,Ses05,M,1.022
Ses05F_script01_3_M004,/mnt/ddn/kyudan/IEMOCAP/data/Ses05F_script01_3_M004.wav,neutral,Ses05,M,1.561
Ses05F_script01_3_M005,/mnt/ddn/kyudan/IEMOCAP/data/Ses05F_script01_3_M005.wav,happy,Ses05,M,10.015
Ses05F_script01_3_M006,/mnt/ddn/kyudan/IEMOCAP/data/Ses05F_script01_3_M006.wav,neutral,Ses05,M,2.379
Ses05F_script01_3_M008,/mnt/ddn/kyudan/IEMOCAP/data/Ses05F_script01_3_M008.wav,happy,Ses05,M,8.77
Ses05F_script01_3_M009,/mnt/ddn/kyudan/IEMOCAP/data/Ses05F_script01_3_M009.wav,happy,Ses05,M,15.546
Ses05F_script01_3_M010,/mnt/ddn/kyudan/IEMOCAP/data/Ses05F_script01_3_M010.wav,happy,Ses05,M,12.365
Ses05F_script01_3_M011,/mnt/ddn/kyudan/IEMOCAP/data/Ses05F_script01_3_M011.wav,happy,Ses05,M,3.906
Ses05F_script01_3_M012,/mnt/ddn/kyudan/IEMOCAP/data/Ses05F_script01_3_M012.wav,happy,Ses05,M,2.614
Ses05F_script01_3_M013,/mnt/ddn/kyudan/IEMOCAP/data/Ses05F_script01_3_M013.wav,happy,Ses05,M,2.374
Ses05F_script01_3_M014,/mnt/ddn/kyudan/IEMOCAP/data/Ses05F_script01_3_M014.wav,happy,Ses05,M,2.504
Ses05F_script01_3_M015,/mnt/ddn/kyudan/IEMOCAP/data/Ses05F_script01_3_M015.wav,happy,Ses05,M,3.495
Ses05F_script01_3_M016,/mnt/ddn/kyudan/IEMOCAP/data/Ses05F_script01_3_M016.wav,happy,Ses05,M,9.124
Ses05F_script01_3_M017,/mnt/ddn/kyudan/IEMOCAP/data/Ses05F_script01_3_M017.wav,happy,Ses05,M,5.228
Ses05F_script01_3_M018,/mnt/ddn/kyudan/IEMOCAP/data/Ses05F_script01_3_M018.wav,happy,Ses05,M,1.853
Ses05F_script01_3_M019,/mnt/ddn/kyudan/IEMOCAP/data/Ses05F_script01_3_M019.wav,happy,Ses05,M,3.147
Ses05F_script01_3_M020,/mnt/ddn/kyudan/IEMOCAP/data/Ses05F_script01_3_M020.wav,happy,Ses05,M,2.614
Ses05F_script01_3_M021,/mnt/ddn/kyudan/IEMOCAP/data/Ses05F_script01_3_M021.wav,sad,Ses05,M,6.71
Ses05F_script01_3_M023,/mnt/ddn/kyudan/IEMOCAP/data/Ses05F_script01_3_M023.wav,sad,Ses05,M,3.693
Ses05F_script01_3_M024,/mnt/ddn/kyudan/IEMOCAP/data/Ses05F_script01_3_M024.wav,sad,Ses05,M,3.946
Ses05F_script01_3_M025,/mnt/ddn/kyudan/IEMOCAP/data/Ses05F_script01_3_M025.wav,sad,Ses05,M,2.414
Ses05F_script01_3_M026,/mnt/ddn/kyudan/IEMOCAP/data/Ses05F_script01_3_M026.wav,sad,Ses05,M,2.083
Ses05F_script01_3_M027,/mnt/ddn/kyudan/IEMOCAP/data/Ses05F_script01_3_M027.wav,sad,Ses05,M,7.115
Ses05F_script01_3_M028,/mnt/ddn/kyudan/IEMOCAP/data/Ses05F_script01_3_M028.wav,sad,Ses05,M,12.279
Ses05F_script01_3_M029,/mnt/ddn/kyudan/IEMOCAP/data/Ses05F_script01_3_M029.wav,sad,Ses05,M,14.901
Ses05F_script01_3_M030,/mnt/ddn/kyudan/IEMOCAP/data/Ses05F_script01_3_M030.wav,sad,Ses05,M,5.178
Ses05F_script01_3_M031,/mnt/ddn/kyudan/IEMOCAP/data/Ses05F_script01_3_M031.wav,sad,Ses05,M,9.645
Ses05F_script01_3_M032,/mnt/ddn/kyudan/IEMOCAP/data/Ses05F_script01_3_M032.wav,sad,Ses05,M,10.886
Ses05F_script01_3_M033,/mnt/ddn/kyudan/IEMOCAP/data/Ses05F_script01_3_M033.wav,sad,Ses05,M,14.161
Ses05F_script01_3_M034,/mnt/ddn/kyudan/IEMOCAP/data/Ses05F_script01_3_M034.wav,sad,Ses05,M,10.209
Ses05F_script01_3_M035,/mnt/ddn/kyudan/IEMOCAP/data/Ses05F_script01_3_M035.wav,sad,Ses05,M,11.719
Ses05F_script01_3_M036,/mnt/ddn/kyudan/IEMOCAP/data/Ses05F_script01_3_M036.wav,sad,Ses05,M,12.999
Ses05F_script01_3_M037,/mnt/ddn/kyudan/IEMOCAP/data/Ses05F_script01_3_M037.wav,sad,Ses05,M,15.856
Ses05F_script01_3_M039,/mnt/ddn/kyudan/IEMOCAP/data/Ses05F_script01_3_M039.wav,happy,Ses05,M,2.822
Ses05F_script01_3_M040,/mnt/ddn/kyudan/IEMOCAP/data/Ses05F_script01_3_M040.wav,happy,Ses05,M,5.028
Ses05F_script02_1_F000,/mnt/ddn/kyudan/IEMOCAP/data/Ses05F_script02_1_F000.wav,neutral,Ses05,F,1.845
Ses05F_script02_1_F001,/mnt/ddn/kyudan/IEMOCAP/data/Ses05F_script02_1_F001.wav,neutral,Ses05,F,1.92
Ses05F_script02_1_F005,/mnt/ddn/kyudan/IEMOCAP/data/Ses05F_script02_1_F005.wav,neutral,Ses05,F,1.15
Ses05F_script02_1_F007,/mnt/ddn/kyudan/IEMOCAP/data/Ses05F_script02_1_F007.wav,neutral,Ses05,F,2.51
Ses05F_script02_1_F009,/mnt/ddn/kyudan/IEMOCAP/data/Ses05F_script02_1_F009.wav,sad,Ses05,F,1.94
Ses05F_script02_1_F011,/mnt/ddn/kyudan/IEMOCAP/data/Ses05F_script02_1_F011.wav,neutral,Ses05,F,2.288
Ses05F_script02_1_F012,/mnt/ddn/kyudan/IEMOCAP/data/Ses05F_script02_1_F012.wav,neutral,Ses05,F,2.063
Ses05F_script02_1_F015,/mnt/ddn/kyudan/IEMOCAP/data/Ses05F_script02_1_F015.wav,neutral,Ses05,F,1.922
Ses05F_script02_1_F016,/mnt/ddn/kyudan/IEMOCAP/data/Ses05F_script02_1_F016.wav,neutral,Ses05,F,1.41
Ses05F_script02_1_M000,/mnt/ddn/kyudan/IEMOCAP/data/Ses05F_script02_1_M000.wav,happy,Ses05,M,9.347
Ses05F_script02_1_M001,/mnt/ddn/kyudan/IEMOCAP/data/Ses05F_script02_1_M001.wav,happy,Ses05,M,6.41
Ses05F_script02_1_M002,/mnt/ddn/kyudan/IEMOCAP/data/Ses05F_script02_1_M002.wav,happy,Ses05,M,14.239
Ses05F_script02_1_M003,/mnt/ddn/kyudan/IEMOCAP/data/Ses05F_script02_1_M003.wav,happy,Ses05,M,7.017
Ses05F_script02_1_M009,/mnt/ddn/kyudan/IEMOCAP/data/Ses05F_script02_1_M009.wav,happy,Ses05,M,8.846
Ses05F_script02_1_M010,/mnt/ddn/kyudan/IEMOCAP/data/Ses05F_script02_1_M010.wav,happy,Ses05,M,11.438
Ses05F_script02_1_M011,/mnt/ddn/kyudan/IEMOCAP/data/Ses05F_script02_1_M011.wav,happy,Ses05,M,8.646
Ses05F_script02_1_M012,/mnt/ddn/kyudan/IEMOCAP/data/Ses05F_script02_1_M012.wav,happy,Ses05,M,1.93
Ses05F_script02_1_M014,/mnt/ddn/kyudan/IEMOCAP/data/Ses05F_script02_1_M014.wav,happy,Ses05,M,1.414
Ses05F_script02_1_M015,/mnt/ddn/kyudan/IEMOCAP/data/Ses05F_script02_1_M015.wav,happy,Ses05,M,1.73
Ses05F_script02_1_M016,/mnt/ddn/kyudan/IEMOCAP/data/Ses05F_script02_1_M016.wav,happy,Ses05,M,8.282
Ses05F_script02_1_M018,/mnt/ddn/kyudan/IEMOCAP/data/Ses05F_script02_1_M018.wav,happy,Ses05,M,7.245
Ses05F_script02_1_M019,/mnt/ddn/kyudan/IEMOCAP/data/Ses05F_script02_1_M019.wav,happy,Ses05,M,9.491
Ses05F_script02_1_M020,/mnt/ddn/kyudan/IEMOCAP/data/Ses05F_script02_1_M020.wav,happy,Ses05,M,12.387
Ses05F_script02_1_M021,/mnt/ddn/kyudan/IEMOCAP/data/Ses05F_script02_1_M021.wav,happy,Ses05,M,4.909
Ses05F_script02_1_M022,/mnt/ddn/kyudan/IEMOCAP/data/Ses05F_script02_1_M022.wav,happy,Ses05,M,1.67
Ses05F_script02_1_M023,/mnt/ddn/kyudan/IEMOCAP/data/Ses05F_script02_1_M023.wav,happy,Ses05,M,9.22
Ses05F_script02_1_M024,/mnt/ddn/kyudan/IEMOCAP/data/Ses05F_script02_1_M024.wav,happy,Ses05,M,8.151
Ses05F_script02_1_M028,/mnt/ddn/kyudan/IEMOCAP/data/Ses05F_script02_1_M028.wav,happy,Ses05,M,5.46
Ses05F_script02_1_M029,/mnt/ddn/kyudan/IEMOCAP/data/Ses05F_script02_1_M029.wav,happy,Ses05,M,7.117
Ses05F_script02_1_M030,/mnt/ddn/kyudan/IEMOCAP/data/Ses05F_script02_1_M030.wav,happy,Ses05,M,7.942
Ses05F_script02_1_M031,/mnt/ddn/kyudan/IEMOCAP/data/Ses05F_script02_1_M031.wav,happy,Ses05,M,15.665
Ses05F_script02_1_M032,/mnt/ddn/kyudan/IEMOCAP/data/Ses05F_script02_1_M032.wav,happy,Ses05,M,10.723
Ses05F_script02_1_M033,/mnt/ddn/kyudan/IEMOCAP/data/Ses05F_script02_1_M033.wav,happy,Ses05,M,29.047
Ses05F_script02_1_M034,/mnt/ddn/kyudan/IEMOCAP/data/Ses05F_script02_1_M034.wav,happy,Ses05,M,4.32
Ses05F_script02_2_F000,/mnt/ddn/kyudan/IEMOCAP/data/Ses05F_script02_2_F000.wav,sad,Ses05,F,2.383
Ses05F_script02_2_F001,/mnt/ddn/kyudan/IEMOCAP/data/Ses05F_script02_2_F001.wav,sad,Ses05,F,2.153
Ses05F_script02_2_F005,/mnt/ddn/kyudan/IEMOCAP/data/Ses05F_script02_2_F005.wav,angry,Ses05,F,5.647
Ses05F_script02_2_F013,/mnt/ddn/kyudan/IEMOCAP/data/Ses05F_script02_2_F013.wav,sad,Ses05,F,11.744
Ses05F_script02_2_F014,/mnt/ddn/kyudan/IEMOCAP/data/Ses05F_script02_2_F014.wav,sad,Ses05,F,24.126
Ses05F_script02_2_F015,/mnt/ddn/kyudan/IEMOCAP/data/Ses05F_script02_2_F015.wav,happy,Ses05,F,10.526
Ses05F_script02_2_F016,/mnt/ddn/kyudan/IEMOCAP/data/Ses05F_script02_2_F016.wav,sad,Ses05,F,5.981
Ses05F_script02_2_F017,/mnt/ddn/kyudan/IEMOCAP/data/Ses05F_script02_2_F017.wav,sad,Ses05,F,5.966
Ses05F_script02_2_F018,/mnt/ddn/kyudan/IEMOCAP/data/Ses05F_script02_2_F018.wav,sad,Ses05,F,1.838
Ses05F_script02_2_F019,/mnt/ddn/kyudan/IEMOCAP/data/Ses05F_script02_2_F019.wav,sad,Ses05,F,1.771
Ses05F_script02_2_F025,/mnt/ddn/kyudan/IEMOCAP/data/Ses05F_script02_2_F025.wav,sad,Ses05,F,5.025
Ses05F_script02_2_F026,/mnt/ddn/kyudan/IEMOCAP/data/Ses05F_script02_2_F026.wav,sad,Ses05,F,5.256
Ses05F_script02_2_F027,/mnt/ddn/kyudan/IEMOCAP/data/Ses05F_script02_2_F027.wav,sad,Ses05,F,4.377
Ses05F_script02_2_F028,/mnt/ddn/kyudan/IEMOCAP/data/Ses05F_script02_2_F028.wav,sad,Ses05,F,19.314
Ses05F_script02_2_F029,/mnt/ddn/kyudan/IEMOCAP/data/Ses05F_script02_2_F029.wav,sad,Ses05,F,2.005
Ses05F_script02_2_F030,/mnt/ddn/kyudan/IEMOCAP/data/Ses05F_script02_2_F030.wav,sad,Ses05,F,7.552
Ses05F_script02_2_F032,/mnt/ddn/kyudan/IEMOCAP/data/Ses05F_script02_2_F032.wav,sad,Ses05,F,16.507
Ses05F_script02_2_F033,/mnt/ddn/kyudan/IEMOCAP/data/Ses05F_script02_2_F033.wav,happy,Ses05,F,6.85
Ses05F_script02_2_F034,/mnt/ddn/kyudan/IEMOCAP/data/Ses05F_script02_2_F034.wav,happy,Ses05,F,9.891
Ses05F_script02_2_F035,/mnt/ddn/kyudan/IEMOCAP/data/Ses05F_script02_2_F035.wav,happy,Ses05,F,2.512
Ses05F_script02_2_F036,/mnt/ddn/kyudan/IEMOCAP/data/Ses05F_script02_2_F036.wav,happy,Ses05,F,2.473
Ses05F_script02_2_F037,/mnt/ddn/kyudan/IEMOCAP/data/Ses05F_script02_2_F037.wav,happy,Ses05,F,5.887
Ses05F_script02_2_F038,/mnt/ddn/kyudan/IEMOCAP/data/Ses05F_script02_2_F038.wav,happy,Ses05,F,1.905
Ses05F_script02_2_M000,/mnt/ddn/kyudan/IEMOCAP/data/Ses05F_script02_2_M000.wav,happy,Ses05,M,3.81
Ses05F_script02_2_M002,/mnt/ddn/kyudan/IEMOCAP/data/Ses05F_script02_2_M002.wav,neutral,Ses05,M,6.012
Ses05F_script02_2_M003,/mnt/ddn/kyudan/IEMOCAP/data/Ses05F_script02_2_M003.wav,neutral,Ses05,M,2.23
Ses05F_script02_2_M005,/mnt/ddn/kyudan/IEMOCAP/data/Ses05F_script02_2_M005.wav,neutral,Ses05,M,6.549
Ses05F_script02_2_M010,/mnt/ddn/kyudan/IEMOCAP/data/Ses05F_script02_2_M010.wav,neutral,Ses05,M,1.67
Ses05F_script02_2_M016,/mnt/ddn/kyudan/IEMOCAP/data/Ses05F_script02_2_M016.wav,neutral,Ses05,M,5.54
Ses05F_script02_2_M018,/mnt/ddn/kyudan/IEMOCAP/data/Ses05F_script02_2_M018.wav,happy,Ses05,M,7.37
Ses05F_script02_2_M019,/mnt/ddn/kyudan/IEMOCAP/data/Ses05F_script02_2_M019.wav,happy,Ses05,M,2.172
Ses05F_script02_2_M020,/mnt/ddn/kyudan/IEMOCAP/data/Ses05F_script02_2_M020.wav,happy,Ses05,M,1.785
Ses05F_script02_2_M021,/mnt/ddn/kyudan/IEMOCAP/data/Ses05F_script02_2_M021.wav,happy,Ses05,M,2.907
Ses05F_script02_2_M025,/mnt/ddn/kyudan/IEMOCAP/data/Ses05F_script02_2_M025.wav,angry,Ses05,M,2.506
Ses05F_script02_2_M026,/mnt/ddn/kyudan/IEMOCAP/data/Ses05F_script02_2_M026.wav,angry,Ses05,M,16.489
Ses05F_script02_2_M031,/mnt/ddn/kyudan/IEMOCAP/data/Ses05F_script02_2_M031.wav,sad,Ses05,M,4.144
Ses05F_script02_2_M032,/mnt/ddn/kyudan/IEMOCAP/data/Ses05F_script02_2_M032.wav,sad,Ses05,M,3.943
Ses05F_script02_2_M033,/mnt/ddn/kyudan/IEMOCAP/data/Ses05F_script02_2_M033.wav,sad,Ses05,M,4.93
Ses05F_script02_2_M035,/mnt/ddn/kyudan/IEMOCAP/data/Ses05F_script02_2_M035.wav,happy,Ses05,M,6.85
Ses05F_script02_2_M036,/mnt/ddn/kyudan/IEMOCAP/data/Ses05F_script02_2_M036.wav,happy,Ses05,M,6.702
Ses05F_script02_2_M037,/mnt/ddn/kyudan/IEMOCAP/data/Ses05F_script02_2_M037.wav,happy,Ses05,M,3.007
Ses05F_script02_2_M038,/mnt/ddn/kyudan/IEMOCAP/data/Ses05F_script02_2_M038.wav,happy,Ses05,M,2.21
Ses05F_script02_2_M039,/mnt/ddn/kyudan/IEMOCAP/data/Ses05F_script02_2_M039.wav,happy,Ses05,M,4.417
Ses05F_script02_2_M040,/mnt/ddn/kyudan/IEMOCAP/data/Ses05F_script02_2_M040.wav,happy,Ses05,M,5.179
Ses05F_script02_2_M041,/mnt/ddn/kyudan/IEMOCAP/data/Ses05F_script02_2_M041.wav,happy,Ses05,M,1.838
Ses05F_script03_1_F000,/mnt/ddn/kyudan/IEMOCAP/data/Ses05F_script03_1_F000.wav,happy,Ses05,F,2.23
Ses05F_script03_1_F001,/mnt/ddn/kyudan/IEMOCAP/data/Ses05F_script03_1_F001.wav,happy,Ses05,F,3.43
Ses05F_script03_1_F002,/mnt/ddn/kyudan/IEMOCAP/data/Ses05F_script03_1_F002.wav,happy,Ses05,F,2.13
Ses05F_script03_1_F003,/mnt/ddn/kyudan/IEMOCAP/data/Ses05F_script03_1_F003.wav,happy,Ses05,F,2.12
Ses05F_script03_1_F004,/mnt/ddn/kyudan/IEMOCAP/data/Ses05F_script03_1_F004.wav,happy,Ses05,F,2.58
Ses05F_script03_1_F005,/mnt/ddn/kyudan/IEMOCAP/data/Ses05F_script03_1_F005.wav,happy,Ses05,F,2.86
Ses05F_script03_1_F006,/mnt/ddn/kyudan/IEMOCAP/data/Ses05F_script03_1_F006.wav,happy,Ses05,F,2.01
Ses05F_script03_1_F007,/mnt/ddn/kyudan/IEMOCAP/data/Ses05F_script03_1_F007.wav,happy,Ses05,F,2.77
Ses05F_script03_1_F008,/mnt/ddn/kyudan/IEMOCAP/data/Ses05F_script03_1_F008.wav,happy,Ses05,F,5.72
Ses05F_script03_1_F010,/mnt/ddn/kyudan/IEMOCAP/data/Ses05F_script03_1_F010.wav,neutral,Ses05,F,3.11
Ses05F_script03_1_F011,/mnt/ddn/kyudan/IEMOCAP/data/Ses05F_script03_1_F011.wav,neutral,Ses05,F,2.13
Ses05F_script03_1_F013,/mnt/ddn/kyudan/IEMOCAP/data/Ses05F_script03_1_F013.wav,neutral,Ses05,F,1.49
Ses05F_script03_1_F015,/mnt/ddn/kyudan/IEMOCAP/data/Ses05F_script03_1_F015.wav,neutral,Ses05,F,5.11
Ses05F_script03_1_F019,/mnt/ddn/kyudan/IEMOCAP/data/Ses05F_script03_1_F019.wav,neutral,Ses05,F,3.46
Ses05F_script03_1_F020,/mnt/ddn/kyudan/IEMOCAP/data/Ses05F_script03_1_F020.wav,happy,Ses05,F,2.43
Ses05F_script03_1_F021,/mnt/ddn/kyudan/IEMOCAP/data/Ses05F_script03_1_F021.wav,happy,Ses05,F,3.2
Ses05F_script03_1_F022,/mnt/ddn/kyudan/IEMOCAP/data/Ses05F_script03_1_F022.wav,happy,Ses05,F,3.18
Ses05F_script03_1_F023,/mnt/ddn/kyudan/IEMOCAP/data/Ses05F_script03_1_F023.wav,happy,Ses05,F,6.01
Ses05F_script03_1_F024,/mnt/ddn/kyudan/IEMOCAP/data/Ses05F_script03_1_F024.wav,happy,Ses05,F,1.94
Ses05F_script03_1_F025,/mnt/ddn/kyudan/IEMOCAP/data/Ses05F_script03_1_F025.wav,happy,Ses05,F,6.11
Ses05F_script03_1_F026,/mnt/ddn/kyudan/IEMOCAP/data/Ses05F_script03_1_F026.wav,happy,Ses05,F,5.07
Ses05F_script03_1_F027,/mnt/ddn/kyudan/IEMOCAP/data/Ses05F_script03_1_F027.wav,happy,Ses05,F,3.09
Ses05F_script03_1_F028,/mnt/ddn/kyudan/IEMOCAP/data/Ses05F_script03_1_F028.wav,happy,Ses05,F,4.34
Ses05F_script03_1_F029,/mnt/ddn/kyudan/IEMOCAP/data/Ses05F_script03_1_F029.wav,happy,Ses05,F,2.38
Ses05F_script03_1_F030,/mnt/ddn/kyudan/IEMOCAP/data/Ses05F_script03_1_F030.wav,happy,Ses05,F,6.41
Ses05F_script03_1_F031,/mnt/ddn/kyudan/IEMOCAP/data/Ses05F_script03_1_F031.wav,happy,Ses05,F,4.71
Ses05F_script03_1_F032,/mnt/ddn/kyudan/IEMOCAP/data/Ses05F_script03_1_F032.wav,happy,Ses05,F,1.53
Ses05F_script03_1_F033,/mnt/ddn/kyudan/IEMOCAP/data/Ses05F_script03_1_F033.wav,neutral,Ses05,F,1.735
Ses05F_script03_1_M000,/mnt/ddn/kyudan/IEMOCAP/data/Ses05F_script03_1_M000.wav,happy,Ses05,M,2.34
Ses05F_script03_1_M001,/mnt/ddn/kyudan/IEMOCAP/data/Ses05F_script03_1_M001.wav,happy,Ses05,M,2.09
Ses05F_script03_1_M005,/mnt/ddn/kyudan/IEMOCAP/data/Ses05F_script03_1_M005.wav,happy,Ses05,M,7.7
Ses05F_script03_1_M007,/mnt/ddn/kyudan/IEMOCAP/data/Ses05F_script03_1_M007.wav,happy,Ses05,M,2.09
Ses05F_script03_1_M008,/mnt/ddn/kyudan/IEMOCAP/data/Ses05F_script03_1_M008.wav,happy,Ses05,M,6.2
Ses05F_script03_1_M011,/mnt/ddn/kyudan/IEMOCAP/data/Ses05F_script03_1_M011.wav,happy,Ses05,M,8.22
Ses05F_script03_1_M012,/mnt/ddn/kyudan/IEMOCAP/data/Ses05F_script03_1_M012.wav,happy,Ses05,M,3.29
Ses05F_script03_1_M013,/mnt/ddn/kyudan/IEMOCAP/data/Ses05F_script03_1_M013.wav,happy,Ses05,M,14.81
Ses05F_script03_1_M014,/mnt/ddn/kyudan/IEMOCAP/data/Ses05F_script03_1_M014.wav,happy,Ses05,M,3.83
Ses05F_script03_1_M015,/mnt/ddn/kyudan/IEMOCAP/data/Ses05F_script03_1_M015.wav,happy,Ses05,M,1.52
Ses05F_script03_1_M016,/mnt/ddn/kyudan/IEMOCAP/data/Ses05F_script03_1_M016.wav,happy,Ses05,M,4.07
Ses05F_script03_1_M017,/mnt/ddn/kyudan/IEMOCAP/data/Ses05F_script03_1_M017.wav,happy,Ses05,M,2.49
Ses05F_script03_1_M018,/mnt/ddn/kyudan/IEMOCAP/data/Ses05F_script03_1_M018.wav,happy,Ses05,M,2.18
Ses05F_script03_1_M019,/mnt/ddn/kyudan/IEMOCAP/data/Ses05F_script03_1_M019.wav,happy,Ses05,M,6.11
Ses05F_script03_1_M020,/mnt/ddn/kyudan/IEMOCAP/data/Ses05F_script03_1_M020.wav,happy,Ses05,M,9.59
Ses05F_script03_1_M021,/mnt/ddn/kyudan/IEMOCAP/data/Ses05F_script03_1_M021.wav,happy,Ses05,M,8.98
Ses05F_script03_1_M022,/mnt/ddn/kyudan/IEMOCAP/data/Ses05F_script03_1_M022.wav,happy,Ses05,M,6.7
Ses05F_script03_1_M023,/mnt/ddn/kyudan/IEMOCAP/data/Ses05F_script03_1_M023.wav,happy,Ses05,M,11.55
Ses05F_script03_1_M024,/mnt/ddn/kyudan/IEMOCAP/data/Ses05F_script03_1_M024.wav,happy,Ses05,M,4.16
Ses05F_script03_1_M025,/mnt/ddn/kyudan/IEMOCAP/data/Ses05F_script03_1_M025.wav,happy,Ses05,M,4.89
Ses05F_script03_1_M026,/mnt/ddn/kyudan/IEMOCAP/data/Ses05F_script03_1_M026.wav,happy,Ses05,M,2.62
Ses05F_script03_1_M027,/mnt/ddn/kyudan/IEMOCAP/data/Ses05F_script03_1_M027.wav,happy,Ses05,M,1.96
Ses05F_script03_1_M028,/mnt/ddn/kyudan/IEMOCAP/data/Ses05F_script03_1_M028.wav,happy,Ses05,M,6.97
Ses05F_script03_1_M029,/mnt/ddn/kyudan/IEMOCAP/data/Ses05F_script03_1_M029.wav,happy,Ses05,M,4.13
Ses05F_script03_1_M030,/mnt/ddn/kyudan/IEMOCAP/data/Ses05F_script03_1_M030.wav,neutral,Ses05,M,2.15
Ses05F_script03_1_M031,/mnt/ddn/kyudan/IEMOCAP/data/Ses05F_script03_1_M031.wav,happy,Ses05,M,2.96
Ses05F_script03_1_M032,/mnt/ddn/kyudan/IEMOCAP/data/Ses05F_script03_1_M032.wav,happy,Ses05,M,2.71
Ses05F_script03_1_M033,/mnt/ddn/kyudan/IEMOCAP/data/Ses05F_script03_1_M033.wav,happy,Ses05,M,8.01
Ses05F_script03_2_F000,/mnt/ddn/kyudan/IEMOCAP/data/Ses05F_script03_2_F000.wav,neutral,Ses05,F,3.304
Ses05F_script03_2_F001,/mnt/ddn/kyudan/IEMOCAP/data/Ses05F_script03_2_F001.wav,neutral,Ses05,F,2.42
Ses05F_script03_2_F003,/mnt/ddn/kyudan/IEMOCAP/data/Ses05F_script03_2_F003.wav,neutral,Ses05,F,3.12
Ses05F_script03_2_F004,/mnt/ddn/kyudan/IEMOCAP/data/Ses05F_script03_2_F004.wav,neutral,Ses05,F,2.59
Ses05F_script03_2_F005,/mnt/ddn/kyudan/IEMOCAP/data/Ses05F_script03_2_F005.wav,neutral,Ses05,F,1.61
Ses05F_script03_2_F006,/mnt/ddn/kyudan/IEMOCAP/data/Ses05F_script03_2_F006.wav,neutral,Ses05,F,3.84
Ses05F_script03_2_F010,/mnt/ddn/kyudan/IEMOCAP/data/Ses05F_script03_2_F010.wav,neutral,Ses05,F,3.5
Ses05F_script03_2_F011,/mnt/ddn/kyudan/IEMOCAP/data/Ses05F_script03_2_F011.wav,neutral,Ses05,F,3.45
Ses05F_script03_2_F012,/mnt/ddn/kyudan/IEMOCAP/data/Ses05F_script03_2_F012.wav,neutral,Ses05,F,2.38
Ses05F_script03_2_F014,/mnt/ddn/kyudan/IEMOCAP/data/Ses05F_script03_2_F014.wav,neutral,Ses05,F,3.3
Ses05F_script03_2_F017,/mnt/ddn/kyudan/IEMOCAP/data/Ses05F_script03_2_F017.wav,angry,Ses05,F,2.15
Ses05F_script03_2_F018,/mnt/ddn/kyudan/IEMOCAP/data/Ses05F_script03_2_F018.wav,angry,Ses05,F,3.14
Ses05F_script03_2_F019,/mnt/ddn/kyudan/IEMOCAP/data/Ses05F_script03_2_F019.wav,angry,Ses05,F,2.19
Ses05F_script03_2_F020,/mnt/ddn/kyudan/IEMOCAP/data/Ses05F_script03_2_F020.wav,angry,Ses05,F,1.21
Ses05F_script03_2_F021,/mnt/ddn/kyudan/IEMOCAP/data/Ses05F_script03_2_F021.wav,angry,Ses05,F,3.94
Ses05F_script03_2_F022,/mnt/ddn/kyudan/IEMOCAP/data/Ses05F_script03_2_F022.wav,neutral,Ses05,F,1.9
Ses05F_script03_2_F023,/mnt/ddn/kyudan/IEMOCAP/data/Ses05F_script03_2_F023.wav,angry,Ses05,F,1.48
Ses05F_script03_2_F024,/mnt/ddn/kyudan/IEMOCAP/data/Ses05F_script03_2_F024.wav,angry,Ses05,F,5.2
Ses05F_script03_2_F027,/mnt/ddn/kyudan/IEMOCAP/data/Ses05F_script03_2_F027.wav,angry,Ses05,F,3.05
Ses05F_script03_2_F029,/mnt/ddn/kyudan/IEMOCAP/data/Ses05F_script03_2_F029.wav,angry,Ses05,F,1.42
Ses05F_script03_2_F030,/mnt/ddn/kyudan/IEMOCAP/data/Ses05F_script03_2_F030.wav,angry,Ses05,F,3.34
Ses05F_script03_2_F031,/mnt/ddn/kyudan/IEMOCAP/data/Ses05F_script03_2_F031.wav,angry,Ses05,F,2.06
Ses05F_script03_2_F032,/mnt/ddn/kyudan/IEMOCAP/data/Ses05F_script03_2_F032.wav,angry,Ses05,F,2.17
Ses05F_script03_2_F033,/mnt/ddn/kyudan/IEMOCAP/data/Ses05F_script03_2_F033.wav,angry,Ses05,F,5.35
Ses05F_script03_2_F034,/mnt/ddn/kyudan/IEMOCAP/data/Ses05F_script03_2_F034.wav,angry,Ses05,F,2.83
Ses05F_script03_2_F035,/mnt/ddn/kyudan/IEMOCAP/data/Ses05F_script03_2_F035.wav,angry,Ses05,F,4.04
Ses05F_script03_2_F036,/mnt/ddn/kyudan/IEMOCAP/data/Ses05F_script03_2_F036.wav,angry,Ses05,F,2.28
Ses05F_script03_2_F037,/mnt/ddn/kyudan/IEMOCAP/data/Ses05F_script03_2_F037.wav,angry,Ses05,F,1.23
Ses05F_script03_2_F038,/mnt/ddn/kyudan/IEMOCAP/data/Ses05F_script03_2_F038.wav,angry,Ses05,F,6.85
Ses05F_script03_2_F039,/mnt/ddn/kyudan/IEMOCAP/data/Ses05F_script03_2_F039.wav,angry,Ses05,F,6.06
Ses05F_script03_2_F040,/mnt/ddn/kyudan/IEMOCAP/data/Ses05F_script03_2_F040.wav,angry,Ses05,F,7.27
Ses05F_script03_2_F041,/mnt/ddn/kyudan/IEMOCAP/data/Ses05F_script03_2_F041.wav,angry,Ses05,F,3.73
Ses05F_script03_2_M004,/mnt/ddn/kyudan/IEMOCAP/data/Ses05F_script03_2_M004.wav,angry,Ses05,M,3.49
Ses05F_script03_2_M005,/mnt/ddn/kyudan/IEMOCAP/data/Ses05F_script03_2_M005.wav,angry,Ses05,M,2.91
Ses05F_script03_2_M007,/mnt/ddn/kyudan/IEMOCAP/data/Ses05F_script03_2_M007.wav,angry,Ses05,M,1.93
Ses05F_script03_2_M008,/mnt/ddn/kyudan/IEMOCAP/data/Ses05F_script03_2_M008.wav,angry,Ses05,M,2.74
Ses05F_script03_2_M009,/mnt/ddn/kyudan/IEMOCAP/data/Ses05F_script03_2_M009.wav,neutral,Ses05,M,4.75
Ses05F_script03_2_M010,/mnt/ddn/kyudan/IEMOCAP/data/Ses05F_script03_2_M010.wav,neutral,Ses05,M,2.47
Ses05F_script03_2_M013,/mnt/ddn/kyudan/IEMOCAP/data/Ses05F_script03_2_M013.wav,angry,Ses05,M,5.27
Ses05F_script03_2_M014,/mnt/ddn/kyudan/IEMOCAP/data/Ses05F_script03_2_M014.wav,angry,Ses05,M,1.84
Ses05F_script03_2_M016,/mnt/ddn/kyudan/IEMOCAP/data/Ses05F_script03_2_M016.wav,angry,Ses05,M,2.87
Ses05F_script03_2_M019,/mnt/ddn/kyudan/IEMOCAP/data/Ses05F_script03_2_M019.wav,angry,Ses05,M,4.84
Ses05F_script03_2_M022,/mnt/ddn/kyudan/IEMOCAP/data/Ses05F_script03_2_M022.wav,angry,Ses05,M,1.08
Ses05F_script03_2_M024,/mnt/ddn/kyudan/IEMOCAP/data/Ses05F_script03_2_M024.wav,angry,Ses05,M,3.12
Ses05F_script03_2_M025,/mnt/ddn/kyudan/IEMOCAP/data/Ses05F_script03_2_M025.wav,angry,Ses05,M,2.97
Ses05F_script03_2_M026,/mnt/ddn/kyudan/IEMOCAP/data/Ses05F_script03_2_M026.wav,angry,Ses05,M,5.3
Ses05F_script03_2_M037,/mnt/ddn/kyudan/IEMOCAP/data/Ses05F_script03_2_M037.wav,angry,Ses05,M,3.08
Ses05F_script03_2_M038,/mnt/ddn/kyudan/IEMOCAP/data/Ses05F_script03_2_M038.wav,angry,Ses05,M,1.62
Ses05F_script03_2_M039,/mnt/ddn/kyudan/IEMOCAP/data/Ses05F_script03_2_M039.wav,angry,Ses05,M,1.68
Ses05F_script03_2_M040,/mnt/ddn/kyudan/IEMOCAP/data/Ses05F_script03_2_M040.wav,angry,Ses05,M,2.73
Ses05F_script03_2_M041,/mnt/ddn/kyudan/IEMOCAP/data/Ses05F_script03_2_M041.wav,angry,Ses05,M,2.71
Ses05F_script03_2_M042,/mnt/ddn/kyudan/IEMOCAP/data/Ses05F_script03_2_M042.wav,angry,Ses05,M,4.16
Ses05F_script03_2_M043,/mnt/ddn/kyudan/IEMOCAP/data/Ses05F_script03_2_M043.wav,angry,Ses05,M,9.88
Ses05M_impro01_F000,/mnt/ddn/kyudan/IEMOCAP/data/Ses05M_impro01_F000.wav,neutral,Ses05,F,1.608
Ses05M_impro01_F001,/mnt/ddn/kyudan/IEMOCAP/data/Ses05M_impro01_F001.wav,neutral,Ses05,F,9.29
Ses05M_impro01_F002,/mnt/ddn/kyudan/IEMOCAP/data/Ses05M_impro01_F002.wav,neutral,Ses05,F,3.92
Ses05M_impro01_F003,/mnt/ddn/kyudan/IEMOCAP/data/Ses05M_impro01_F003.wav,neutral,Ses05,F,2.8
Ses05M_impro01_F004,/mnt/ddn/kyudan/IEMOCAP/data/Ses05M_impro01_F004.wav,neutral,Ses05,F,7.13
Ses05M_impro01_F006,/mnt/ddn/kyudan/IEMOCAP/data/Ses05M_impro01_F006.wav,neutral,Ses05,F,10.75
Ses05M_impro01_F009,/mnt/ddn/kyudan/IEMOCAP/data/Ses05M_impro01_F009.wav,neutral,Ses05,F,1.39
Ses05M_impro01_F012,/mnt/ddn/kyudan/IEMOCAP/data/Ses05M_impro01_F012.wav,neutral,Ses05,F,3.6
Ses05M_impro01_F021,/mnt/ddn/kyudan/IEMOCAP/data/Ses05M_impro01_F021.wav,angry,Ses05,F,4.49
Ses05M_impro01_F023,/mnt/ddn/kyudan/IEMOCAP/data/Ses05M_impro01_F023.wav,angry,Ses05,F,4.32
Ses05M_impro01_M002,/mnt/ddn/kyudan/IEMOCAP/data/Ses05M_impro01_M002.wav,angry,Ses05,M,1.51
Ses05M_impro01_M003,/mnt/ddn/kyudan/IEMOCAP/data/Ses05M_impro01_M003.wav,angry,Ses05,M,3.71
Ses05M_impro01_M005,/mnt/ddn/kyudan/IEMOCAP/data/Ses05M_impro01_M005.wav,angry,Ses05,M,3.61
Ses05M_impro01_M006,/mnt/ddn/kyudan/IEMOCAP/data/Ses05M_impro01_M006.wav,angry,Ses05,M,1.01
Ses05M_impro01_M007,/mnt/ddn/kyudan/IEMOCAP/data/Ses05M_impro01_M007.wav,angry,Ses05,M,1.06
Ses05M_impro01_M015,/mnt/ddn/kyudan/IEMOCAP/data/Ses05M_impro01_M015.wav,angry,Ses05,M,4.71
Ses05M_impro02_F004,/mnt/ddn/kyudan/IEMOCAP/data/Ses05M_impro02_F004.wav,sad,Ses05,F,2.62
Ses05M_impro02_F005,/mnt/ddn/kyudan/IEMOCAP/data/Ses05M_impro02_F005.wav,sad,Ses05,F,2.33
Ses05M_impro02_F007,/mnt/ddn/kyudan/IEMOCAP/data/Ses05M_impro02_F007.wav,sad,Ses05,F,2.57
Ses05M_impro02_F011,/mnt/ddn/kyudan/IEMOCAP/data/Ses05M_impro02_F011.wav,sad,Ses05,F,1.42
Ses05M_impro02_F012,/mnt/ddn/kyudan/IEMOCAP/data/Ses05M_impro02_F012.wav,neutral,Ses05,F,3.26
Ses05M_impro02_F013,/mnt/ddn/kyudan/IEMOCAP/data/Ses05M_impro02_F013.wav,sad,Ses05,F,2.3
Ses05M_impro02_F014,/mnt/ddn/kyudan/IEMOCAP/data/Ses05M_impro02_F014.wav,sad,Ses05,F,4.39
Ses05M_impro02_F018,/mnt/ddn/kyudan/IEMOCAP/data/Ses05M_impro02_F018.wav,sad,Ses05,F,6.47
Ses05M_impro02_F020,/mnt/ddn/kyudan/IEMOCAP/data/Ses05M_impro02_F020.wav,sad,Ses05,F,2.86
Ses05M_impro02_F021,/mnt/ddn/kyudan/IEMOCAP/data/Ses05M_impro02_F021.wav,sad,Ses05,F,4.31
Ses05M_impro02_F022,/mnt/ddn/kyudan/IEMOCAP/data/Ses05M_impro02_F022.wav,sad,Ses05,F,4.28
Ses05M_impro02_F023,/mnt/ddn/kyudan/IEMOCAP/data/Ses05M_impro02_F023.wav,sad,Ses05,F,1.26
Ses05M_impro02_F024,/mnt/ddn/kyudan/IEMOCAP/data/Ses05M_impro02_F024.wav,sad,Ses05,F,1.42
Ses05M_impro02_M000,/mnt/ddn/kyudan/IEMOCAP/data/Ses05M_impro02_M000.wav,sad,Ses05,M,9.47
Ses05M_impro02_M001,/mnt/ddn/kyudan/IEMOCAP/data/Ses05M_impro02_M001.wav,sad,Ses05,M,5.7
Ses05M_impro02_M002,/mnt/ddn/kyudan/IEMOCAP/data/Ses05M_impro02_M002.wav,sad,Ses05,M,2.83
Ses05M_impro02_M003,/mnt/ddn/kyudan/IEMOCAP/data/Ses05M_impro02_M003.wav,sad,Ses05,M,4.72
Ses05M_impro02_M004,/mnt/ddn/kyudan/IEMOCAP/data/Ses05M_impro02_M004.wav,sad,Ses05,M,2.19
Ses05M_impro02_M005,/mnt/ddn/kyudan/IEMOCAP/data/Ses05M_impro02_M005.wav,sad,Ses05,M,2.24
Ses05M_impro02_M006,/mnt/ddn/kyudan/IEMOCAP/data/Ses05M_impro02_M006.wav,sad,Ses05,M,1.26
Ses05M_impro02_M007,/mnt/ddn/kyudan/IEMOCAP/data/Ses05M_impro02_M007.wav,sad,Ses05,M,4.87
Ses05M_impro02_M009,/mnt/ddn/kyudan/IEMOCAP/data/Ses05M_impro02_M009.wav,sad,Ses05,M,2.19
Ses05M_impro02_M010,/mnt/ddn/kyudan/IEMOCAP/data/Ses05M_impro02_M010.wav,sad,Ses05,M,2.09
Ses05M_impro02_M011,/mnt/ddn/kyudan/IEMOCAP/data/Ses05M_impro02_M011.wav,sad,Ses05,M,8.02
Ses05M_impro02_M012,/mnt/ddn/kyudan/IEMOCAP/data/Ses05M_impro02_M012.wav,sad,Ses05,M,8.67
Ses05M_impro02_M013,/mnt/ddn/kyudan/IEMOCAP/data/Ses05M_impro02_M013.wav,sad,Ses05,M,8.87
Ses05M_impro02_M014,/mnt/ddn/kyudan/IEMOCAP/data/Ses05M_impro02_M014.wav,sad,Ses05,M,1.34
Ses05M_impro02_M015,/mnt/ddn/kyudan/IEMOCAP/data/Ses05M_impro02_M015.wav,sad,Ses05,M,1.47
Ses05M_impro02_M016,/mnt/ddn/kyudan/IEMOCAP/data/Ses05M_impro02_M016.wav,sad,Ses05,M,4.063
Ses05M_impro02_M018,/mnt/ddn/kyudan/IEMOCAP/data/Ses05M_impro02_M018.wav,sad,Ses05,M,8.3
Ses05M_impro02_M019,/mnt/ddn/kyudan/IEMOCAP/data/Ses05M_impro02_M019.wav,sad,Ses05,M,4.41
Ses05M_impro02_M020,/mnt/ddn/kyudan/IEMOCAP/data/Ses05M_impro02_M020.wav,sad,Ses05,M,7.98
Ses05M_impro02_M021,/mnt/ddn/kyudan/IEMOCAP/data/Ses05M_impro02_M021.wav,sad,Ses05,M,3.57
Ses05M_impro02_M022,/mnt/ddn/kyudan/IEMOCAP/data/Ses05M_impro02_M022.wav,sad,Ses05,M,9.55
Ses05M_impro02_M023,/mnt/ddn/kyudan/IEMOCAP/data/Ses05M_impro02_M023.wav,sad,Ses05,M,4.91
Ses05M_impro02_M024,/mnt/ddn/kyudan/IEMOCAP/data/Ses05M_impro02_M024.wav,sad,Ses05,M,3.19
Ses05M_impro02_M025,/mnt/ddn/kyudan/IEMOCAP/data/Ses05M_impro02_M025.wav,sad,Ses05,M,9.38
Ses05M_impro02_M026,/mnt/ddn/kyudan/IEMOCAP/data/Ses05M_impro02_M026.wav,sad,Ses05,M,5.25
Ses05M_impro02_M027,/mnt/ddn/kyudan/IEMOCAP/data/Ses05M_impro02_M027.wav,sad,Ses05,M,1.92
Ses05M_impro02_M028,/mnt/ddn/kyudan/IEMOCAP/data/Ses05M_impro02_M028.wav,sad,Ses05,M,10.81
Ses05M_impro02_M029,/mnt/ddn/kyudan/IEMOCAP/data/Ses05M_impro02_M029.wav,sad,Ses05,M,2.29
Ses05M_impro02_M030,/mnt/ddn/kyudan/IEMOCAP/data/Ses05M_impro02_M030.wav,happy,Ses05,M,4.97
Ses05M_impro02_M031,/mnt/ddn/kyudan/IEMOCAP/data/Ses05M_impro02_M031.wav,sad,Ses05,M,4.69
Ses05M_impro02_M032,/mnt/ddn/kyudan/IEMOCAP/data/Ses05M_impro02_M032.wav,sad,Ses05,M,4.13
Ses05M_impro03_F000,/mnt/ddn/kyudan/IEMOCAP/data/Ses05M_impro03_F000.wav,neutral,Ses05,F,1.44
Ses05M_impro03_F002,/mnt/ddn/kyudan/IEMOCAP/data/Ses05M_impro03_F002.wav,happy,Ses05,F,1.02
Ses05M_impro03_F003,/mnt/ddn/kyudan/IEMOCAP/data/Ses05M_impro03_F003.wav,happy,Ses05,F,3.45
Ses05M_impro03_F004,/mnt/ddn/kyudan/IEMOCAP/data/Ses05M_impro03_F004.wav,happy,Ses05,F,2.75
Ses05M_impro03_F005,/mnt/ddn/kyudan/IEMOCAP/data/Ses05M_impro03_F005.wav,happy,Ses05,F,1.95
Ses05M_impro03_F006,/mnt/ddn/kyudan/IEMOCAP/data/Ses05M_impro03_F006.wav,neutral,Ses05,F,1.38
Ses05M_impro03_F007,/mnt/ddn/kyudan/IEMOCAP/data/Ses05M_impro03_F007.wav,happy,Ses05,F,4.24
Ses05M_impro03_F008,/mnt/ddn/kyudan/IEMOCAP/data/Ses05M_impro03_F008.wav,happy,Ses05,F,2.19
Ses05M_impro03_F009,/mnt/ddn/kyudan/IEMOCAP/data/Ses05M_impro03_F009.wav,happy,Ses05,F,2.5
Ses05M_impro03_F010,/mnt/ddn/kyudan/IEMOCAP/data/Ses05M_impro03_F010.wav,happy,Ses05,F,1.31
Ses05M_impro03_F011,/mnt/ddn/kyudan/IEMOCAP/data/Ses05M_impro03_F011.wav,happy,Ses05,F,3.83
Ses05M_impro03_F012,/mnt/ddn/kyudan/IEMOCAP/data/Ses05M_impro03_F012.wav,happy,Ses05,F,3.64
Ses05M_impro03_F013,/mnt/ddn/kyudan/IEMOCAP/data/Ses05M_impro03_F013.wav,happy,Ses05,F,2.18
Ses05M_impro03_F014,/mnt/ddn/kyudan/IEMOCAP/data/Ses05M_impro03_F014.wav,happy,Ses05,F,2.58
Ses05M_impro03_F015,/mnt/ddn/kyudan/IEMOCAP/data/Ses05M_impro03_F015.wav,happy,Ses05,F,1.81
Ses05M_impro03_F016,/mnt/ddn/kyudan/IEMOCAP/data/Ses05M_impro03_F016.wav,happy,Ses05,F,1.84
Ses05M_impro03_F017,/mnt/ddn/kyudan/IEMOCAP/data/Ses05M_impro03_F017.wav,happy,Ses05,F,3.06
Ses05M_impro03_F018,/mnt/ddn/kyudan/IEMOCAP/data/Ses05M_impro03_F018.wav,happy,Ses05,F,1.15
Ses05M_impro03_F019,/mnt/ddn/kyudan/IEMOCAP/data/Ses05M_impro03_F019.wav,happy,Ses05,F,2.97
Ses05M_impro03_F020,/mnt/ddn/kyudan/IEMOCAP/data/Ses05M_impro03_F020.wav,happy,Ses05,F,1.16
Ses05M_impro03_F021,/mnt/ddn/kyudan/IEMOCAP/data/Ses05M_impro03_F021.wav,happy,Ses05,F,4.226
Ses05M_impro03_F022,/mnt/ddn/kyudan/IEMOCAP/data/Ses05M_impro03_F022.wav,happy,Ses05,F,2.23
Ses05M_impro03_F023,/mnt/ddn/kyudan/IEMOCAP/data/Ses05M_impro03_F023.wav,happy,Ses05,F,1.96
Ses05M_impro03_F024,/mnt/ddn/kyudan/IEMOCAP/data/Ses05M_impro03_F024.wav,happy,Ses05,F,1.32
Ses05M_impro03_F025,/mnt/ddn/kyudan/IEMOCAP/data/Ses05M_impro03_F025.wav,happy,Ses05,F,2.35
Ses05M_impro03_F026,/mnt/ddn/kyudan/IEMOCAP/data/Ses05M_impro03_F026.wav,neutral,Ses05,F,2.06
Ses05M_impro03_F027,/mnt/ddn/kyudan/IEMOCAP/data/Ses05M_impro03_F027.wav,neutral,Ses05,F,3.73
Ses05M_impro03_F028,/mnt/ddn/kyudan/IEMOCAP/data/Ses05M_impro03_F028.wav,happy,Ses05,F,2.43
Ses05M_impro03_F029,/mnt/ddn/kyudan/IEMOCAP/data/Ses05M_impro03_F029.wav,happy,Ses05,F,2.02
Ses05M_impro03_F030,/mnt/ddn/kyudan/IEMOCAP/data/Ses05M_impro03_F030.wav,neutral,Ses05,F,1.62
Ses05M_impro03_F031,/mnt/ddn/kyudan/IEMOCAP/data/Ses05M_impro03_F031.wav,happy,Ses05,F,3.11
Ses05M_impro03_M000,/mnt/ddn/kyudan/IEMOCAP/data/Ses05M_impro03_M000.wav,happy,Ses05,M,1.95
Ses05M_impro03_M001,/mnt/ddn/kyudan/IEMOCAP/data/Ses05M_impro03_M001.wav,happy,Ses05,M,3.33
Ses05M_impro03_M002,/mnt/ddn/kyudan/IEMOCAP/data/Ses05M_impro03_M002.wav,happy,Ses05,M,2.12
Ses05M_impro03_M003,/mnt/ddn/kyudan/IEMOCAP/data/Ses05M_impro03_M003.wav,happy,Ses05,M,2.58
Ses05M_impro03_M004,/mnt/ddn/kyudan/IEMOCAP/data/Ses05M_impro03_M004.wav,happy,Ses05,M,7.07
Ses05M_impro03_M005,/mnt/ddn/kyudan/IEMOCAP/data/Ses05M_impro03_M005.wav,happy,Ses05,M,6.46
Ses05M_impro03_M006,/mnt/ddn/kyudan/IEMOCAP/data/Ses05M_impro03_M006.wav,happy,Ses05,M,12.47
Ses05M_impro03_M007,/mnt/ddn/kyudan/IEMOCAP/data/Ses05M_impro03_M007.wav,happy,Ses05,M,10.6
Ses05M_impro03_M008,/mnt/ddn/kyudan/IEMOCAP/data/Ses05M_impro03_M008.wav,happy,Ses05,M,10.44
Ses05M_impro03_M009,/mnt/ddn/kyudan/IEMOCAP/data/Ses05M_impro03_M009.wav,happy,Ses05,M,13.2
Ses05M_impro03_M010,/mnt/ddn/kyudan/IEMOCAP/data/Ses05M_impro03_M010.wav,happy,Ses05,M,11.157
Ses05M_impro03_M011,/mnt/ddn/kyudan/IEMOCAP/data/Ses05M_impro03_M011.wav,happy,Ses05,M,13.753
Ses05M_impro03_M012,/mnt/ddn/kyudan/IEMOCAP/data/Ses05M_impro03_M012.wav,happy,Ses05,M,7.27
Ses05M_impro03_M013,/mnt/ddn/kyudan/IEMOCAP/data/Ses05M_impro03_M013.wav,happy,Ses05,M,3.51
Ses05M_impro03_M014,/mnt/ddn/kyudan/IEMOCAP/data/Ses05M_impro03_M014.wav,happy,Ses05,M,6.63
Ses05M_impro03_M015,/mnt/ddn/kyudan/IEMOCAP/data/Ses05M_impro03_M015.wav,happy,Ses05,M,4.59
Ses05M_impro03_M016,/mnt/ddn/kyudan/IEMOCAP/data/Ses05M_impro03_M016.wav,happy,Ses05,M,12.8
Ses05M_impro03_M017,/mnt/ddn/kyudan/IEMOCAP/data/Ses05M_impro03_M017.wav,happy,Ses05,M,4.58
Ses05M_impro03_M018,/mnt/ddn/kyudan/IEMOCAP/data/Ses05M_impro03_M018.wav,happy,Ses05,M,6.74
Ses05M_impro03_M019,/mnt/ddn/kyudan/IEMOCAP/data/Ses05M_impro03_M019.wav,neutral,Ses05,M,2.7
Ses05M_impro03_M020,/mnt/ddn/kyudan/IEMOCAP/data/Ses05M_impro03_M020.wav,happy,Ses05,M,2.5
Ses05M_impro03_M021,/mnt/ddn/kyudan/IEMOCAP/data/Ses05M_impro03_M021.wav,happy,Ses05,M,1.12
Ses05M_impro03_M022,/mnt/ddn/kyudan/IEMOCAP/data/Ses05M_impro03_M022.wav,happy,Ses05,M,4.39
Ses05M_impro03_M023,/mnt/ddn/kyudan/IEMOCAP/data/Ses05M_impro03_M023.wav,happy,Ses05,M,1.6
Ses05M_impro03_M024,/mnt/ddn/kyudan/IEMOCAP/data/Ses05M_impro03_M024.wav,happy,Ses05,M,3.64
Ses05M_impro03_M025,/mnt/ddn/kyudan/IEMOCAP/data/Ses05M_impro03_M025.wav,happy,Ses05,M,8.19
Ses05M_impro03_M026,/mnt/ddn/kyudan/IEMOCAP/data/Ses05M_impro03_M026.wav,happy,Ses05,M,3.14
Ses05M_impro03_M027,/mnt/ddn/kyudan/IEMOCAP/data/Ses05M_impro03_M027.wav,happy,Ses05,M,2.88
Ses05M_impro03_M028,/mnt/ddn/kyudan/IEMOCAP/data/Ses05M_impro03_M028.wav,happy,Ses05,M,6.25
Ses05M_impro03_M029,/mnt/ddn/kyudan/IEMOCAP/data/Ses05M_impro03_M029.wav,happy,Ses05,M,6.99
Ses05M_impro03_M030,/mnt/ddn/kyudan/IEMOCAP/data/Ses05M_impro03_M030.wav,happy,Ses05,M,7.38
Ses05M_impro03_M031,/mnt/ddn/kyudan/IEMOCAP/data/Ses05M_impro03_M031.wav,happy,Ses05,M,4.71
Ses05M_impro03_M032,/mnt/ddn/kyudan/IEMOCAP/data/Ses05M_impro03_M032.wav,happy,Ses05,M,3.86
Ses05M_impro03_M033,/mnt/ddn/kyudan/IEMOCAP/data/Ses05M_impro03_M033.wav,happy,Ses05,M,2.15
Ses05M_impro04_F001,/mnt/ddn/kyudan/IEMOCAP/data/Ses05M_impro04_F001.wav,neutral,Ses05,F,2.35
Ses05M_impro04_F002,/mnt/ddn/kyudan/IEMOCAP/data/Ses05M_impro04_F002.wav,neutral,Ses05,F,1.47
Ses05M_impro04_F003,/mnt/ddn/kyudan/IEMOCAP/data/Ses05M_impro04_F003.wav,neutral,Ses05,F,2.25
Ses05M_impro04_F004,/mnt/ddn/kyudan/IEMOCAP/data/Ses05M_impro04_F004.wav,neutral,Ses05,F,1.29
Ses05M_impro04_F005,/mnt/ddn/kyudan/IEMOCAP/data/Ses05M_impro04_F005.wav,neutral,Ses05,F,9.22
Ses05M_impro04_F006,/mnt/ddn/kyudan/IEMOCAP/data/Ses05M_impro04_F006.wav,neutral,Ses05,F,6.59
Ses05M_impro04_F007,/mnt/ddn/kyudan/IEMOCAP/data/Ses05M_impro04_F007.wav,neutral,Ses05,F,1.7
Ses05M_impro04_F008,/mnt/ddn/kyudan/IEMOCAP/data/Ses05M_impro04_F008.wav,neutral,Ses05,F,8.09
Ses05M_impro04_F009,/mnt/ddn/kyudan/IEMOCAP/data/Ses05M_impro04_F009.wav,neutral,Ses05,F,4.34
Ses05M_impro04_F010,/mnt/ddn/kyudan/IEMOCAP/data/Ses05M_impro04_F010.wav,neutral,Ses05,F,2.78
Ses05M_impro04_F011,/mnt/ddn/kyudan/IEMOCAP/data/Ses05M_impro04_F011.wav,neutral,Ses05,F,4.5
Ses05M_impro04_F012,/mnt/ddn/kyudan/IEMOCAP/data/Ses05M_impro04_F012.wav,neutral,Ses05,F,4.6
Ses05M_impro04_F013,/mnt/ddn/kyudan/IEMOCAP/data/Ses05M_impro04_F013.wav,neutral,Ses05,F,1.63
Ses05M_impro04_F014,/mnt/ddn/kyudan/IEMOCAP/data/Ses05M_impro04_F014.wav,neutral,Ses05,F,6.05
Ses05M_impro04_F015,/mnt/ddn/kyudan/IEMOCAP/data/Ses05M_impro04_F015.wav,neutral,Ses05,F,2.65
Ses05M_impro04_F016,/mnt/ddn/kyudan/IEMOCAP/data/Ses05M_impro04_F016.wav,neutral,Ses05,F,1.91
Ses05M_impro04_F017,/mnt/ddn/kyudan/IEMOCAP/data/Ses05M_impro04_F017.wav,neutral,Ses05,F,3.62
Ses05M_impro04_F018,/mnt/ddn/kyudan/IEMOCAP/data/Ses05M_impro04_F018.wav,neutral,Ses05,F,1.22
Ses05M_impro04_F019,/mnt/ddn/kyudan/IEMOCAP/data/Ses05M_impro04_F019.wav,neutral,Ses05,F,1.66
Ses05M_impro04_F020,/mnt/ddn/kyudan/IEMOCAP/data/Ses05M_impro04_F020.wav,neutral,Ses05,F,2.34
Ses05M_impro04_F021,/mnt/ddn/kyudan/IEMOCAP/data/Ses05M_impro04_F021.wav,neutral,Ses05,F,1.38
Ses05M_impro04_F022,/mnt/ddn/kyudan/IEMOCAP/data/Ses05M_impro04_F022.wav,neutral,Ses05,F,2.34
Ses05M_impro04_F023,/mnt/ddn/kyudan/IEMOCAP/data/Ses05M_impro04_F023.wav,neutral,Ses05,F,1.37
Ses05M_impro04_F024,/mnt/ddn/kyudan/IEMOCAP/data/Ses05M_impro04_F024.wav,neutral,Ses05,F,1.45
Ses05M_impro04_F026,/mnt/ddn/kyudan/IEMOCAP/data/Ses05M_impro04_F026.wav,neutral,Ses05,F,7.08
Ses05M_impro04_F027,/mnt/ddn/kyudan/IEMOCAP/data/Ses05M_impro04_F027.wav,neutral,Ses05,F,5.2
Ses05M_impro04_F028,/mnt/ddn/kyudan/IEMOCAP/data/Ses05M_impro04_F028.wav,neutral,Ses05,F,3.67
Ses05M_impro04_F029,/mnt/ddn/kyudan/IEMOCAP/data/Ses05M_impro04_F029.wav,neutral,Ses05,F,2.29
Ses05M_impro04_F030,/mnt/ddn/kyudan/IEMOCAP/data/Ses05M_impro04_F030.wav,neutral,Ses05,F,3.62
Ses05M_impro04_F031,/mnt/ddn/kyudan/IEMOCAP/data/Ses05M_impro04_F031.wav,neutral,Ses05,F,1.78
Ses05M_impro04_F032,/mnt/ddn/kyudan/IEMOCAP/data/Ses05M_impro04_F032.wav,neutral,Ses05,F,4.8
Ses05M_impro04_F034,/mnt/ddn/kyudan/IEMOCAP/data/Ses05M_impro04_F034.wav,neutral,Ses05,F,3.06
Ses05M_impro04_F035,/mnt/ddn/kyudan/IEMOCAP/data/Ses05M_impro04_F035.wav,neutral,Ses05,F,8.21
Ses05M_impro04_F036,/mnt/ddn/kyudan/IEMOCAP/data/Ses05M_impro04_F036.wav,neutral,Ses05,F,8.48
Ses05M_impro04_F037,/mnt/ddn/kyudan/IEMOCAP/data/Ses05M_impro04_F037.wav,neutral,Ses05,F,3.27
Ses05M_impro04_M008,/mnt/ddn/kyudan/IEMOCAP/data/Ses05M_impro04_M008.wav,neutral,Ses05,M,3.41
Ses05M_impro04_M009,/mnt/ddn/kyudan/IEMOCAP/data/Ses05M_impro04_M009.wav,neutral,Ses05,M,0.91
Ses05M_impro04_M010,/mnt/ddn/kyudan/IEMOCAP/data/Ses05M_impro04_M010.wav,neutral,Ses05,M,0.99
Ses05M_impro04_M018,/mnt/ddn/kyudan/IEMOCAP/data/Ses05M_impro04_M018.wav,angry,Ses05,M,5.52
Ses05M_impro04_M019,/mnt/ddn/kyudan/IEMOCAP/data/Ses05M_impro04_M019.wav,angry,Ses05,M,1.67
Ses05M_impro04_M020,/mnt/ddn/kyudan/IEMOCAP/data/Ses05M_impro04_M020.wav,angry,Ses05,M,6.84
Ses05M_impro04_M021,/mnt/ddn/kyudan/IEMOCAP/data/Ses05M_impro04_M021.wav,angry,Ses05,M,6.25
Ses05M_impro04_M040,/mnt/ddn/kyudan/IEMOCAP/data/Ses05M_impro04_M040.wav,angry,Ses05,M,2.59
Ses05M_impro04_M041,/mnt/ddn/kyudan/IEMOCAP/data/Ses05M_impro04_M041.wav,sad,Ses05,M,2.09
Ses05M_impro05_F000,/mnt/ddn/kyudan/IEMOCAP/data/Ses05M_impro05_F000.wav,neutral,Ses05,F,1.56
Ses05M_impro05_F001,/mnt/ddn/kyudan/IEMOCAP/data/Ses05M_impro05_F001.wav,neutral,Ses05,F,1.78
Ses05M_impro05_F002,/mnt/ddn/kyudan/IEMOCAP/data/Ses05M_impro05_F002.wav,neutral,Ses05,F,1.37
Ses05M_impro05_F003,/mnt/ddn/kyudan/IEMOCAP/data/Ses05M_impro05_F003.wav,neutral,Ses05,F,4.3
Ses05M_impro05_F004,/mnt/ddn/kyudan/IEMOCAP/data/Ses05M_impro05_F004.wav,neutral,Ses05,F,3.03
Ses05M_impro05_F005,/mnt/ddn/kyudan/IEMOCAP/data/Ses05M_impro05_F005.wav,neutral,Ses05,F,7.35
Ses05M_impro05_F006,/mnt/ddn/kyudan/IEMOCAP/data/Ses05M_impro05_F006.wav,neutral,Ses05,F,5.43
Ses05M_impro05_F007,/mnt/ddn/kyudan/IEMOCAP/data/Ses05M_impro05_F007.wav,neutral,Ses05,F,1.19
Ses05M_impro05_F008,/mnt/ddn/kyudan/IEMOCAP/data/Ses05M_impro05_F008.wav,neutral,Ses05,F,1.24
Ses05M_impro05_F009,/mnt/ddn/kyudan/IEMOCAP/data/Ses05M_impro05_F009.wav,neutral,Ses05,F,4.02
Ses05M_impro05_F010,/mnt/ddn/kyudan/IEMOCAP/data/Ses05M_impro05_F010.wav,neutral,Ses05,F,4.07
Ses05M_impro05_F011,/mnt/ddn/kyudan/IEMOCAP/data/Ses05M_impro05_F011.wav,neutral,Ses05,F,2.9
Ses05M_impro05_F012,/mnt/ddn/kyudan/IEMOCAP/data/Ses05M_impro05_F012.wav,neutral,Ses05,F,1.84
Ses05M_impro05_F013,/mnt/ddn/kyudan/IEMOCAP/data/Ses05M_impro05_F013.wav,neutral,Ses05,F,6.8
Ses05M_impro05_F014,/mnt/ddn/kyudan/IEMOCAP/data/Ses05M_impro05_F014.wav,neutral,Ses05,F,8.39
Ses05M_impro05_F015,/mnt/ddn/kyudan/IEMOCAP/data/Ses05M_impro05_F015.wav,neutral,Ses05,F,1.66
Ses05M_impro05_F016,/mnt/ddn/kyudan/IEMOCAP/data/Ses05M_impro05_F016.wav,neutral,Ses05,F,5.9
Ses05M_impro05_F017,/mnt/ddn/kyudan/IEMOCAP/data/Ses05M_impro05_F017.wav,neutral,Ses05,F,5.79
Ses05M_impro05_F018,/mnt/ddn/kyudan/IEMOCAP/data/Ses05M_impro05_F018.wav,neutral,Ses05,F,3.4
Ses05M_impro05_F019,/mnt/ddn/kyudan/IEMOCAP/data/Ses05M_impro05_F019.wav,neutral,Ses05,F,2.8
Ses05M_impro05_F020,/mnt/ddn/kyudan/IEMOCAP/data/Ses05M_impro05_F020.wav,neutral,Ses05,F,3.71
Ses05M_impro05_F021,/mnt/ddn/kyudan/IEMOCAP/data/Ses05M_impro05_F021.wav,neutral,Ses05,F,1.41
Ses05M_impro05_M000,/mnt/ddn/kyudan/IEMOCAP/data/Ses05M_impro05_M000.wav,neutral,Ses05,M,5.56
Ses05M_impro05_M001,/mnt/ddn/kyudan/IEMOCAP/data/Ses05M_impro05_M001.wav,neutral,Ses05,M,2.73
Ses05M_impro05_M002,/mnt/ddn/kyudan/IEMOCAP/data/Ses05M_impro05_M002.wav,neutral,Ses05,M,6.75
Ses05M_impro05_M003,/mnt/ddn/kyudan/IEMOCAP/data/Ses05M_impro05_M003.wav,neutral,Ses05,M,2.9
Ses05M_impro05_M004,/mnt/ddn/kyudan/IEMOCAP/data/Ses05M_impro05_M004.wav,neutral,Ses05,M,4.17
Ses05M_impro05_M005,/mnt/ddn/kyudan/IEMOCAP/data/Ses05M_impro05_M005.wav,neutral,Ses05,M,2.95
Ses05M_impro05_M006,/mnt/ddn/kyudan/IEMOCAP/data/Ses05M_impro05_M006.wav,neutral,Ses05,M,2.17
Ses05M_impro05_M007,/mnt/ddn/kyudan/IEMOCAP/data/Ses05M_impro05_M007.wav,neutral,Ses05,M,1.37
Ses05M_impro05_M009,/mnt/ddn/kyudan/IEMOCAP/data/Ses05M_impro05_M009.wav,neutral,Ses05,M,5.57
Ses05M_impro05_M010,/mnt/ddn/kyudan/IEMOCAP/data/Ses05M_impro05_M010.wav,neutral,Ses05,M,4.42
Ses05M_impro05_M022,/mnt/ddn/kyudan/IEMOCAP/data/Ses05M_impro05_M022.wav,neutral,Ses05,M,1.2
Ses05M_impro06_F000,/mnt/ddn/kyudan/IEMOCAP/data/Ses05M_impro06_F000.wav,sad,Ses05,F,2.9
Ses05M_impro06_F001,/mnt/ddn/kyudan/IEMOCAP/data/Ses05M_impro06_F001.wav,sad,Ses05,F,1.93
Ses05M_impro06_F002,/mnt/ddn/kyudan/IEMOCAP/data/Ses05M_impro06_F002.wav,sad,Ses05,F,2.64
Ses05M_impro06_F003,/mnt/ddn/kyudan/IEMOCAP/data/Ses05M_impro06_F003.wav,sad,Ses05,F,1.71
Ses05M_impro06_F004,/mnt/ddn/kyudan/IEMOCAP/data/Ses05M_impro06_F004.wav,sad,Ses05,F,1.69
Ses05M_impro06_F005,/mnt/ddn/kyudan/IEMOCAP/data/Ses05M_impro06_F005.wav,sad,Ses05,F,2.02
Ses05M_impro06_F006,/mnt/ddn/kyudan/IEMOCAP/data/Ses05M_impro06_F006.wav,sad,Ses05,F,2.12
Ses05M_impro06_F007,/mnt/ddn/kyudan/IEMOCAP/data/Ses05M_impro06_F007.wav,sad,Ses05,F,1.98
Ses05M_impro06_F008,/mnt/ddn/kyudan/IEMOCAP/data/Ses05M_impro06_F008.wav,sad,Ses05,F,7.111
Ses05M_impro06_F009,/mnt/ddn/kyudan/IEMOCAP/data/Ses05M_impro06_F009.wav,sad,Ses05,F,4.48
Ses05M_impro06_F010,/mnt/ddn/kyudan/IEMOCAP/data/Ses05M_impro06_F010.wav,sad,Ses05,F,3.13
Ses05M_impro06_M000,/mnt/ddn/kyudan/IEMOCAP/data/Ses05M_impro06_M000.wav,sad,Ses05,M,3.96
Ses05M_impro06_M001,/mnt/ddn/kyudan/IEMOCAP/data/Ses05M_impro06_M001.wav,sad,Ses05,M,5.62
Ses05M_impro06_M002,/mnt/ddn/kyudan/IEMOCAP/data/Ses05M_impro06_M002.wav,sad,Ses05,M,6.21
Ses05M_impro06_M003,/mnt/ddn/kyudan/IEMOCAP/data/Ses05M_impro06_M003.wav,sad,Ses05,M,10.74
Ses05M_impro06_M004,/mnt/ddn/kyudan/IEMOCAP/data/Ses05M_impro06_M004.wav,sad,Ses05,M,13.37
Ses05M_impro06_M005,/mnt/ddn/kyudan/IEMOCAP/data/Ses05M_impro06_M005.wav,sad,Ses05,M,6.99
Ses05M_impro06_M006,/mnt/ddn/kyudan/IEMOCAP/data/Ses05M_impro06_M006.wav,sad,Ses05,M,9.87
Ses05M_impro06_M007,/mnt/ddn/kyudan/IEMOCAP/data/Ses05M_impro06_M007.wav,sad,Ses05,M,5.93
Ses05M_impro06_M008,/mnt/ddn/kyudan/IEMOCAP/data/Ses05M_impro06_M008.wav,sad,Ses05,M,8.44
Ses05M_impro06_M009,/mnt/ddn/kyudan/IEMOCAP/data/Ses05M_impro06_M009.wav,sad,Ses05,M,7.63
Ses05M_impro06_M010,/mnt/ddn/kyudan/IEMOCAP/data/Ses05M_impro06_M010.wav,sad,Ses05,M,13.74
Ses05M_impro06_M011,/mnt/ddn/kyudan/IEMOCAP/data/Ses05M_impro06_M011.wav,sad,Ses05,M,12.43
Ses05M_impro06_M012,/mnt/ddn/kyudan/IEMOCAP/data/Ses05M_impro06_M012.wav,sad,Ses05,M,6.96
Ses05M_impro06_M013,/mnt/ddn/kyudan/IEMOCAP/data/Ses05M_impro06_M013.wav,sad,Ses05,M,10.08
Ses05M_impro06_M014,/mnt/ddn/kyudan/IEMOCAP/data/Ses05M_impro06_M014.wav,sad,Ses05,M,7.545
Ses05M_impro06_M015,/mnt/ddn/kyudan/IEMOCAP/data/Ses05M_impro06_M015.wav,angry,Ses05,M,9.425
Ses05M_impro06_M017,/mnt/ddn/kyudan/IEMOCAP/data/Ses05M_impro06_M017.wav,sad,Ses05,M,3.43
Ses05M_impro06_M018,/mnt/ddn/kyudan/IEMOCAP/data/Ses05M_impro06_M018.wav,sad,Ses05,M,10.7
Ses05M_impro06_M019,/mnt/ddn/kyudan/IEMOCAP/data/Ses05M_impro06_M019.wav,sad,Ses05,M,2.55
Ses05M_impro06_M020,/mnt/ddn/kyudan/IEMOCAP/data/Ses05M_impro06_M020.wav,sad,Ses05,M,2.14
Ses05M_impro07_F000,/mnt/ddn/kyudan/IEMOCAP/data/Ses05M_impro07_F000.wav,happy,Ses05,F,1.22
Ses05M_impro07_F001,/mnt/ddn/kyudan/IEMOCAP/data/Ses05M_impro07_F001.wav,happy,Ses05,F,1.36
Ses05M_impro07_F002,/mnt/ddn/kyudan/IEMOCAP/data/Ses05M_impro07_F002.wav,happy,Ses05,F,1.52
Ses05M_impro07_F003,/mnt/ddn/kyudan/IEMOCAP/data/Ses05M_impro07_F003.wav,happy,Ses05,F,2.25
Ses05M_impro07_F004,/mnt/ddn/kyudan/IEMOCAP/data/Ses05M_impro07_F004.wav,happy,Ses05,F,1.8
Ses05M_impro07_F005,/mnt/ddn/kyudan/IEMOCAP/data/Ses05M_impro07_F005.wav,happy,Ses05,F,2.6
Ses05M_impro07_F006,/mnt/ddn/kyudan/IEMOCAP/data/Ses05M_impro07_F006.wav,happy,Ses05,F,1.83
Ses05M_impro07_F007,/mnt/ddn/kyudan/IEMOCAP/data/Ses05M_impro07_F007.wav,happy,Ses05,F,2.59
Ses05M_impro07_F008,/mnt/ddn/kyudan/IEMOCAP/data/Ses05M_impro07_F008.wav,happy,Ses05,F,1.74
Ses05M_impro07_F009,/mnt/ddn/kyudan/IEMOCAP/data/Ses05M_impro07_F009.wav,happy,Ses05,F,1.96
Ses05M_impro07_F010,/mnt/ddn/kyudan/IEMOCAP/data/Ses05M_impro07_F010.wav,neutral,Ses05,F,1.23
Ses05M_impro07_F011,/mnt/ddn/kyudan/IEMOCAP/data/Ses05M_impro07_F011.wav,happy,Ses05,F,3.43
Ses05M_impro07_F012,/mnt/ddn/kyudan/IEMOCAP/data/Ses05M_impro07_F012.wav,happy,Ses05,F,4.83
Ses05M_impro07_F013,/mnt/ddn/kyudan/IEMOCAP/data/Ses05M_impro07_F013.wav,happy,Ses05,F,4.61
Ses05M_impro07_F014,/mnt/ddn/kyudan/IEMOCAP/data/Ses05M_impro07_F014.wav,happy,Ses05,F,5.93
Ses05M_impro07_F015,/mnt/ddn/kyudan/IEMOCAP/data/Ses05M_impro07_F015.wav,happy,Ses05,F,2.9
Ses05M_impro07_F016,/mnt/ddn/kyudan/IEMOCAP/data/Ses05M_impro07_F016.wav,neutral,Ses05,F,1.28
Ses05M_impro07_F017,/mnt/ddn/kyudan/IEMOCAP/data/Ses05M_impro07_F017.wav,neutral,Ses05,F,1.41
Ses05M_impro07_F018,/mnt/ddn/kyudan/IEMOCAP/data/Ses05M_impro07_F018.wav,neutral,Ses05,F,2.11
Ses05M_impro07_F019,/mnt/ddn/kyudan/IEMOCAP/data/Ses05M_impro07_F019.wav,neutral,Ses05,F,1.07
Ses05M_impro07_F020,/mnt/ddn/kyudan/IEMOCAP/data/Ses05M_impro07_F020.wav,neutral,Ses05,F,8.69
Ses05M_impro07_F021,/mnt/ddn/kyudan/IEMOCAP/data/Ses05M_impro07_F021.wav,happy,Ses05,F,1.89
Ses05M_impro07_F022,/mnt/ddn/kyudan/IEMOCAP/data/Ses05M_impro07_F022.wav,happy,Ses05,F,2.86
Ses05M_impro07_F023,/mnt/ddn/kyudan/IEMOCAP/data/Ses05M_impro07_F023.wav,happy,Ses05,F,2.68
Ses05M_impro07_F024,/mnt/ddn/kyudan/IEMOCAP/data/Ses05M_impro07_F024.wav,neutral,Ses05,F,1.42
Ses05M_impro07_F025,/mnt/ddn/kyudan/IEMOCAP/data/Ses05M_impro07_F025.wav,neutral,Ses05,F,1.73
Ses05M_impro07_F026,/mnt/ddn/kyudan/IEMOCAP/data/Ses05M_impro07_F026.wav,neutral,Ses05,F,4.82
Ses05M_impro07_F027,/mnt/ddn/kyudan/IEMOCAP/data/Ses05M_impro07_F027.wav,neutral,Ses05,F,2.9
Ses05M_impro07_F028,/mnt/ddn/kyudan/IEMOCAP/data/Ses05M_impro07_F028.wav,neutral,Ses05,F,1.32
Ses05M_impro07_F029,/mnt/ddn/kyudan/IEMOCAP/data/Ses05M_impro07_F029.wav,neutral,Ses05,F,3.13
Ses05M_impro07_F030,/mnt/ddn/kyudan/IEMOCAP/data/Ses05M_impro07_F030.wav,neutral,Ses05,F,0.89
Ses05M_impro07_F031,/mnt/ddn/kyudan/IEMOCAP/data/Ses05M_impro07_F031.wav,happy,Ses05,F,8.21
Ses05M_impro07_F032,/mnt/ddn/kyudan/IEMOCAP/data/Ses05M_impro07_F032.wav,neutral,Ses05,F,1.08
Ses05M_impro07_F033,/mnt/ddn/kyudan/IEMOCAP/data/Ses05M_impro07_F033.wav,neutral,Ses05,F,1.33
Ses05M_impro07_F034,/mnt/ddn/kyudan/IEMOCAP/data/Ses05M_impro07_F034.wav,happy,Ses05,F,3.12
Ses05M_impro07_F035,/mnt/ddn/kyudan/IEMOCAP/data/Ses05M_impro07_F035.wav,happy,Ses05,F,2.34
Ses05M_impro07_F036,/mnt/ddn/kyudan/IEMOCAP/data/Ses05M_impro07_F036.wav,happy,Ses05,F,1.65
Ses05M_impro07_F037,/mnt/ddn/kyudan/IEMOCAP/data/Ses05M_impro07_F037.wav,happy,Ses05,F,1.2
Ses05M_impro07_F038,/mnt/ddn/kyudan/IEMOCAP/data/Ses05M_impro07_F038.wav,neutral,Ses05,F,1.41
Ses05M_impro07_F039,/mnt/ddn/kyudan/IEMOCAP/data/Ses05M_impro07_F039.wav,happy,Ses05,F,1.45
Ses05M_impro07_F040,/mnt/ddn/kyudan/IEMOCAP/data/Ses05M_impro07_F040.wav,neutral,Ses05,F,1.53
Ses05M_impro07_F041,/mnt/ddn/kyudan/IEMOCAP/data/Ses05M_impro07_F041.wav,happy,Ses05,F,2.21
Ses05M_impro07_F042,/mnt/ddn/kyudan/IEMOCAP/data/Ses05M_impro07_F042.wav,happy,Ses05,F,4.98
Ses05M_impro07_F043,/mnt/ddn/kyudan/IEMOCAP/data/Ses05M_impro07_F043.wav,happy,Ses05,F,1.55
Ses05M_impro07_F044,/mnt/ddn/kyudan/IEMOCAP/data/Ses05M_impro07_F044.wav,happy,Ses05,F,3.82
Ses05M_impro07_F045,/mnt/ddn/kyudan/IEMOCAP/data/Ses05M_impro07_F045.wav,happy,Ses05,F,2.57
Ses05M_impro07_F046,/mnt/ddn/kyudan/IEMOCAP/data/Ses05M_impro07_F046.wav,happy,Ses05,F,1.66
Ses05M_impro07_M000,/mnt/ddn/kyudan/IEMOCAP/data/Ses05M_impro07_M000.wav,happy,Ses05,M,2.35
Ses05M_impro07_M001,/mnt/ddn/kyudan/IEMOCAP/data/Ses05M_impro07_M001.wav,happy,Ses05,M,2.57
Ses05M_impro07_M002,/mnt/ddn/kyudan/IEMOCAP/data/Ses05M_impro07_M002.wav,happy,Ses05,M,3.045
Ses05M_impro07_M003,/mnt/ddn/kyudan/IEMOCAP/data/Ses05M_impro07_M003.wav,happy,Ses05,M,2.355
Ses05M_impro07_M004,/mnt/ddn/kyudan/IEMOCAP/data/Ses05M_impro07_M004.wav,happy,Ses05,M,3.36
Ses05M_impro07_M005,/mnt/ddn/kyudan/IEMOCAP/data/Ses05M_impro07_M005.wav,happy,Ses05,M,1.36
Ses05M_impro07_M006,/mnt/ddn/kyudan/IEMOCAP/data/Ses05M_impro07_M006.wav,happy,Ses05,M,1.13
Ses05M_impro07_M007,/mnt/ddn/kyudan/IEMOCAP/data/Ses05M_impro07_M007.wav,happy,Ses05,M,1.59
Ses05M_impro07_M008,/mnt/ddn/kyudan/IEMOCAP/data/Ses05M_impro07_M008.wav,happy,Ses05,M,5.0
Ses05M_impro07_M009,/mnt/ddn/kyudan/IEMOCAP/data/Ses05M_impro07_M009.wav,happy,Ses05,M,5.21
Ses05M_impro07_M010,/mnt/ddn/kyudan/IEMOCAP/data/Ses05M_impro07_M010.wav,happy,Ses05,M,5.73
Ses05M_impro07_M011,/mnt/ddn/kyudan/IEMOCAP/data/Ses05M_impro07_M011.wav,happy,Ses05,M,6.57
Ses05M_impro07_M012,/mnt/ddn/kyudan/IEMOCAP/data/Ses05M_impro07_M012.wav,happy,Ses05,M,2.11
Ses05M_impro07_M013,/mnt/ddn/kyudan/IEMOCAP/data/Ses05M_impro07_M013.wav,happy,Ses05,M,2.04
Ses05M_impro07_M014,/mnt/ddn/kyudan/IEMOCAP/data/Ses05M_impro07_M014.wav,happy,Ses05,M,3.73
Ses05M_impro07_M015,/mnt/ddn/kyudan/IEMOCAP/data/Ses05M_impro07_M015.wav,happy,Ses05,M,1.63
Ses05M_impro07_M016,/mnt/ddn/kyudan/IEMOCAP/data/Ses05M_impro07_M016.wav,happy,Ses05,M,1.69
Ses05M_impro07_M017,/mnt/ddn/kyudan/IEMOCAP/data/Ses05M_impro07_M017.wav,happy,Ses05,M,4.99
Ses05M_impro07_M018,/mnt/ddn/kyudan/IEMOCAP/data/Ses05M_impro07_M018.wav,happy,Ses05,M,5.01
Ses05M_impro07_M019,/mnt/ddn/kyudan/IEMOCAP/data/Ses05M_impro07_M019.wav,happy,Ses05,M,6.47
Ses05M_impro07_M020,/mnt/ddn/kyudan/IEMOCAP/data/Ses05M_impro07_M020.wav,happy,Ses05,M,2.62
Ses05M_impro07_M021,/mnt/ddn/kyudan/IEMOCAP/data/Ses05M_impro07_M021.wav,happy,Ses05,M,1.45
Ses05M_impro07_M022,/mnt/ddn/kyudan/IEMOCAP/data/Ses05M_impro07_M022.wav,happy,Ses05,M,7.12
Ses05M_impro07_M023,/mnt/ddn/kyudan/IEMOCAP/data/Ses05M_impro07_M023.wav,happy,Ses05,M,1.43
Ses05M_impro07_M024,/mnt/ddn/kyudan/IEMOCAP/data/Ses05M_impro07_M024.wav,happy,Ses05,M,2.32
Ses05M_impro07_M025,/mnt/ddn/kyudan/IEMOCAP/data/Ses05M_impro07_M025.wav,happy,Ses05,M,5.9
Ses05M_impro07_M026,/mnt/ddn/kyudan/IEMOCAP/data/Ses05M_impro07_M026.wav,happy,Ses05,M,2.42
Ses05M_impro07_M027,/mnt/ddn/kyudan/IEMOCAP/data/Ses05M_impro07_M027.wav,happy,Ses05,M,1.61
Ses05M_impro07_M028,/mnt/ddn/kyudan/IEMOCAP/data/Ses05M_impro07_M028.wav,happy,Ses05,M,4.86
Ses05M_impro07_M029,/mnt/ddn/kyudan/IEMOCAP/data/Ses05M_impro07_M029.wav,happy,Ses05,M,2.01
Ses05M_impro07_M030,/mnt/ddn/kyudan/IEMOCAP/data/Ses05M_impro07_M030.wav,happy,Ses05,M,1.09
Ses05M_impro07_M031,/mnt/ddn/kyudan/IEMOCAP/data/Ses05M_impro07_M031.wav,happy,Ses05,M,2.2
Ses05M_impro07_M032,/mnt/ddn/kyudan/IEMOCAP/data/Ses05M_impro07_M032.wav,happy,Ses05,M,1.33
Ses05M_impro07_M033,/mnt/ddn/kyudan/IEMOCAP/data/Ses05M_impro07_M033.wav,happy,Ses05,M,1.02
Ses05M_impro07_M034,/mnt/ddn/kyudan/IEMOCAP/data/Ses05M_impro07_M034.wav,happy,Ses05,M,3.81
Ses05M_impro07_M035,/mnt/ddn/kyudan/IEMOCAP/data/Ses05M_impro07_M035.wav,happy,Ses05,M,1.13
Ses05M_impro07_M036,/mnt/ddn/kyudan/IEMOCAP/data/Ses05M_impro07_M036.wav,happy,Ses05,M,7.67
Ses05M_impro07_M037,/mnt/ddn/kyudan/IEMOCAP/data/Ses05M_impro07_M037.wav,happy,Ses05,M,4.377
Ses05M_impro07_M038,/mnt/ddn/kyudan/IEMOCAP/data/Ses05M_impro07_M038.wav,happy,Ses05,M,4.27
Ses05M_impro07_M039,/mnt/ddn/kyudan/IEMOCAP/data/Ses05M_impro07_M039.wav,happy,Ses05,M,8.38
Ses05M_impro07_M040,/mnt/ddn/kyudan/IEMOCAP/data/Ses05M_impro07_M040.wav,happy,Ses05,M,7.47
Ses05M_impro07_M041,/mnt/ddn/kyudan/IEMOCAP/data/Ses05M_impro07_M041.wav,happy,Ses05,M,4.1
Ses05M_impro07_M042,/mnt/ddn/kyudan/IEMOCAP/data/Ses05M_impro07_M042.wav,happy,Ses05,M,1.94
Ses05M_impro07_M043,/mnt/ddn/kyudan/IEMOCAP/data/Ses05M_impro07_M043.wav,happy,Ses05,M,4.83
Ses05M_impro07_M044,/mnt/ddn/kyudan/IEMOCAP/data/Ses05M_impro07_M044.wav,happy,Ses05,M,5.63
Ses05M_impro07_M045,/mnt/ddn/kyudan/IEMOCAP/data/Ses05M_impro07_M045.wav,happy,Ses05,M,4.91
Ses05M_impro07_M046,/mnt/ddn/kyudan/IEMOCAP/data/Ses05M_impro07_M046.wav,happy,Ses05,M,1.42
Ses05M_impro07_M047,/mnt/ddn/kyudan/IEMOCAP/data/Ses05M_impro07_M047.wav,happy,Ses05,M,3.51
Ses05M_impro08_F005,/mnt/ddn/kyudan/IEMOCAP/data/Ses05M_impro08_F005.wav,neutral,Ses05,F,3.21
Ses05M_impro08_F006,/mnt/ddn/kyudan/IEMOCAP/data/Ses05M_impro08_F006.wav,neutral,Ses05,F,5.41
Ses05M_impro08_F007,/mnt/ddn/kyudan/IEMOCAP/data/Ses05M_impro08_F007.wav,neutral,Ses05,F,1.2
Ses05M_impro08_F008,/mnt/ddn/kyudan/IEMOCAP/data/Ses05M_impro08_F008.wav,neutral,Ses05,F,1.56
Ses05M_impro08_F009,/mnt/ddn/kyudan/IEMOCAP/data/Ses05M_impro08_F009.wav,neutral,Ses05,F,3.84
Ses05M_impro08_F011,/mnt/ddn/kyudan/IEMOCAP/data/Ses05M_impro08_F011.wav,neutral,Ses05,F,7.12
Ses05M_impro08_F012,/mnt/ddn/kyudan/IEMOCAP/data/Ses05M_impro08_F012.wav,neutral,Ses05,F,1.45
Ses05M_impro08_F013,/mnt/ddn/kyudan/IEMOCAP/data/Ses05M_impro08_F013.wav,neutral,Ses05,F,1.14
Ses05M_impro08_F014,/mnt/ddn/kyudan/IEMOCAP/data/Ses05M_impro08_F014.wav,neutral,Ses05,F,1.26
Ses05M_impro08_F015,/mnt/ddn/kyudan/IEMOCAP/data/Ses05M_impro08_F015.wav,neutral,Ses05,F,1.0
Ses05M_impro08_F016,/mnt/ddn/kyudan/IEMOCAP/data/Ses05M_impro08_F016.wav,neutral,Ses05,F,1.31
Ses05M_impro08_F017,/mnt/ddn/kyudan/IEMOCAP/data/Ses05M_impro08_F017.wav,neutral,Ses05,F,5.6
Ses05M_impro08_F018,/mnt/ddn/kyudan/IEMOCAP/data/Ses05M_impro08_F018.wav,neutral,Ses05,F,2.26
Ses05M_impro08_F019,/mnt/ddn/kyudan/IEMOCAP/data/Ses05M_impro08_F019.wav,neutral,Ses05,F,3.36
Ses05M_impro08_F020,/mnt/ddn/kyudan/IEMOCAP/data/Ses05M_impro08_F020.wav,neutral,Ses05,F,5.62
Ses05M_impro08_F022,/mnt/ddn/kyudan/IEMOCAP/data/Ses05M_impro08_F022.wav,happy,Ses05,F,14.46
Ses05M_impro08_F025,/mnt/ddn/kyudan/IEMOCAP/data/Ses05M_impro08_F025.wav,happy,Ses05,F,2.58
Ses05M_impro08_F026,/mnt/ddn/kyudan/IEMOCAP/data/Ses05M_impro08_F026.wav,happy,Ses05,F,6.88
Ses05M_impro08_F027,/mnt/ddn/kyudan/IEMOCAP/data/Ses05M_impro08_F027.wav,happy,Ses05,F,5.74
Ses05M_impro08_F028,/mnt/ddn/kyudan/IEMOCAP/data/Ses05M_impro08_F028.wav,happy,Ses05,F,1.71
Ses05M_impro08_M000,/mnt/ddn/kyudan/IEMOCAP/data/Ses05M_impro08_M000.wav,neutral,Ses05,M,2.632
Ses05M_impro08_M001,/mnt/ddn/kyudan/IEMOCAP/data/Ses05M_impro08_M001.wav,neutral,Ses05,M,2.52
Ses05M_impro08_M002,/mnt/ddn/kyudan/IEMOCAP/data/Ses05M_impro08_M002.wav,neutral,Ses05,M,1.66
Ses05M_impro08_M003,/mnt/ddn/kyudan/IEMOCAP/data/Ses05M_impro08_M003.wav,neutral,Ses05,M,1.0
Ses05M_impro08_M004,/mnt/ddn/kyudan/IEMOCAP/data/Ses05M_impro08_M004.wav,neutral,Ses05,M,2.17
Ses05M_impro08_M005,/mnt/ddn/kyudan/IEMOCAP/data/Ses05M_impro08_M005.wav,neutral,Ses05,M,2.58
Ses05M_impro08_M006,/mnt/ddn/kyudan/IEMOCAP/data/Ses05M_impro08_M006.wav,neutral,Ses05,M,6.46
Ses05M_impro08_M007,/mnt/ddn/kyudan/IEMOCAP/data/Ses05M_impro08_M007.wav,neutral,Ses05,M,3.74
Ses05M_impro08_M008,/mnt/ddn/kyudan/IEMOCAP/data/Ses05M_impro08_M008.wav,neutral,Ses05,M,7.84
Ses05M_impro08_M009,/mnt/ddn/kyudan/IEMOCAP/data/Ses05M_impro08_M009.wav,neutral,Ses05,M,10.51
Ses05M_impro08_M010,/mnt/ddn/kyudan/IEMOCAP/data/Ses05M_impro08_M010.wav,neutral,Ses05,M,6.04
Ses05M_impro08_M011,/mnt/ddn/kyudan/IEMOCAP/data/Ses05M_impro08_M011.wav,neutral,Ses05,M,9.28
Ses05M_impro08_M012,/mnt/ddn/kyudan/IEMOCAP/data/Ses05M_impro08_M012.wav,neutral,Ses05,M,4.14
Ses05M_impro08_M013,/mnt/ddn/kyudan/IEMOCAP/data/Ses05M_impro08_M013.wav,neutral,Ses05,M,3.21
Ses05M_impro08_M014,/mnt/ddn/kyudan/IEMOCAP/data/Ses05M_impro08_M014.wav,neutral,Ses05,M,6.26
Ses05M_impro08_M015,/mnt/ddn/kyudan/IEMOCAP/data/Ses05M_impro08_M015.wav,neutral,Ses05,M,1.1
Ses05M_impro08_M016,/mnt/ddn/kyudan/IEMOCAP/data/Ses05M_impro08_M016.wav,neutral,Ses05,M,2.19
Ses05M_impro08_M017,/mnt/ddn/kyudan/IEMOCAP/data/Ses05M_impro08_M017.wav,neutral,Ses05,M,9.71
Ses05M_impro08_M018,/mnt/ddn/kyudan/IEMOCAP/data/Ses05M_impro08_M018.wav,neutral,Ses05,M,2.8
Ses05M_impro08_M019,/mnt/ddn/kyudan/IEMOCAP/data/Ses05M_impro08_M019.wav,neutral,Ses05,M,11.56
Ses05M_impro08_M020,/mnt/ddn/kyudan/IEMOCAP/data/Ses05M_impro08_M020.wav,neutral,Ses05,M,7.05
Ses05M_impro08_M021,/mnt/ddn/kyudan/IEMOCAP/data/Ses05M_impro08_M021.wav,neutral,Ses05,M,5.81
Ses05M_impro08_M022,/mnt/ddn/kyudan/IEMOCAP/data/Ses05M_impro08_M022.wav,neutral,Ses05,M,1.85
Ses05M_impro08_M023,/mnt/ddn/kyudan/IEMOCAP/data/Ses05M_impro08_M023.wav,neutral,Ses05,M,2.99
Ses05M_impro08_M024,/mnt/ddn/kyudan/IEMOCAP/data/Ses05M_impro08_M024.wav,neutral,Ses05,M,2.23
Ses05M_impro08_M025,/mnt/ddn/kyudan/IEMOCAP/data/Ses05M_impro08_M025.wav,neutral,Ses05,M,6.7
Ses05M_impro08_M026,/mnt/ddn/kyudan/IEMOCAP/data/Ses05M_impro08_M026.wav,happy,Ses05,M,6.9
Ses05M_impro08_M027,/mnt/ddn/kyudan/IEMOCAP/data/Ses05M_impro08_M027.wav,neutral,Ses05,M,3.13
Ses05M_impro08_M028,/mnt/ddn/kyudan/IEMOCAP/data/Ses05M_impro08_M028.wav,happy,Ses05,M,1.68
Ses05M_script01_1_F000,/mnt/ddn/kyudan/IEMOCAP/data/Ses05M_script01_1_F000.wav,sad,Ses05,F,4.22
Ses05M_script01_1_F001,/mnt/ddn/kyudan/IEMOCAP/data/Ses05M_script01_1_F001.wav,sad,Ses05,F,6.01
Ses05M_script01_1_F004,/mnt/ddn/kyudan/IEMOCAP/data/Ses05M_script01_1_F004.wav,sad,Ses05,F,2.22
Ses05M_script01_1_F005,/mnt/ddn/kyudan/IEMOCAP/data/Ses05M_script01_1_F005.wav,sad,Ses05,F,1.67
Ses05M_script01_1_F014,/mnt/ddn/kyudan/IEMOCAP/data/Ses05M_script01_1_F014.wav,angry,Ses05,F,6.66
Ses05M_script01_1_F018,/mnt/ddn/kyudan/IEMOCAP/data/Ses05M_script01_1_F018.wav,angry,Ses05,F,3.82
Ses05M_script01_1_F021,/mnt/ddn/kyudan/IEMOCAP/data/Ses05M_script01_1_F021.wav,angry,Ses05,F,3.31
Ses05M_script01_1_F022,/mnt/ddn/kyudan/IEMOCAP/data/Ses05M_script01_1_F022.wav,angry,Ses05,F,15.07
Ses05M_script01_1_F023,/mnt/ddn/kyudan/IEMOCAP/data/Ses05M_script01_1_F023.wav,neutral,Ses05,F,3.4
Ses05M_script01_1_F024,/mnt/ddn/kyudan/IEMOCAP/data/Ses05M_script01_1_F024.wav,neutral,Ses05,F,2.58
Ses05M_script01_1_F025,/mnt/ddn/kyudan/IEMOCAP/data/Ses05M_script01_1_F025.wav,neutral,Ses05,F,6.41
Ses05M_script01_1_F026,/mnt/ddn/kyudan/IEMOCAP/data/Ses05M_script01_1_F026.wav,neutral,Ses05,F,3.54
Ses05M_script01_1_F032,/mnt/ddn/kyudan/IEMOCAP/data/Ses05M_script01_1_F032.wav,angry,Ses05,F,1.76
Ses05M_script01_1_F033,/mnt/ddn/kyudan/IEMOCAP/data/Ses05M_script01_1_F033.wav,angry,Ses05,F,5.12
Ses05M_script01_1_F034,/mnt/ddn/kyudan/IEMOCAP/data/Ses05M_script01_1_F034.wav,angry,Ses05,F,2.17
Ses05M_script01_1_F035,/mnt/ddn/kyudan/IEMOCAP/data/Ses05M_script01_1_F035.wav,angry,Ses05,F,6.12
Ses05M_script01_1_F036,/mnt/ddn/kyudan/IEMOCAP/data/Ses05M_script01_1_F036.wav,angry,Ses05,F,2.46
Ses05M_script01_1_M004,/mnt/ddn/kyudan/IEMOCAP/data/Ses05M_script01_1_M004.wav,sad,Ses05,M,4.06
Ses05M_script01_1_M011,/mnt/ddn/kyudan/IEMOCAP/data/Ses05M_script01_1_M011.wav,angry,Ses05,M,11.06
Ses05M_script01_1_M013,/mnt/ddn/kyudan/IEMOCAP/data/Ses05M_script01_1_M013.wav,angry,Ses05,M,5.72
Ses05M_script01_1_M016,/mnt/ddn/kyudan/IEMOCAP/data/Ses05M_script01_1_M016.wav,neutral,Ses05,M,1.44
Ses05M_script01_1_M017,/mnt/ddn/kyudan/IEMOCAP/data/Ses05M_script01_1_M017.wav,neutral,Ses05,M,2.86
Ses05M_script01_1_M020,/mnt/ddn/kyudan/IEMOCAP/data/Ses05M_script01_1_M020.wav,angry,Ses05,M,2.79
Ses05M_script01_1_M021,/mnt/ddn/kyudan/IEMOCAP/data/Ses05M_script01_1_M021.wav,angry,Ses05,M,6.43
Ses05M_script01_1_M022,/mnt/ddn/kyudan/IEMOCAP/data/Ses05M_script01_1_M022.wav,angry,Ses05,M,8.56
Ses05M_script01_1_M023,/mnt/ddn/kyudan/IEMOCAP/data/Ses05M_script01_1_M023.wav,angry,Ses05,M,2.23
Ses05M_script01_1_M025,/mnt/ddn/kyudan/IEMOCAP/data/Ses05M_script01_1_M025.wav,angry,Ses05,M,2.02
Ses05M_script01_1_M026,/mnt/ddn/kyudan/IEMOCAP/data/Ses05M_script01_1_M026.wav,angry,Ses05,M,3.38
Ses05M_script01_1_M028,/mnt/ddn/kyudan/IEMOCAP/data/Ses05M_script01_1_M028.wav,angry,Ses05,M,3.02
Ses05M_script01_1_M032,/mnt/ddn/kyudan/IEMOCAP/data/Ses05M_script01_1_M032.wav,angry,Ses05,M,12.07
Ses05M_script01_1_M033,/mnt/ddn/kyudan/IEMOCAP/data/Ses05M_script01_1_M033.wav,angry,Ses05,M,4.63
Ses05M_script01_1_M034,/mnt/ddn/kyudan/IEMOCAP/data/Ses05M_script01_1_M034.wav,angry,Ses05,M,4.21
Ses05M_script01_1_M035,/mnt/ddn/kyudan/IEMOCAP/data/Ses05M_script01_1_M035.wav,angry,Ses05,M,5.06
Ses05M_script01_1_M036,/mnt/ddn/kyudan/IEMOCAP/data/Ses05M_script01_1_M036.wav,angry,Ses05,M,2.28
Ses05M_script01_1_M037,/mnt/ddn/kyudan/IEMOCAP/data/Ses05M_script01_1_M037.wav,angry,Ses05,M,3.92
Ses05M_script01_1b_F000,/mnt/ddn/kyudan/IEMOCAP/data/Ses05M_script01_1b_F000.wav,sad,Ses05,F,5.754
Ses05M_script01_1b_F022,/mnt/ddn/kyudan/IEMOCAP/data/Ses05M_script01_1b_F022.wav,neutral,Ses05,F,2.16
Ses05M_script01_1b_F023,/mnt/ddn/kyudan/IEMOCAP/data/Ses05M_script01_1b_F023.wav,neutral,Ses05,F,4.5
Ses05M_script01_1b_F024,/mnt/ddn/kyudan/IEMOCAP/data/Ses05M_script01_1b_F024.wav,neutral,Ses05,F,3.58
Ses05M_script01_1b_F026,/mnt/ddn/kyudan/IEMOCAP/data/Ses05M_script01_1b_F026.wav,neutral,Ses05,F,7.07
Ses05M_script01_1b_F028,/mnt/ddn/kyudan/IEMOCAP/data/Ses05M_script01_1b_F028.wav,sad,Ses05,F,7.57
Ses05M_script01_1b_F031,/mnt/ddn/kyudan/IEMOCAP/data/Ses05M_script01_1b_F031.wav,angry,Ses05,F,1.9
Ses05M_script01_1b_F032,/mnt/ddn/kyudan/IEMOCAP/data/Ses05M_script01_1b_F032.wav,angry,Ses05,F,3.14
Ses05M_script01_1b_F033,/mnt/ddn/kyudan/IEMOCAP/data/Ses05M_script01_1b_F033.wav,angry,Ses05,F,2.52
Ses05M_script01_1b_F034,/mnt/ddn/kyudan/IEMOCAP/data/Ses05M_script01_1b_F034.wav,angry,Ses05,F,2.54
Ses05M_script01_1b_M001,/mnt/ddn/kyudan/IEMOCAP/data/Ses05M_script01_1b_M001.wav,sad,Ses05,M,2.36
Ses05M_script01_1b_M002,/mnt/ddn/kyudan/IEMOCAP/data/Ses05M_script01_1b_M002.wav,sad,Ses05,M,8.0
Ses05M_script01_1b_M003,/mnt/ddn/kyudan/IEMOCAP/data/Ses05M_script01_1b_M003.wav,sad,Ses05,M,6.5
Ses05M_script01_1b_M004,/mnt/ddn/kyudan/IEMOCAP/data/Ses05M_script01_1b_M004.wav,sad,Ses05,M,5.83
Ses05M_script01_1b_M005,/mnt/ddn/kyudan/IEMOCAP/data/Ses05M_script01_1b_M005.wav,sad,Ses05,M,11.03
Ses05M_script01_1b_M018,/mnt/ddn/kyudan/IEMOCAP/data/Ses05M_script01_1b_M018.wav,angry,Ses05,M,6.37
Ses05M_script01_1b_M019,/mnt/ddn/kyudan/IEMOCAP/data/Ses05M_script01_1b_M019.wav,angry,Ses05,M,9.27
Ses05M_script01_1b_M020,/mnt/ddn/kyudan/IEMOCAP/data/Ses05M_script01_1b_M020.wav,angry,Ses05,M,2.59
Ses05M_script01_1b_M022,/mnt/ddn/kyudan/IEMOCAP/data/Ses05M_script01_1b_M022.wav,angry,Ses05,M,2.19
Ses05M_script01_1b_M031,/mnt/ddn/kyudan/IEMOCAP/data/Ses05M_script01_1b_M031.wav,angry,Ses05,M,11.22
Ses05M_script01_1b_M032,/mnt/ddn/kyudan/IEMOCAP/data/Ses05M_script01_1b_M032.wav,angry,Ses05,M,4.87
Ses05M_script01_1b_M033,/mnt/ddn/kyudan/IEMOCAP/data/Ses05M_script01_1b_M033.wav,angry,Ses05,M,5.82
Ses05M_script01_1b_M035,/mnt/ddn/kyudan/IEMOCAP/data/Ses05M_script01_1b_M035.wav,angry,Ses05,M,3.28
Ses05M_script01_1b_M036,/mnt/ddn/kyudan/IEMOCAP/data/Ses05M_script01_1b_M036.wav,angry,Ses05,M,10.62
Ses05M_script01_1b_M040,/mnt/ddn/kyudan/IEMOCAP/data/Ses05M_script01_1b_M040.wav,angry,Ses05,M,2.608
Ses05M_script01_1b_M041,/mnt/ddn/kyudan/IEMOCAP/data/Ses05M_script01_1b_M041.wav,angry,Ses05,M,4.78
Ses05M_script01_2_F000,/mnt/ddn/kyudan/IEMOCAP/data/Ses05M_script01_2_F000.wav,sad,Ses05,F,3.253
Ses05M_script01_2_F001,/mnt/ddn/kyudan/IEMOCAP/data/Ses05M_script01_2_F001.wav,sad,Ses05,F,3.75
Ses05M_script01_2_F002,/mnt/ddn/kyudan/IEMOCAP/data/Ses05M_script01_2_F002.wav,neutral,Ses05,F,2.95
Ses05M_script01_2_F003,/mnt/ddn/kyudan/IEMOCAP/data/Ses05M_script01_2_F003.wav,sad,Ses05,F,2.41
Ses05M_script01_2_F004,/mnt/ddn/kyudan/IEMOCAP/data/Ses05M_script01_2_F004.wav,neutral,Ses05,F,2.49
Ses05M_script01_2_F005,/mnt/ddn/kyudan/IEMOCAP/data/Ses05M_script01_2_F005.wav,angry,Ses05,F,2.37
Ses05M_script01_2_F006,/mnt/ddn/kyudan/IEMOCAP/data/Ses05M_script01_2_F006.wav,sad,Ses05,F,3.95
Ses05M_script01_2_F007,/mnt/ddn/kyudan/IEMOCAP/data/Ses05M_script01_2_F007.wav,sad,Ses05,F,7.93
Ses05M_script01_2_F008,/mnt/ddn/kyudan/IEMOCAP/data/Ses05M_script01_2_F008.wav,sad,Ses05,F,9.39
Ses05M_script01_2_F009,/mnt/ddn/kyudan/IEMOCAP/data/Ses05M_script01_2_F009.wav,sad,Ses05,F,8.35
Ses05M_script01_2_F015,/mnt/ddn/kyudan/IEMOCAP/data/Ses05M_script01_2_F015.wav,angry,Ses05,F,2.98
Ses05M_script01_2_F016,/mnt/ddn/kyudan/IEMOCAP/data/Ses05M_script01_2_F016.wav,angry,Ses05,F,2.65
Ses05M_script01_2_F017,/mnt/ddn/kyudan/IEMOCAP/data/Ses05M_script01_2_F017.wav,angry,Ses05,F,1.49
Ses05M_script01_2_M000,/mnt/ddn/kyudan/IEMOCAP/data/Ses05M_script01_2_M000.wav,neutral,Ses05,M,2.49
Ses05M_script01_2_M001,/mnt/ddn/kyudan/IEMOCAP/data/Ses05M_script01_2_M001.wav,neutral,Ses05,M,5.54
Ses05M_script01_2_M003,/mnt/ddn/kyudan/IEMOCAP/data/Ses05M_script01_2_M003.wav,neutral,Ses05,M,3.32
Ses05M_script01_2_M015,/mnt/ddn/kyudan/IEMOCAP/data/Ses05M_script01_2_M015.wav,angry,Ses05,M,3.38
Ses05M_script01_2_M016,/mnt/ddn/kyudan/IEMOCAP/data/Ses05M_script01_2_M016.wav,angry,Ses05,M,3.98
Ses05M_script01_3_F000,/mnt/ddn/kyudan/IEMOCAP/data/Ses05M_script01_3_F000.wav,neutral,Ses05,F,2.95
Ses05M_script01_3_F001,/mnt/ddn/kyudan/IEMOCAP/data/Ses05M_script01_3_F001.wav,happy,Ses05,F,7.29
Ses05M_script01_3_F003,/mnt/ddn/kyudan/IEMOCAP/data/Ses05M_script01_3_F003.wav,neutral,Ses05,F,3.73
Ses05M_script01_3_F004,/mnt/ddn/kyudan/IEMOCAP/data/Ses05M_script01_3_F004.wav,angry,Ses05,F,6.15
Ses05M_script01_3_F006,/mnt/ddn/kyudan/IEMOCAP/data/Ses05M_script01_3_F006.wav,neutral,Ses05,F,3.55
Ses05M_script01_3_F007,/mnt/ddn/kyudan/IEMOCAP/data/Ses05M_script01_3_F007.wav,neutral,Ses05,F,5.15
Ses05M_script01_3_F008,/mnt/ddn/kyudan/IEMOCAP/data/Ses05M_script01_3_F008.wav,happy,Ses05,F,2.44
Ses05M_script01_3_F009,/mnt/ddn/kyudan/IEMOCAP/data/Ses05M_script01_3_F009.wav,happy,Ses05,F,3.07
Ses05M_script01_3_F010,/mnt/ddn/kyudan/IEMOCAP/data/Ses05M_script01_3_F010.wav,sad,Ses05,F,2.67
Ses05M_script01_3_F011,/mnt/ddn/kyudan/IEMOCAP/data/Ses05M_script01_3_F011.wav,happy,Ses05,F,2.25
Ses05M_script01_3_F012,/mnt/ddn/kyudan/IEMOCAP/data/Ses05M_script01_3_F012.wav,happy,Ses05,F,1.53
Ses05M_script01_3_F013,/mnt/ddn/kyudan/IEMOCAP/data/Ses05M_script01_3_F013.wav,happy,Ses05,F,7.4
Ses05M_script01_3_F014,/mnt/ddn/kyudan/IEMOCAP/data/Ses05M_script01_3_F014.wav,happy,Ses05,F,7.63
Ses05M_script01_3_F015,/mnt/ddn/kyudan/IEMOCAP/data/Ses05M_script01_3_F015.wav,happy,Ses05,F,2.6
Ses05M_script01_3_F016,/mnt/ddn/kyudan/IEMOCAP/data/Ses05M_script01_3_F016.wav,sad,Ses05,F,7.53
Ses05M_script01_3_F018,/mnt/ddn/kyudan/IEMOCAP/data/Ses05M_script01_3_F018.wav,sad,Ses05,F,1.99
Ses05M_script01_3_F019,/mnt/ddn/kyudan/IEMOCAP/data/Ses05M_script01_3_F019.wav,sad,Ses05,F,4.18
Ses05M_script01_3_F020,/mnt/ddn/kyudan/IEMOCAP/data/Ses05M_script01_3_F020.wav,sad,Ses05,F,2.21
Ses05M_script01_3_F021,/mnt/ddn/kyudan/IEMOCAP/data/Ses05M_script01_3_F021.wav,sad,Ses05,F,2.098
Ses05M_script01_3_F022,/mnt/ddn/kyudan/IEMOCAP/data/Ses05M_script01_3_F022.wav,neutral,Ses05,F,1.68
Ses05M_script01_3_F023,/mnt/ddn/kyudan/IEMOCAP/data/Ses05M_script01_3_F023.wav,sad,Ses05,F,1.62
Ses05M_script01_3_F024,/mnt/ddn/kyudan/IEMOCAP/data/Ses05M_script01_3_F024.wav,sad,Ses05,F,2.68
Ses05M_script01_3_F025,/mnt/ddn/kyudan/IEMOCAP/data/Ses05M_script01_3_F025.wav,sad,Ses05,F,10.56
Ses05M_script01_3_F026,/mnt/ddn/kyudan/IEMOCAP/data/Ses05M_script01_3_F026.wav,sad,Ses05,F,6.33
Ses05M_script01_3_F027,/mnt/ddn/kyudan/IEMOCAP/data/Ses05M_script01_3_F027.wav,happy,Ses05,F,2.89
Ses05M_script01_3_M000,/mnt/ddn/kyudan/IEMOCAP/data/Ses05M_script01_3_M000.wav,happy,Ses05,M,4.232
Ses05M_script01_3_M001,/mnt/ddn/kyudan/IEMOCAP/data/Ses05M_script01_3_M001.wav,happy,Ses05,M,2.99
Ses05M_script01_3_M003,/mnt/ddn/kyudan/IEMOCAP/data/Ses05M_script01_3_M003.wav,neutral,Ses05,M,1.37
Ses05M_script01_3_M004,/mnt/ddn/kyudan/IEMOCAP/data/Ses05M_script01_3_M004.wav,happy,Ses05,M,1.21
Ses05M_script01_3_M005,/mnt/ddn/kyudan/IEMOCAP/data/Ses05M_script01_3_M005.wav,happy,Ses05,M,9.49
Ses05M_script01_3_M006,/mnt/ddn/kyudan/IEMOCAP/data/Ses05M_script01_3_M006.wav,happy,Ses05,M,1.96
Ses05M_script01_3_M007,/mnt/ddn/kyudan/IEMOCAP/data/Ses05M_script01_3_M007.wav,happy,Ses05,M,11.61
Ses05M_script01_3_M008,/mnt/ddn/kyudan/IEMOCAP/data/Ses05M_script01_3_M008.wav,happy,Ses05,M,15.42
Ses05M_script01_3_M009,/mnt/ddn/kyudan/IEMOCAP/data/Ses05M_script01_3_M009.wav,happy,Ses05,M,14.71
Ses05M_script01_3_M010,/mnt/ddn/kyudan/IEMOCAP/data/Ses05M_script01_3_M010.wav,happy,Ses05,M,11.16
Ses05M_script01_3_M011,/mnt/ddn/kyudan/IEMOCAP/data/Ses05M_script01_3_M011.wav,happy,Ses05,M,4.6
Ses05M_script01_3_M013,/mnt/ddn/kyudan/IEMOCAP/data/Ses05M_script01_3_M013.wav,happy,Ses05,M,3.1
Ses05M_script01_3_M014,/mnt/ddn/kyudan/IEMOCAP/data/Ses05M_script01_3_M014.wav,happy,Ses05,M,3.39
Ses05M_script01_3_M015,/mnt/ddn/kyudan/IEMOCAP/data/Ses05M_script01_3_M015.wav,happy,Ses05,M,4.16
Ses05M_script01_3_M016,/mnt/ddn/kyudan/IEMOCAP/data/Ses05M_script01_3_M016.wav,happy,Ses05,M,6.32
Ses05M_script01_3_M017,/mnt/ddn/kyudan/IEMOCAP/data/Ses05M_script01_3_M017.wav,happy,Ses05,M,4.87
Ses05M_script01_3_M019,/mnt/ddn/kyudan/IEMOCAP/data/Ses05M_script01_3_M019.wav,sad,Ses05,M,4.48
Ses05M_script01_3_M020,/mnt/ddn/kyudan/IEMOCAP/data/Ses05M_script01_3_M020.wav,sad,Ses05,M,2.87
Ses05M_script01_3_M021,/mnt/ddn/kyudan/IEMOCAP/data/Ses05M_script01_3_M021.wav,sad,Ses05,M,5.52
Ses05M_script01_3_M022,/mnt/ddn/kyudan/IEMOCAP/data/Ses05M_script01_3_M022.wav,neutral,Ses05,M,2.44
Ses05M_script01_3_M023,/mnt/ddn/kyudan/IEMOCAP/data/Ses05M_script01_3_M023.wav,sad,Ses05,M,3.97
Ses05M_script01_3_M025,/mnt/ddn/kyudan/IEMOCAP/data/Ses05M_script01_3_M025.wav,sad,Ses05,M,1.598
Ses05M_script01_3_M026,/mnt/ddn/kyudan/IEMOCAP/data/Ses05M_script01_3_M026.wav,sad,Ses05,M,2.11
Ses05M_script01_3_M027,/mnt/ddn/kyudan/IEMOCAP/data/Ses05M_script01_3_M027.wav,sad,Ses05,M,7.94
Ses05M_script01_3_M029,/mnt/ddn/kyudan/IEMOCAP/data/Ses05M_script01_3_M029.wav,sad,Ses05,M,15.16
Ses05M_script01_3_M030,/mnt/ddn/kyudan/IEMOCAP/data/Ses05M_script01_3_M030.wav,sad,Ses05,M,12.7
Ses05M_script01_3_M033,/mnt/ddn/kyudan/IEMOCAP/data/Ses05M_script01_3_M033.wav,sad,Ses05,M,15.51
Ses05M_script01_3_M036,/mnt/ddn/kyudan/IEMOCAP/data/Ses05M_script01_3_M036.wav,sad,Ses05,M,10.52
Ses05M_script01_3_M039,/mnt/ddn/kyudan/IEMOCAP/data/Ses05M_script01_3_M039.wav,sad,Ses05,M,2.28
Ses05M_script01_3_M040,/mnt/ddn/kyudan/IEMOCAP/data/Ses05M_script01_3_M040.wav,sad,Ses05,M,2.44
Ses05M_script01_3_M041,/mnt/ddn/kyudan/IEMOCAP/data/Ses05M_script01_3_M041.wav,happy,Ses05,M,1.87
Ses05M_script01_3_M042,/mnt/ddn/kyudan/IEMOCAP/data/Ses05M_script01_3_M042.wav,happy,Ses05,M,2.75
Ses05M_script02_1_F000,/mnt/ddn/kyudan/IEMOCAP/data/Ses05M_script02_1_F000.wav,sad,Ses05,F,1.143
Ses05M_script02_1_F001,/mnt/ddn/kyudan/IEMOCAP/data/Ses05M_script02_1_F001.wav,neutral,Ses05,F,1.88
Ses05M_script02_1_F005,/mnt/ddn/kyudan/IEMOCAP/data/Ses05M_script02_1_F005.wav,sad,Ses05,F,1.33
Ses05M_script02_1_F011,/mnt/ddn/kyudan/IEMOCAP/data/Ses05M_script02_1_F011.wav,sad,Ses05,F,1.88
Ses05M_script02_1_F016,/mnt/ddn/kyudan/IEMOCAP/data/Ses05M_script02_1_F016.wav,sad,Ses05,F,1.73
Ses05M_script02_1_F017,/mnt/ddn/kyudan/IEMOCAP/data/Ses05M_script02_1_F017.wav,sad,Ses05,F,1.35
Ses05M_script02_1_F020,/mnt/ddn/kyudan/IEMOCAP/data/Ses05M_script02_1_F020.wav,sad,Ses05,F,1.35
Ses05M_script02_1_M000,/mnt/ddn/kyudan/IEMOCAP/data/Ses05M_script02_1_M000.wav,happy,Ses05,M,21.05
Ses05M_script02_1_M001,/mnt/ddn/kyudan/IEMOCAP/data/Ses05M_script02_1_M001.wav,happy,Ses05,M,15.16
Ses05M_script02_1_M002,/mnt/ddn/kyudan/IEMOCAP/data/Ses05M_script02_1_M002.wav,happy,Ses05,M,16.09
Ses05M_script02_1_M003,/mnt/ddn/kyudan/IEMOCAP/data/Ses05M_script02_1_M003.wav,happy,Ses05,M,3.57
Ses05M_script02_1_M005,/mnt/ddn/kyudan/IEMOCAP/data/Ses05M_script02_1_M005.wav,happy,Ses05,M,7.25
Ses05M_script02_1_M006,/mnt/ddn/kyudan/IEMOCAP/data/Ses05M_script02_1_M006.wav,happy,Ses05,M,12.51
Ses05M_script02_1_M007,/mnt/ddn/kyudan/IEMOCAP/data/Ses05M_script02_1_M007.wav,happy,Ses05,M,15.19
Ses05M_script02_1_M008,/mnt/ddn/kyudan/IEMOCAP/data/Ses05M_script02_1_M008.wav,happy,Ses05,M,10.53
Ses05M_script02_1_M009,/mnt/ddn/kyudan/IEMOCAP/data/Ses05M_script02_1_M009.wav,happy,Ses05,M,6.8
Ses05M_script02_1_M010,/mnt/ddn/kyudan/IEMOCAP/data/Ses05M_script02_1_M010.wav,happy,Ses05,M,1.48
Ses05M_script02_1_M017,/mnt/ddn/kyudan/IEMOCAP/data/Ses05M_script02_1_M017.wav,happy,Ses05,M,9.448
Ses05M_script02_1_M018,/mnt/ddn/kyudan/IEMOCAP/data/Ses05M_script02_1_M018.wav,happy,Ses05,M,9.282
Ses05M_script02_1_M019,/mnt/ddn/kyudan/IEMOCAP/data/Ses05M_script02_1_M019.wav,happy,Ses05,M,6.39
Ses05M_script02_1_M020,/mnt/ddn/kyudan/IEMOCAP/data/Ses05M_script02_1_M020.wav,happy,Ses05,M,9.095
Ses05M_script02_1_M021,/mnt/ddn/kyudan/IEMOCAP/data/Ses05M_script02_1_M021.wav,happy,Ses05,M,6.965
Ses05M_script02_1_M023,/mnt/ddn/kyudan/IEMOCAP/data/Ses05M_script02_1_M023.wav,happy,Ses05,M,18.15
Ses05M_script02_1_M026,/mnt/ddn/kyudan/IEMOCAP/data/Ses05M_script02_1_M026.wav,happy,Ses05,M,1.92
Ses05M_script02_1_M027,/mnt/ddn/kyudan/IEMOCAP/data/Ses05M_script02_1_M027.wav,happy,Ses05,M,6.87
Ses05M_script02_1_M028,/mnt/ddn/kyudan/IEMOCAP/data/Ses05M_script02_1_M028.wav,happy,Ses05,M,6.13
Ses05M_script02_1_M029,/mnt/ddn/kyudan/IEMOCAP/data/Ses05M_script02_1_M029.wav,happy,Ses05,M,8.25
Ses05M_script02_1_M030,/mnt/ddn/kyudan/IEMOCAP/data/Ses05M_script02_1_M030.wav,happy,Ses05,M,34.139
Ses05M_script02_1_M031,/mnt/ddn/kyudan/IEMOCAP/data/Ses05M_script02_1_M031.wav,happy,Ses05,M,11.64
Ses05M_script02_1_M032,/mnt/ddn/kyudan/IEMOCAP/data/Ses05M_script02_1_M032.wav,happy,Ses05,M,15.05
Ses05M_script02_1_M033,/mnt/ddn/kyudan/IEMOCAP/data/Ses05M_script02_1_M033.wav,happy,Ses05,M,4.88
Ses05M_script02_2_F000,/mnt/ddn/kyudan/IEMOCAP/data/Ses05M_script02_2_F000.wav,neutral,Ses05,F,1.61
Ses05M_script02_2_F001,/mnt/ddn/kyudan/IEMOCAP/data/Ses05M_script02_2_F001.wav,neutral,Ses05,F,1.46
Ses05M_script02_2_F005,/mnt/ddn/kyudan/IEMOCAP/data/Ses05M_script02_2_F005.wav,angry,Ses05,F,7.06
Ses05M_script02_2_F009,/mnt/ddn/kyudan/IEMOCAP/data/Ses05M_script02_2_F009.wav,angry,Ses05,F,2.48
Ses05M_script02_2_F010,/mnt/ddn/kyudan/IEMOCAP/data/Ses05M_script02_2_F010.wav,angry,Ses05,F,16.49
Ses05M_script02_2_F012,/mnt/ddn/kyudan/IEMOCAP/data/Ses05M_script02_2_F012.wav,sad,Ses05,F,7.95
Ses05M_script02_2_F013,/mnt/ddn/kyudan/IEMOCAP/data/Ses05M_script02_2_F013.wav,sad,Ses05,F,31.91
Ses05M_script02_2_F014,/mnt/ddn/kyudan/IEMOCAP/data/Ses05M_script02_2_F014.wav,sad,Ses05,F,10.09
Ses05M_script02_2_F015,/mnt/ddn/kyudan/IEMOCAP/data/Ses05M_script02_2_F015.wav,sad,Ses05,F,5.74
Ses05M_script02_2_F016,/mnt/ddn/kyudan/IEMOCAP/data/Ses05M_script02_2_F016.wav,sad,Ses05,F,6.29
Ses05M_script02_2_F017,/mnt/ddn/kyudan/IEMOCAP/data/Ses05M_script02_2_F017.wav,sad,Ses05,F,1.32
Ses05M_script02_2_F018,/mnt/ddn/kyudan/IEMOCAP/data/Ses05M_script02_2_F018.wav,sad,Ses05,F,1.49
Ses05M_script02_2_F019,/mnt/ddn/kyudan/IEMOCAP/data/Ses05M_script02_2_F019.wav,sad,Ses05,F,1.12
Ses05M_script02_2_F020,/mnt/ddn/kyudan/IEMOCAP/data/Ses05M_script02_2_F020.wav,sad,Ses05,F,1.79
Ses05M_script02_2_F021,/mnt/ddn/kyudan/IEMOCAP/data/Ses05M_script02_2_F021.wav,sad,Ses05,F,1.23
Ses05M_script02_2_F022,/mnt/ddn/kyudan/IEMOCAP/data/Ses05M_script02_2_F022.wav,sad,Ses05,F,0.9
Ses05M_script02_2_F023,/mnt/ddn/kyudan/IEMOCAP/data/Ses05M_script02_2_F023.wav,sad,Ses05,F,4.3
Ses05M_script02_2_F024,/mnt/ddn/kyudan/IEMOCAP/data/Ses05M_script02_2_F024.wav,sad,Ses05,F,3.95
Ses05M_script02_2_F025,/mnt/ddn/kyudan/IEMOCAP/data/Ses05M_script02_2_F025.wav,sad,Ses05,F,5.208
Ses05M_script02_2_F026,/mnt/ddn/kyudan/IEMOCAP/data/Ses05M_script02_2_F026.wav,sad,Ses05,F,4.467
Ses05M_script02_2_F027,/mnt/ddn/kyudan/IEMOCAP/data/Ses05M_script02_2_F027.wav,sad,Ses05,F,10.08
Ses05M_script02_2_F028,/mnt/ddn/kyudan/IEMOCAP/data/Ses05M_script02_2_F028.wav,sad,Ses05,F,12.31
Ses05M_script02_2_F029,/mnt/ddn/kyudan/IEMOCAP/data/Ses05M_script02_2_F029.wav,sad,Ses05,F,4.69
Ses05M_script02_2_F030,/mnt/ddn/kyudan/IEMOCAP/data/Ses05M_script02_2_F030.wav,sad,Ses05,F,1.58
Ses05M_script02_2_F031,/mnt/ddn/kyudan/IEMOCAP/data/Ses05M_script02_2_F031.wav,sad,Ses05,F,6.39
Ses05M_script02_2_F032,/mnt/ddn/kyudan/IEMOCAP/data/Ses05M_script02_2_F032.wav,sad,Ses05,F,11.46
Ses05M_script02_2_F033,/mnt/ddn/kyudan/IEMOCAP/data/Ses05M_script02_2_F033.wav,sad,Ses05,F,4.05
Ses05M_script02_2_F034,/mnt/ddn/kyudan/IEMOCAP/data/Ses05M_script02_2_F034.wav,happy,Ses05,F,9.212
Ses05M_script02_2_F035,/mnt/ddn/kyudan/IEMOCAP/data/Ses05M_script02_2_F035.wav,happy,Ses05,F,2.253
Ses05M_script02_2_F036,/mnt/ddn/kyudan/IEMOCAP/data/Ses05M_script02_2_F036.wav,happy,Ses05,F,2.67
Ses05M_script02_2_F037,/mnt/ddn/kyudan/IEMOCAP/data/Ses05M_script02_2_F037.wav,happy,Ses05,F,13.48
Ses05M_script02_2_F038,/mnt/ddn/kyudan/IEMOCAP/data/Ses05M_script02_2_F038.wav,happy,Ses05,F,2.01
Ses05M_script02_2_M000,/mnt/ddn/kyudan/IEMOCAP/data/Ses05M_script02_2_M000.wav,happy,Ses05,M,4.17
Ses05M_script02_2_M001,/mnt/ddn/kyudan/IEMOCAP/data/Ses05M_script02_2_M001.wav,happy,Ses05,M,2.23
Ses05M_script02_2_M005,/mnt/ddn/kyudan/IEMOCAP/data/Ses05M_script02_2_M005.wav,neutral,Ses05,M,9.11
Ses05M_script02_2_M015,/mnt/ddn/kyudan/IEMOCAP/data/Ses05M_script02_2_M015.wav,happy,Ses05,M,4.31
Ses05M_script02_2_M016,/mnt/ddn/kyudan/IEMOCAP/data/Ses05M_script02_2_M016.wav,neutral,Ses05,M,11.17
Ses05M_script02_2_M024,/mnt/ddn/kyudan/IEMOCAP/data/Ses05M_script02_2_M024.wav,angry,Ses05,M,13.99
Ses05M_script02_2_M025,/mnt/ddn/kyudan/IEMOCAP/data/Ses05M_script02_2_M025.wav,angry,Ses05,M,26.773
Ses05M_script02_2_M026,/mnt/ddn/kyudan/IEMOCAP/data/Ses05M_script02_2_M026.wav,angry,Ses05,M,5.43
Ses05M_script02_2_M027,/mnt/ddn/kyudan/IEMOCAP/data/Ses05M_script02_2_M027.wav,sad,Ses05,M,1.33
Ses05M_script02_2_M029,/mnt/ddn/kyudan/IEMOCAP/data/Ses05M_script02_2_M029.wav,sad,Ses05,M,3.65
Ses05M_script02_2_M030,/mnt/ddn/kyudan/IEMOCAP/data/Ses05M_script02_2_M030.wav,sad,Ses05,M,2.3
Ses05M_script02_2_M031,/mnt/ddn/kyudan/IEMOCAP/data/Ses05M_script02_2_M031.wav,sad,Ses05,M,3.63
Ses05M_script02_2_M032,/mnt/ddn/kyudan/IEMOCAP/data/Ses05M_script02_2_M032.wav,sad,Ses05,M,4.26
Ses05M_script02_2_M034,/mnt/ddn/kyudan/IEMOCAP/data/Ses05M_script02_2_M034.wav,happy,Ses05,M,7.601
Ses05M_script02_2_M035,/mnt/ddn/kyudan/IEMOCAP/data/Ses05M_script02_2_M035.wav,happy,Ses05,M,6.014
Ses05M_script02_2_M036,/mnt/ddn/kyudan/IEMOCAP/data/Ses05M_script02_2_M036.wav,happy,Ses05,M,3.67
Ses05M_script02_2_M037,/mnt/ddn/kyudan/IEMOCAP/data/Ses05M_script02_2_M037.wav,happy,Ses05,M,2.21
Ses05M_script02_2_M038,/mnt/ddn/kyudan/IEMOCAP/data/Ses05M_script02_2_M038.wav,happy,Ses05,M,4.67
Ses05M_script02_2_M039,/mnt/ddn/kyudan/IEMOCAP/data/Ses05M_script02_2_M039.wav,happy,Ses05,M,6.63
Ses05M_script02_2_M040,/mnt/ddn/kyudan/IEMOCAP/data/Ses05M_script02_2_M040.wav,happy,Ses05,M,2.308
Ses05M_script03_1_F001,/mnt/ddn/kyudan/IEMOCAP/data/Ses05M_script03_1_F001.wav,happy,Ses05,F,3.42
Ses05M_script03_1_F002,/mnt/ddn/kyudan/IEMOCAP/data/Ses05M_script03_1_F002.wav,happy,Ses05,F,2.37
Ses05M_script03_1_F003,/mnt/ddn/kyudan/IEMOCAP/data/Ses05M_script03_1_F003.wav,happy,Ses05,F,2.28
Ses05M_script03_1_F004,/mnt/ddn/kyudan/IEMOCAP/data/Ses05M_script03_1_F004.wav,happy,Ses05,F,2.78
Ses05M_script03_1_F005,/mnt/ddn/kyudan/IEMOCAP/data/Ses05M_script03_1_F005.wav,happy,Ses05,F,2.66
Ses05M_script03_1_F006,/mnt/ddn/kyudan/IEMOCAP/data/Ses05M_script03_1_F006.wav,happy,Ses05,F,1.94
Ses05M_script03_1_F007,/mnt/ddn/kyudan/IEMOCAP/data/Ses05M_script03_1_F007.wav,happy,Ses05,F,2.77
Ses05M_script03_1_F008,/mnt/ddn/kyudan/IEMOCAP/data/Ses05M_script03_1_F008.wav,happy,Ses05,F,2.65
Ses05M_script03_1_F009,/mnt/ddn/kyudan/IEMOCAP/data/Ses05M_script03_1_F009.wav,happy,Ses05,F,3.62
Ses05M_script03_1_F010,/mnt/ddn/kyudan/IEMOCAP/data/Ses05M_script03_1_F010.wav,happy,Ses05,F,1.69
Ses05M_script03_1_F011,/mnt/ddn/kyudan/IEMOCAP/data/Ses05M_script03_1_F011.wav,neutral,Ses05,F,2.96
Ses05M_script03_1_F012,/mnt/ddn/kyudan/IEMOCAP/data/Ses05M_script03_1_F012.wav,neutral,Ses05,F,1.95
Ses05M_script03_1_F013,/mnt/ddn/kyudan/IEMOCAP/data/Ses05M_script03_1_F013.wav,neutral,Ses05,F,2.97
Ses05M_script03_1_F014,/mnt/ddn/kyudan/IEMOCAP/data/Ses05M_script03_1_F014.wav,happy,Ses05,F,4.99
Ses05M_script03_1_F015,/mnt/ddn/kyudan/IEMOCAP/data/Ses05M_script03_1_F015.wav,neutral,Ses05,F,3.7
Ses05M_script03_1_F016,/mnt/ddn/kyudan/IEMOCAP/data/Ses05M_script03_1_F016.wav,happy,Ses05,F,2.73
Ses05M_script03_1_F017,/mnt/ddn/kyudan/IEMOCAP/data/Ses05M_script03_1_F017.wav,neutral,Ses05,F,4.04
Ses05M_script03_1_F018,/mnt/ddn/kyudan/IEMOCAP/data/Ses05M_script03_1_F018.wav,happy,Ses05,F,2.43
Ses05M_script03_1_F019,/mnt/ddn/kyudan/IEMOCAP/data/Ses05M_script03_1_F019.wav,happy,Ses05,F,3.04
Ses05M_script03_1_F020,/mnt/ddn/kyudan/IEMOCAP/data/Ses05M_script03_1_F020.wav,neutral,Ses05,F,2.84
Ses05M_script03_1_F021,/mnt/ddn/kyudan/IEMOCAP/data/Ses05M_script03_1_F021.wav,happy,Ses05,F,6.37
Ses05M_script03_1_F022,/mnt/ddn/kyudan/IEMOCAP/data/Ses05M_script03_1_F022.wav,happy,Ses05,F,2.12
Ses05M_script03_1_F023,/mnt/ddn/kyudan/IEMOCAP/data/Ses05M_script03_1_F023.wav,happy,Ses05,F,5.79
Ses05M_script03_1_F024,/mnt/ddn/kyudan/IEMOCAP/data/Ses05M_script03_1_F024.wav,happy,Ses05,F,6.1
Ses05M_script03_1_F025,/mnt/ddn/kyudan/IEMOCAP/data/Ses05M_script03_1_F025.wav,happy,Ses05,F,2.78
Ses05M_script03_1_F026,/mnt/ddn/kyudan/IEMOCAP/data/Ses05M_script03_1_F026.wav,happy,Ses05,F,4.93
Ses05M_script03_1_F027,/mnt/ddn/kyudan/IEMOCAP/data/Ses05M_script03_1_F027.wav,happy,Ses05,F,1.95
Ses05M_script03_1_F028,/mnt/ddn/kyudan/IEMOCAP/data/Ses05M_script03_1_F028.wav,happy,Ses05,F,6.68
Ses05M_script03_1_F029,/mnt/ddn/kyudan/IEMOCAP/data/Ses05M_script03_1_F029.wav,happy,Ses05,F,3.33
Ses05M_script03_1_F030,/mnt/ddn/kyudan/IEMOCAP/data/Ses05M_script03_1_F030.wav,happy,Ses05,F,1.99
Ses05M_script03_1_F031,/mnt/ddn/kyudan/IEMOCAP/data/Ses05M_script03_1_F031.wav,neutral,Ses05,F,1.984
Ses05M_script03_1_M001,/mnt/ddn/kyudan/IEMOCAP/data/Ses05M_script03_1_M001.wav,happy,Ses05,M,1.794
Ses05M_script03_1_M003,/mnt/ddn/kyudan/IEMOCAP/data/Ses05M_script03_1_M003.wav,neutral,Ses05,M,3.05
Ses05M_script03_1_M004,/mnt/ddn/kyudan/IEMOCAP/data/Ses05M_script03_1_M004.wav,happy,Ses05,M,2.15
Ses05M_script03_1_M006,/mnt/ddn/kyudan/IEMOCAP/data/Ses05M_script03_1_M006.wav,happy,Ses05,M,2.94
Ses05M_script03_1_M007,/mnt/ddn/kyudan/IEMOCAP/data/Ses05M_script03_1_M007.wav,happy,Ses05,M,2.46
Ses05M_script03_1_M008,/mnt/ddn/kyudan/IEMOCAP/data/Ses05M_script03_1_M008.wav,happy,Ses05,M,4.6
Ses05M_script03_1_M009,/mnt/ddn/kyudan/IEMOCAP/data/Ses05M_script03_1_M009.wav,happy,Ses05,M,3.92
Ses05M_script03_1_M010,/mnt/ddn/kyudan/IEMOCAP/data/Ses05M_script03_1_M010.wav,happy,Ses05,M,2.21
Ses05M_script03_1_M011,/mnt/ddn/kyudan/IEMOCAP/data/Ses05M_script03_1_M011.wav,happy,Ses05,M,3.47
Ses05M_script03_1_M012,/mnt/ddn/kyudan/IEMOCAP/data/Ses05M_script03_1_M012.wav,happy,Ses05,M,10.66
Ses05M_script03_1_M013,/mnt/ddn/kyudan/IEMOCAP/data/Ses05M_script03_1_M013.wav,happy,Ses05,M,3.76
Ses05M_script03_1_M014,/mnt/ddn/kyudan/IEMOCAP/data/Ses05M_script03_1_M014.wav,happy,Ses05,M,11.302
Ses05M_script03_1_M015,/mnt/ddn/kyudan/IEMOCAP/data/Ses05M_script03_1_M015.wav,happy,Ses05,M,7.268
Ses05M_script03_1_M016,/mnt/ddn/kyudan/IEMOCAP/data/Ses05M_script03_1_M016.wav,happy,Ses05,M,3.29
Ses05M_script03_1_M017,/mnt/ddn/kyudan/IEMOCAP/data/Ses05M_script03_1_M017.wav,happy,Ses05,M,2.48
Ses05M_script03_1_M018,/mnt/ddn/kyudan/IEMOCAP/data/Ses05M_script03_1_M018.wav,happy,Ses05,M,3.69
Ses05M_script03_1_M019,/mnt/ddn/kyudan/IEMOCAP/data/Ses05M_script03_1_M019.wav,happy,Ses05,M,2.26
Ses05M_script03_1_M020,/mnt/ddn/kyudan/IEMOCAP/data/Ses05M_script03_1_M020.wav,happy,Ses05,M,3.0
Ses05M_script03_1_M021,/mnt/ddn/kyudan/IEMOCAP/data/Ses05M_script03_1_M021.wav,happy,Ses05,M,6.6
Ses05M_script03_1_M022,/mnt/ddn/kyudan/IEMOCAP/data/Ses05M_script03_1_M022.wav,happy,Ses05,M,17.388
Ses05M_script03_1_M023,/mnt/ddn/kyudan/IEMOCAP/data/Ses05M_script03_1_M023.wav,happy,Ses05,M,6.562
Ses05M_script03_1_M024,/mnt/ddn/kyudan/IEMOCAP/data/Ses05M_script03_1_M024.wav,happy,Ses05,M,12.58
Ses05M_script03_1_M025,/mnt/ddn/kyudan/IEMOCAP/data/Ses05M_script03_1_M025.wav,happy,Ses05,M,5.43
Ses05M_script03_1_M026,/mnt/ddn/kyudan/IEMOCAP/data/Ses05M_script03_1_M026.wav,happy,Ses05,M,4.26
Ses05M_script03_1_M027,/mnt/ddn/kyudan/IEMOCAP/data/Ses05M_script03_1_M027.wav,happy,Ses05,M,2.43
Ses05M_script03_1_M028,/mnt/ddn/kyudan/IEMOCAP/data/Ses05M_script03_1_M028.wav,happy,Ses05,M,2.47
Ses05M_script03_1_M029,/mnt/ddn/kyudan/IEMOCAP/data/Ses05M_script03_1_M029.wav,happy,Ses05,M,6.9
Ses05M_script03_1_M030,/mnt/ddn/kyudan/IEMOCAP/data/Ses05M_script03_1_M030.wav,happy,Ses05,M,5.35
Ses05M_script03_1_M031,/mnt/ddn/kyudan/IEMOCAP/data/Ses05M_script03_1_M031.wav,happy,Ses05,M,2.7
Ses05M_script03_1_M032,/mnt/ddn/kyudan/IEMOCAP/data/Ses05M_script03_1_M032.wav,happy,Ses05,M,3.18
Ses05M_script03_1_M033,/mnt/ddn/kyudan/IEMOCAP/data/Ses05M_script03_1_M033.wav,happy,Ses05,M,2.52
Ses05M_script03_1_M034,/mnt/ddn/kyudan/IEMOCAP/data/Ses05M_script03_1_M034.wav,happy,Ses05,M,6.65
Ses05M_script03_2_F000,/mnt/ddn/kyudan/IEMOCAP/data/Ses05M_script03_2_F000.wav,happy,Ses05,F,2.15
Ses05M_script03_2_F001,/mnt/ddn/kyudan/IEMOCAP/data/Ses05M_script03_2_F001.wav,neutral,Ses05,F,2.39
Ses05M_script03_2_F002,/mnt/ddn/kyudan/IEMOCAP/data/Ses05M_script03_2_F002.wav,neutral,Ses05,F,3.64
Ses05M_script03_2_F004,/mnt/ddn/kyudan/IEMOCAP/data/Ses05M_script03_2_F004.wav,neutral,Ses05,F,3.43
Ses05M_script03_2_F005,/mnt/ddn/kyudan/IEMOCAP/data/Ses05M_script03_2_F005.wav,neutral,Ses05,F,1.46
Ses05M_script03_2_F006,/mnt/ddn/kyudan/IEMOCAP/data/Ses05M_script03_2_F006.wav,neutral,Ses05,F,3.26
Ses05M_script03_2_F009,/mnt/ddn/kyudan/IEMOCAP/data/Ses05M_script03_2_F009.wav,neutral,Ses05,F,1.64
Ses05M_script03_2_F012,/mnt/ddn/kyudan/IEMOCAP/data/Ses05M_script03_2_F012.wav,neutral,Ses05,F,2.59
Ses05M_script03_2_F015,/mnt/ddn/kyudan/IEMOCAP/data/Ses05M_script03_2_F015.wav,neutral,Ses05,F,2.8
Ses05M_script03_2_F017,/mnt/ddn/kyudan/IEMOCAP/data/Ses05M_script03_2_F017.wav,angry,Ses05,F,1.42
Ses05M_script03_2_F018,/mnt/ddn/kyudan/IEMOCAP/data/Ses05M_script03_2_F018.wav,angry,Ses05,F,2.85
Ses05M_script03_2_F022,/mnt/ddn/kyudan/IEMOCAP/data/Ses05M_script03_2_F022.wav,angry,Ses05,F,4.551
Ses05M_script03_2_F023,/mnt/ddn/kyudan/IEMOCAP/data/Ses05M_script03_2_F023.wav,neutral,Ses05,F,1.86
Ses05M_script03_2_F026,/mnt/ddn/kyudan/IEMOCAP/data/Ses05M_script03_2_F026.wav,neutral,Ses05,F,1.84
Ses05M_script03_2_F028,/mnt/ddn/kyudan/IEMOCAP/data/Ses05M_script03_2_F028.wav,angry,Ses05,F,2.88
Ses05M_script03_2_F034,/mnt/ddn/kyudan/IEMOCAP/data/Ses05M_script03_2_F034.wav,angry,Ses05,F,4.28
Ses05M_script03_2_F035,/mnt/ddn/kyudan/IEMOCAP/data/Ses05M_script03_2_F035.wav,angry,Ses05,F,3.01
Ses05M_script03_2_F036,/mnt/ddn/kyudan/IEMOCAP/data/Ses05M_script03_2_F036.wav,angry,Ses05,F,3.34
Ses05M_script03_2_F037,/mnt/ddn/kyudan/IEMOCAP/data/Ses05M_script03_2_F037.wav,angry,Ses05,F,5.32
Ses05M_script03_2_F038,/mnt/ddn/kyudan/IEMOCAP/data/Ses05M_script03_2_F038.wav,angry,Ses05,F,6.59
Ses05M_script03_2_F039,/mnt/ddn/kyudan/IEMOCAP/data/Ses05M_script03_2_F039.wav,angry,Ses05,F,3.32
Ses05M_script03_2_F040,/mnt/ddn/kyudan/IEMOCAP/data/Ses05M_script03_2_F040.wav,angry,Ses05,F,2.38
Ses05M_script03_2_F041,/mnt/ddn/kyudan/IEMOCAP/data/Ses05M_script03_2_F041.wav,angry,Ses05,F,8.54
Ses05M_script03_2_F042,/mnt/ddn/kyudan/IEMOCAP/data/Ses05M_script03_2_F042.wav,angry,Ses05,F,0.96
Ses05M_script03_2_F043,/mnt/ddn/kyudan/IEMOCAP/data/Ses05M_script03_2_F043.wav,angry,Ses05,F,1.01
Ses05M_script03_2_F044,/mnt/ddn/kyudan/IEMOCAP/data/Ses05M_script03_2_F044.wav,angry,Ses05,F,1.16
Ses05M_script03_2_M000,/mnt/ddn/kyudan/IEMOCAP/data/Ses05M_script03_2_M000.wav,happy,Ses05,M,5.016
Ses05M_script03_2_M001,/mnt/ddn/kyudan/IEMOCAP/data/Ses05M_script03_2_M001.wav,happy,Ses05,M,3.27
Ses05M_script03_2_M002,/mnt/ddn/kyudan/IEMOCAP/data/Ses05M_script03_2_M002.wav,happy,Ses05,M,3.92
Ses05M_script03_2_M008,/mnt/ddn/kyudan/IEMOCAP/data/Ses05M_script03_2_M008.wav,angry,Ses05,M,2.85
Ses05M_script03_2_M009,/mnt/ddn/kyudan/IEMOCAP/data/Ses05M_script03_2_M009.wav,angry,Ses05,M,2.25
Ses05M_script03_2_M010,/mnt/ddn/kyudan/IEMOCAP/data/Ses05M_script03_2_M010.wav,neutral,Ses05,M,1.89
Ses05M_script03_2_M011,/mnt/ddn/kyudan/IEMOCAP/data/Ses05M_script03_2_M011.wav,neutral,Ses05,M,1.88
Ses05M_script03_2_M015,/mnt/ddn/kyudan/IEMOCAP/data/Ses05M_script03_2_M015.wav,angry,Ses05,M,2.0
Ses05M_script03_2_M020,/mnt/ddn/kyudan/IEMOCAP/data/Ses05M_script03_2_M020.wav,angry,Ses05,M,5.35
Ses05M_script03_2_M023,/mnt/ddn/kyudan/IEMOCAP/data/Ses05M_script03_2_M023.wav,angry,Ses05,M,1.25
Ses05M_script03_2_M024,/mnt/ddn/kyudan/IEMOCAP/data/Ses05M_script03_2_M024.wav,neutral,Ses05,M,6.66
Ses05M_script03_2_M025,/mnt/ddn/kyudan/IEMOCAP/data/Ses05M_script03_2_M025.wav,angry,Ses05,M,4.32
Ses05M_script03_2_M026,/mnt/ddn/kyudan/IEMOCAP/data/Ses05M_script03_2_M026.wav,angry,Ses05,M,7.43
Ses05M_script03_2_M027,/mnt/ddn/kyudan/IEMOCAP/data/Ses05M_script03_2_M027.wav,angry,Ses05,M,2.99
Ses05M_script03_2_M028,/mnt/ddn/kyudan/IEMOCAP/data/Ses05M_script03_2_M028.wav,angry,Ses05,M,7.94
Ses05M_script03_2_M029,/mnt/ddn/kyudan/IEMOCAP/data/Ses05M_script03_2_M029.wav,angry,Ses05,M,4.55
Ses05M_script03_2_M030,/mnt/ddn/kyudan/IEMOCAP/data/Ses05M_script03_2_M030.wav,angry,Ses05,M,5.6
Ses05M_script03_2_M031,/mnt/ddn/kyudan/IEMOCAP/data/Ses05M_script03_2_M031.wav,angry,Ses05,M,3.64
Ses05M_script03_2_M032,/mnt/ddn/kyudan/IEMOCAP/data/Ses05M_script03_2_M032.wav,angry,Ses05,M,2.1
Ses05M_script03_2_M033,/mnt/ddn/kyudan/IEMOCAP/data/Ses05M_script03_2_M033.wav,angry,Ses05,M,3.63
Ses05M_script03_2_M034,/mnt/ddn/kyudan/IEMOCAP/data/Ses05M_script03_2_M034.wav,angry,Ses05,M,2.49
Ses05M_script03_2_M035,/mnt/ddn/kyudan/IEMOCAP/data/Ses05M_script03_2_M035.wav,angry,Ses05,M,2.86
Ses05M_script03_2_M036,/mnt/ddn/kyudan/IEMOCAP/data/Ses05M_script03_2_M036.wav,angry,Ses05,M,2.16
Ses05M_script03_2_M037,/mnt/ddn/kyudan/IEMOCAP/data/Ses05M_script03_2_M037.wav,angry,Ses05,M,2.5
Ses05M_script03_2_M038,/mnt/ddn/kyudan/IEMOCAP/data/Ses05M_script03_2_M038.wav,angry,Ses05,M,1.44
Ses05M_script03_2_M039,/mnt/ddn/kyudan/IEMOCAP/data/Ses05M_script03_2_M039.wav,angry,Ses05,M,2.54
Ses05M_script03_2_M040,/mnt/ddn/kyudan/IEMOCAP/data/Ses05M_script03_2_M040.wav,angry,Ses05,M,3.37
Ses05M_script03_2_M041,/mnt/ddn/kyudan/IEMOCAP/data/Ses05M_script03_2_M041.wav,angry,Ses05,M,8.26
Ses05M_script03_2_M042,/mnt/ddn/kyudan/IEMOCAP/data/Ses05M_script03_2_M042.wav,angry,Ses05,M,1.74
Ses05M_script03_2_M043,/mnt/ddn/kyudan/IEMOCAP/data/Ses05M_script03_2_M043.wav,angry,Ses05,M,2.24
Ses05M_script03_2_M044,/mnt/ddn/kyudan/IEMOCAP/data/Ses05M_script03_2_M044.wav,angry,Ses05,M,4.47
Ses05M_script03_2_M045,/mnt/ddn/kyudan/IEMOCAP/data/Ses05M_script03_2_M045.wav,angry,Ses05,M,6.01
