utt_id,audio_path,emotion,session,gender,duration_s
Ses05M_script01_1b_M036,/mnt/ddn/kyudan/IEMOCAP/data/Ses05M_script01_1b_M036.wav,angry,Ses05,M,10.62
Ses04M_script03_2_M021,/mnt/ddn/kyudan/IEMOCAP/data/Ses04M_script03_2_M021.wav,angry,Ses04,M,2.235
Ses03F_impro01_M011,/mnt/ddn/kyudan/IEMOCAP/data/Ses03F_impro01_M011.wav,angry,Ses03,M,2.955
Ses05F_script02_2_M025,/mnt/ddn/kyudan/IEMOCAP/data/Ses05F_script02_2_M025.wav,angry,Ses05,M,2.506
Ses04F_script02_2_F031,/mnt/ddn/kyudan/IEMOCAP/data/Ses04F_script02_2_F031.wav,angry,Ses04,F,1.35
Ses04F_script01_1_F015,/mnt/ddn/kyudan/IEMOCAP/data/Ses04F_script01_1_F015.wav,angry,Ses04,F,6.48
Ses01F_impro05_F019,/mnt/ddn/kyudan/IEMOCAP/data/Ses01F_impro05_F019.wav,angry,Ses01,F,5.375
Ses02M_script03_2_M003,/mnt/ddn/kyudan/IEMOCAP/data/Ses02M_script03_2_M003.wav,angry,Ses02,M,4.125
Ses01F_script01_1_F038,/mnt/ddn/kyudan/IEMOCAP/data/Ses01F_script01_1_F038.wav,angry,Ses01,F,2.8
Ses03M_impro05b_M013,/mnt/ddn/kyudan/IEMOCAP/data/Ses03M_impro05b_M013.wav,angry,Ses03,M,6.82
Ses05M_impro01_F023,/mnt/ddn/kyudan/IEMOCAP/data/Ses05M_impro01_F023.wav,angry,Ses05,F,4.32
Ses03M_impro05a_M002,/mnt/ddn/kyudan/IEMOCAP/data/Ses03M_impro05a_M002.wav,angry,Ses03,M,3.26
Ses05M_impro01_F021,/mnt/ddn/kyudan/IEMOCAP/data/Ses05M_impro01_F021.wav,angry,Ses05,F,4.49
Ses02F_script02_2_F011,/mnt/ddn/kyudan/IEMOCAP/data/Ses02F_script02_2_F011.wav,angry,Ses02,F,13.55
Ses02M_script01_2_F006,/mnt/ddn/kyudan/IEMOCAP/data/Ses02M_script01_2_F006.wav,angry,Ses02,F,3.58
Ses05M_impro01_M003,/mnt/ddn/kyudan/IEMOCAP/data/Ses05M_impro01_M003.wav,angry,Ses05,M,3.71
Ses03F_script03_2_F019,/mnt/ddn/kyudan/IEMOCAP/data/Ses03F_script03_2_F019.wav,angry,Ses03,F,3.387
Ses01F_script02_2_M030,/mnt/ddn/kyudan/IEMOCAP/data/Ses01F_script02_2_M030.wav,angry,Ses01,M,12.22
Ses03M_script01_1_F020,/mnt/ddn/kyudan/IEMOCAP/data/Ses03M_script01_1_F020.wav,angry,Ses03,F,4.289
Ses05M_script01_1b_M032,/mnt/ddn/kyudan/IEMOCAP/data/Ses05M_script01_1b_M032.wav,angry,Ses05,M,4.87
Ses03M_impro01_F025,/mnt/ddn/kyudan/IEMOCAP/data/Ses03M_impro01_F025.wav,angry,Ses03,F,6.705
Ses02M_script03_2_M027,/mnt/ddn/kyudan/IEMOCAP/data/Ses02M_script03_2_M027.wav,angry,Ses02,M,3.817
Ses03M_impro01_M019,/mnt/ddn/kyudan/IEMOCAP/data/Ses03M_impro01_M019.wav,angry,Ses03,M,3.275
Ses05F_impro08_M003,/mnt/ddn/kyudan/IEMOCAP/data/Ses05F_impro08_M003.wav,angry,Ses05,M,5.13
Ses03M_script01_2_F012,/mnt/ddn/kyudan/IEMOCAP/data/Ses03M_script01_2_F012.wav,angry,Ses03,F,9.021
Ses04M_script02_2_M034,/mnt/ddn/kyudan/IEMOCAP/data/Ses04M_script02_2_M034.wav,angry,Ses04,M,1.95
Ses02M_impro01_M008,/mnt/ddn/kyudan/IEMOCAP/data/Ses02M_impro01_M008.wav,angry,Ses02,M,2.09
Ses04M_script03_2_M030,/mnt/ddn/kyudan/IEMOCAP/data/Ses04M_script03_2_M030.wav,angry,Ses04,M,4.4
Ses04M_impro05_M001,/mnt/ddn/kyudan/IEMOCAP/data/Ses04M_impro05_M001.wav,angry,Ses04,M,3.24
Ses04F_script03_2_M008,/mnt/ddn/kyudan/IEMOCAP/data/Ses04F_script03_2_M008.wav,angry,Ses04,M,2.41
Ses05M_script03_2_M039,/mnt/ddn/kyudan/IEMOCAP/data/Ses05M_script03_2_M039.wav,angry,Ses05,M,2.54
Ses03F_impro02_M023,/mnt/ddn/kyudan/IEMOCAP/data/Ses03F_impro02_M023.wav,angry,Ses03,M,6.055
Ses03M_impro05a_M025,/mnt/ddn/kyudan/IEMOCAP/data/Ses03M_impro05a_M025.wav,angry,Ses03,M,2.51
Ses03M_impro01_F022,/mnt/ddn/kyudan/IEMOCAP/data/Ses03M_impro01_F022.wav,angry,Ses03,F,4.719
Ses01M_impro01_F000,/mnt/ddn/kyudan/IEMOCAP/data/Ses01M_impro01_F000.wav,angry,Ses01,F,1.69
Ses01M_script01_1_F015,/mnt/ddn/kyudan/IEMOCAP/data/Ses01M_script01_1_F015.wav,angry,Ses01,F,11.305
Ses02F_script03_2_F042,/mnt/ddn/kyudan/IEMOCAP/data/Ses02F_script03_2_F042.wav,angry,Ses02,F,4.58
Ses02F_script03_2_M047,/mnt/ddn/kyudan/IEMOCAP/data/Ses02F_script03_2_M047.wav,angry,Ses02,M,4.15
Ses03F_script03_2_F035,/mnt/ddn/kyudan/IEMOCAP/data/Ses03F_script03_2_F035.wav,angry,Ses03,F,2.4
Ses04M_script03_2_M050,/mnt/ddn/kyudan/IEMOCAP/data/Ses04M_script03_2_M050.wav,angry,Ses04,M,5.2
Ses03M_script01_1_M011,/mnt/ddn/kyudan/IEMOCAP/data/Ses03M_script01_1_M011.wav,angry,Ses03,M,13.57
Ses04F_impro01_M012,/mnt/ddn/kyudan/IEMOCAP/data/Ses04F_impro01_M012.wav,angry,Ses04,M,2.86
Ses01M_script02_1_F017,/mnt/ddn/kyudan/IEMOCAP/data/Ses01M_script02_1_F017.wav,angry,Ses01,F,9.009
Ses02M_script01_1_M024,/mnt/ddn/kyudan/IEMOCAP/data/Ses02M_script01_1_M024.wav,angry,Ses02,M,12.01
Ses03M_impro01_M002,/mnt/ddn/kyudan/IEMOCAP/data/Ses03M_impro01_M002.wav,angry,Ses03,M,3.532
Ses01F_script02_1_F012,/mnt/ddn/kyudan/IEMOCAP/data/Ses01F_script02_1_F012.wav,angry,Ses01,F,1.58
Ses04M_script03_2_M056,/mnt/ddn/kyudan/IEMOCAP/data/Ses04M_script03_2_M056.wav,angry,Ses04,M,1.92
Ses03M_impro05b_M023,/mnt/ddn/kyudan/IEMOCAP/data/Ses03M_impro05b_M023.wav,angry,Ses03,M,4.3
Ses04M_script01_1_F022,/mnt/ddn/kyudan/IEMOCAP/data/Ses04M_script01_1_F022.wav,angry,Ses04,F,4.705
Ses03M_impro05a_M011,/mnt/ddn/kyudan/IEMOCAP/data/Ses03M_impro05a_M011.wav,angry,Ses03,M,3.19
Ses04M_impro08_F015,/mnt/ddn/kyudan/IEMOCAP/data/Ses04M_impro08_F015.wav,angry,Ses04,F,10.06
Ses01F_script03_2_F040,/mnt/ddn/kyudan/IEMOCAP/data/Ses01F_script03_2_F040.wav,angry,Ses01,F,18.43
Ses03F_script03_2_M044,/mnt/ddn/kyudan/IEMOCAP/data/Ses03F_script03_2_M044.wav,angry,Ses03,M,11.04
Ses04M_script01_2_F000,/mnt/ddn/kyudan/IEMOCAP/data/Ses04M_script01_2_F000.wav,angry,Ses04,F,3.35
Ses05M_script01_1_F018,/mnt/ddn/kyudan/IEMOCAP/data/Ses05M_script01_1_F018.wav,angry,Ses05,F,3.82
Ses05M_script03_2_F017,/mnt/ddn/kyudan/IEMOCAP/data/Ses05M_script03_2_F017.wav,angry,Ses05,F,1.42
Ses01M_script01_1_F029,/mnt/ddn/kyudan/IEMOCAP/data/Ses01M_script01_1_F029.wav,angry,Ses01,F,3.11
Ses04M_script02_2_F029,/mnt/ddn/kyudan/IEMOCAP/data/Ses04M_script02_2_F029.wav,angry,Ses04,F,3.65
Ses01F_script01_2_F007,/mnt/ddn/kyudan/IEMOCAP/data/Ses01F_script01_2_F007.wav,angry,Ses01,F,8.89
Ses01M_script03_2_F027,/mnt/ddn/kyudan/IEMOCAP/data/Ses01M_script03_2_F027.wav,angry,Ses01,F,2.45
Ses04F_impro01_F012,/mnt/ddn/kyudan/IEMOCAP/data/Ses04F_impro01_F012.wav,angry,Ses04,F,5.78
Ses03F_impro05_F015,/mnt/ddn/kyudan/IEMOCAP/data/Ses03F_impro05_F015.wav,angry,Ses03,F,2.74
Ses03M_script01_1_M040,/mnt/ddn/kyudan/IEMOCAP/data/Ses03M_script01_1_M040.wav,angry,Ses03,M,3.992
Ses01M_script02_2_F016,/mnt/ddn/kyudan/IEMOCAP/data/Ses01M_script02_2_F016.wav,angry,Ses01,F,11.488
Ses03M_script01_2_M015,/mnt/ddn/kyudan/IEMOCAP/data/Ses03M_script01_2_M015.wav,angry,Ses03,M,3.574
Ses02M_script01_1_M012,/mnt/ddn/kyudan/IEMOCAP/data/Ses02M_script01_1_M012.wav,angry,Ses02,M,1.782
Ses01F_script03_2_F014,/mnt/ddn/kyudan/IEMOCAP/data/Ses01F_script03_2_F014.wav,angry,Ses01,F,2.18
Ses01F_script02_2_F016,/mnt/ddn/kyudan/IEMOCAP/data/Ses01F_script02_2_F016.wav,angry,Ses01,F,3.17
Ses03M_script03_2_F019,/mnt/ddn/kyudan/IEMOCAP/data/Ses03M_script03_2_F019.wav,angry,Ses03,F,2.529
Ses05M_script03_2_M033,/mnt/ddn/kyudan/IEMOCAP/data/Ses05M_script03_2_M033.wav,angry,Ses05,M,3.63
Ses03M_impro01_M028,/mnt/ddn/kyudan/IEMOCAP/data/Ses03M_impro01_M028.wav,angry,Ses03,M,2.917
Ses02F_script01_1_M021,/mnt/ddn/kyudan/IEMOCAP/data/Ses02F_script01_1_M021.wav,angry,Ses02,M,2.79
Ses01F_script01_2_M016,/mnt/ddn/kyudan/IEMOCAP/data/Ses01F_script01_2_M016.wav,angry,Ses01,M,3.43
Ses02F_script02_2_F029,/mnt/ddn/kyudan/IEMOCAP/data/Ses02F_script02_2_F029.wav,angry,Ses02,F,5.06
Ses04F_script01_2_F016,/mnt/ddn/kyudan/IEMOCAP/data/Ses04F_script01_2_F016.wav,angry,Ses04,F,8.761
Ses03M_impro05b_M015,/mnt/ddn/kyudan/IEMOCAP/data/Ses03M_impro05b_M015.wav,angry,Ses03,M,2.74
Ses05F_impro02_M015,/mnt/ddn/kyudan/IEMOCAP/data/Ses05F_impro02_M015.wav,angry,Ses05,M,7.46
Ses04F_impro08_M009,/mnt/ddn/kyudan/IEMOCAP/data/Ses04F_impro08_M009.wav,angry,Ses04,M,7.17
Ses01F_script01_2_F005,/mnt/ddn/kyudan/IEMOCAP/data/Ses01F_script01_2_F005.wav,angry,Ses01,F,3.75
Ses01M_script01_2_F000,/mnt/ddn/kyudan/IEMOCAP/data/Ses01M_script01_2_F000.wav,angry,Ses01,F,2.844
Ses04F_script03_2_M015,/mnt/ddn/kyudan/IEMOCAP/data/Ses04F_script03_2_M015.wav,angry,Ses04,M,1.826
Ses04M_impro01_F018,/mnt/ddn/kyudan/IEMOCAP/data/Ses04M_impro01_F018.wav,angry,Ses04,F,4.41
Ses01M_script01_2_F012,/mnt/ddn/kyudan/IEMOCAP/data/Ses01M_script01_2_F012.wav,angry,Ses01,F,8.99
Ses03F_script01_2_F016,/mnt/ddn/kyudan/IEMOCAP/data/Ses03F_script01_2_F016.wav,angry,Ses03,F,7.27
Ses02M_script03_2_M043,/mnt/ddn/kyudan/IEMOCAP/data/Ses02M_script03_2_M043.wav,angry,Ses02,M,2.135
Ses02M_script01_1_F034,/mnt/ddn/kyudan/IEMOCAP/data/Ses02M_script01_1_F034.wav,angry,Ses02,F,3.08
Ses05M_impro04_M040,/mnt/ddn/kyudan/IEMOCAP/data/Ses05M_impro04_M040.wav,angry,Ses05,M,2.59
Ses04M_script03_2_F019,/mnt/ddn/kyudan/IEMOCAP/data/Ses04M_script03_2_F019.wav,angry,Ses04,F,1.609
Ses05M_script01_1b_F034,/mnt/ddn/kyudan/IEMOCAP/data/Ses05M_script01_1b_F034.wav,angry,Ses05,F,2.54
Ses04F_impro08_M015,/mnt/ddn/kyudan/IEMOCAP/data/Ses04F_impro08_M015.wav,angry,Ses04,M,11.55
Ses04F_script01_1_F024,/mnt/ddn/kyudan/IEMOCAP/data/Ses04F_script01_1_F024.wav,angry,Ses04,F,8.716
Ses02F_script03_2_M045,/mnt/ddn/kyudan/IEMOCAP/data/Ses02F_script03_2_M045.wav,angry,Ses02,M,1.79
Ses04F_script01_1_M020,/mnt/ddn/kyudan/IEMOCAP/data/Ses04F_script01_1_M020.wav,angry,Ses04,M,3.11
Ses04M_script02_2_F025,/mnt/ddn/kyudan/IEMOCAP/data/Ses04M_script02_2_F025.wav,angry,Ses04,F,1.39
Ses05M_script03_2_M035,/mnt/ddn/kyudan/IEMOCAP/data/Ses05M_script03_2_M035.wav,angry,Ses05,M,2.86
Ses01M_impro01_F011,/mnt/ddn/kyudan/IEMOCAP/data/Ses01M_impro01_F011.wav,angry,Ses01,F,2.16
Ses01M_script03_2_M033,/mnt/ddn/kyudan/IEMOCAP/data/Ses01M_script03_2_M033.wav,angry,Ses01,M,2.553
Ses02M_script03_2_M041,/mnt/ddn/kyudan/IEMOCAP/data/Ses02M_script03_2_M041.wav,angry,Ses02,M,2.46
Ses01M_script01_2_F009,/mnt/ddn/kyudan/IEMOCAP/data/Ses01M_script01_2_F009.wav,angry,Ses01,F,13.615
Ses02F_script01_1_F019,/mnt/ddn/kyudan/IEMOCAP/data/Ses02F_script01_1_F019.wav,angry,Ses02,F,3.58
Ses03F_script01_1_M021,/mnt/ddn/kyudan/IEMOCAP/data/Ses03F_script01_1_M021.wav,angry,Ses03,M,4.188
Ses04M_script02_1_F010,/mnt/ddn/kyudan/IEMOCAP/data/Ses04M_script02_1_F010.wav,angry,Ses04,F,1.789
Ses04M_script01_1_F038,/mnt/ddn/kyudan/IEMOCAP/data/Ses04M_script01_1_F038.wav,angry,Ses04,F,5.412
Ses03M_script03_2_M045,/mnt/ddn/kyudan/IEMOCAP/data/Ses03M_script03_2_M045.wav,angry,Ses03,M,12.05
Ses04F_script01_1_M029,/mnt/ddn/kyudan/IEMOCAP/data/Ses04F_script01_1_M029.wav,angry,Ses04,M,2.26
Ses04F_script03_2_F012,/mnt/ddn/kyudan/IEMOCAP/data/Ses04F_script03_2_F012.wav,angry,Ses04,F,2.431
Ses03F_script02_2_F035,/mnt/ddn/kyudan/IEMOCAP/data/Ses03F_script02_2_F035.wav,angry,Ses03,F,4.363
Ses01F_script01_1_F041,/mnt/ddn/kyudan/IEMOCAP/data/Ses01F_script01_1_F041.wav,angry,Ses01,F,9.78
Ses05M_script01_1_M034,/mnt/ddn/kyudan/IEMOCAP/data/Ses05M_script01_1_M034.wav,angry,Ses05,M,4.21
Ses01M_script02_2_F031,/mnt/ddn/kyudan/IEMOCAP/data/Ses01M_script02_2_F031.wav,angry,Ses01,F,5.148
Ses01F_impro05_F025,/mnt/ddn/kyudan/IEMOCAP/data/Ses01F_impro05_F025.wav,angry,Ses01,F,3.11
Ses01F_impro05_F027,/mnt/ddn/kyudan/IEMOCAP/data/Ses01F_impro05_F027.wav,angry,Ses01,F,4.625
Ses02M_script01_1_M038,/mnt/ddn/kyudan/IEMOCAP/data/Ses02M_script01_1_M038.wav,angry,Ses02,M,3.73
Ses04F_script01_1_F044,/mnt/ddn/kyudan/IEMOCAP/data/Ses04F_script01_1_F044.wav,angry,Ses04,F,3.572
Ses03F_script01_2_F000,/mnt/ddn/kyudan/IEMOCAP/data/Ses03F_script01_2_F000.wav,angry,Ses03,F,2.846
Ses05M_script03_2_F039,/mnt/ddn/kyudan/IEMOCAP/data/Ses05M_script03_2_F039.wav,angry,Ses05,F,3.32
Ses01F_script03_2_F021,/mnt/ddn/kyudan/IEMOCAP/data/Ses01F_script03_2_F021.wav,angry,Ses01,F,8.517
Ses02F_script01_1_M038,/mnt/ddn/kyudan/IEMOCAP/data/Ses02F_script01_1_M038.wav,angry,Ses02,M,7.47
Ses02F_script02_2_F005,/mnt/ddn/kyudan/IEMOCAP/data/Ses02F_script02_2_F005.wav,angry,Ses02,F,7.44
Ses05F_impro05_F024,/mnt/ddn/kyudan/IEMOCAP/data/Ses05F_impro05_F024.wav,angry,Ses05,F,5.862
Ses05F_script03_2_F036,/mnt/ddn/kyudan/IEMOCAP/data/Ses05F_script03_2_F036.wav,angry,Ses05,F,2.28
Ses01F_script02_2_F005,/mnt/ddn/kyudan/IEMOCAP/data/Ses01F_script02_2_F005.wav,angry,Ses01,F,3.669
Ses02M_impro04_M019,/mnt/ddn/kyudan/IEMOCAP/data/Ses02M_impro04_M019.wav,angry,Ses02,M,3.28
Ses05M_script01_1_M021,/mnt/ddn/kyudan/IEMOCAP/data/Ses05M_script01_1_M021.wav,angry,Ses05,M,6.43
Ses05M_script03_2_M045,/mnt/ddn/kyudan/IEMOCAP/data/Ses05M_script03_2_M045.wav,angry,Ses05,M,6.01
Ses01M_impro05_M021,/mnt/ddn/kyudan/IEMOCAP/data/Ses01M_impro05_M021.wav,angry,Ses01,M,5.85
Ses03M_impro05b_M009,/mnt/ddn/kyudan/IEMOCAP/data/Ses03M_impro05b_M009.wav,angry,Ses03,M,3.48
Ses04F_script01_1_M030,/mnt/ddn/kyudan/IEMOCAP/data/Ses04F_script01_1_M030.wav,angry,Ses04,M,1.72
Ses02M_script02_2_F013,/mnt/ddn/kyudan/IEMOCAP/data/Ses02M_script02_2_F013.wav,angry,Ses02,F,6.57
Ses04M_impro05_M018,/mnt/ddn/kyudan/IEMOCAP/data/Ses04M_impro05_M018.wav,angry,Ses04,M,4.29
Ses02F_script01_2_M016,/mnt/ddn/kyudan/IEMOCAP/data/Ses02F_script01_2_M016.wav,angry,Ses02,M,2.5
Ses04F_script01_2_F008,/mnt/ddn/kyudan/IEMOCAP/data/Ses04F_script01_2_F008.wav,angry,Ses04,F,5.282
Ses04M_script03_2_F028,/mnt/ddn/kyudan/IEMOCAP/data/Ses04M_script03_2_F028.wav,angry,Ses04,F,6.27
Ses01F_script03_2_M030,/mnt/ddn/kyudan/IEMOCAP/data/Ses01F_script03_2_M030.wav,angry,Ses01,M,2.326
Ses02F_script01_1_F040,/mnt/ddn/kyudan/IEMOCAP/data/Ses02F_script01_1_F040.wav,angry,Ses02,F,3.342
Ses03F_script03_2_M043,/mnt/ddn/kyudan/IEMOCAP/data/Ses03F_script03_2_M043.wav,angry,Ses03,M,4.625
Ses05M_script03_2_M036,/mnt/ddn/kyudan/IEMOCAP/data/Ses05M_script03_2_M036.wav,angry,Ses05,M,2.16
Ses04M_impro05_M045,/mnt/ddn/kyudan/IEMOCAP/data/Ses04M_impro05_M045.wav,angry,Ses04,M,5.392
Ses01F_script03_2_M023,/mnt/ddn/kyudan/IEMOCAP/data/Ses01F_script03_2_M023.wav,angry,Ses01,M,3.72
Ses04M_script02_1_F012,/mnt/ddn/kyudan/IEMOCAP/data/Ses04M_script02_1_F012.wav,angry,Ses04,F,2.798
Ses04M_script03_2_F023,/mnt/ddn/kyudan/IEMOCAP/data/Ses04M_script03_2_F023.wav,angry,Ses04,F,2.33
Ses05F_impro05_F019,/mnt/ddn/kyudan/IEMOCAP/data/Ses05F_impro05_F019.wav,angry,Ses05,F,4.86
Ses05M_impro01_M006,/mnt/ddn/kyudan/IEMOCAP/data/Ses05M_impro01_M006.wav,angry,Ses05,M,1.01
Ses04M_script03_2_F038,/mnt/ddn/kyudan/IEMOCAP/data/Ses04M_script03_2_F038.wav,angry,Ses04,F,2.72
Ses01M_script01_2_F013,/mnt/ddn/kyudan/IEMOCAP/data/Ses01M_script01_2_F013.wav,angry,Ses01,F,4.65
Ses05M_script03_2_M031,/mnt/ddn/kyudan/IEMOCAP/data/Ses05M_script03_2_M031.wav,angry,Ses05,M,3.64
Ses04M_script02_2_F026,/mnt/ddn/kyudan/IEMOCAP/data/Ses04M_script02_2_F026.wav,angry,Ses04,F,3.07
Ses05F_script03_2_M041,/mnt/ddn/kyudan/IEMOCAP/data/Ses05F_script03_2_M041.wav,angry,Ses05,M,2.71
Ses05F_script03_2_M013,/mnt/ddn/kyudan/IEMOCAP/data/Ses05F_script03_2_M013.wav,angry,Ses05,M,5.27
Ses04F_script03_2_M040,/mnt/ddn/kyudan/IEMOCAP/data/Ses04F_script03_2_M040.wav,angry,Ses04,M,2.308
Ses03M_script02_2_M031,/mnt/ddn/kyudan/IEMOCAP/data/Ses03M_script02_2_M031.wav,angry,Ses03,M,8.833
Ses02F_script03_2_F013,/mnt/ddn/kyudan/IEMOCAP/data/Ses02F_script03_2_F013.wav,angry,Ses02,F,2.08
Ses04F_impro05_F013,/mnt/ddn/kyudan/IEMOCAP/data/Ses04F_impro05_F013.wav,angry,Ses04,F,5.57
Ses03F_script03_2_M020,/mnt/ddn/kyudan/IEMOCAP/data/Ses03F_script03_2_M020.wav,angry,Ses03,M,1.39
Ses01M_script02_1_F021,/mnt/ddn/kyudan/IEMOCAP/data/Ses01M_script02_1_F021.wav,angry,Ses01,F,1.5
Ses04M_script01_2_F017,/mnt/ddn/kyudan/IEMOCAP/data/Ses04M_script01_2_F017.wav,angry,Ses04,F,3.99
Ses01M_script02_1_F022,/mnt/ddn/kyudan/IEMOCAP/data/Ses01M_script02_1_F022.wav,angry,Ses01,F,14.01
Ses01F_script01_2_F010,/mnt/ddn/kyudan/IEMOCAP/data/Ses01F_script01_2_F010.wav,angry,Ses01,F,9.81
Ses02F_impro01_F018,/mnt/ddn/kyudan/IEMOCAP/data/Ses02F_impro01_F018.wav,angry,Ses02,F,5.707
Ses03M_script03_2_F014,/mnt/ddn/kyudan/IEMOCAP/data/Ses03M_script03_2_F014.wav,angry,Ses03,F,1.69
Ses01F_script01_2_F012,/mnt/ddn/kyudan/IEMOCAP/data/Ses01F_script01_2_F012.wav,angry,Ses01,F,14.14
Ses01F_script03_2_M025,/mnt/ddn/kyudan/IEMOCAP/data/Ses01F_script03_2_M025.wav,angry,Ses01,M,4.49
Ses01M_script03_2_F035,/mnt/ddn/kyudan/IEMOCAP/data/Ses01M_script03_2_F035.wav,angry,Ses01,F,5.01
Ses05F_script03_2_F017,/mnt/ddn/kyudan/IEMOCAP/data/Ses05F_script03_2_F017.wav,angry,Ses05,F,2.15
Ses03M_impro01_F010,/mnt/ddn/kyudan/IEMOCAP/data/Ses03M_impro01_F010.wav,angry,Ses03,F,3.961
Ses03M_impro05a_M004,/mnt/ddn/kyudan/IEMOCAP/data/Ses03M_impro05a_M004.wav,angry,Ses03,M,1.06
Ses03F_impro08_M007,/mnt/ddn/kyudan/IEMOCAP/data/Ses03F_impro08_M007.wav,angry,Ses03,M,1.934
Ses05F_script03_2_M022,/mnt/ddn/kyudan/IEMOCAP/data/Ses05F_script03_2_M022.wav,angry,Ses05,M,1.08
Ses04M_script03_2_M008,/mnt/ddn/kyudan/IEMOCAP/data/Ses04M_script03_2_M008.wav,angry,Ses04,M,3.27
Ses05M_script03_2_M008,/mnt/ddn/kyudan/IEMOCAP/data/Ses05M_script03_2_M008.wav,angry,Ses05,M,2.85
Ses02M_impro01_M018,/mnt/ddn/kyudan/IEMOCAP/data/Ses02M_impro01_M018.wav,angry,Ses02,M,6.899
Ses03M_script03_2_M002,/mnt/ddn/kyudan/IEMOCAP/data/Ses03M_script03_2_M002.wav,angry,Ses03,M,7.018
Ses04F_impro04_F025,/mnt/ddn/kyudan/IEMOCAP/data/Ses04F_impro04_F025.wav,angry,Ses04,F,4.13
Ses02F_script01_1_M034,/mnt/ddn/kyudan/IEMOCAP/data/Ses02F_script01_1_M034.wav,angry,Ses02,M,3.9
Ses03F_script02_1_M035,/mnt/ddn/kyudan/IEMOCAP/data/Ses03F_script02_1_M035.wav,angry,Ses03,M,4.695
Ses05F_impro02_M010,/mnt/ddn/kyudan/IEMOCAP/data/Ses05F_impro02_M010.wav,angry,Ses05,M,2.98
Ses05F_script02_2_F005,/mnt/ddn/kyudan/IEMOCAP/data/Ses05F_script02_2_F005.wav,angry,Ses05,F,5.647
Ses03F_script03_2_M038,/mnt/ddn/kyudan/IEMOCAP/data/Ses03F_script03_2_M038.wav,angry,Ses03,M,1.5
Ses04F_impro01_F016,/mnt/ddn/kyudan/IEMOCAP/data/Ses04F_impro01_F016.wav,angry,Ses04,F,4.45
Ses04M_script03_2_F034,/mnt/ddn/kyudan/IEMOCAP/data/Ses04M_script03_2_F034.wav,angry,Ses04,F,1.96
Ses04F_impro05_F004,/mnt/ddn/kyudan/IEMOCAP/data/Ses04F_impro05_F004.wav,angry,Ses04,F,2.21
Ses04F_script03_2_M001,/mnt/ddn/kyudan/IEMOCAP/data/Ses04F_script03_2_M001.wav,angry,Ses04,M,4.175
Ses03M_script03_2_F042,/mnt/ddn/kyudan/IEMOCAP/data/Ses03M_script03_2_F042.wav,angry,Ses03,F,6.958
Ses04F_script03_2_F035,/mnt/ddn/kyudan/IEMOCAP/data/Ses04F_script03_2_F035.wav,angry,Ses04,F,3.49
Ses04F_script01_2_F006,/mnt/ddn/kyudan/IEMOCAP/data/Ses04F_script01_2_F006.wav,angry,Ses04,F,3.19
Ses01M_script01_1_F017,/mnt/ddn/kyudan/IEMOCAP/data/Ses01M_script01_1_F017.wav,angry,Ses01,F,2.038
Ses02F_script01_1_M022,/mnt/ddn/kyudan/IEMOCAP/data/Ses02F_script01_1_M022.wav,angry,Ses02,M,11.62
Ses05F_script01_1_M013,/mnt/ddn/kyudan/IEMOCAP/data/Ses05F_script01_1_M013.wav,angry,Ses05,M,6.8
Ses04F_script01_1_M038,/mnt/ddn/kyudan/IEMOCAP/data/Ses04F_script01_1_M038.wav,angry,Ses04,M,2.63
Ses03M_script02_2_F013,/mnt/ddn/kyudan/IEMOCAP/data/Ses03M_script02_2_F013.wav,angry,Ses03,F,8.7
Ses03M_impro08a_F013,/mnt/ddn/kyudan/IEMOCAP/data/Ses03M_impro08a_F013.wav,angry,Ses03,F,7.618
Ses04M_impro05_M023,/mnt/ddn/kyudan/IEMOCAP/data/Ses04M_impro05_M023.wav,angry,Ses04,M,10.13
Ses04M_script01_1_M037,/mnt/ddn/kyudan/IEMOCAP/data/Ses04M_script01_1_M037.wav,angry,Ses04,M,3.81
Ses03M_script02_2_F000,/mnt/ddn/kyudan/IEMOCAP/data/Ses03M_script02_2_F000.wav,angry,Ses03,F,2.278
Ses03F_script01_2_F002,/mnt/ddn/kyudan/IEMOCAP/data/Ses03F_script01_2_F002.wav,angry,Ses03,F,3.126
Ses03F_impro08_M012,/mnt/ddn/kyudan/IEMOCAP/data/Ses03F_impro08_M012.wav,angry,Ses03,M,1.66
Ses03M_impro05a_M027,/mnt/ddn/kyudan/IEMOCAP/data/Ses03M_impro05a_M027.wav,angry,Ses03,M,2.32
Ses04M_impro05_M038,/mnt/ddn/kyudan/IEMOCAP/data/Ses04M_impro05_M038.wav,angry,Ses04,M,1.72
Ses01M_script03_2_M035,/mnt/ddn/kyudan/IEMOCAP/data/Ses01M_script03_2_M035.wav,angry,Ses01,M,2.998
Ses01M_script03_2_F025,/mnt/ddn/kyudan/IEMOCAP/data/Ses01M_script03_2_F025.wav,angry,Ses01,F,2.2
Ses04M_script03_2_M010,/mnt/ddn/kyudan/IEMOCAP/data/Ses04M_script03_2_M010.wav,angry,Ses04,M,2.16
Ses04M_script03_2_M034,/mnt/ddn/kyudan/IEMOCAP/data/Ses04M_script03_2_M034.wav,angry,Ses04,M,4.16
Ses01F_impro04_F033,/mnt/ddn/kyudan/IEMOCAP/data/Ses01F_impro04_F033.wav,angry,Ses01,F,5.845
Ses01M_impro05_F036,/mnt/ddn/kyudan/IEMOCAP/data/Ses01M_impro05_F036.wav,angry,Ses01,F,1.84
Ses02F_script01_1_M036,/mnt/ddn/kyudan/IEMOCAP/data/Ses02F_script01_1_M036.wav,angry,Ses02,M,3.27
Ses05M_script01_1b_M033,/mnt/ddn/kyudan/IEMOCAP/data/Ses05M_script01_1b_M033.wav,angry,Ses05,M,5.82
Ses05M_script01_2_F005,/mnt/ddn/kyudan/IEMOCAP/data/Ses05M_script01_2_F005.wav,angry,Ses05,F,2.37
Ses02F_script03_2_M030,/mnt/ddn/kyudan/IEMOCAP/data/Ses02F_script03_2_M030.wav,angry,Ses02,M,4.22
Ses04M_script02_2_M028,/mnt/ddn/kyudan/IEMOCAP/data/Ses04M_script02_2_M028.wav,angry,Ses04,M,8.39
Ses03M_impro05a_F018,/mnt/ddn/kyudan/IEMOCAP/data/Ses03M_impro05a_F018.wav,angry,Ses03,F,3.86
Ses04F_impro08_M019,/mnt/ddn/kyudan/IEMOCAP/data/Ses04F_impro08_M019.wav,angry,Ses04,M,7.38
Ses02F_script01_1_M037,/mnt/ddn/kyudan/IEMOCAP/data/Ses02F_script01_1_M037.wav,angry,Ses02,M,3.45
Ses04F_script01_2_M017,/mnt/ddn/kyudan/IEMOCAP/data/Ses04F_script01_2_M017.wav,angry,Ses04,M,5.64
Ses03M_script01_1_M041,/mnt/ddn/kyudan/IEMOCAP/data/Ses03M_script01_1_M041.wav,angry,Ses03,M,14.466
Ses02F_script03_2_M027,/mnt/ddn/kyudan/IEMOCAP/data/Ses02F_script03_2_M027.wav,angry,Ses02,M,2.31
Ses02M_script03_2_M039,/mnt/ddn/kyudan/IEMOCAP/data/Ses02M_script03_2_M039.wav,angry,Ses02,M,1.755
Ses04M_script01_1_F036,/mnt/ddn/kyudan/IEMOCAP/data/Ses04M_script01_1_F036.wav,angry,Ses04,F,2.99
Ses01M_script03_2_F039,/mnt/ddn/kyudan/IEMOCAP/data/Ses01M_script03_2_F039.wav,angry,Ses01,F,9.38
Ses04F_impro05_F011,/mnt/ddn/kyudan/IEMOCAP/data/Ses04F_impro05_F011.wav,angry,Ses04,F,16.61
Ses05F_script03_2_F040,/mnt/ddn/kyudan/IEMOCAP/data/Ses05F_script03_2_F040.wav,angry,Ses05,F,7.27
Ses01M_impro01_M021,/mnt/ddn/kyudan/IEMOCAP/data/Ses01M_impro01_M021.wav,angry,Ses01,M,5.33
Ses05F_script01_2_M017,/mnt/ddn/kyudan/IEMOCAP/data/Ses05F_script01_2_M017.wav,angry,Ses05,M,4.86
Ses04F_script01_1_M021,/mnt/ddn/kyudan/IEMOCAP/data/Ses04F_script01_1_M021.wav,angry,Ses04,M,6.308
Ses04F_impro01_F004,/mnt/ddn/kyudan/IEMOCAP/data/Ses04F_impro01_F004.wav,angry,Ses04,F,3.01
Ses05M_script03_2_M038,/mnt/ddn/kyudan/IEMOCAP/data/Ses05M_script03_2_M038.wav,angry,Ses05,M,1.44
Ses03F_impro02_M030,/mnt/ddn/kyudan/IEMOCAP/data/Ses03F_impro02_M030.wav,angry,Ses03,M,4.48
Ses05M_script01_1_F014,/mnt/ddn/kyudan/IEMOCAP/data/Ses05M_script01_1_F014.wav,angry,Ses05,F,6.66
Ses05F_script03_2_F021,/mnt/ddn/kyudan/IEMOCAP/data/Ses05F_script03_2_F021.wav,angry,Ses05,F,3.94
Ses04M_script01_1_F034,/mnt/ddn/kyudan/IEMOCAP/data/Ses04M_script01_1_F034.wav,angry,Ses04,F,2.04
Ses01M_impro05_M024,/mnt/ddn/kyudan/IEMOCAP/data/Ses01M_impro05_M024.wav,angry,Ses01,M,3.5
Ses01M_impro02_F012,/mnt/ddn/kyudan/IEMOCAP/data/Ses01M_impro02_F012.wav,angry,Ses01,F,2.287
Ses01M_script03_2_M011,/mnt/ddn/kyudan/IEMOCAP/data/Ses01M_script03_2_M011.wav,angry,Ses01,M,7.026
Ses02F_script03_2_F043,/mnt/ddn/kyudan/IEMOCAP/data/Ses02F_script03_2_F043.wav,angry,Ses02,F,10.87
Ses04M_script01_2_F002,/mnt/ddn/kyudan/IEMOCAP/data/Ses04M_script01_2_F002.wav,angry,Ses04,F,3.8
Ses03M_script03_2_M031,/mnt/ddn/kyudan/IEMOCAP/data/Ses03M_script03_2_M031.wav,angry,Ses03,M,8.512
Ses05F_impro05_M024,/mnt/ddn/kyudan/IEMOCAP/data/Ses05F_impro05_M024.wav,angry,Ses05,M,4.2
Ses05F_script03_2_F038,/mnt/ddn/kyudan/IEMOCAP/data/Ses05F_script03_2_F038.wav,angry,Ses05,F,6.85
Ses02M_impro05_M018,/mnt/ddn/kyudan/IEMOCAP/data/Ses02M_impro05_M018.wav,angry,Ses02,M,5.287
Ses01F_script02_1_F016,/mnt/ddn/kyudan/IEMOCAP/data/Ses01F_script02_1_F016.wav,angry,Ses01,F,2.57
Ses04M_impro05_M011,/mnt/ddn/kyudan/IEMOCAP/data/Ses04M_impro05_M011.wav,angry,Ses04,M,1.43
Ses05M_script03_2_M032,/mnt/ddn/kyudan/IEMOCAP/data/Ses05M_script03_2_M032.wav,angry,Ses05,M,2.1
Ses01M_script03_2_M028,/mnt/ddn/kyudan/IEMOCAP/data/Ses01M_script03_2_M028.wav,angry,Ses01,M,2.82
Ses03M_impro08a_F015,/mnt/ddn/kyudan/IEMOCAP/data/Ses03M_impro08a_F015.wav,angry,Ses03,F,4.969
Ses03M_script03_2_M033,/mnt/ddn/kyudan/IEMOCAP/data/Ses03M_script03_2_M033.wav,angry,Ses03,M,4.348
Ses02M_script01_2_F005,/mnt/ddn/kyudan/IEMOCAP/data/Ses02M_script01_2_F005.wav,angry,Ses02,F,2.25
Ses01F_script03_2_F035,/mnt/ddn/kyudan/IEMOCAP/data/Ses01F_script03_2_F035.wav,angry,Ses01,F,3.938
Ses01M_script01_1_F043,/mnt/ddn/kyudan/IEMOCAP/data/Ses01M_script01_1_F043.wav,angry,Ses01,F,3.151
Ses02F_script03_2_M013,/mnt/ddn/kyudan/IEMOCAP/data/Ses02F_script03_2_M013.wav,angry,Ses02,M,4.84
Ses03M_impro05b_M026,/mnt/ddn/kyudan/IEMOCAP/data/Ses03M_impro05b_M026.wav,angry,Ses03,M,4.9
Ses01M_impro05_M031,/mnt/ddn/kyudan/IEMOCAP/data/Ses01M_impro05_M031.wav,angry,Ses01,M,2.428
Ses03F_script02_2_M026,/mnt/ddn/kyudan/IEMOCAP/data/Ses03F_script02_2_M026.wav,angry,Ses03,M,5.987
Ses03M_script01_2_F006,/mnt/ddn/kyudan/IEMOCAP/data/Ses03M_script01_2_F006.wav,angry,Ses03,F,4.238
Ses01M_script02_2_F032,/mnt/ddn/kyudan/IEMOCAP/data/Ses01M_script02_2_F032.wav,angry,Ses01,F,7.058
Ses01M_script03_2_F038,/mnt/ddn/kyudan/IEMOCAP/data/Ses01M_script03_2_F038.wav,angry,Ses01,F,5.17
Ses01F_impro05_F028,/mnt/ddn/kyudan/IEMOCAP/data/Ses01F_impro05_F028.wav,angry,Ses01,F,2.118
Ses01M_impro05_M022,/mnt/ddn/kyudan/IEMOCAP/data/Ses01M_impro05_M022.wav,angry,Ses01,M,5.83
Ses04F_impro01_M021,/mnt/ddn/kyudan/IEMOCAP/data/Ses04F_impro01_M021.wav,angry,Ses04,M,2.72
Ses04M_script01_2_F012,/mnt/ddn/kyudan/IEMOCAP/data/Ses04M_script01_2_F012.wav,angry,Ses04,F,8.92
Ses02F_impro05_F006,/mnt/ddn/kyudan/IEMOCAP/data/Ses02F_impro05_F006.wav,angry,Ses02,F,8.39
Ses04F_impro08_M011,/mnt/ddn/kyudan/IEMOCAP/data/Ses04F_impro08_M011.wav,angry,Ses04,M,9.97
Ses05M_impro06_M015,/mnt/ddn/kyudan/IEMOCAP/data/Ses05M_impro06_M015.wav,angry,Ses05,M,9.425
Ses05F_script03_2_M014,/mnt/ddn/kyudan/IEMOCAP/data/Ses05F_script03_2_M014.wav,angry,Ses05,M,1.84
Ses02M_script01_1_F036,/mnt/ddn/kyudan/IEMOCAP/data/Ses02M_script01_1_F036.wav,angry,Ses02,F,2.86
Ses04M_script03_2_M042,/mnt/ddn/kyudan/IEMOCAP/data/Ses04M_script03_2_M042.wav,angry,Ses04,M,4.068
Ses01M_script03_2_M039,/mnt/ddn/kyudan/IEMOCAP/data/Ses01M_script03_2_M039.wav,angry,Ses01,M,2.16
Ses02F_impro01_M019,/mnt/ddn/kyudan/IEMOCAP/data/Ses02F_impro01_M019.wav,angry,Ses02,M,2.325
Ses04F_script01_1_M034,/mnt/ddn/kyudan/IEMOCAP/data/Ses04F_script01_1_M034.wav,angry,Ses04,M,6.137
Ses05M_script03_2_M009,/mnt/ddn/kyudan/IEMOCAP/data/Ses05M_script03_2_M009.wav,angry,Ses05,M,2.25
Ses04M_script03_2_M031,/mnt/ddn/kyudan/IEMOCAP/data/Ses04M_script03_2_M031.wav,angry,Ses04,M,1.26
Ses04F_script03_2_M045,/mnt/ddn/kyudan/IEMOCAP/data/Ses04F_script03_2_M045.wav,angry,Ses04,M,7.4
Ses05F_script03_2_F029,/mnt/ddn/kyudan/IEMOCAP/data/Ses05F_script03_2_F029.wav,angry,Ses05,F,1.42
Ses03M_impro05a_M017,/mnt/ddn/kyudan/IEMOCAP/data/Ses03M_impro05a_M017.wav,angry,Ses03,M,3.11
Ses04M_impro05_M016,/mnt/ddn/kyudan/IEMOCAP/data/Ses04M_impro05_M016.wav,angry,Ses04,M,1.539
Ses01M_script01_1_F036,/mnt/ddn/kyudan/IEMOCAP/data/Ses01M_script01_1_F036.wav,angry,Ses01,F,5.775
Ses03F_impro02_M007,/mnt/ddn/kyudan/IEMOCAP/data/Ses03F_impro02_M007.wav,angry,Ses03,M,3.212
Ses05M_script03_2_F035,/mnt/ddn/kyudan/IEMOCAP/data/Ses05M_script03_2_F035.wav,angry,Ses05,F,3.01
Ses05M_script01_1b_F032,/mnt/ddn/kyudan/IEMOCAP/data/Ses05M_script01_1b_F032.wav,angry,Ses05,F,3.14
Ses05M_impro04_M020,/mnt/ddn/kyudan/IEMOCAP/data/Ses05M_impro04_M020.wav,angry,Ses05,M,6.84
Ses05F_script01_1_F034,/mnt/ddn/kyudan/IEMOCAP/data/Ses05F_script01_1_F034.wav,angry,Ses05,F,1.81
Ses01F_script03_2_F023,/mnt/ddn/kyudan/IEMOCAP/data/Ses01F_script03_2_F023.wav,angry,Ses01,F,2.24
Ses03M_script03_2_F028,/mnt/ddn/kyudan/IEMOCAP/data/Ses03M_script03_2_F028.wav,angry,Ses03,F,2.309
Ses04M_script03_2_M027,/mnt/ddn/kyudan/IEMOCAP/data/Ses04M_script03_2_M027.wav,angry,Ses04,M,4.15
Ses03F_impro05_F002,/mnt/ddn/kyudan/IEMOCAP/data/Ses03F_impro05_F002.wav,angry,Ses03,F,3.465
Ses03F_script01_2_M017,/mnt/ddn/kyudan/IEMOCAP/data/Ses03F_script01_2_M017.wav,angry,Ses03,M,2.13
Ses03M_script03_2_F045,/mnt/ddn/kyudan/IEMOCAP/data/Ses03M_script03_2_F045.wav,angry,Ses03,F,4.959
Ses03M_script01_2_M014,/mnt/ddn/kyudan/IEMOCAP/data/Ses03M_script01_2_M014.wav,angry,Ses03,M,8.435
Ses02F_script01_1_F038,/mnt/ddn/kyudan/IEMOCAP/data/Ses02F_script01_1_F038.wav,angry,Ses02,F,2.17
Ses05M_script01_1b_F031,/mnt/ddn/kyudan/IEMOCAP/data/Ses05M_script01_1b_F031.wav,angry,Ses05,F,1.9
Ses02M_script01_1_F016,/mnt/ddn/kyudan/IEMOCAP/data/Ses02M_script01_1_F016.wav,angry,Ses02,F,2.75
Ses01M_script03_2_M040,/mnt/ddn/kyudan/IEMOCAP/data/Ses01M_script03_2_M040.wav,angry,Ses01,M,7.58
Ses01F_script01_2_M017,/mnt/ddn/kyudan/IEMOCAP/data/Ses01F_script01_2_M017.wav,angry,Ses01,M,6.59
Ses03F_script03_2_F039,/mnt/ddn/kyudan/IEMOCAP/data/Ses03F_script03_2_F039.wav,angry,Ses03,F,5.56
Ses04F_script01_1_F011,/mnt/ddn/kyudan/IEMOCAP/data/Ses04F_script01_1_F011.wav,angry,Ses04,F,2.34
Ses04F_impro02_F017,/mnt/ddn/kyudan/IEMOCAP/data/Ses04F_impro02_F017.wav,angry,Ses04,F,2.7
Ses03F_impro08_M000,/mnt/ddn/kyudan/IEMOCAP/data/Ses03F_impro08_M000.wav,angry,Ses03,M,4.85
Ses02M_script01_2_F003,/mnt/ddn/kyudan/IEMOCAP/data/Ses02M_script01_2_F003.wav,angry,Ses02,F,2.33
Ses03F_script03_2_M024,/mnt/ddn/kyudan/IEMOCAP/data/Ses03F_script03_2_M024.wav,angry,Ses03,M,1.18
Ses03M_script01_1_F036,/mnt/ddn/kyudan/IEMOCAP/data/Ses03M_script01_1_F036.wav,angry,Ses03,F,2.775
Ses03M_script03_2_F043,/mnt/ddn/kyudan/IEMOCAP/data/Ses03M_script03_2_F043.wav,angry,Ses03,F,4.157
Ses05M_script03_2_F028,/mnt/ddn/kyudan/IEMOCAP/data/Ses05M_script03_2_F028.wav,angry,Ses05,F,2.88
Ses05M_script01_2_M016,/mnt/ddn/kyudan/IEMOCAP/data/Ses05M_script01_2_M016.wav,angry,Ses05,M,3.98
Ses03F_script02_1_F003,/mnt/ddn/kyudan/IEMOCAP/data/Ses03F_script02_1_F003.wav,angry,Ses03,F,7.591
Ses02M_script01_2_F000,/mnt/ddn/kyudan/IEMOCAP/data/Ses02M_script01_2_F000.wav,angry,Ses02,F,2.353
Ses01F_script03_2_F016,/mnt/ddn/kyudan/IEMOCAP/data/Ses01F_script03_2_F016.wav,angry,Ses01,F,4.59
Ses01M_impro01_F012,/mnt/ddn/kyudan/IEMOCAP/data/Ses01M_impro01_F012.wav,angry,Ses01,F,1.925
Ses05M_script03_2_F036,/mnt/ddn/kyudan/IEMOCAP/data/Ses05M_script03_2_F036.wav,angry,Ses05,F,3.34
Ses04F_impro01_F022,/mnt/ddn/kyudan/IEMOCAP/data/Ses04F_impro01_F022.wav,angry,Ses04,F,6.97
Ses04M_script03_2_F022,/mnt/ddn/kyudan/IEMOCAP/data/Ses04M_script03_2_F022.wav,angry,Ses04,F,1.65
Ses03F_script03_2_M029,/mnt/ddn/kyudan/IEMOCAP/data/Ses03F_script03_2_M029.wav,angry,Ses03,M,2.382
Ses01M_script03_2_M034,/mnt/ddn/kyudan/IEMOCAP/data/Ses01M_script03_2_M034.wav,angry,Ses01,M,3.167
Ses03M_impro05b_M024,/mnt/ddn/kyudan/IEMOCAP/data/Ses03M_impro05b_M024.wav,angry,Ses03,M,4.982
Ses03M_impro08a_F022,/mnt/ddn/kyudan/IEMOCAP/data/Ses03M_impro08a_F022.wav,angry,Ses03,F,2.149
Ses05F_impro05_F025,/mnt/ddn/kyudan/IEMOCAP/data/Ses05F_impro05_F025.wav,angry,Ses05,F,1.86
Ses03M_script01_1_M009,/mnt/ddn/kyudan/IEMOCAP/data/Ses03M_script01_1_M009.wav,angry,Ses03,M,8.789
Ses01M_impro01_M031,/mnt/ddn/kyudan/IEMOCAP/data/Ses01M_impro01_M031.wav,angry,Ses01,M,2.67
Ses02F_script01_1_M025,/mnt/ddn/kyudan/IEMOCAP/data/Ses02F_script01_1_M025.wav,angry,Ses02,M,1.38
Ses04M_script03_2_F050,/mnt/ddn/kyudan/IEMOCAP/data/Ses04M_script03_2_F050.wav,angry,Ses04,F,1.5
Ses01M_impro04_M014,/mnt/ddn/kyudan/IEMOCAP/data/Ses01M_impro04_M014.wav,angry,Ses01,M,1.28
Ses04F_impro08_M023,/mnt/ddn/kyudan/IEMOCAP/data/Ses04F_impro08_M023.wav,angry,Ses04,M,6.56
Ses04M_script03_2_F052,/mnt/ddn/kyudan/IEMOCAP/data/Ses04M_script03_2_F052.wav,angry,Ses04,F,1.53
Ses05M_script03_2_F022,/mnt/ddn/kyudan/IEMOCAP/data/Ses05M_script03_2_F022.wav,angry,Ses05,F,4.551
Ses01M_impro01_M032,/mnt/ddn/kyudan/IEMOCAP/data/Ses01M_impro01_M032.wav,angry,Ses01,M,5.51
Ses03F_impro08_M001,/mnt/ddn/kyudan/IEMOCAP/data/Ses03F_impro08_M001.wav,angry,Ses03,M,3.98
Ses04M_script01_1_F035,/mnt/ddn/kyudan/IEMOCAP/data/Ses04M_script01_1_F035.wav,angry,Ses04,F,2.089
Ses01M_script03_2_F009,/mnt/ddn/kyudan/IEMOCAP/data/Ses01M_script03_2_F009.wav,angry,Ses01,F,4.276
Ses02M_script03_2_F023,/mnt/ddn/kyudan/IEMOCAP/data/Ses02M_script03_2_F023.wav,angry,Ses02,F,6.838
Ses02F_impro01_M017,/mnt/ddn/kyudan/IEMOCAP/data/Ses02F_impro01_M017.wav,angry,Ses02,M,5.097
Ses02F_script03_2_F038,/mnt/ddn/kyudan/IEMOCAP/data/Ses02F_script03_2_F038.wav,angry,Ses02,F,5.53
Ses02F_script03_2_M042,/mnt/ddn/kyudan/IEMOCAP/data/Ses02F_script03_2_M042.wav,angry,Ses02,M,1.99
Ses03M_script01_1_F043,/mnt/ddn/kyudan/IEMOCAP/data/Ses03M_script01_1_F043.wav,angry,Ses03,F,6.87
Ses04F_impro01_F019,/mnt/ddn/kyudan/IEMOCAP/data/Ses04F_impro01_F019.wav,angry,Ses04,F,2.04
Ses02M_script03_2_F037,/mnt/ddn/kyudan/IEMOCAP/data/Ses02M_script03_2_F037.wav,angry,Ses02,F,5.879
Ses05F_script01_2_F017,/mnt/ddn/kyudan/IEMOCAP/data/Ses05F_script01_2_F017.wav,angry,Ses05,F,1.66
Ses04M_impro01_M018,/mnt/ddn/kyudan/IEMOCAP/data/Ses04M_impro01_M018.wav,angry,Ses04,M,1.777
Ses03M_script01_2_F018,/mnt/ddn/kyudan/IEMOCAP/data/Ses03M_script01_2_F018.wav,angry,Ses03,F,3.149
Ses03M_script03_2_F039,/mnt/ddn/kyudan/IEMOCAP/data/Ses03M_script03_2_F039.wav,angry,Ses03,F,4.679
Ses03M_script03_2_M004,/mnt/ddn/kyudan/IEMOCAP/data/Ses03M_script03_2_M004.wav,angry,Ses03,M,3.079
Ses04F_impro04_F015,/mnt/ddn/kyudan/IEMOCAP/data/Ses04F_impro04_F015.wav,angry,Ses04,F,5.91
Ses04F_script02_1_F021,/mnt/ddn/kyudan/IEMOCAP/data/Ses04F_script02_1_F021.wav,angry,Ses04,F,1.68
Ses03M_impro05b_M031,/mnt/ddn/kyudan/IEMOCAP/data/Ses03M_impro05b_M031.wav,angry,Ses03,M,5.67
Ses03M_script02_2_F002,/mnt/ddn/kyudan/IEMOCAP/data/Ses03M_script02_2_F002.wav,angry,Ses03,F,7.222
Ses03F_script03_2_M039,/mnt/ddn/kyudan/IEMOCAP/data/Ses03F_script03_2_M039.wav,angry,Ses03,M,3.902
Ses03M_script01_1_M027,/mnt/ddn/kyudan/IEMOCAP/data/Ses03M_script01_1_M027.wav,angry,Ses03,M,2.039
Ses03M_impro01_M011,/mnt/ddn/kyudan/IEMOCAP/data/Ses03M_impro01_M011.wav,angry,Ses03,M,3.761
Ses04M_script01_1_F018,/mnt/ddn/kyudan/IEMOCAP/data/Ses04M_script01_1_F018.wav,angry,Ses04,F,3.04
Ses02F_script03_2_F036,/mnt/ddn/kyudan/IEMOCAP/data/Ses02F_script03_2_F036.wav,angry,Ses02,F,4.06
Ses02M_script01_1_M040,/mnt/ddn/kyudan/IEMOCAP/data/Ses02M_script01_1_M040.wav,angry,Ses02,M,10.43
Ses05M_script01_1b_M020,/mnt/ddn/kyudan/IEMOCAP/data/Ses05M_script01_1b_M020.wav,angry,Ses05,M,2.59
Ses04M_script01_1_F037,/mnt/ddn/kyudan/IEMOCAP/data/Ses04M_script01_1_F037.wav,angry,Ses04,F,2.09
Ses04F_script03_2_M014,/mnt/ddn/kyudan/IEMOCAP/data/Ses04F_script03_2_M014.wav,angry,Ses04,M,1.64
Ses01F_script01_1_F018,/mnt/ddn/kyudan/IEMOCAP/data/Ses01F_script01_1_F018.wav,angry,Ses01,F,2.79
Ses01F_impro05_F026,/mnt/ddn/kyudan/IEMOCAP/data/Ses01F_impro05_F026.wav,angry,Ses01,F,1.488
Ses01M_script03_2_F037,/mnt/ddn/kyudan/IEMOCAP/data/Ses01M_script03_2_F037.wav,angry,Ses01,F,2.59
Ses04F_script02_2_F014,/mnt/ddn/kyudan/IEMOCAP/data/Ses04F_script02_2_F014.wav,angry,Ses04,F,2.861
Ses01M_impro01_M025,/mnt/ddn/kyudan/IEMOCAP/data/Ses01M_impro01_M025.wav,angry,Ses01,M,3.345
Ses02F_script02_2_M029,/mnt/ddn/kyudan/IEMOCAP/data/Ses02F_script02_2_M029.wav,angry,Ses02,M,10.76
Ses04M_script03_2_M041,/mnt/ddn/kyudan/IEMOCAP/data/Ses04M_script03_2_M041.wav,angry,Ses04,M,2.712
Ses03M_script03_2_F038,/mnt/ddn/kyudan/IEMOCAP/data/Ses03M_script03_2_F038.wav,angry,Ses03,F,6.16
Ses02M_script01_1_F032,/mnt/ddn/kyudan/IEMOCAP/data/Ses02M_script01_1_F032.wav,angry,Ses02,F,2.44
Ses05F_script01_2_M016,/mnt/ddn/kyudan/IEMOCAP/data/Ses05F_script01_2_M016.wav,angry,Ses05,M,3.97
Ses05M_script03_2_M037,/mnt/ddn/kyudan/IEMOCAP/data/Ses05M_script03_2_M037.wav,angry,Ses05,M,2.5
Ses03M_script01_1_M022,/mnt/ddn/kyudan/IEMOCAP/data/Ses03M_script01_1_M022.wav,angry,Ses03,M,11.97
Ses01F_impro02_M007,/mnt/ddn/kyudan/IEMOCAP/data/Ses01F_impro02_M007.wav,angry,Ses01,M,3.83
Ses01F_script03_2_M027,/mnt/ddn/kyudan/IEMOCAP/data/Ses01F_script03_2_M027.wav,angry,Ses01,M,14.84
Ses03M_script03_2_F026,/mnt/ddn/kyudan/IEMOCAP/data/Ses03M_script03_2_F026.wav,angry,Ses03,F,6.188
Ses05F_impro05_F031,/mnt/ddn/kyudan/IEMOCAP/data/Ses05F_impro05_F031.wav,angry,Ses05,F,2.3
Ses03F_script01_2_M018,/mnt/ddn/kyudan/IEMOCAP/data/Ses03F_script01_2_M018.wav,angry,Ses03,M,2.86
Ses04M_impro05_M015,/mnt/ddn/kyudan/IEMOCAP/data/Ses04M_impro05_M015.wav,angry,Ses04,M,6.4
Ses04F_script01_3_M000,/mnt/ddn/kyudan/IEMOCAP/data/Ses04F_script01_3_M000.wav,angry,Ses04,M,2.852
Ses04M_script01_1_M015,/mnt/ddn/kyudan/IEMOCAP/data/Ses04M_script01_1_M015.wav,angry,Ses04,M,2.47
Ses03F_impro02_M026,/mnt/ddn/kyudan/IEMOCAP/data/Ses03F_impro02_M026.wav,angry,Ses03,M,4.595
Ses02F_script03_2_F018,/mnt/ddn/kyudan/IEMOCAP/data/Ses02F_script03_2_F018.wav,angry,Ses02,F,2.1
Ses04M_script03_2_F044,/mnt/ddn/kyudan/IEMOCAP/data/Ses04M_script03_2_F044.wav,angry,Ses04,F,4.734
Ses02F_script03_2_F034,/mnt/ddn/kyudan/IEMOCAP/data/Ses02F_script03_2_F034.wav,angry,Ses02,F,2.27
Ses04F_script03_2_F021,/mnt/ddn/kyudan/IEMOCAP/data/Ses04F_script03_2_F021.wav,angry,Ses04,F,1.32
Ses03M_impro05a_M018,/mnt/ddn/kyudan/IEMOCAP/data/Ses03M_impro05a_M018.wav,angry,Ses03,M,6.08
Ses01F_impro04_F028,/mnt/ddn/kyudan/IEMOCAP/data/Ses01F_impro04_F028.wav,angry,Ses01,F,2.01
Ses01F_script03_2_F039,/mnt/ddn/kyudan/IEMOCAP/data/Ses01F_script03_2_F039.wav,angry,Ses01,F,1.99
Ses03M_script03_2_M046,/mnt/ddn/kyudan/IEMOCAP/data/Ses03M_script03_2_M046.wav,angry,Ses03,M,1.764
Ses04F_impro01_M020,/mnt/ddn/kyudan/IEMOCAP/data/Ses04F_impro01_M020.wav,angry,Ses04,M,7.779
Ses03M_impro01_M023,/mnt/ddn/kyudan/IEMOCAP/data/Ses03M_impro01_M023.wav,angry,Ses03,M,8.208
Ses04M_script03_2_M012,/mnt/ddn/kyudan/IEMOCAP/data/Ses04M_script03_2_M012.wav,angry,Ses04,M,1.83
Ses04M_script01_1_F039,/mnt/ddn/kyudan/IEMOCAP/data/Ses04M_script01_1_F039.wav,angry,Ses04,F,3.189
Ses04F_script01_1_F041,/mnt/ddn/kyudan/IEMOCAP/data/Ses04F_script01_1_F041.wav,angry,Ses04,F,5.37
Ses05F_impro05_F020,/mnt/ddn/kyudan/IEMOCAP/data/Ses05F_impro05_F020.wav,angry,Ses05,F,8.63
Ses05F_impro05_F041,/mnt/ddn/kyudan/IEMOCAP/data/Ses05F_impro05_F041.wav,angry,Ses05,F,9.65
Ses01M_script03_2_F017,/mnt/ddn/kyudan/IEMOCAP/data/Ses01M_script03_2_F017.wav,angry,Ses01,F,6.01
Ses04F_impro08_M021,/mnt/ddn/kyudan/IEMOCAP/data/Ses04F_impro08_M021.wav,angry,Ses04,M,1.198
Ses03M_impro05b_M014,/mnt/ddn/kyudan/IEMOCAP/data/Ses03M_impro05b_M014.wav,angry,Ses03,M,4.48
Ses04F_impro01_F008,/mnt/ddn/kyudan/IEMOCAP/data/Ses04F_impro01_F008.wav,angry,Ses04,F,4.1
Ses03F_script01_2_F006,/mnt/ddn/kyudan/IEMOCAP/data/Ses03F_script01_2_F006.wav,angry,Ses03,F,4.538
Ses01F_script02_1_F022,/mnt/ddn/kyudan/IEMOCAP/data/Ses01F_script02_1_F022.wav,angry,Ses01,F,12.425
Ses01F_script02_1_M006,/mnt/ddn/kyudan/IEMOCAP/data/Ses01F_script02_1_M006.wav,angry,Ses01,M,5.95
Ses04F_script03_2_F005,/mnt/ddn/kyudan/IEMOCAP/data/Ses04F_script03_2_F005.wav,angry,Ses04,F,1.85
Ses01M_script02_1_F023,/mnt/ddn/kyudan/IEMOCAP/data/Ses01M_script02_1_F023.wav,angry,Ses01,F,2.21
Ses01F_impro05_F008,/mnt/ddn/kyudan/IEMOCAP/data/Ses01F_impro05_F008.wav,angry,Ses01,F,2.12
Ses04M_script03_2_F048,/mnt/ddn/kyudan/IEMOCAP/data/Ses04M_script03_2_F048.wav,angry,Ses04,F,1.37
Ses04F_impro01_F021,/mnt/ddn/kyudan/IEMOCAP/data/Ses04F_impro01_F021.wav,angry,Ses04,F,3.6
Ses02F_script01_1_M039,/mnt/ddn/kyudan/IEMOCAP/data/Ses02F_script01_1_M039.wav,angry,Ses02,M,9.5
Ses03M_impro05a_M024,/mnt/ddn/kyudan/IEMOCAP/data/Ses03M_impro05a_M024.wav,angry,Ses03,M,2.422
Ses04F_script02_2_F007,/mnt/ddn/kyudan/IEMOCAP/data/Ses04F_script02_2_F007.wav,angry,Ses04,F,3.82
Ses05F_script03_2_F035,/mnt/ddn/kyudan/IEMOCAP/data/Ses05F_script03_2_F035.wav,angry,Ses05,F,4.04
Ses04F_script03_2_F039,/mnt/ddn/kyudan/IEMOCAP/data/Ses04F_script03_2_F039.wav,angry,Ses04,F,6.1
Ses04F_script02_2_F006,/mnt/ddn/kyudan/IEMOCAP/data/Ses04F_script02_2_F006.wav,angry,Ses04,F,4.5
Ses05M_script01_1b_F033,/mnt/ddn/kyudan/IEMOCAP/data/Ses05M_script01_1b_F033.wav,angry,Ses05,F,2.52
Ses03F_impro05_F005,/mnt/ddn/kyudan/IEMOCAP/data/Ses03F_impro05_F005.wav,angry,Ses03,F,7.292
Ses03M_impro05b_M020,/mnt/ddn/kyudan/IEMOCAP/data/Ses03M_impro05b_M020.wav,angry,Ses03,M,3.97
Ses04F_impro05_F015,/mnt/ddn/kyudan/IEMOCAP/data/Ses04F_impro05_F015.wav,angry,Ses04,F,9.67
Ses05M_script01_1_F035,/mnt/ddn/kyudan/IEMOCAP/data/Ses05M_script01_1_F035.wav,angry,Ses05,F,6.12
Ses03F_impro01_F010,/mnt/ddn/kyudan/IEMOCAP/data/Ses03F_impro01_F010.wav,angry,Ses03,F,4.558
Ses04M_script03_2_M039,/mnt/ddn/kyudan/IEMOCAP/data/Ses04M_script03_2_M039.wav,angry,Ses04,M,5.75
Ses05F_impro05_F035,/mnt/ddn/kyudan/IEMOCAP/data/Ses05F_impro05_F035.wav,angry,Ses05,F,3.08
Ses02F_impro01_F021,/mnt/ddn/kyudan/IEMOCAP/data/Ses02F_impro01_F021.wav,angry,Ses02,F,10.213
Ses03F_script01_1_F017,/mnt/ddn/kyudan/IEMOCAP/data/Ses03F_script01_1_F017.wav,angry,Ses03,F,9.361
Ses02M_script01_1_F033,/mnt/ddn/kyudan/IEMOCAP/data/Ses02M_script01_1_F033.wav,angry,Ses02,F,2.81
Ses01M_script03_2_F031,/mnt/ddn/kyudan/IEMOCAP/data/Ses01M_script03_2_F031.wav,angry,Ses01,F,1.22
Ses05F_script03_2_M042,/mnt/ddn/kyudan/IEMOCAP/data/Ses05F_script03_2_M042.wav,angry,Ses05,M,4.16
Ses05F_script03_2_M025,/mnt/ddn/kyudan/IEMOCAP/data/Ses05F_script03_2_M025.wav,angry,Ses05,M,2.97
Ses01F_impro01_M013,/mnt/ddn/kyudan/IEMOCAP/data/Ses01F_impro01_M013.wav,angry,Ses01,M,6.03
Ses01F_impro04_F029,/mnt/ddn/kyudan/IEMOCAP/data/Ses01F_impro04_F029.wav,angry,Ses01,F,3.16
Ses04F_impro01_M014,/mnt/ddn/kyudan/IEMOCAP/data/Ses04F_impro01_M014.wav,angry,Ses04,M,4.98
Ses02F_script02_2_M030,/mnt/ddn/kyudan/IEMOCAP/data/Ses02F_script02_2_M030.wav,angry,Ses02,M,11.55
Ses05F_impro05_F021,/mnt/ddn/kyudan/IEMOCAP/data/Ses05F_impro05_F021.wav,angry,Ses05,F,13.77
Ses03F_impro05_F007,/mnt/ddn/kyudan/IEMOCAP/data/Ses03F_impro05_F007.wav,angry,Ses03,F,9.036
Ses03M_impro05a_F028,/mnt/ddn/kyudan/IEMOCAP/data/Ses03M_impro05a_F028.wav,angry,Ses03,F,1.29
Ses04M_script03_2_F041,/mnt/ddn/kyudan/IEMOCAP/data/Ses04M_script03_2_F041.wav,angry,Ses04,F,3.192
Ses04M_script03_2_F037,/mnt/ddn/kyudan/IEMOCAP/data/Ses04M_script03_2_F037.wav,angry,Ses04,F,4.08
Ses01M_script02_2_F013,/mnt/ddn/kyudan/IEMOCAP/data/Ses01M_script02_2_F013.wav,angry,Ses01,F,4.53
Ses03F_script01_1_M046,/mnt/ddn/kyudan/IEMOCAP/data/Ses03F_script01_1_M046.wav,angry,Ses03,M,2.972
Ses01F_impro05_F023,/mnt/ddn/kyudan/IEMOCAP/data/Ses01F_impro05_F023.wav,angry,Ses01,F,1.92
Ses05M_script02_2_F005,/mnt/ddn/kyudan/IEMOCAP/data/Ses05M_script02_2_F005.wav,angry,Ses05,F,7.06
Ses04F_script02_1_F017,/mnt/ddn/kyudan/IEMOCAP/data/Ses04F_script02_1_F017.wav,angry,Ses04,F,2.001
Ses04F_script02_2_F010,/mnt/ddn/kyudan/IEMOCAP/data/Ses04F_script02_2_F010.wav,angry,Ses04,F,3.479
Ses04F_script03_2_F034,/mnt/ddn/kyudan/IEMOCAP/data/Ses04F_script03_2_F034.wav,angry,Ses04,F,3.51
Ses04F_script03_2_M041,/mnt/ddn/kyudan/IEMOCAP/data/Ses04F_script03_2_M041.wav,angry,Ses04,M,6.633
Ses03M_impro01_M014,/mnt/ddn/kyudan/IEMOCAP/data/Ses03M_impro01_M014.wav,angry,Ses03,M,2.174
Ses04F_script01_2_F001,/mnt/ddn/kyudan/IEMOCAP/data/Ses04F_script01_2_F001.wav,angry,Ses04,F,3.042
Ses03M_impro05b_M029,/mnt/ddn/kyudan/IEMOCAP/data/Ses03M_impro05b_M029.wav,angry,Ses03,M,8.93
Ses02M_impro05_M016,/mnt/ddn/kyudan/IEMOCAP/data/Ses02M_impro05_M016.wav,angry,Ses02,M,6.818
Ses05F_script01_1_M025,/mnt/ddn/kyudan/IEMOCAP/data/Ses05F_script01_1_M025.wav,angry,Ses05,M,2.11
Ses04F_impro05_F018,/mnt/ddn/kyudan/IEMOCAP/data/Ses04F_impro05_F018.wav,angry,Ses04,F,3.04
Ses01M_script03_2_M030,/mnt/ddn/kyudan/IEMOCAP/data/Ses01M_script03_2_M030.wav,angry,Ses01,M,12.462
Ses02F_script01_1_M023,/mnt/ddn/kyudan/IEMOCAP/data/Ses02F_script01_1_M023.wav,angry,Ses02,M,2.02
Ses01F_impro05_F021,/mnt/ddn/kyudan/IEMOCAP/data/Ses01F_impro05_F021.wav,angry,Ses01,F,4.76
Ses02F_script03_2_M038,/mnt/ddn/kyudan/IEMOCAP/data/Ses02F_script03_2_M038.wav,angry,Ses02,M,1.25
Ses03F_script02_2_F005,/mnt/ddn/kyudan/IEMOCAP/data/Ses03F_script02_2_F005.wav,angry,Ses03,F,6.414
Ses01F_script01_2_F003,/mnt/ddn/kyudan/IEMOCAP/data/Ses01F_script01_2_F003.wav,angry,Ses01,F,3.03
Ses02F_script03_2_F031,/mnt/ddn/kyudan/IEMOCAP/data/Ses02F_script03_2_F031.wav,angry,Ses02,F,1.49
Ses01F_script03_2_M022,/mnt/ddn/kyudan/IEMOCAP/data/Ses01F_script03_2_M022.wav,angry,Ses01,M,7.28
Ses04F_script03_2_M037,/mnt/ddn/kyudan/IEMOCAP/data/Ses04F_script03_2_M037.wav,angry,Ses04,M,2.29
Ses01F_script01_2_F011,/mnt/ddn/kyudan/IEMOCAP/data/Ses01F_script01_2_F011.wav,angry,Ses01,F,3.5
Ses04F_script02_2_F033,/mnt/ddn/kyudan/IEMOCAP/data/Ses04F_script02_2_F033.wav,angry,Ses04,F,3.69
Ses01M_script02_2_F010,/mnt/ddn/kyudan/IEMOCAP/data/Ses01M_script02_2_F010.wav,angry,Ses01,F,7.347
Ses01F_script03_2_M038,/mnt/ddn/kyudan/IEMOCAP/data/Ses01F_script03_2_M038.wav,angry,Ses01,M,2.067
Ses04M_script03_2_M053,/mnt/ddn/kyudan/IEMOCAP/data/Ses04M_script03_2_M053.wav,angry,Ses04,M,1.9
Ses03F_script03_2_M001,/mnt/ddn/kyudan/IEMOCAP/data/Ses03F_script03_2_M001.wav,angry,Ses03,M,3.96
Ses03M_impro05b_M008,/mnt/ddn/kyudan/IEMOCAP/data/Ses03M_impro05b_M008.wav,angry,Ses03,M,1.74
Ses01F_script02_2_F008,/mnt/ddn/kyudan/IEMOCAP/data/Ses01F_script02_2_F008.wav,angry,Ses01,F,5.995
Ses02M_script03_2_M031,/mnt/ddn/kyudan/IEMOCAP/data/Ses02M_script03_2_M031.wav,angry,Ses02,M,4.704
Ses03M_script03_2_F029,/mnt/ddn/kyudan/IEMOCAP/data/Ses03M_script03_2_F029.wav,angry,Ses03,F,4.004
Ses04F_script02_1_F014,/mnt/ddn/kyudan/IEMOCAP/data/Ses04F_script02_1_F014.wav,angry,Ses04,F,8.1
Ses03M_impro05a_M010,/mnt/ddn/kyudan/IEMOCAP/data/Ses03M_impro05a_M010.wav,angry,Ses03,M,1.96
Ses03F_impro05_F009,/mnt/ddn/kyudan/IEMOCAP/data/Ses03F_impro05_F009.wav,angry,Ses03,F,3.961
Ses03M_impro05a_M003,/mnt/ddn/kyudan/IEMOCAP/data/Ses03M_impro05a_M003.wav,angry,Ses03,M,1.701
Ses04M_script03_2_F014,/mnt/ddn/kyudan/IEMOCAP/data/Ses04M_script03_2_F014.wav,angry,Ses04,F,1.902
Ses04F_script03_2_F040,/mnt/ddn/kyudan/IEMOCAP/data/Ses04F_script03_2_F040.wav,angry,Ses04,F,2.68
Ses04M_script02_1_F008,/mnt/ddn/kyudan/IEMOCAP/data/Ses04M_script02_1_F008.wav,angry,Ses04,F,2.17
Ses03M_script01_2_F000,/mnt/ddn/kyudan/IEMOCAP/data/Ses03M_script01_2_F000.wav,angry,Ses03,F,2.484
Ses05M_script01_1_F033,/mnt/ddn/kyudan/IEMOCAP/data/Ses05M_script01_1_F033.wav,angry,Ses05,F,5.12
Ses03M_impro05a_M008,/mnt/ddn/kyudan/IEMOCAP/data/Ses03M_impro05a_M008.wav,angry,Ses03,M,4.175
Ses02F_script03_2_F040,/mnt/ddn/kyudan/IEMOCAP/data/Ses02F_script03_2_F040.wav,angry,Ses02,F,4.14
Ses03M_impro05a_M022,/mnt/ddn/kyudan/IEMOCAP/data/Ses03M_impro05a_M022.wav,angry,Ses03,M,3.79
Ses05M_script03_2_M020,/mnt/ddn/kyudan/IEMOCAP/data/Ses05M_script03_2_M020.wav,angry,Ses05,M,5.35
Ses02F_script03_2_F025,/mnt/ddn/kyudan/IEMOCAP/data/Ses02F_script03_2_F025.wav,angry,Ses02,F,1.86
Ses04M_script01_2_M019,/mnt/ddn/kyudan/IEMOCAP/data/Ses04M_script01_2_M019.wav,angry,Ses04,M,5.841
Ses04M_script01_1_F011,/mnt/ddn/kyudan/IEMOCAP/data/Ses04M_script01_1_F011.wav,angry,Ses04,F,2.16
Ses03F_script01_2_F003,/mnt/ddn/kyudan/IEMOCAP/data/Ses03F_script01_2_F003.wav,angry,Ses03,F,2.744
Ses05F_script03_2_F019,/mnt/ddn/kyudan/IEMOCAP/data/Ses05F_script03_2_F019.wav,angry,Ses05,F,2.19
Ses04F_impro05_F019,/mnt/ddn/kyudan/IEMOCAP/data/Ses04F_impro05_F019.wav,angry,Ses04,F,9.24
Ses05F_impro02_M023,/mnt/ddn/kyudan/IEMOCAP/data/Ses05F_impro02_M023.wav,angry,Ses05,M,6.84
Ses04F_impro05_F014,/mnt/ddn/kyudan/IEMOCAP/data/Ses04F_impro05_F014.wav,angry,Ses04,F,5.87
Ses04M_impro02_F021,/mnt/ddn/kyudan/IEMOCAP/data/Ses04M_impro02_F021.wav,angry,Ses04,F,4.95
Ses01F_script02_1_F005,/mnt/ddn/kyudan/IEMOCAP/data/Ses01F_script02_1_F005.wav,angry,Ses01,F,2.36
Ses03F_impro05_F010,/mnt/ddn/kyudan/IEMOCAP/data/Ses03F_impro05_F010.wav,angry,Ses03,F,2.06
Ses04M_script01_1_M013,/mnt/ddn/kyudan/IEMOCAP/data/Ses04M_script01_1_M013.wav,angry,Ses04,M,1.729
Ses01F_script03_2_F027,/mnt/ddn/kyudan/IEMOCAP/data/Ses01F_script03_2_F027.wav,angry,Ses01,F,1.977
Ses04M_script01_2_F013,/mnt/ddn/kyudan/IEMOCAP/data/Ses04M_script01_2_F013.wav,angry,Ses04,F,3.343
Ses05F_script03_2_M037,/mnt/ddn/kyudan/IEMOCAP/data/Ses05F_script03_2_M037.wav,angry,Ses05,M,3.08
Ses02M_impro01_M019,/mnt/ddn/kyudan/IEMOCAP/data/Ses02M_impro01_M019.wav,angry,Ses02,M,8.296
Ses01M_script01_2_F004,/mnt/ddn/kyudan/IEMOCAP/data/Ses01M_script01_2_F004.wav,angry,Ses01,F,3.52
Ses02F_impro05_F012,/mnt/ddn/kyudan/IEMOCAP/data/Ses02F_impro05_F012.wav,angry,Ses02,F,9.96
Ses04F_script01_1_M010,/mnt/ddn/kyudan/IEMOCAP/data/Ses04F_script01_1_M010.wav,angry,Ses04,M,5.32
Ses03F_script03_2_F036,/mnt/ddn/kyudan/IEMOCAP/data/Ses03F_script03_2_F036.wav,angry,Ses03,F,7.075
Ses02M_script01_1_F026,/mnt/ddn/kyudan/IEMOCAP/data/Ses02M_script01_1_F026.wav,angry,Ses02,F,3.81
Ses05M_script02_2_M024,/mnt/ddn/kyudan/IEMOCAP/data/Ses05M_script02_2_M024.wav,angry,Ses05,M,13.99
Ses04F_script01_1_M037,/mnt/ddn/kyudan/IEMOCAP/data/Ses04F_script01_1_M037.wav,angry,Ses04,M,4.26
Ses04M_script01_1_F021,/mnt/ddn/kyudan/IEMOCAP/data/Ses04M_script01_1_F021.wav,angry,Ses04,F,4.12
Ses03M_impro05b_M016,/mnt/ddn/kyudan/IEMOCAP/data/Ses03M_impro05b_M016.wav,angry,Ses03,M,3.72
Ses03F_script03_2_M006,/mnt/ddn/kyudan/IEMOCAP/data/Ses03F_script03_2_M006.wav,angry,Ses03,M,1.71
Ses03M_impro05a_M001,/mnt/ddn/kyudan/IEMOCAP/data/Ses03M_impro05a_M001.wav,angry,Ses03,M,3.95
Ses03F_script03_1_F019,/mnt/ddn/kyudan/IEMOCAP/data/Ses03F_script03_1_F019.wav,happy,Ses03,F,8.602
Ses01F_script01_3_F011,/mnt/ddn/kyudan/IEMOCAP/data/Ses01F_script01_3_F011.wav,happy,Ses01,F,2.772
Ses04F_impro07_F077,/mnt/ddn/kyudan/IEMOCAP/data/Ses04F_impro07_F077.wav,happy,Ses04,F,1.85
Ses01M_script03_1_M013,/mnt/ddn/kyudan/IEMOCAP/data/Ses01M_script03_1_M013.wav,happy,Ses01,M,5.65
Ses05F_script02_1_M016,/mnt/ddn/kyudan/IEMOCAP/data/Ses05F_script02_1_M016.wav,happy,Ses05,M,8.282
Ses05F_impro07_F004,/mnt/ddn/kyudan/IEMOCAP/data/Ses05F_impro07_F004.wav,happy,Ses05,F,1.14
Ses03M_impro03_M016,/mnt/ddn/kyudan/IEMOCAP/data/Ses03M_impro03_M016.wav,happy,Ses03,M,2.734
Ses04M_impro03_M022,/mnt/ddn/kyudan/IEMOCAP/data/Ses04M_impro03_M022.wav,happy,Ses04,M,1.82
Ses05F_impro06_M016,/mnt/ddn/kyudan/IEMOCAP/data/Ses05F_impro06_M016.wav,happy,Ses05,M,1.7
Ses02M_impro08_F021,/mnt/ddn/kyudan/IEMOCAP/data/Ses02M_impro08_F021.wav,happy,Ses02,F,7.074
Ses02F_script02_1_M005,/mnt/ddn/kyudan/IEMOCAP/data/Ses02F_script02_1_M005.wav,happy,Ses02,M,4.74
Ses01F_script01_3_F017,/mnt/ddn/kyudan/IEMOCAP/data/Ses01F_script01_3_F017.wav,happy,Ses01,F,2.17
Ses01M_script03_1_M010,/mnt/ddn/kyudan/IEMOCAP/data/Ses01M_script03_1_M010.wav,happy,Ses01,M,2.56
Ses05M_script02_2_F038,/mnt/ddn/kyudan/IEMOCAP/data/Ses05M_script02_2_F038.wav,happy,Ses05,F,2.01
Ses04M_impro03_M018,/mnt/ddn/kyudan/IEMOCAP/data/Ses04M_impro03_M018.wav,happy,Ses04,M,10.9
Ses01F_impro03_M023,/mnt/ddn/kyudan/IEMOCAP/data/Ses01F_impro03_M023.wav,happy,Ses01,M,3.69
Ses01F_impro07_M004,/mnt/ddn/kyudan/IEMOCAP/data/Ses01F_impro07_M004.wav,happy,Ses01,M,7.895
Ses05F_impro03_F008,/mnt/ddn/kyudan/IEMOCAP/data/Ses05F_impro03_F008.wav,happy,Ses05,F,4.71
Ses05M_script03_1_M026,/mnt/ddn/kyudan/IEMOCAP/data/Ses05M_script03_1_M026.wav,happy,Ses05,M,4.26
Ses05M_script03_2_M001,/mnt/ddn/kyudan/IEMOCAP/data/Ses05M_script03_2_M001.wav,happy,Ses05,M,3.27
Ses02M_impro03_M015,/mnt/ddn/kyudan/IEMOCAP/data/Ses02M_impro03_M015.wav,happy,Ses02,M,1.689
Ses01F_impro07_F009,/mnt/ddn/kyudan/IEMOCAP/data/Ses01F_impro07_F009.wav,happy,Ses01,F,2.277
Ses05M_script03_1_F006,/mnt/ddn/kyudan/IEMOCAP/data/Ses05M_script03_1_F006.wav,happy,Ses05,F,1.94
Ses03M_script02_1_M023,/mnt/ddn/kyudan/IEMOCAP/data/Ses03M_script02_1_M023.wav,happy,Ses03,M,14.248
Ses01M_impro03_F002,/mnt/ddn/kyudan/IEMOCAP/data/Ses01M_impro03_F002.wav,happy,Ses01,F,1.377
Ses03F_script03_1_M011,/mnt/ddn/kyudan/IEMOCAP/data/Ses03F_script03_1_M011.wav,happy,Ses03,M,2.967
Ses03M_script02_1_M003,/mnt/ddn/kyudan/IEMOCAP/data/Ses03M_script02_1_M003.wav,happy,Ses03,M,7.751
Ses02M_impro07_M010,/mnt/ddn/kyudan/IEMOCAP/data/Ses02M_impro07_M010.wav,happy,Ses02,M,1.44
Ses04F_impro03_M005,/mnt/ddn/kyudan/IEMOCAP/data/Ses04F_impro03_M005.wav,happy,Ses04,M,1.74
Ses04F_impro07_M007,/mnt/ddn/kyudan/IEMOCAP/data/Ses04F_impro07_M007.wav,happy,Ses04,M,6.04
Ses01M_script02_2_M009,/mnt/ddn/kyudan/IEMOCAP/data/Ses01M_script02_2_M009.wav,happy,Ses01,M,2.805
Ses05M_script02_1_M019,/mnt/ddn/kyudan/IEMOCAP/data/Ses05M_script02_1_M019.wav,happy,Ses05,M,6.39
Ses05F_script01_3_F001,/mnt/ddn/kyudan/IEMOCAP/data/Ses05F_script01_3_F001.wav,happy,Ses05,F,1.773
Ses04M_script01_3_F008,/mnt/ddn/kyudan/IEMOCAP/data/Ses04M_script01_3_F008.wav,happy,Ses04,F,2.33
Ses03F_impro07_F008,/mnt/ddn/kyudan/IEMOCAP/data/Ses03F_impro07_F008.wav,happy,Ses03,F,3.569
Ses01F_script03_1_M019,/mnt/ddn/kyudan/IEMOCAP/data/Ses01F_script03_1_M019.wav,happy,Ses01,M,5.2
Ses05F_impro07_F026,/mnt/ddn/kyudan/IEMOCAP/data/Ses05F_impro07_F026.wav,happy,Ses05,F,1.24
Ses05M_impro07_M042,/mnt/ddn/kyudan/IEMOCAP/data/Ses05M_impro07_M042.wav,happy,Ses05,M,1.94
Ses04F_impro07_M010,/mnt/ddn/kyudan/IEMOCAP/data/Ses04F_impro07_M010.wav,happy,Ses04,M,3.39
Ses04F_script03_1_F025,/mnt/ddn/kyudan/IEMOCAP/data/Ses04F_script03_1_F025.wav,happy,Ses04,F,2.86
Ses01M_script02_1_M005,/mnt/ddn/kyudan/IEMOCAP/data/Ses01M_script02_1_M005.wav,happy,Ses01,M,10.742
Ses01M_impro07_M033,/mnt/ddn/kyudan/IEMOCAP/data/Ses01M_impro07_M033.wav,happy,Ses01,M,1.79
Ses05M_impro03_F015,/mnt/ddn/kyudan/IEMOCAP/data/Ses05M_impro03_F015.wav,happy,Ses05,F,1.81
Ses03M_impro03_F020,/mnt/ddn/kyudan/IEMOCAP/data/Ses03M_impro03_F020.wav,happy,Ses03,F,3.625
Ses03M_script03_1_F008,/mnt/ddn/kyudan/IEMOCAP/data/Ses03M_script03_1_F008.wav,happy,Ses03,F,3.14
Ses03M_impro03_F026,/mnt/ddn/kyudan/IEMOCAP/data/Ses03M_impro03_F026.wav,happy,Ses03,F,3.716
Ses02F_impro03_M026,/mnt/ddn/kyudan/IEMOCAP/data/Ses02F_impro03_M026.wav,happy,Ses02,M,2.751
Ses02F_script03_2_F016,/mnt/ddn/kyudan/IEMOCAP/data/Ses02F_script03_2_F016.wav,happy,Ses02,F,5.26
Ses05M_impro07_F014,/mnt/ddn/kyudan/IEMOCAP/data/Ses05M_impro07_F014.wav,happy,Ses05,F,5.93
Ses01M_script02_1_F024,/mnt/ddn/kyudan/IEMOCAP/data/Ses01M_script02_1_F024.wav,happy,Ses01,F,3.03
Ses04F_impro07_M030,/mnt/ddn/kyudan/IEMOCAP/data/Ses04F_impro07_M030.wav,happy,Ses04,M,4.01
Ses01M_script02_1_M002,/mnt/ddn/kyudan/IEMOCAP/data/Ses01M_script02_1_M002.wav,happy,Ses01,M,4.928
Ses03M_impro07_F013,/mnt/ddn/kyudan/IEMOCAP/data/Ses03M_impro07_F013.wav,happy,Ses03,F,8.01
Ses05M_impro03_M007,/mnt/ddn/kyudan/IEMOCAP/data/Ses05M_impro03_M007.wav,happy,Ses05,M,10.6
Ses02M_script02_1_M037,/mnt/ddn/kyudan/IEMOCAP/data/Ses02M_script02_1_M037.wav,happy,Ses02,M,4.74
Ses04M_script02_1_M003,/mnt/ddn/kyudan/IEMOCAP/data/Ses04M_script02_1_M003.wav,happy,Ses04,M,8.46
Ses01M_impro07_F011,/mnt/ddn/kyudan/IEMOCAP/data/Ses01M_impro07_F011.wav,happy,Ses01,F,5.96
Ses03M_script01_3_M010,/mnt/ddn/kyudan/IEMOCAP/data/Ses03M_script01_3_M010.wav,happy,Ses03,M,2.399
Ses05M_script03_1_M025,/mnt/ddn/kyudan/IEMOCAP/data/Ses05M_script03_1_M025.wav,happy,Ses05,M,5.43
Ses03M_impro07_M011,/mnt/ddn/kyudan/IEMOCAP/data/Ses03M_impro07_M011.wav,happy,Ses03,M,3.05
Ses04M_impro07_F038,/mnt/ddn/kyudan/IEMOCAP/data/Ses04M_impro07_F038.wav,happy,Ses04,F,5.91
Ses04M_script03_1_F017,/mnt/ddn/kyudan/IEMOCAP/data/Ses04M_script03_1_F017.wav,happy,Ses04,F,3.85
Ses05F_script01_3_F009,/mnt/ddn/kyudan/IEMOCAP/data/Ses05F_script01_3_F009.wav,happy,Ses05,F,3.916
Ses03M_script02_1_M026,/mnt/ddn/kyudan/IEMOCAP/data/Ses03M_script02_1_M026.wav,happy,Ses03,M,2.24
Ses03M_impro07_M000,/mnt/ddn/kyudan/IEMOCAP/data/Ses03M_impro07_M000.wav,happy,Ses03,M,1.444
Ses02M_impro08_F013,/mnt/ddn/kyudan/IEMOCAP/data/Ses02M_impro08_F013.wav,happy,Ses02,F,4.298
Ses03M_script01_3_M045,/mnt/ddn/kyudan/IEMOCAP/data/Ses03M_script01_3_M045.wav,happy,Ses03,M,3.642
Ses05F_impro03_M008,/mnt/ddn/kyudan/IEMOCAP/data/Ses05F_impro03_M008.wav,happy,Ses05,M,1.85
Ses05M_impro03_F009,/mnt/ddn/kyudan/IEMOCAP/data/Ses05M_impro03_F009.wav,happy,Ses05,F,2.5
Ses03M_script03_1_M029,/mnt/ddn/kyudan/IEMOCAP/data/Ses03M_script03_1_M029.wav,happy,Ses03,M,1.35
Ses03M_script01_3_F018,/mnt/ddn/kyudan/IEMOCAP/data/Ses03M_script01_3_F018.wav,happy,Ses03,F,3.664
Ses02M_script03_1_M005,/mnt/ddn/kyudan/IEMOCAP/data/Ses02M_script03_1_M005.wav,happy,Ses02,M,6.62
Ses05F_impro03_M026,/mnt/ddn/kyudan/IEMOCAP/data/Ses05F_impro03_M026.wav,happy,Ses05,M,1.27
Ses04M_script03_1_M030,/mnt/ddn/kyudan/IEMOCAP/data/Ses04M_script03_1_M030.wav,happy,Ses04,M,2.13
Ses01M_impro07_F021,/mnt/ddn/kyudan/IEMOCAP/data/Ses01M_impro07_F021.wav,happy,Ses01,F,7.262
Ses02M_impro07_M013,/mnt/ddn/kyudan/IEMOCAP/data/Ses02M_impro07_M013.wav,happy,Ses02,M,1.63
Ses03M_impro03_M001,/mnt/ddn/kyudan/IEMOCAP/data/Ses03M_impro03_M001.wav,happy,Ses03,M,3.331
Ses03F_script01_3_M022,/mnt/ddn/kyudan/IEMOCAP/data/Ses03F_script01_3_M022.wav,happy,Ses03,M,13.419
Ses05M_impro07_M021,/mnt/ddn/kyudan/IEMOCAP/data/Ses05M_impro07_M021.wav,happy,Ses05,M,1.45
Ses04F_impro07_F020,/mnt/ddn/kyudan/IEMOCAP/data/Ses04F_impro07_F020.wav,happy,Ses04,F,6.5
Ses03M_impro03_F016,/mnt/ddn/kyudan/IEMOCAP/data/Ses03M_impro03_F016.wav,happy,Ses03,F,9.482
Ses03M_impro03_M037,/mnt/ddn/kyudan/IEMOCAP/data/Ses03M_impro03_M037.wav,happy,Ses03,M,2.85
Ses04M_script03_1_F024,/mnt/ddn/kyudan/IEMOCAP/data/Ses04M_script03_1_F024.wav,happy,Ses04,F,5.61
Ses02F_script03_1_M030,/mnt/ddn/kyudan/IEMOCAP/data/Ses02F_script03_1_M030.wav,happy,Ses02,M,1.91
Ses03F_script03_1_F028,/mnt/ddn/kyudan/IEMOCAP/data/Ses03F_script03_1_F028.wav,happy,Ses03,F,2.762
Ses04M_impro08_F029,/mnt/ddn/kyudan/IEMOCAP/data/Ses04M_impro08_F029.wav,happy,Ses04,F,4.3
Ses01M_impro03_F004,/mnt/ddn/kyudan/IEMOCAP/data/Ses01M_impro03_F004.wav,happy,Ses01,F,2.598
Ses05M_impro07_F036,/mnt/ddn/kyudan/IEMOCAP/data/Ses05M_impro07_F036.wav,happy,Ses05,F,1.65
Ses04F_impro03_F032,/mnt/ddn/kyudan/IEMOCAP/data/Ses04F_impro03_F032.wav,happy,Ses04,F,1.72
Ses01F_impro07_F008,/mnt/ddn/kyudan/IEMOCAP/data/Ses01F_impro07_F008.wav,happy,Ses01,F,7.275
Ses01M_script03_1_M037,/mnt/ddn/kyudan/IEMOCAP/data/Ses01M_script03_1_M037.wav,happy,Ses01,M,9.39
Ses01M_impro07_M024,/mnt/ddn/kyudan/IEMOCAP/data/Ses01M_impro07_M024.wav,happy,Ses01,M,4.46
Ses03F_script03_1_M015,/mnt/ddn/kyudan/IEMOCAP/data/Ses03F_script03_1_M015.wav,happy,Ses03,M,3.908
Ses03M_impro04_F011,/mnt/ddn/kyudan/IEMOCAP/data/Ses03M_impro04_F011.wav,happy,Ses03,F,3.89
Ses02F_impro03_F016,/mnt/ddn/kyudan/IEMOCAP/data/Ses02F_impro03_F016.wav,happy,Ses02,F,5.889
Ses05F_impro07_F015,/mnt/ddn/kyudan/IEMOCAP/data/Ses05F_impro07_F015.wav,happy,Ses05,F,1.39
Ses01M_impro03_F022,/mnt/ddn/kyudan/IEMOCAP/data/Ses01M_impro03_F022.wav,happy,Ses01,F,3.99
Ses05M_script03_1_F009,/mnt/ddn/kyudan/IEMOCAP/data/Ses05M_script03_1_F009.wav,happy,Ses05,F,3.62
Ses03M_impro07_F015,/mnt/ddn/kyudan/IEMOCAP/data/Ses03M_impro07_F015.wav,happy,Ses03,F,2.51
Ses04F_impro03_M041,/mnt/ddn/kyudan/IEMOCAP/data/Ses04F_impro03_M041.wav,happy,Ses04,M,2.422
Ses03F_script03_1_M025,/mnt/ddn/kyudan/IEMOCAP/data/Ses03F_script03_1_M025.wav,happy,Ses03,M,2.23
Ses02M_script01_3_M018,/mnt/ddn/kyudan/IEMOCAP/data/Ses02M_script01_3_M018.wav,happy,Ses02,M,3.917
Ses02M_impro07_M014,/mnt/ddn/kyudan/IEMOCAP/data/Ses02M_impro07_M014.wav,happy,Ses02,M,3.19
Ses05F_script01_3_M003,/mnt/ddn/kyudan/IEMOCAP/data/Ses05F_script01_3_M003.wav,happy,Ses05,M,1.022
Ses04M_impro07_F004,/mnt/ddn/kyudan/IEMOCAP/data/Ses04M_impro07_F004.wav,happy,Ses04,F,9.23
Ses04F_script02_2_M046,/mnt/ddn/kyudan/IEMOCAP/data/Ses04F_script02_2_M046.wav,happy,Ses04,M,4.09
Ses03M_impro07_M021,/mnt/ddn/kyudan/IEMOCAP/data/Ses03M_impro07_M021.wav,happy,Ses03,M,1.29
Ses03F_impro07_M019,/mnt/ddn/kyudan/IEMOCAP/data/Ses03F_impro07_M019.wav,happy,Ses03,M,4.445
Ses03F_impro07_F006,/mnt/ddn/kyudan/IEMOCAP/data/Ses03F_impro07_F006.wav,happy,Ses03,F,4.74
Ses04M_impro07_M021,/mnt/ddn/kyudan/IEMOCAP/data/Ses04M_impro07_M021.wav,happy,Ses04,M,5.104
Ses02F_impro07_F025,/mnt/ddn/kyudan/IEMOCAP/data/Ses02F_impro07_F025.wav,happy,Ses02,F,7.64
Ses05F_impro07_F038,/mnt/ddn/kyudan/IEMOCAP/data/Ses05F_impro07_F038.wav,happy,Ses05,F,1.93
Ses01M_impro07_M014,/mnt/ddn/kyudan/IEMOCAP/data/Ses01M_impro07_M014.wav,happy,Ses01,M,5.803
Ses03M_script03_1_M036,/mnt/ddn/kyudan/IEMOCAP/data/Ses03M_script03_1_M036.wav,happy,Ses03,M,4.826
Ses05F_impro07_F017,/mnt/ddn/kyudan/IEMOCAP/data/Ses05F_impro07_F017.wav,happy,Ses05,F,1.24
Ses03F_impro07_F020,/mnt/ddn/kyudan/IEMOCAP/data/Ses03F_impro07_F020.wav,happy,Ses03,F,5.124
Ses01F_script03_1_M022,/mnt/ddn/kyudan/IEMOCAP/data/Ses01F_script03_1_M022.wav,happy,Ses01,M,8.68
Ses03M_impro03_F035,/mnt/ddn/kyudan/IEMOCAP/data/Ses03M_impro03_F035.wav,happy,Ses03,F,4.121
Ses01F_script03_1_M038,/mnt/ddn/kyudan/IEMOCAP/data/Ses01F_script03_1_M038.wav,happy,Ses01,M,4.56
Ses03F_impro07_F033,/mnt/ddn/kyudan/IEMOCAP/data/Ses03F_impro07_F033.wav,happy,Ses03,F,2.653
Ses05M_impro07_M014,/mnt/ddn/kyudan/IEMOCAP/data/Ses05M_impro07_M014.wav,happy,Ses05,M,3.73
Ses05M_impro07_M022,/mnt/ddn/kyudan/IEMOCAP/data/Ses05M_impro07_M022.wav,happy,Ses05,M,7.12
Ses02M_script03_1_F027,/mnt/ddn/kyudan/IEMOCAP/data/Ses02M_script03_1_F027.wav,happy,Ses02,F,7.87
Ses01M_script03_1_F029,/mnt/ddn/kyudan/IEMOCAP/data/Ses01M_script03_1_F029.wav,happy,Ses01,F,6.83
Ses04F_impro07_M055,/mnt/ddn/kyudan/IEMOCAP/data/Ses04F_impro07_M055.wav,happy,Ses04,M,7.18
Ses02F_impro07_M022,/mnt/ddn/kyudan/IEMOCAP/data/Ses02F_impro07_M022.wav,happy,Ses02,M,1.838
Ses03F_impro07_M014,/mnt/ddn/kyudan/IEMOCAP/data/Ses03F_impro07_M014.wav,happy,Ses03,M,2.354
Ses01F_script03_1_M024,/mnt/ddn/kyudan/IEMOCAP/data/Ses01F_script03_1_M024.wav,happy,Ses01,M,12.585
Ses04F_impro03_F006,/mnt/ddn/kyudan/IEMOCAP/data/Ses04F_impro03_F006.wav,happy,Ses04,F,2.4
Ses02M_script01_3_M008,/mnt/ddn/kyudan/IEMOCAP/data/Ses02M_script01_3_M008.wav,happy,Ses02,M,9.872
Ses03F_impro07_M032,/mnt/ddn/kyudan/IEMOCAP/data/Ses03F_impro07_M032.wav,happy,Ses03,M,1.073
Ses01M_script03_1_F035,/mnt/ddn/kyudan/IEMOCAP/data/Ses01M_script03_1_F035.wav,happy,Ses01,F,4.32
Ses02F_impro03_M000,/mnt/ddn/kyudan/IEMOCAP/data/Ses02F_impro03_M000.wav,happy,Ses02,M,2.503
Ses05F_script01_3_M013,/mnt/ddn/kyudan/IEMOCAP/data/Ses05F_script01_3_M013.wav,happy,Ses05,M,2.374
Ses05F_impro03_M049,/mnt/ddn/kyudan/IEMOCAP/data/Ses05F_impro03_M049.wav,happy,Ses05,M,3.93
Ses03M_script03_1_F005,/mnt/ddn/kyudan/IEMOCAP/data/Ses03M_script03_1_F005.wav,happy,Ses03,F,4.642
Ses03F_script01_3_M020,/mnt/ddn/kyudan/IEMOCAP/data/Ses03F_script01_3_M020.wav,happy,Ses03,M,2.444
Ses02M_impro03_F011,/mnt/ddn/kyudan/IEMOCAP/data/Ses02M_impro03_F011.wav,happy,Ses02,F,2.115
Ses04F_impro07_M074,/mnt/ddn/kyudan/IEMOCAP/data/Ses04F_impro07_M074.wav,happy,Ses04,M,4.586
Ses04F_impro07_F057,/mnt/ddn/kyudan/IEMOCAP/data/Ses04F_impro07_F057.wav,happy,Ses04,F,5.17
Ses03M_impro03_F000,/mnt/ddn/kyudan/IEMOCAP/data/Ses03M_impro03_F000.wav,happy,Ses03,F,2.285
Ses04M_script02_2_M039,/mnt/ddn/kyudan/IEMOCAP/data/Ses04M_script02_2_M039.wav,happy,Ses04,M,4.826
Ses01M_script03_1_F009,/mnt/ddn/kyudan/IEMOCAP/data/Ses01M_script03_1_F009.wav,happy,Ses01,F,3.882
Ses01M_impro03_F020,/mnt/ddn/kyudan/IEMOCAP/data/Ses01M_impro03_F020.wav,happy,Ses01,F,1.78
Ses04F_impro03_F002,/mnt/ddn/kyudan/IEMOCAP/data/Ses04F_impro03_F002.wav,happy,Ses04,F,1.52
Ses01M_script03_1_M025,/mnt/ddn/kyudan/IEMOCAP/data/Ses01M_script03_1_M025.wav,happy,Ses01,M,3.488
Ses04F_impro03_F011,/mnt/ddn/kyudan/IEMOCAP/data/Ses04F_impro03_F011.wav,happy,Ses04,F,1.447
Ses05M_script03_1_F003,/mnt/ddn/kyudan/IEMOCAP/data/Ses05M_script03_1_F003.wav,happy,Ses05,F,2.28
Ses04F_script02_1_M040,/mnt/ddn/kyudan/IEMOCAP/data/Ses04F_script02_1_M040.wav,happy,Ses04,M,4.38
Ses05F_script03_1_M029,/mnt/ddn/kyudan/IEMOCAP/data/Ses05F_script03_1_M029.wav,happy,Ses05,M,4.13
Ses05F_impro03_M044,/mnt/ddn/kyudan/IEMOCAP/data/Ses05F_impro03_M044.wav,happy,Ses05,M,2.64
Ses04F_script02_2_F043,/mnt/ddn/kyudan/IEMOCAP/data/Ses04F_script02_2_F043.wav,happy,Ses04,F,7.842
Ses05F_script03_1_M028,/mnt/ddn/kyudan/IEMOCAP/data/Ses05F_script03_1_M028.wav,happy,Ses05,M,6.97
Ses03F_script02_1_M005,/mnt/ddn/kyudan/IEMOCAP/data/Ses03F_script02_1_M005.wav,happy,Ses03,M,7.512
Ses04F_impro06_F009,/mnt/ddn/kyudan/IEMOCAP/data/Ses04F_impro06_F009.wav,happy,Ses04,F,3.05
Ses03F_script02_1_M036,/mnt/ddn/kyudan/IEMOCAP/data/Ses03F_script02_1_M036.wav,happy,Ses03,M,8.28
Ses04F_script02_2_M001,/mnt/ddn/kyudan/IEMOCAP/data/Ses04F_script02_2_M001.wav,happy,Ses04,M,1.52
Ses03F_impro07_F025,/mnt/ddn/kyudan/IEMOCAP/data/Ses03F_impro07_F025.wav,happy,Ses03,F,2.403
Ses04M_impro03_M005,/mnt/ddn/kyudan/IEMOCAP/data/Ses04M_impro03_M005.wav,happy,Ses04,M,3.73
Ses01M_script03_1_M041,/mnt/ddn/kyudan/IEMOCAP/data/Ses01M_script03_1_M041.wav,happy,Ses01,M,2.44
Ses03M_script03_1_M020,/mnt/ddn/kyudan/IEMOCAP/data/Ses03M_script03_1_M020.wav,happy,Ses03,M,4.23
Ses04M_script03_1_F019,/mnt/ddn/kyudan/IEMOCAP/data/Ses04M_script03_1_F019.wav,happy,Ses04,F,2.84
Ses05F_impro07_M005,/mnt/ddn/kyudan/IEMOCAP/data/Ses05F_impro07_M005.wav,happy,Ses05,M,2.164
Ses01M_script03_1_M016,/mnt/ddn/kyudan/IEMOCAP/data/Ses01M_script03_1_M016.wav,happy,Ses01,M,6.053
Ses05F_impro03_M068,/mnt/ddn/kyudan/IEMOCAP/data/Ses05F_impro03_M068.wav,happy,Ses05,M,2.32
Ses01M_script03_1_M019,/mnt/ddn/kyudan/IEMOCAP/data/Ses01M_script03_1_M019.wav,happy,Ses01,M,6.356
Ses01M_script03_1_M027,/mnt/ddn/kyudan/IEMOCAP/data/Ses01M_script03_1_M027.wav,happy,Ses01,M,3.575
Ses05M_impro07_F021,/mnt/ddn/kyudan/IEMOCAP/data/Ses05M_impro07_F021.wav,happy,Ses05,F,1.89
Ses04F_impro07_F025,/mnt/ddn/kyudan/IEMOCAP/data/Ses04F_impro07_F025.wav,happy,Ses04,F,1.73
Ses02M_script02_1_M013,/mnt/ddn/kyudan/IEMOCAP/data/Ses02M_script02_1_M013.wav,happy,Ses02,M,7.461
Ses04F_script02_2_M050,/mnt/ddn/kyudan/IEMOCAP/data/Ses04F_script02_2_M050.wav,happy,Ses04,M,1.62
Ses02F_impro03_F023,/mnt/ddn/kyudan/IEMOCAP/data/Ses02F_impro03_F023.wav,happy,Ses02,F,2.73
Ses05F_impro07_F001,/mnt/ddn/kyudan/IEMOCAP/data/Ses05F_impro07_F001.wav,happy,Ses05,F,2.79
Ses05M_script02_1_M029,/mnt/ddn/kyudan/IEMOCAP/data/Ses05M_script02_1_M029.wav,happy,Ses05,M,8.25
Ses04M_script02_2_M040,/mnt/ddn/kyudan/IEMOCAP/data/Ses04M_script02_2_M040.wav,happy,Ses04,M,6.79
Ses01F_script01_3_M019,/mnt/ddn/kyudan/IEMOCAP/data/Ses01F_script01_3_M019.wav,happy,Ses01,M,5.638
Ses05F_impro08_M028,/mnt/ddn/kyudan/IEMOCAP/data/Ses05F_impro08_M028.wav,happy,Ses05,M,5.55
Ses04M_impro07_F021,/mnt/ddn/kyudan/IEMOCAP/data/Ses04M_impro07_F021.wav,happy,Ses04,F,4.92
Ses03F_script03_1_M024,/mnt/ddn/kyudan/IEMOCAP/data/Ses03F_script03_1_M024.wav,happy,Ses03,M,4.352
Ses02F_impro08_M017,/mnt/ddn/kyudan/IEMOCAP/data/Ses02F_impro08_M017.wav,happy,Ses02,M,7.7
Ses01F_script03_1_F010,/mnt/ddn/kyudan/IEMOCAP/data/Ses01F_script03_1_F010.wav,happy,Ses01,F,2.53
Ses05M_script02_1_M028,/mnt/ddn/kyudan/IEMOCAP/data/Ses05M_script02_1_M028.wav,happy,Ses05,M,6.13
Ses05F_impro03_F042,/mnt/ddn/kyudan/IEMOCAP/data/Ses05F_impro03_F042.wav,happy,Ses05,F,1.83
Ses04F_script02_1_M037,/mnt/ddn/kyudan/IEMOCAP/data/Ses04F_script02_1_M037.wav,happy,Ses04,M,5.155
Ses04F_impro03_F014,/mnt/ddn/kyudan/IEMOCAP/data/Ses04F_impro03_F014.wav,happy,Ses04,F,3.6
Ses04F_impro07_M012,/mnt/ddn/kyudan/IEMOCAP/data/Ses04F_impro07_M012.wav,happy,Ses04,M,2.57
Ses02F_script03_2_M008,/mnt/ddn/kyudan/IEMOCAP/data/Ses02F_script03_2_M008.wav,happy,Ses02,M,2.79
Ses03M_impro02_F001,/mnt/ddn/kyudan/IEMOCAP/data/Ses03M_impro02_F001.wav,happy,Ses03,F,7.782
Ses04F_script01_3_F017,/mnt/ddn/kyudan/IEMOCAP/data/Ses04F_script01_3_F017.wav,happy,Ses04,F,5.454
Ses05F_impro03_F053,/mnt/ddn/kyudan/IEMOCAP/data/Ses05F_impro03_F053.wav,happy,Ses05,F,1.79
Ses01M_impro03_M022,/mnt/ddn/kyudan/IEMOCAP/data/Ses01M_impro03_M022.wav,happy,Ses01,M,9.78
Ses02M_script03_1_M001,/mnt/ddn/kyudan/IEMOCAP/data/Ses02M_script03_1_M001.wav,happy,Ses02,M,1.457
Ses04M_impro07_M002,/mnt/ddn/kyudan/IEMOCAP/data/Ses04M_impro07_M002.wav,happy,Ses04,M,1.82
Ses01F_script03_1_M027,/mnt/ddn/kyudan/IEMOCAP/data/Ses01F_script03_1_M027.wav,happy,Ses01,M,6.168
Ses02F_impro03_M010,/mnt/ddn/kyudan/IEMOCAP/data/Ses02F_impro03_M010.wav,happy,Ses02,M,3.175
Ses05M_impro07_M033,/mnt/ddn/kyudan/IEMOCAP/data/Ses05M_impro07_M033.wav,happy,Ses05,M,1.02
Ses02F_impro07_F013,/mnt/ddn/kyudan/IEMOCAP/data/Ses02F_impro07_F013.wav,happy,Ses02,F,3.3
Ses05F_impro07_F009,/mnt/ddn/kyudan/IEMOCAP/data/Ses05F_impro07_F009.wav,happy,Ses05,F,3.06
Ses02M_impro07_M029,/mnt/ddn/kyudan/IEMOCAP/data/Ses02M_impro07_M029.wav,happy,Ses02,M,7.449
Ses02M_script03_1_M020,/mnt/ddn/kyudan/IEMOCAP/data/Ses02M_script03_1_M020.wav,happy,Ses02,M,2.598
Ses02F_impro07_F034,/mnt/ddn/kyudan/IEMOCAP/data/Ses02F_impro07_F034.wav,happy,Ses02,F,6.256
Ses01M_script03_2_M003,/mnt/ddn/kyudan/IEMOCAP/data/Ses01M_script03_2_M003.wav,happy,Ses01,M,5.314
Ses03F_impro03_M002,/mnt/ddn/kyudan/IEMOCAP/data/Ses03F_impro03_M002.wav,happy,Ses03,M,2.5
Ses03M_script03_1_F031,/mnt/ddn/kyudan/IEMOCAP/data/Ses03M_script03_1_F031.wav,happy,Ses03,F,2.335
Ses03M_impro07_M013,/mnt/ddn/kyudan/IEMOCAP/data/Ses03M_impro07_M013.wav,happy,Ses03,M,8.2
Ses05M_impro03_M031,/mnt/ddn/kyudan/IEMOCAP/data/Ses05M_impro03_M031.wav,happy,Ses05,M,4.71
Ses05F_impro03_M034,/mnt/ddn/kyudan/IEMOCAP/data/Ses05F_impro03_M034.wav,happy,Ses05,M,8.6
Ses02M_script03_1_F010,/mnt/ddn/kyudan/IEMOCAP/data/Ses02M_script03_1_F010.wav,happy,Ses02,F,2.148
Ses02M_script01_3_M012,/mnt/ddn/kyudan/IEMOCAP/data/Ses02M_script01_3_M012.wav,happy,Ses02,M,3.758
Ses01M_impro03_M007,/mnt/ddn/kyudan/IEMOCAP/data/Ses01M_impro03_M007.wav,happy,Ses01,M,8.082
Ses05M_impro07_M026,/mnt/ddn/kyudan/IEMOCAP/data/Ses05M_impro07_M026.wav,happy,Ses05,M,2.42
Ses05F_impro07_M000,/mnt/ddn/kyudan/IEMOCAP/data/Ses05F_impro07_M000.wav,happy,Ses05,M,1.055
Ses05M_impro07_M017,/mnt/ddn/kyudan/IEMOCAP/data/Ses05M_impro07_M017.wav,happy,Ses05,M,4.99
Ses05M_impro03_M010,/mnt/ddn/kyudan/IEMOCAP/data/Ses05M_impro03_M010.wav,happy,Ses05,M,11.157
Ses03M_impro03_F037,/mnt/ddn/kyudan/IEMOCAP/data/Ses03M_impro03_F037.wav,happy,Ses03,F,2.407
Ses03M_impro07_M001,/mnt/ddn/kyudan/IEMOCAP/data/Ses03M_impro07_M001.wav,happy,Ses03,M,1.72
Ses05F_impro03_F059,/mnt/ddn/kyudan/IEMOCAP/data/Ses05F_impro03_F059.wav,happy,Ses05,F,2.02
Ses05F_script02_2_M036,/mnt/ddn/kyudan/IEMOCAP/data/Ses05F_script02_2_M036.wav,happy,Ses05,M,6.702
Ses05F_impro03_M014,/mnt/ddn/kyudan/IEMOCAP/data/Ses05F_impro03_M014.wav,happy,Ses05,M,1.51
Ses03F_impro03_M014,/mnt/ddn/kyudan/IEMOCAP/data/Ses03F_impro03_M014.wav,happy,Ses03,M,1.483
Ses01M_impro07_F003,/mnt/ddn/kyudan/IEMOCAP/data/Ses01M_impro07_F003.wav,happy,Ses01,F,2.75
Ses02F_script01_3_M013,/mnt/ddn/kyudan/IEMOCAP/data/Ses02F_script01_3_M013.wav,happy,Ses02,M,1.725
Ses05F_impro03_F006,/mnt/ddn/kyudan/IEMOCAP/data/Ses05F_impro03_F006.wav,happy,Ses05,F,1.94
Ses05M_script01_3_M007,/mnt/ddn/kyudan/IEMOCAP/data/Ses05M_script01_3_M007.wav,happy,Ses05,M,11.61
Ses01M_script01_3_F011,/mnt/ddn/kyudan/IEMOCAP/data/Ses01M_script01_3_F011.wav,happy,Ses01,F,3.31
Ses03F_impro07_F021,/mnt/ddn/kyudan/IEMOCAP/data/Ses03F_impro07_F021.wav,happy,Ses03,F,3.58
Ses04M_impro07_F014,/mnt/ddn/kyudan/IEMOCAP/data/Ses04M_impro07_F014.wav,happy,Ses04,F,4.83
Ses04M_script01_3_M036,/mnt/ddn/kyudan/IEMOCAP/data/Ses04M_script01_3_M036.wav,happy,Ses04,M,2.28
Ses02M_impro07_F016,/mnt/ddn/kyudan/IEMOCAP/data/Ses02M_impro07_F016.wav,happy,Ses02,F,2.043
Ses02M_script03_1_F006,/mnt/ddn/kyudan/IEMOCAP/data/Ses02M_script03_1_F006.wav,happy,Ses02,F,2.733
Ses01F_script03_1_M017,/mnt/ddn/kyudan/IEMOCAP/data/Ses01F_script03_1_M017.wav,happy,Ses01,M,4.15
Ses04F_script03_1_F026,/mnt/ddn/kyudan/IEMOCAP/data/Ses04F_script03_1_F026.wav,happy,Ses04,F,3.98
Ses05F_script02_1_M001,/mnt/ddn/kyudan/IEMOCAP/data/Ses05F_script02_1_M001.wav,happy,Ses05,M,6.41
Ses03F_script01_3_F012,/mnt/ddn/kyudan/IEMOCAP/data/Ses03F_script01_3_F012.wav,happy,Ses03,F,3.328
Ses03F_impro07_M013,/mnt/ddn/kyudan/IEMOCAP/data/Ses03F_impro07_M013.wav,happy,Ses03,M,4.412
Ses05F_impro03_F012,/mnt/ddn/kyudan/IEMOCAP/data/Ses05F_impro03_F012.wav,happy,Ses05,F,7.16
Ses04F_script02_2_F044,/mnt/ddn/kyudan/IEMOCAP/data/Ses04F_script02_2_F044.wav,happy,Ses04,F,3.296
Ses05F_script03_1_M018,/mnt/ddn/kyudan/IEMOCAP/data/Ses05F_script03_1_M018.wav,happy,Ses05,M,2.18
Ses02F_impro07_F002,/mnt/ddn/kyudan/IEMOCAP/data/Ses02F_impro07_F002.wav,happy,Ses02,F,2.47
Ses02F_script01_3_F016,/mnt/ddn/kyudan/IEMOCAP/data/Ses02F_script01_3_F016.wav,happy,Ses02,F,8.6
Ses04M_impro03_M027,/mnt/ddn/kyudan/IEMOCAP/data/Ses04M_impro03_M027.wav,happy,Ses04,M,3.32
Ses02M_impro07_M008,/mnt/ddn/kyudan/IEMOCAP/data/Ses02M_impro07_M008.wav,happy,Ses02,M,1.197
Ses04F_impro03_M046,/mnt/ddn/kyudan/IEMOCAP/data/Ses04F_impro03_M046.wav,happy,Ses04,M,5.77
Ses04F_impro07_F017,/mnt/ddn/kyudan/IEMOCAP/data/Ses04F_impro07_F017.wav,happy,Ses04,F,2.84
Ses02F_script02_1_M028,/mnt/ddn/kyudan/IEMOCAP/data/Ses02F_script02_1_M028.wav,happy,Ses02,M,8.4
Ses05M_impro07_F011,/mnt/ddn/kyudan/IEMOCAP/data/Ses05M_impro07_F011.wav,happy,Ses05,F,3.43
Ses01M_impro03_M012,/mnt/ddn/kyudan/IEMOCAP/data/Ses01M_impro03_M012.wav,happy,Ses01,M,1.72
Ses05M_impro08_F025,/mnt/ddn/kyudan/IEMOCAP/data/Ses05M_impro08_F025.wav,happy,Ses05,F,2.58
Ses02M_script02_1_M025,/mnt/ddn/kyudan/IEMOCAP/data/Ses02M_script02_1_M025.wav,happy,Ses02,M,10.123
Ses01F_script02_1_M044,/mnt/ddn/kyudan/IEMOCAP/data/Ses01F_script02_1_M044.wav,happy,Ses01,M,3.688
Ses01F_impro07_F016,/mnt/ddn/kyudan/IEMOCAP/data/Ses01F_impro07_F016.wav,happy,Ses01,F,9.05
Ses04F_script01_3_M019,/mnt/ddn/kyudan/IEMOCAP/data/Ses04F_script01_3_M019.wav,happy,Ses04,M,5.552
Ses03F_impro07_M035,/mnt/ddn/kyudan/IEMOCAP/data/Ses03F_impro07_M035.wav,happy,Ses03,M,2.299
Ses02F_script03_1_F018,/mnt/ddn/kyudan/IEMOCAP/data/Ses02F_script03_1_F018.wav,happy,Ses02,F,2.06
Ses03M_script02_1_M027,/mnt/ddn/kyudan/IEMOCAP/data/Ses03M_script02_1_M027.wav,happy,Ses03,M,14.644
Ses04F_script03_1_F023,/mnt/ddn/kyudan/IEMOCAP/data/Ses04F_script03_1_F023.wav,happy,Ses04,F,5.18
Ses02M_script03_1_M007,/mnt/ddn/kyudan/IEMOCAP/data/Ses02M_script03_1_M007.wav,happy,Ses02,M,2.087
Ses02F_script01_3_F015,/mnt/ddn/kyudan/IEMOCAP/data/Ses02F_script01_3_F015.wav,happy,Ses02,F,9.08
Ses04M_script02_1_M022,/mnt/ddn/kyudan/IEMOCAP/data/Ses04M_script02_1_M022.wav,happy,Ses04,M,10.21
Ses04F_impro07_F033,/mnt/ddn/kyudan/IEMOCAP/data/Ses04F_impro07_F033.wav,happy,Ses04,F,1.47
Ses02F_script03_1_F011,/mnt/ddn/kyudan/IEMOCAP/data/Ses02F_script03_1_F011.wav,happy,Ses02,F,2.56
Ses02M_impro08_F001,/mnt/ddn/kyudan/IEMOCAP/data/Ses02M_impro08_F001.wav,happy,Ses02,F,5.921
Ses05F_script03_1_M007,/mnt/ddn/kyudan/IEMOCAP/data/Ses05F_script03_1_M007.wav,happy,Ses05,M,2.09
Ses02M_script01_3_F005,/mnt/ddn/kyudan/IEMOCAP/data/Ses02M_script01_3_F005.wav,happy,Ses02,F,6.934
Ses05M_script01_3_F011,/mnt/ddn/kyudan/IEMOCAP/data/Ses05M_script01_3_F011.wav,happy,Ses05,F,2.25
Ses01M_impro03_F023,/mnt/ddn/kyudan/IEMOCAP/data/Ses01M_impro03_F023.wav,happy,Ses01,F,7.78
Ses04F_script02_1_M002,/mnt/ddn/kyudan/IEMOCAP/data/Ses04F_script02_1_M002.wav,happy,Ses04,M,5.04
Ses02F_script02_1_M006,/mnt/ddn/kyudan/IEMOCAP/data/Ses02F_script02_1_M006.wav,happy,Ses02,M,8.22
Ses04M_script01_3_M009,/mnt/ddn/kyudan/IEMOCAP/data/Ses04M_script01_3_M009.wav,happy,Ses04,M,8.804
Ses02F_script02_1_M000,/mnt/ddn/kyudan/IEMOCAP/data/Ses02F_script02_1_M000.wav,happy,Ses02,M,3.6
Ses02F_script01_3_F000,/mnt/ddn/kyudan/IEMOCAP/data/Ses02F_script01_3_F000.wav,happy,Ses02,F,2.91
Ses02F_impro03_F012,/mnt/ddn/kyudan/IEMOCAP/data/Ses02F_impro03_F012.wav,happy,Ses02,F,1.421
Ses05M_script01_3_M016,/mnt/ddn/kyudan/IEMOCAP/data/Ses05M_script01_3_M016.wav,happy,Ses05,M,6.32
Ses01M_impro03_M002,/mnt/ddn/kyudan/IEMOCAP/data/Ses01M_impro03_M002.wav,happy,Ses01,M,1.28
Ses03F_impro07_F028,/mnt/ddn/kyudan/IEMOCAP/data/Ses03F_impro07_F028.wav,happy,Ses03,F,1.73
Ses03M_impro03_M026,/mnt/ddn/kyudan/IEMOCAP/data/Ses03M_impro03_M026.wav,happy,Ses03,M,1.964
Ses05F_script02_2_F036,/mnt/ddn/kyudan/IEMOCAP/data/Ses05F_script02_2_F036.wav,happy,Ses05,F,2.473
Ses03M_impro03_M032,/mnt/ddn/kyudan/IEMOCAP/data/Ses03M_impro03_M032.wav,happy,Ses03,M,2.272
Ses02F_impro07_F026,/mnt/ddn/kyudan/IEMOCAP/data/Ses02F_impro07_F026.wav,happy,Ses02,F,6.123
Ses03F_script03_1_F007,/mnt/ddn/kyudan/IEMOCAP/data/Ses03F_script03_1_F007.wav,happy,Ses03,F,7.132
Ses04F_impro03_F010,/mnt/ddn/kyudan/IEMOCAP/data/Ses04F_impro03_F010.wav,happy,Ses04,F,9.5
Ses05F_script03_1_F004,/mnt/ddn/kyudan/IEMOCAP/data/Ses05F_script03_1_F004.wav,happy,Ses05,F,2.58
Ses04F_script03_1_M006,/mnt/ddn/kyudan/IEMOCAP/data/Ses04F_script03_1_M006.wav,happy,Ses04,M,3.369
Ses03M_script03_1_M028,/mnt/ddn/kyudan/IEMOCAP/data/Ses03M_script03_1_M028.wav,happy,Ses03,M,5.452
Ses04M_script02_1_M028,/mnt/ddn/kyudan/IEMOCAP/data/Ses04M_script02_1_M028.wav,happy,Ses04,M,14.316
Ses04M_impro07_F027,/mnt/ddn/kyudan/IEMOCAP/data/Ses04M_impro07_F027.wav,happy,Ses04,F,3.946
Ses05M_impro07_M039,/mnt/ddn/kyudan/IEMOCAP/data/Ses05M_impro07_M039.wav,happy,Ses05,M,8.38
Ses04M_impro03_F006,/mnt/ddn/kyudan/IEMOCAP/data/Ses04M_impro03_F006.wav,happy,Ses04,F,6.21
Ses04F_impro07_M078,/mnt/ddn/kyudan/IEMOCAP/data/Ses04F_impro07_M078.wav,happy,Ses04,M,2.99
Ses04M_impro07_F010,/mnt/ddn/kyudan/IEMOCAP/data/Ses04M_impro07_F010.wav,happy,Ses04,F,1.77
Ses03M_script03_1_F022,/mnt/ddn/kyudan/IEMOCAP/data/Ses03M_script03_1_F022.wav,happy,Ses03,F,5.69
Ses05F_impro07_F027,/mnt/ddn/kyudan/IEMOCAP/data/Ses05F_impro07_F027.wav,happy,Ses05,F,1.49
Ses03F_script03_1_M030,/mnt/ddn/kyudan/IEMOCAP/data/Ses03F_script03_1_M030.wav,happy,Ses03,M,2.14
Ses02M_script03_1_M027,/mnt/ddn/kyudan/IEMOCAP/data/Ses02M_script03_1_M027.wav,happy,Ses02,M,2.208
Ses05M_script03_1_F016,/mnt/ddn/kyudan/IEMOCAP/data/Ses05M_script03_1_F016.wav,happy,Ses05,F,2.73
Ses04F_impro07_F015,/mnt/ddn/kyudan/IEMOCAP/data/Ses04F_impro07_F015.wav,happy,Ses04,F,2.5
Ses04M_script03_1_F023,/mnt/ddn/kyudan/IEMOCAP/data/Ses04M_script03_1_F023.wav,happy,Ses04,F,5.1
Ses01M_impro07_F026,/mnt/ddn/kyudan/IEMOCAP/data/Ses01M_impro07_F026.wav,happy,Ses01,F,5.21
Ses01F_script02_1_F009,/mnt/ddn/kyudan/IEMOCAP/data/Ses01F_script02_1_F009.wav,happy,Ses01,F,1.782
Ses01M_impro07_F017,/mnt/ddn/kyudan/IEMOCAP/data/Ses01M_impro07_F017.wav,happy,Ses01,F,7.4
Ses05M_script02_1_M000,/mnt/ddn/kyudan/IEMOCAP/data/Ses05M_script02_1_M000.wav,happy,Ses05,M,21.05
Ses02F_impro07_F011,/mnt/ddn/kyudan/IEMOCAP/data/Ses02F_impro07_F011.wav,happy,Ses02,F,8.12
Ses03M_impro03_F009,/mnt/ddn/kyudan/IEMOCAP/data/Ses03M_impro03_F009.wav,happy,Ses03,F,4.522
Ses02F_impro08_M014,/mnt/ddn/kyudan/IEMOCAP/data/Ses02F_impro08_M014.wav,happy,Ses02,M,3.369
Ses03M_impro07_M004,/mnt/ddn/kyudan/IEMOCAP/data/Ses03M_impro07_M004.wav,happy,Ses03,M,1.37
Ses05M_impro03_F025,/mnt/ddn/kyudan/IEMOCAP/data/Ses05M_impro03_F025.wav,happy,Ses05,F,2.35
Ses04M_script03_1_M031,/mnt/ddn/kyudan/IEMOCAP/data/Ses04M_script03_1_M031.wav,happy,Ses04,M,4.35
Ses05F_script03_1_F028,/mnt/ddn/kyudan/IEMOCAP/data/Ses05F_script03_1_F028.wav,happy,Ses05,F,4.34
Ses03F_impro02_F004,/mnt/ddn/kyudan/IEMOCAP/data/Ses03F_impro02_F004.wav,happy,Ses03,F,1.517
Ses04M_script03_2_F002,/mnt/ddn/kyudan/IEMOCAP/data/Ses04M_script03_2_F002.wav,happy,Ses04,F,3.85
Ses04M_impro07_F002,/mnt/ddn/kyudan/IEMOCAP/data/Ses04M_impro07_F002.wav,happy,Ses04,F,1.88
Ses03M_impro03_F006,/mnt/ddn/kyudan/IEMOCAP/data/Ses03M_impro03_F006.wav,happy,Ses03,F,5.773
Ses04F_script01_3_M018,/mnt/ddn/kyudan/IEMOCAP/data/Ses04F_script01_3_M018.wav,happy,Ses04,M,5.16
Ses05F_impro07_M003,/mnt/ddn/kyudan/IEMOCAP/data/Ses05F_impro07_M003.wav,happy,Ses05,M,1.9
Ses01M_script03_1_M040,/mnt/ddn/kyudan/IEMOCAP/data/Ses01M_script03_1_M040.wav,happy,Ses01,M,2.85
Ses02M_impro03_M029,/mnt/ddn/kyudan/IEMOCAP/data/Ses02M_impro03_M029.wav,happy,Ses02,M,5.321
Ses02F_impro07_F032,/mnt/ddn/kyudan/IEMOCAP/data/Ses02F_impro07_F032.wav,happy,Ses02,F,1.912
Ses03F_impro03_F014,/mnt/ddn/kyudan/IEMOCAP/data/Ses03F_impro03_F014.wav,happy,Ses03,F,2.377
Ses04F_script02_2_F047,/mnt/ddn/kyudan/IEMOCAP/data/Ses04F_script02_2_F047.wav,happy,Ses04,F,2.029
Ses05F_impro07_M022,/mnt/ddn/kyudan/IEMOCAP/data/Ses05F_impro07_M022.wav,happy,Ses05,M,2.31
Ses02F_impro03_F015,/mnt/ddn/kyudan/IEMOCAP/data/Ses02F_impro03_F015.wav,happy,Ses02,F,6.209
Ses03F_script01_3_F035,/mnt/ddn/kyudan/IEMOCAP/data/Ses03F_script01_3_F035.wav,happy,Ses03,F,4.607
Ses05M_impro03_M009,/mnt/ddn/kyudan/IEMOCAP/data/Ses05M_impro03_M009.wav,happy,Ses05,M,13.2
Ses05M_script02_2_M040,/mnt/ddn/kyudan/IEMOCAP/data/Ses05M_script02_2_M040.wav,happy,Ses05,M,2.308
Ses01F_impro03_M015,/mnt/ddn/kyudan/IEMOCAP/data/Ses01F_impro03_M015.wav,happy,Ses01,M,2.18
Ses04M_impro07_M003,/mnt/ddn/kyudan/IEMOCAP/data/Ses04M_impro07_M003.wav,happy,Ses04,M,4.77
Ses02M_script02_2_M046,/mnt/ddn/kyudan/IEMOCAP/data/Ses02M_script02_2_M046.wav,happy,Ses02,M,1.39
Ses03M_script03_1_F014,/mnt/ddn/kyudan/IEMOCAP/data/Ses03M_script03_1_F014.wav,happy,Ses03,F,4.58
Ses05F_script03_1_F008,/mnt/ddn/kyudan/IEMOCAP/data/Ses05F_script03_1_F008.wav,happy,Ses05,F,5.72
Ses01M_script03_1_M005,/mnt/ddn/kyudan/IEMOCAP/data/Ses01M_script03_1_M005.wav,happy,Ses01,M,10.377
Ses02F_script03_1_M023,/mnt/ddn/kyudan/IEMOCAP/data/Ses02F_script03_1_M023.wav,happy,Ses02,M,4.4
Ses04F_script02_2_M048,/mnt/ddn/kyudan/IEMOCAP/data/Ses04F_script02_2_M048.wav,happy,Ses04,M,4.231
Ses03M_impro07_F006,/mnt/ddn/kyudan/IEMOCAP/data/Ses03M_impro07_F006.wav,happy,Ses03,F,6.445
Ses03F_impro07_F018,/mnt/ddn/kyudan/IEMOCAP/data/Ses03F_impro07_F018.wav,happy,Ses03,F,1.002
Ses02M_script03_1_F028,/mnt/ddn/kyudan/IEMOCAP/data/Ses02M_script03_1_F028.wav,happy,Ses02,F,4.566
Ses03F_script02_2_F043,/mnt/ddn/kyudan/IEMOCAP/data/Ses03F_script02_2_F043.wav,happy,Ses03,F,8.072
Ses04M_script01_3_M017,/mnt/ddn/kyudan/IEMOCAP/data/Ses04M_script01_3_M017.wav,happy,Ses04,M,6.35
Ses03F_script01_3_M010,/mnt/ddn/kyudan/IEMOCAP/data/Ses03F_script01_3_M010.wav,happy,Ses03,M,2.865
Ses01M_impro07_F001,/mnt/ddn/kyudan/IEMOCAP/data/Ses01M_impro07_F001.wav,happy,Ses01,F,7.17
Ses03M_script03_1_M016,/mnt/ddn/kyudan/IEMOCAP/data/Ses03M_script03_1_M016.wav,happy,Ses03,M,3.73
Ses03F_script01_3_F023,/mnt/ddn/kyudan/IEMOCAP/data/Ses03F_script01_3_F023.wav,happy,Ses03,F,6.615
Ses01F_script02_1_M042,/mnt/ddn/kyudan/IEMOCAP/data/Ses01F_script02_1_M042.wav,happy,Ses01,M,5.585
Ses02M_impro07_M016,/mnt/ddn/kyudan/IEMOCAP/data/Ses02M_impro07_M016.wav,happy,Ses02,M,6.53
Ses02M_impro07_M028,/mnt/ddn/kyudan/IEMOCAP/data/Ses02M_impro07_M028.wav,happy,Ses02,M,7.698
Ses04F_impro07_F048,/mnt/ddn/kyudan/IEMOCAP/data/Ses04F_impro07_F048.wav,happy,Ses04,F,4.11
Ses02F_impro03_M003,/mnt/ddn/kyudan/IEMOCAP/data/Ses02F_impro03_M003.wav,happy,Ses02,M,2.632
Ses04F_impro07_F071,/mnt/ddn/kyudan/IEMOCAP/data/Ses04F_impro07_F071.wav,happy,Ses04,F,4.21
Ses02M_script03_1_F001,/mnt/ddn/kyudan/IEMOCAP/data/Ses02M_script03_1_F001.wav,happy,Ses02,F,3.064
Ses01M_impro07_F018,/mnt/ddn/kyudan/IEMOCAP/data/Ses01M_impro07_F018.wav,happy,Ses01,F,4.75
Ses05F_script03_1_F007,/mnt/ddn/kyudan/IEMOCAP/data/Ses05F_script03_1_F007.wav,happy,Ses05,F,2.77
Ses04F_impro07_F055,/mnt/ddn/kyudan/IEMOCAP/data/Ses04F_impro07_F055.wav,happy,Ses04,F,2.62
Ses05M_script02_1_M031,/mnt/ddn/kyudan/IEMOCAP/data/Ses05M_script02_1_M031.wav,happy,Ses05,M,11.64
Ses05F_impro03_F041,/mnt/ddn/kyudan/IEMOCAP/data/Ses05F_impro03_F041.wav,happy,Ses05,F,1.56
Ses02M_script02_1_M020,/mnt/ddn/kyudan/IEMOCAP/data/Ses02M_script02_1_M020.wav,happy,Ses02,M,1.68
Ses03F_impro01_F001,/mnt/ddn/kyudan/IEMOCAP/data/Ses03F_impro01_F001.wav,happy,Ses03,F,3.19
Ses02F_impro03_F002,/mnt/ddn/kyudan/IEMOCAP/data/Ses02F_impro03_F002.wav,happy,Ses02,F,2.05
Ses04F_impro03_M003,/mnt/ddn/kyudan/IEMOCAP/data/Ses04F_impro03_M003.wav,happy,Ses04,M,2.52
Ses05M_script01_3_F027,/mnt/ddn/kyudan/IEMOCAP/data/Ses05M_script01_3_F027.wav,happy,Ses05,F,2.89
Ses03M_script02_1_M042,/mnt/ddn/kyudan/IEMOCAP/data/Ses03M_script02_1_M042.wav,happy,Ses03,M,3.308
Ses02F_impro03_F030,/mnt/ddn/kyudan/IEMOCAP/data/Ses02F_impro03_F030.wav,happy,Ses02,F,3.913
Ses02M_impro07_M009,/mnt/ddn/kyudan/IEMOCAP/data/Ses02M_impro07_M009.wav,happy,Ses02,M,5.91
Ses05M_impro07_M004,/mnt/ddn/kyudan/IEMOCAP/data/Ses05M_impro07_M004.wav,happy,Ses05,M,3.36
Ses05M_impro07_M034,/mnt/ddn/kyudan/IEMOCAP/data/Ses05M_impro07_M034.wav,happy,Ses05,M,3.81
Ses02F_impro03_F009,/mnt/ddn/kyudan/IEMOCAP/data/Ses02F_impro03_F009.wav,happy,Ses02,F,12.087
Ses05F_impro03_M020,/mnt/ddn/kyudan/IEMOCAP/data/Ses05F_impro03_M020.wav,happy,Ses05,M,1.54
Ses01M_script03_1_F008,/mnt/ddn/kyudan/IEMOCAP/data/Ses01M_script03_1_F008.wav,happy,Ses01,F,2.53
Ses03M_impro03_M009,/mnt/ddn/kyudan/IEMOCAP/data/Ses03M_impro03_M009.wav,happy,Ses03,M,1.782
Ses01M_script03_1_M035,/mnt/ddn/kyudan/IEMOCAP/data/Ses01M_script03_1_M035.wav,happy,Ses01,M,2.62
Ses05F_script01_3_F000,/mnt/ddn/kyudan/IEMOCAP/data/Ses05F_script01_3_F000.wav,happy,Ses05,F,3.322
Ses03F_script01_3_F022,/mnt/ddn/kyudan/IEMOCAP/data/Ses03F_script01_3_F022.wav,happy,Ses03,F,4.361
Ses04M_impro07_M024,/mnt/ddn/kyudan/IEMOCAP/data/Ses04M_impro07_M024.wav,happy,Ses04,M,6.58
Ses02M_script01_3_F015,/mnt/ddn/kyudan/IEMOCAP/data/Ses02M_script01_3_F015.wav,happy,Ses02,F,9.078
Ses05F_impro03_M057,/mnt/ddn/kyudan/IEMOCAP/data/Ses05F_impro03_M057.wav,happy,Ses05,M,1.24
Ses04M_impro07_F019,/mnt/ddn/kyudan/IEMOCAP/data/Ses04M_impro07_F019.wav,happy,Ses04,F,4.24
Ses04F_impro07_F016,/mnt/ddn/kyudan/IEMOCAP/data/Ses04F_impro07_F016.wav,happy,Ses04,F,4.56
Ses05M_script03_1_M023,/mnt/ddn/kyudan/IEMOCAP/data/Ses05M_script03_1_M023.wav,happy,Ses05,M,6.562
Ses01F_script02_1_M016,/mnt/ddn/kyudan/IEMOCAP/data/Ses01F_script02_1_M016.wav,happy,Ses01,M,5.76
Ses04F_impro07_M056,/mnt/ddn/kyudan/IEMOCAP/data/Ses04F_impro07_M056.wav,happy,Ses04,M,2.889
Ses03M_script01_3_F032,/mnt/ddn/kyudan/IEMOCAP/data/Ses03M_script01_3_F032.wav,happy,Ses03,F,6.792
Ses05M_impro03_M004,/mnt/ddn/kyudan/IEMOCAP/data/Ses05M_impro03_M004.wav,happy,Ses05,M,7.07
Ses01M_impro07_F028,/mnt/ddn/kyudan/IEMOCAP/data/Ses01M_impro07_F028.wav,happy,Ses01,F,2.47
Ses01M_script03_1_M038,/mnt/ddn/kyudan/IEMOCAP/data/Ses01M_script03_1_M038.wav,happy,Ses01,M,2.48
Ses05F_impro03_F017,/mnt/ddn/kyudan/IEMOCAP/data/Ses05F_impro03_F017.wav,happy,Ses05,F,1.25
Ses02M_impro07_M025,/mnt/ddn/kyudan/IEMOCAP/data/Ses02M_impro07_M025.wav,happy,Ses02,M,7.14
Ses05M_impro03_M006,/mnt/ddn/kyudan/IEMOCAP/data/Ses05M_impro03_M006.wav,happy,Ses05,M,12.47
Ses01F_script03_1_M028,/mnt/ddn/kyudan/IEMOCAP/data/Ses01F_script03_1_M028.wav,happy,Ses01,M,4.8
Ses05F_impro03_M027,/mnt/ddn/kyudan/IEMOCAP/data/Ses05F_impro03_M027.wav,happy,Ses05,M,4.06
Ses04F_impro07_M047,/mnt/ddn/kyudan/IEMOCAP/data/Ses04F_impro07_M047.wav,happy,Ses04,M,5.89
Ses05M_script01_3_M017,/mnt/ddn/kyudan/IEMOCAP/data/Ses05M_script01_3_M017.wav,happy,Ses05,M,4.87
Ses03M_script03_1_F021,/mnt/ddn/kyudan/IEMOCAP/data/Ses03M_script03_1_F021.wav,happy,Ses03,F,4.5
Ses04M_impro07_M015,/mnt/ddn/kyudan/IEMOCAP/data/Ses04M_impro07_M015.wav,happy,Ses04,M,8.47
Ses04F_impro03_F052,/mnt/ddn/kyudan/IEMOCAP/data/Ses04F_impro03_F052.wav,happy,Ses04,F,1.37
Ses02M_impro07_F003,/mnt/ddn/kyudan/IEMOCAP/data/Ses02M_impro07_F003.wav,happy,Ses02,F,2.424
Ses02F_impro07_F022,/mnt/ddn/kyudan/IEMOCAP/data/Ses02F_impro07_F022.wav,happy,Ses02,F,11.332
Ses05F_impro03_M039,/mnt/ddn/kyudan/IEMOCAP/data/Ses05F_impro03_M039.wav,happy,Ses05,M,11.14
Ses05M_impro07_M040,/mnt/ddn/kyudan/IEMOCAP/data/Ses05M_impro07_M040.wav,happy,Ses05,M,7.47
Ses01M_impro07_M027,/mnt/ddn/kyudan/IEMOCAP/data/Ses01M_impro07_M027.wav,happy,Ses01,M,1.49
Ses01F_script03_1_F017,/mnt/ddn/kyudan/IEMOCAP/data/Ses01F_script03_1_F017.wav,happy,Ses01,F,4.92
Ses02M_script01_3_M010,/mnt/ddn/kyudan/IEMOCAP/data/Ses02M_script01_3_M010.wav,happy,Ses02,M,10.137
Ses03F_script02_1_M021,/mnt/ddn/kyudan/IEMOCAP/data/Ses03F_script02_1_M021.wav,happy,Ses03,M,6.956
Ses03M_impro03_F010,/mnt/ddn/kyudan/IEMOCAP/data/Ses03M_impro03_F010.wav,happy,Ses03,F,5.303
Ses02M_script02_1_M038,/mnt/ddn/kyudan/IEMOCAP/data/Ses02M_script02_1_M038.wav,happy,Ses02,M,8.56
Ses04M_script03_1_F029,/mnt/ddn/kyudan/IEMOCAP/data/Ses04M_script03_1_F029.wav,happy,Ses04,F,4.34
Ses05F_impro03_M048,/mnt/ddn/kyudan/IEMOCAP/data/Ses05F_impro03_M048.wav,happy,Ses05,M,1.27
Ses04F_script03_1_F028,/mnt/ddn/kyudan/IEMOCAP/data/Ses04F_script03_1_F028.wav,happy,Ses04,F,5.64
Ses03M_script02_1_M028,/mnt/ddn/kyudan/IEMOCAP/data/Ses03M_script02_1_M028.wav,happy,Ses03,M,3.183
Ses03M_script03_1_F028,/mnt/ddn/kyudan/IEMOCAP/data/Ses03M_script03_1_F028.wav,happy,Ses03,F,5.482
Ses03F_impro03_M007,/mnt/ddn/kyudan/IEMOCAP/data/Ses03F_impro03_M007.wav,happy,Ses03,M,5.942
Ses04F_script01_3_M020,/mnt/ddn/kyudan/IEMOCAP/data/Ses04F_script01_3_M020.wav,happy,Ses04,M,3.778
Ses02F_script02_2_F045,/mnt/ddn/kyudan/IEMOCAP/data/Ses02F_script02_2_F045.wav,happy,Ses02,F,1.77
Ses01M_impro07_F013,/mnt/ddn/kyudan/IEMOCAP/data/Ses01M_impro07_F013.wav,happy,Ses01,F,3.39
Ses03M_script03_1_F026,/mnt/ddn/kyudan/IEMOCAP/data/Ses03M_script03_1_F026.wav,happy,Ses03,F,3.28
Ses04M_impro07_F018,/mnt/ddn/kyudan/IEMOCAP/data/Ses04M_impro07_F018.wav,happy,Ses04,F,1.43
Ses05M_impro08_F026,/mnt/ddn/kyudan/IEMOCAP/data/Ses05M_impro08_F026.wav,happy,Ses05,F,6.88
Ses04F_script03_1_M014,/mnt/ddn/kyudan/IEMOCAP/data/Ses04F_script03_1_M014.wav,happy,Ses04,M,5.208
Ses03F_script02_1_M002,/mnt/ddn/kyudan/IEMOCAP/data/Ses03F_script02_1_M002.wav,happy,Ses03,M,9.525
Ses01M_script02_2_F044,/mnt/ddn/kyudan/IEMOCAP/data/Ses01M_script02_2_F044.wav,happy,Ses01,F,4.332
Ses02F_script02_1_M026,/mnt/ddn/kyudan/IEMOCAP/data/Ses02F_script02_1_M026.wav,happy,Ses02,M,2.96
Ses05F_impro07_M011,/mnt/ddn/kyudan/IEMOCAP/data/Ses05F_impro07_M011.wav,happy,Ses05,M,5.23
Ses01F_impro03_M014,/mnt/ddn/kyudan/IEMOCAP/data/Ses01F_impro03_M014.wav,happy,Ses01,M,3.587
Ses02F_impro07_M034,/mnt/ddn/kyudan/IEMOCAP/data/Ses02F_impro07_M034.wav,happy,Ses02,M,2.82
Ses04F_script03_2_M022,/mnt/ddn/kyudan/IEMOCAP/data/Ses04F_script03_2_M022.wav,happy,Ses04,M,4.58
Ses02M_impro07_F024,/mnt/ddn/kyudan/IEMOCAP/data/Ses02M_impro07_F024.wav,happy,Ses02,F,2.06
Ses03M_script02_1_M037,/mnt/ddn/kyudan/IEMOCAP/data/Ses03M_script02_1_M037.wav,happy,Ses03,M,12.49
Ses03M_impro03_M025,/mnt/ddn/kyudan/IEMOCAP/data/Ses03M_impro03_M025.wav,happy,Ses03,M,5.026
Ses02F_script03_1_F019,/mnt/ddn/kyudan/IEMOCAP/data/Ses02F_script03_1_F019.wav,happy,Ses02,F,2.45
Ses05F_impro08_M025,/mnt/ddn/kyudan/IEMOCAP/data/Ses05F_impro08_M025.wav,happy,Ses05,M,3.41
Ses05F_script02_2_M018,/mnt/ddn/kyudan/IEMOCAP/data/Ses05F_script02_2_M018.wav,happy,Ses05,M,7.37
Ses05M_script02_2_M038,/mnt/ddn/kyudan/IEMOCAP/data/Ses05M_script02_2_M038.wav,happy,Ses05,M,4.67
Ses02M_impro03_M006,/mnt/ddn/kyudan/IEMOCAP/data/Ses02M_impro03_M006.wav,happy,Ses02,M,4.044
Ses01F_script03_1_M005,/mnt/ddn/kyudan/IEMOCAP/data/Ses01F_script03_1_M005.wav,happy,Ses01,M,2.66
Ses02F_impro07_M033,/mnt/ddn/kyudan/IEMOCAP/data/Ses02F_impro07_M033.wav,happy,Ses02,M,2.44
Ses03F_impro07_F017,/mnt/ddn/kyudan/IEMOCAP/data/Ses03F_impro07_F017.wav,happy,Ses03,F,2.087
Ses02F_script03_1_F025,/mnt/ddn/kyudan/IEMOCAP/data/Ses02F_script03_1_F025.wav,happy,Ses02,F,2.91
Ses05M_impro07_M024,/mnt/ddn/kyudan/IEMOCAP/data/Ses05M_impro07_M024.wav,happy,Ses05,M,2.32
Ses02F_script03_1_F005,/mnt/ddn/kyudan/IEMOCAP/data/Ses02F_script03_1_F005.wav,happy,Ses02,F,4.05
Ses01M_script02_1_M019,/mnt/ddn/kyudan/IEMOCAP/data/Ses01M_script02_1_M019.wav,happy,Ses01,M,3.295
Ses03M_impro03_F033,/mnt/ddn/kyudan/IEMOCAP/data/Ses03M_impro03_F033.wav,happy,Ses03,F,2.604
Ses05F_impro03_F004,/mnt/ddn/kyudan/IEMOCAP/data/Ses05F_impro03_F004.wav,happy,Ses05,F,1.18
Ses01F_script03_1_F025,/mnt/ddn/kyudan/IEMOCAP/data/Ses01F_script03_1_F025.wav,happy,Ses01,F,5.75
Ses02F_impro03_F013,/mnt/ddn/kyudan/IEMOCAP/data/Ses02F_impro03_F013.wav,happy,Ses02,F,6.335
Ses02M_script02_2_M018,/mnt/ddn/kyudan/IEMOCAP/data/Ses02M_script02_2_M018.wav,happy,Ses02,M,2.08
Ses03M_script03_1_M037,/mnt/ddn/kyudan/IEMOCAP/data/Ses03M_script03_1_M037.wav,happy,Ses03,M,2.25
Ses01M_script02_2_M005,/mnt/ddn/kyudan/IEMOCAP/data/Ses01M_script02_2_M005.wav,happy,Ses01,M,6.11
Ses04F_script03_1_F007,/mnt/ddn/kyudan/IEMOCAP/data/Ses04F_script03_1_F007.wav,happy,Ses04,F,2.54
Ses01M_impro03_F016,/mnt/ddn/kyudan/IEMOCAP/data/Ses01M_impro03_F016.wav,happy,Ses01,F,4.423
Ses02M_impro03_F008,/mnt/ddn/kyudan/IEMOCAP/data/Ses02M_impro03_F008.wav,happy,Ses02,F,4.225
Ses05M_impro07_M043,/mnt/ddn/kyudan/IEMOCAP/data/Ses05M_impro07_M043.wav,happy,Ses05,M,4.83
Ses02F_impro07_M011,/mnt/ddn/kyudan/IEMOCAP/data/Ses02F_impro07_M011.wav,happy,Ses02,M,1.854
Ses04M_script03_1_F016,/mnt/ddn/kyudan/IEMOCAP/data/Ses04M_script03_1_F016.wav,happy,Ses04,F,2.7
Ses04M_impro03_M026,/mnt/ddn/kyudan/IEMOCAP/data/Ses04M_impro03_M026.wav,happy,Ses04,M,1.46
Ses05M_impro03_M003,/mnt/ddn/kyudan/IEMOCAP/data/Ses05M_impro03_M003.wav,happy,Ses05,M,2.58
Ses03M_script01_3_F021,/mnt/ddn/kyudan/IEMOCAP/data/Ses03M_script01_3_F021.wav,happy,Ses03,F,3.969
Ses05M_impro07_M000,/mnt/ddn/kyudan/IEMOCAP/data/Ses05M_impro07_M000.wav,happy,Ses05,M,2.35
Ses01F_impro07_M005,/mnt/ddn/kyudan/IEMOCAP/data/Ses01F_impro07_M005.wav,happy,Ses01,M,5.827
Ses04F_impro07_F047,/mnt/ddn/kyudan/IEMOCAP/data/Ses04F_impro07_F047.wav,happy,Ses04,F,1.45
Ses03M_script03_1_M030,/mnt/ddn/kyudan/IEMOCAP/data/Ses03M_script03_1_M030.wav,happy,Ses03,M,1.19
Ses04M_script03_1_M007,/mnt/ddn/kyudan/IEMOCAP/data/Ses04M_script03_1_M007.wav,happy,Ses04,M,2.48
Ses04F_impro07_M070,/mnt/ddn/kyudan/IEMOCAP/data/Ses04F_impro07_M070.wav,happy,Ses04,M,1.316
Ses01M_impro03_F007,/mnt/ddn/kyudan/IEMOCAP/data/Ses01M_impro03_F007.wav,happy,Ses01,F,4.33
Ses01M_impro03_M016,/mnt/ddn/kyudan/IEMOCAP/data/Ses01M_impro03_M016.wav,happy,Ses01,M,3.93
Ses05F_impro07_M030,/mnt/ddn/kyudan/IEMOCAP/data/Ses05F_impro07_M030.wav,happy,Ses05,M,10.46
Ses04F_impro07_M048,/mnt/ddn/kyudan/IEMOCAP/data/Ses04F_impro07_M048.wav,happy,Ses04,M,5.15
Ses02F_script03_1_M003,/mnt/ddn/kyudan/IEMOCAP/data/Ses02F_script03_1_M003.wav,happy,Ses02,M,2.69
Ses03F_impro02_M001,/mnt/ddn/kyudan/IEMOCAP/data/Ses03F_impro02_M001.wav,happy,Ses03,M,7.44
Ses02M_script03_1_M004,/mnt/ddn/kyudan/IEMOCAP/data/Ses02M_script03_1_M004.wav,happy,Ses02,M,1.712
Ses04F_impro07_M075,/mnt/ddn/kyudan/IEMOCAP/data/Ses04F_impro07_M075.wav,happy,Ses04,M,4.49
Ses01M_script03_2_M001,/mnt/ddn/kyudan/IEMOCAP/data/Ses01M_script03_2_M001.wav,happy,Ses01,M,1.87
Ses05M_impro03_F014,/mnt/ddn/kyudan/IEMOCAP/data/Ses05M_impro03_F014.wav,happy,Ses05,F,2.58
Ses01M_script01_3_M042,/mnt/ddn/kyudan/IEMOCAP/data/Ses01M_script01_3_M042.wav,happy,Ses01,M,2.81
Ses02F_impro07_F036,/mnt/ddn/kyudan/IEMOCAP/data/Ses02F_impro07_F036.wav,happy,Ses02,F,2.24
Ses05F_script02_1_M014,/mnt/ddn/kyudan/IEMOCAP/data/Ses05F_script02_1_M014.wav,happy,Ses05,M,1.414
Ses04F_script03_1_M035,/mnt/ddn/kyudan/IEMOCAP/data/Ses04F_script03_1_M035.wav,happy,Ses04,M,2.14
Ses05F_impro03_M054,/mnt/ddn/kyudan/IEMOCAP/data/Ses05F_impro03_M054.wav,happy,Ses05,M,3.51
Ses01F_script01_3_F010,/mnt/ddn/kyudan/IEMOCAP/data/Ses01F_script01_3_F010.wav,happy,Ses01,F,1.403
Ses05M_script02_1_M003,/mnt/ddn/kyudan/IEMOCAP/data/Ses05M_script02_1_M003.wav,happy,Ses05,M,3.57
Ses02F_script02_1_M035,/mnt/ddn/kyudan/IEMOCAP/data/Ses02F_script02_1_M035.wav,happy,Ses02,M,4.45
Ses01F_script03_1_F011,/mnt/ddn/kyudan/IEMOCAP/data/Ses01F_script03_1_F011.wav,happy,Ses01,F,3.79
Ses04F_script03_1_M036,/mnt/ddn/kyudan/IEMOCAP/data/Ses04F_script03_1_M036.wav,happy,Ses04,M,3.57
Ses03F_impro02_F005,/mnt/ddn/kyudan/IEMOCAP/data/Ses03F_impro02_F005.wav,happy,Ses03,F,1.135
Ses01F_script03_1_M011,/mnt/ddn/kyudan/IEMOCAP/data/Ses01F_script03_1_M011.wav,happy,Ses01,M,2.45
Ses05M_impro03_F018,/mnt/ddn/kyudan/IEMOCAP/data/Ses05M_impro03_F018.wav,happy,Ses05,F,1.15
Ses04F_impro07_F024,/mnt/ddn/kyudan/IEMOCAP/data/Ses04F_impro07_F024.wav,happy,Ses04,F,6.65
Ses01M_impro03_M019,/mnt/ddn/kyudan/IEMOCAP/data/Ses01M_impro03_M019.wav,happy,Ses01,M,3.78
Ses02M_script01_3_F002,/mnt/ddn/kyudan/IEMOCAP/data/Ses02M_script01_3_F002.wav,happy,Ses02,F,5.108
Ses04M_impro03_F011,/mnt/ddn/kyudan/IEMOCAP/data/Ses04M_impro03_F011.wav,happy,Ses04,F,4.76
Ses02M_script03_1_M018,/mnt/ddn/kyudan/IEMOCAP/data/Ses02M_script03_1_M018.wav,happy,Ses02,M,2.869
Ses03F_script01_3_M009,/mnt/ddn/kyudan/IEMOCAP/data/Ses03F_script01_3_M009.wav,happy,Ses03,M,5.856
Ses05F_impro03_M038,/mnt/ddn/kyudan/IEMOCAP/data/Ses05F_impro03_M038.wav,happy,Ses05,M,1.9
Ses02F_script01_3_M019,/mnt/ddn/kyudan/IEMOCAP/data/Ses02F_script01_3_M019.wav,happy,Ses02,M,2.8
Ses02F_script03_1_F023,/mnt/ddn/kyudan/IEMOCAP/data/Ses02F_script03_1_F023.wav,happy,Ses02,F,4.77
Ses01F_impro07_M017,/mnt/ddn/kyudan/IEMOCAP/data/Ses01F_impro07_M017.wav,happy,Ses01,M,3.571
Ses02M_impro07_F012,/mnt/ddn/kyudan/IEMOCAP/data/Ses02M_impro07_F012.wav,happy,Ses02,F,1.27
Ses05F_script03_1_M014,/mnt/ddn/kyudan/IEMOCAP/data/Ses05F_script03_1_M014.wav,happy,Ses05,M,3.83
Ses04M_script02_2_F036,/mnt/ddn/kyudan/IEMOCAP/data/Ses04M_script02_2_F036.wav,happy,Ses04,F,10.328
Ses01M_impro07_M011,/mnt/ddn/kyudan/IEMOCAP/data/Ses01M_impro07_M011.wav,happy,Ses01,M,3.138
Ses02F_impro03_M011,/mnt/ddn/kyudan/IEMOCAP/data/Ses02F_impro03_M011.wav,happy,Ses02,M,3.35
Ses04F_script02_2_F042,/mnt/ddn/kyudan/IEMOCAP/data/Ses04F_script02_2_F042.wav,happy,Ses04,F,6.041
Ses04M_impro07_M038,/mnt/ddn/kyudan/IEMOCAP/data/Ses04M_impro07_M038.wav,happy,Ses04,M,1.67
Ses02M_script03_1_F017,/mnt/ddn/kyudan/IEMOCAP/data/Ses02M_script03_1_F017.wav,happy,Ses02,F,2.373
Ses02M_impro05_F025,/mnt/ddn/kyudan/IEMOCAP/data/Ses02M_impro05_F025.wav,neutral,Ses02,F,6.095
Ses04F_impro07_M017,/mnt/ddn/kyudan/IEMOCAP/data/Ses04F_impro07_M017.wav,neutral,Ses04,M,3.53
Ses05M_impro08_M010,/mnt/ddn/kyudan/IEMOCAP/data/Ses05M_impro08_M010.wav,neutral,Ses05,M,6.04
Ses02F_impro04_M004,/mnt/ddn/kyudan/IEMOCAP/data/Ses02F_impro04_M004.wav,neutral,Ses02,M,12.96
Ses02F_script02_1_M013,/mnt/ddn/kyudan/IEMOCAP/data/Ses02F_script02_1_M013.wav,neutral,Ses02,M,5.55
Ses05F_impro04_M042,/mnt/ddn/kyudan/IEMOCAP/data/Ses05F_impro04_M042.wav,neutral,Ses05,M,5.02
Ses04M_impro08_F027,/mnt/ddn/kyudan/IEMOCAP/data/Ses04M_impro08_F027.wav,neutral,Ses04,F,1.619
Ses01F_impro03_M016,/mnt/ddn/kyudan/IEMOCAP/data/Ses01F_impro03_M016.wav,neutral,Ses01,M,1.805
Ses02M_impro01_F004,/mnt/ddn/kyudan/IEMOCAP/data/Ses02M_impro01_F004.wav,neutral,Ses02,F,1.642
Ses04F_impro04_M023,/mnt/ddn/kyudan/IEMOCAP/data/Ses04F_impro04_M023.wav,neutral,Ses04,M,6.77
Ses05F_impro05_M023,/mnt/ddn/kyudan/IEMOCAP/data/Ses05F_impro05_M023.wav,neutral,Ses05,M,5.492
Ses04M_script01_1_F026,/mnt/ddn/kyudan/IEMOCAP/data/Ses04M_script01_1_F026.wav,neutral,Ses04,F,2.668
Ses01M_script01_1_M002,/mnt/ddn/kyudan/IEMOCAP/data/Ses01M_script01_1_M002.wav,neutral,Ses01,M,6.135
Ses05M_impro08_M018,/mnt/ddn/kyudan/IEMOCAP/data/Ses05M_impro08_M018.wav,neutral,Ses05,M,2.8
Ses02M_impro01_F003,/mnt/ddn/kyudan/IEMOCAP/data/Ses02M_impro01_F003.wav,neutral,Ses02,F,6.919
Ses01M_impro05_M014,/mnt/ddn/kyudan/IEMOCAP/data/Ses01M_impro05_M014.wav,neutral,Ses01,M,7.46
Ses04M_script03_2_M028,/mnt/ddn/kyudan/IEMOCAP/data/Ses04M_script03_2_M028.wav,neutral,Ses04,M,2.15
Ses05F_impro05_F001,/mnt/ddn/kyudan/IEMOCAP/data/Ses05F_impro05_F001.wav,neutral,Ses05,F,3.576
Ses03M_impro08b_M022,/mnt/ddn/kyudan/IEMOCAP/data/Ses03M_impro08b_M022.wav,neutral,Ses03,M,4.49
Ses04M_impro04_F000,/mnt/ddn/kyudan/IEMOCAP/data/Ses04M_impro04_F000.wav,neutral,Ses04,F,3.176
Ses04F_impro04_M004,/mnt/ddn/kyudan/IEMOCAP/data/Ses04F_impro04_M004.wav,neutral,Ses04,M,1.89
Ses05M_impro08_F014,/mnt/ddn/kyudan/IEMOCAP/data/Ses05M_impro08_F014.wav,neutral,Ses05,F,1.26
Ses03M_impro05b_F000,/mnt/ddn/kyudan/IEMOCAP/data/Ses03M_impro05b_F000.wav,neutral,Ses03,F,2.683
Ses01M_script02_2_M050,/mnt/ddn/kyudan/IEMOCAP/data/Ses01M_script02_2_M050.wav,neutral,Ses01,M,2.162
Ses01F_impro05_M013,/mnt/ddn/kyudan/IEMOCAP/data/Ses01F_impro05_M013.wav,neutral,Ses01,M,1.44
Ses03M_impro05a_F008,/mnt/ddn/kyudan/IEMOCAP/data/Ses03M_impro05a_F008.wav,neutral,Ses03,F,2.53
Ses03F_impro08_F022,/mnt/ddn/kyudan/IEMOCAP/data/Ses03F_impro08_F022.wav,neutral,Ses03,F,2.11
Ses02F_impro06_M017,/mnt/ddn/kyudan/IEMOCAP/data/Ses02F_impro06_M017.wav,neutral,Ses02,M,8.14
Ses01M_impro07_F012,/mnt/ddn/kyudan/IEMOCAP/data/Ses01M_impro07_F012.wav,neutral,Ses01,F,3.71
Ses03M_impro04_F021,/mnt/ddn/kyudan/IEMOCAP/data/Ses03M_impro04_F021.wav,neutral,Ses03,F,3.6
Ses05M_script02_2_M016,/mnt/ddn/kyudan/IEMOCAP/data/Ses05M_script02_2_M016.wav,neutral,Ses05,M,11.17
Ses05F_impro05_M034,/mnt/ddn/kyudan/IEMOCAP/data/Ses05F_impro05_M034.wav,neutral,Ses05,M,2.89
Ses03F_impro02_M000,/mnt/ddn/kyudan/IEMOCAP/data/Ses03F_impro02_M000.wav,neutral,Ses03,M,1.808
Ses02F_impro05_M006,/mnt/ddn/kyudan/IEMOCAP/data/Ses02F_impro05_M006.wav,neutral,Ses02,M,10.02
Ses05F_impro05_M048,/mnt/ddn/kyudan/IEMOCAP/data/Ses05F_impro05_M048.wav,neutral,Ses05,M,1.38
Ses05M_impro04_F001,/mnt/ddn/kyudan/IEMOCAP/data/Ses05M_impro04_F001.wav,neutral,Ses05,F,2.35
Ses02F_script01_3_M001,/mnt/ddn/kyudan/IEMOCAP/data/Ses02F_script01_3_M001.wav,neutral,Ses02,M,1.65
Ses04M_impro08_M013,/mnt/ddn/kyudan/IEMOCAP/data/Ses04M_impro08_M013.wav,neutral,Ses04,M,5.345
Ses02M_script01_1_M017,/mnt/ddn/kyudan/IEMOCAP/data/Ses02M_script01_1_M017.wav,neutral,Ses02,M,1.41
Ses05M_script03_2_F002,/mnt/ddn/kyudan/IEMOCAP/data/Ses05M_script03_2_F002.wav,neutral,Ses05,F,3.64
Ses01M_impro05_F030,/mnt/ddn/kyudan/IEMOCAP/data/Ses01M_impro05_F030.wav,neutral,Ses01,F,2.06
Ses01F_script02_1_M020,/mnt/ddn/kyudan/IEMOCAP/data/Ses01F_script02_1_M020.wav,neutral,Ses01,M,1.89
Ses03F_impro05_M003,/mnt/ddn/kyudan/IEMOCAP/data/Ses03F_impro05_M003.wav,neutral,Ses03,M,6.364
Ses01M_script01_2_M000,/mnt/ddn/kyudan/IEMOCAP/data/Ses01M_script01_2_M000.wav,neutral,Ses01,M,4.501
Ses04F_impro03_M019,/mnt/ddn/kyudan/IEMOCAP/data/Ses04F_impro03_M019.wav,neutral,Ses04,M,2.67
Ses04M_script03_1_M010,/mnt/ddn/kyudan/IEMOCAP/data/Ses04M_script03_1_M010.wav,neutral,Ses04,M,3.67
Ses05M_impro08_M012,/mnt/ddn/kyudan/IEMOCAP/data/Ses05M_impro08_M012.wav,neutral,Ses05,M,4.14
Ses05M_impro05_F013,/mnt/ddn/kyudan/IEMOCAP/data/Ses05M_impro05_F013.wav,neutral,Ses05,F,6.8
Ses02F_script03_1_M021,/mnt/ddn/kyudan/IEMOCAP/data/Ses02F_script03_1_M021.wav,neutral,Ses02,M,2.74
Ses05F_script03_1_F019,/mnt/ddn/kyudan/IEMOCAP/data/Ses05F_script03_1_F019.wav,neutral,Ses05,F,3.46
Ses02F_impro06_M005,/mnt/ddn/kyudan/IEMOCAP/data/Ses02F_impro06_M005.wav,neutral,Ses02,M,6.76
Ses02F_impro04_M013,/mnt/ddn/kyudan/IEMOCAP/data/Ses02F_impro04_M013.wav,neutral,Ses02,M,13.15
Ses05M_impro08_M023,/mnt/ddn/kyudan/IEMOCAP/data/Ses05M_impro08_M023.wav,neutral,Ses05,M,2.99
Ses01F_script02_1_M024,/mnt/ddn/kyudan/IEMOCAP/data/Ses01F_script02_1_M024.wav,neutral,Ses01,M,12.86
Ses04M_impro03_M031,/mnt/ddn/kyudan/IEMOCAP/data/Ses04M_impro03_M031.wav,neutral,Ses04,M,6.616
Ses01F_impro04_M013,/mnt/ddn/kyudan/IEMOCAP/data/Ses01F_impro04_M013.wav,neutral,Ses01,M,3.403
Ses03M_impro05b_F021,/mnt/ddn/kyudan/IEMOCAP/data/Ses03M_impro05b_F021.wav,neutral,Ses03,F,7.1
Ses05M_impro05_F003,/mnt/ddn/kyudan/IEMOCAP/data/Ses05M_impro05_F003.wav,neutral,Ses05,F,4.3
Ses04M_impro05_F007,/mnt/ddn/kyudan/IEMOCAP/data/Ses04M_impro05_F007.wav,neutral,Ses04,F,3.727
Ses03F_script01_2_M009,/mnt/ddn/kyudan/IEMOCAP/data/Ses03F_script01_2_M009.wav,neutral,Ses03,M,1.83
Ses02F_script03_1_M033,/mnt/ddn/kyudan/IEMOCAP/data/Ses02F_script03_1_M033.wav,neutral,Ses02,M,2.24
Ses03F_script01_1_M041,/mnt/ddn/kyudan/IEMOCAP/data/Ses03F_script01_1_M041.wav,neutral,Ses03,M,3.859
Ses02F_impro08_F011,/mnt/ddn/kyudan/IEMOCAP/data/Ses02F_impro08_F011.wav,neutral,Ses02,F,2.364
Ses01F_script01_1_M017,/mnt/ddn/kyudan/IEMOCAP/data/Ses01F_script01_1_M017.wav,neutral,Ses01,M,2.937
Ses05M_impro08_M015,/mnt/ddn/kyudan/IEMOCAP/data/Ses05M_impro08_M015.wav,neutral,Ses05,M,1.1
Ses03M_script02_2_M016,/mnt/ddn/kyudan/IEMOCAP/data/Ses03M_script02_2_M016.wav,neutral,Ses03,M,6.37
Ses03M_impro03_F015,/mnt/ddn/kyudan/IEMOCAP/data/Ses03M_impro03_F015.wav,neutral,Ses03,F,2.753
Ses04M_impro05_F008,/mnt/ddn/kyudan/IEMOCAP/data/Ses04M_impro05_F008.wav,neutral,Ses04,F,3.66
Ses02M_impro08_M019,/mnt/ddn/kyudan/IEMOCAP/data/Ses02M_impro08_M019.wav,neutral,Ses02,M,4.083
Ses02M_script03_2_F011,/mnt/ddn/kyudan/IEMOCAP/data/Ses02M_script03_2_F011.wav,neutral,Ses02,F,4.36
Ses01M_impro06_F015,/mnt/ddn/kyudan/IEMOCAP/data/Ses01M_impro06_F015.wav,neutral,Ses01,F,1.218
Ses05M_script01_2_M003,/mnt/ddn/kyudan/IEMOCAP/data/Ses05M_script01_2_M003.wav,neutral,Ses05,M,3.32
Ses02F_impro08_F012,/mnt/ddn/kyudan/IEMOCAP/data/Ses02F_impro08_F012.wav,neutral,Ses02,F,12.879
Ses04M_impro07_M043,/mnt/ddn/kyudan/IEMOCAP/data/Ses04M_impro07_M043.wav,neutral,Ses04,M,3.86
Ses05M_impro05_M003,/mnt/ddn/kyudan/IEMOCAP/data/Ses05M_impro05_M003.wav,neutral,Ses05,M,2.9
Ses02M_impro08_M014,/mnt/ddn/kyudan/IEMOCAP/data/Ses02M_impro08_M014.wav,neutral,Ses02,M,2.371
Ses03F_impro04_M019,/mnt/ddn/kyudan/IEMOCAP/data/Ses03F_impro04_M019.wav,neutral,Ses03,M,3.35
Ses01F_impro05_M005,/mnt/ddn/kyudan/IEMOCAP/data/Ses01F_impro05_M005.wav,neutral,Ses01,M,4.06
Ses03M_impro08a_M013,/mnt/ddn/kyudan/IEMOCAP/data/Ses03M_impro08a_M013.wav,neutral,Ses03,M,6.211
Ses01F_impro05_M004,/mnt/ddn/kyudan/IEMOCAP/data/Ses01F_impro05_M004.wav,neutral,Ses01,M,1.52
Ses05M_impro04_F002,/mnt/ddn/kyudan/IEMOCAP/data/Ses05M_impro04_F002.wav,neutral,Ses05,F,1.47
Ses02F_impro06_M019,/mnt/ddn/kyudan/IEMOCAP/data/Ses02F_impro06_M019.wav,neutral,Ses02,M,4.982
Ses01M_impro05_F000,/mnt/ddn/kyudan/IEMOCAP/data/Ses01M_impro05_F000.wav,neutral,Ses01,F,2.051
Ses01M_impro06_F023,/mnt/ddn/kyudan/IEMOCAP/data/Ses01M_impro06_F023.wav,neutral,Ses01,F,1.99
Ses05M_impro01_F002,/mnt/ddn/kyudan/IEMOCAP/data/Ses05M_impro01_F002.wav,neutral,Ses05,F,3.92
Ses02M_impro08_M030,/mnt/ddn/kyudan/IEMOCAP/data/Ses02M_impro08_M030.wav,neutral,Ses02,M,4.096
Ses04M_impro08_M011,/mnt/ddn/kyudan/IEMOCAP/data/Ses04M_impro08_M011.wav,neutral,Ses04,M,1.69
Ses01F_impro04_M031,/mnt/ddn/kyudan/IEMOCAP/data/Ses01F_impro04_M031.wav,neutral,Ses01,M,2.862
Ses05M_impro05_F019,/mnt/ddn/kyudan/IEMOCAP/data/Ses05M_impro05_F019.wav,neutral,Ses05,F,2.8
Ses02M_script02_1_F001,/mnt/ddn/kyudan/IEMOCAP/data/Ses02M_script02_1_F001.wav,neutral,Ses02,F,2.09
Ses05M_impro05_F020,/mnt/ddn/kyudan/IEMOCAP/data/Ses05M_impro05_F020.wav,neutral,Ses05,F,3.71
Ses05F_impro04_F039,/mnt/ddn/kyudan/IEMOCAP/data/Ses05F_impro04_F039.wav,neutral,Ses05,F,2.63
Ses02F_impro08_F004,/mnt/ddn/kyudan/IEMOCAP/data/Ses02F_impro08_F004.wav,neutral,Ses02,F,7.285
Ses04M_script01_1_M026,/mnt/ddn/kyudan/IEMOCAP/data/Ses04M_script01_1_M026.wav,neutral,Ses04,M,2.767
Ses01M_impro04_F007,/mnt/ddn/kyudan/IEMOCAP/data/Ses01M_impro04_F007.wav,neutral,Ses01,F,3.32
Ses03M_impro05b_F023,/mnt/ddn/kyudan/IEMOCAP/data/Ses03M_impro05b_F023.wav,neutral,Ses03,F,6.92
Ses01F_impro04_F001,/mnt/ddn/kyudan/IEMOCAP/data/Ses01F_impro04_F001.wav,neutral,Ses01,F,4.405
Ses02F_impro01_M004,/mnt/ddn/kyudan/IEMOCAP/data/Ses02F_impro01_M004.wav,neutral,Ses02,M,1.461
Ses03F_script02_1_M017,/mnt/ddn/kyudan/IEMOCAP/data/Ses03F_script02_1_M017.wav,neutral,Ses03,M,2.814
Ses01M_impro04_F010,/mnt/ddn/kyudan/IEMOCAP/data/Ses01M_impro04_F010.wav,neutral,Ses01,F,8.045
Ses03M_impro08a_M012,/mnt/ddn/kyudan/IEMOCAP/data/Ses03M_impro08a_M012.wav,neutral,Ses03,M,8.38
Ses02M_impro04_F001,/mnt/ddn/kyudan/IEMOCAP/data/Ses02M_impro04_F001.wav,neutral,Ses02,F,3.12
Ses01F_impro04_F005,/mnt/ddn/kyudan/IEMOCAP/data/Ses01F_impro04_F005.wav,neutral,Ses01,F,2.41
Ses04F_impro03_M047,/mnt/ddn/kyudan/IEMOCAP/data/Ses04F_impro03_M047.wav,neutral,Ses04,M,5.98
Ses01F_impro06_M014,/mnt/ddn/kyudan/IEMOCAP/data/Ses01F_impro06_M014.wav,neutral,Ses01,M,1.3
Ses05M_impro07_F029,/mnt/ddn/kyudan/IEMOCAP/data/Ses05M_impro07_F029.wav,neutral,Ses05,F,3.13
Ses01M_script02_2_F047,/mnt/ddn/kyudan/IEMOCAP/data/Ses01M_script02_2_F047.wav,neutral,Ses01,F,3.377
Ses02M_impro04_F007,/mnt/ddn/kyudan/IEMOCAP/data/Ses02M_impro04_F007.wav,neutral,Ses02,F,4.43
Ses02F_impro08_F014,/mnt/ddn/kyudan/IEMOCAP/data/Ses02F_impro08_F014.wav,neutral,Ses02,F,1.4
Ses02F_impro08_M003,/mnt/ddn/kyudan/IEMOCAP/data/Ses02F_impro08_M003.wav,neutral,Ses02,M,1.106
Ses05M_script01_1b_F024,/mnt/ddn/kyudan/IEMOCAP/data/Ses05M_script01_1b_F024.wav,neutral,Ses05,F,3.58
Ses01F_impro06_F009,/mnt/ddn/kyudan/IEMOCAP/data/Ses01F_impro06_F009.wav,neutral,Ses01,F,7.58
Ses04F_impro06_M006,/mnt/ddn/kyudan/IEMOCAP/data/Ses04F_impro06_M006.wav,neutral,Ses04,M,4.16
Ses04M_impro05_F002,/mnt/ddn/kyudan/IEMOCAP/data/Ses04M_impro05_F002.wav,neutral,Ses04,F,1.79
Ses01M_impro04_F003,/mnt/ddn/kyudan/IEMOCAP/data/Ses01M_impro04_F003.wav,neutral,Ses01,F,3.216
Ses02F_impro06_M008,/mnt/ddn/kyudan/IEMOCAP/data/Ses02F_impro06_M008.wav,neutral,Ses02,M,5.35
Ses05M_impro04_F013,/mnt/ddn/kyudan/IEMOCAP/data/Ses05M_impro04_F013.wav,neutral,Ses05,F,1.63
Ses01F_script02_1_F024,/mnt/ddn/kyudan/IEMOCAP/data/Ses01F_script02_1_F024.wav,neutral,Ses01,F,2.61
Ses03F_impro04_M016,/mnt/ddn/kyudan/IEMOCAP/data/Ses03F_impro04_M016.wav,neutral,Ses03,M,2.688
Ses03F_script01_1_M050,/mnt/ddn/kyudan/IEMOCAP/data/Ses03F_script01_1_M050.wav,neutral,Ses03,M,3.23
Ses02M_impro01_M003,/mnt/ddn/kyudan/IEMOCAP/data/Ses02M_impro01_M003.wav,neutral,Ses02,M,3.295
Ses03F_impro08_F008,/mnt/ddn/kyudan/IEMOCAP/data/Ses03F_impro08_F008.wav,neutral,Ses03,F,4.262
Ses05M_impro08_F020,/mnt/ddn/kyudan/IEMOCAP/data/Ses05M_impro08_F020.wav,neutral,Ses05,F,5.62
Ses03F_script01_1_F030,/mnt/ddn/kyudan/IEMOCAP/data/Ses03F_script01_1_F030.wav,neutral,Ses03,F,4.27
Ses03M_impro08a_M008,/mnt/ddn/kyudan/IEMOCAP/data/Ses03M_impro08a_M008.wav,neutral,Ses03,M,4.575
Ses02M_script02_1_F000,/mnt/ddn/kyudan/IEMOCAP/data/Ses02M_script02_1_F000.wav,neutral,Ses02,F,1.39
Ses05M_script03_1_F015,/mnt/ddn/kyudan/IEMOCAP/data/Ses05M_script03_1_F015.wav,neutral,Ses05,F,3.7
Ses05F_impro02_M000,/mnt/ddn/kyudan/IEMOCAP/data/Ses05F_impro02_M000.wav,neutral,Ses05,M,2.828
Ses02F_impro05_M002,/mnt/ddn/kyudan/IEMOCAP/data/Ses02F_impro05_M002.wav,neutral,Ses02,M,6.53
Ses01F_impro04_F009,/mnt/ddn/kyudan/IEMOCAP/data/Ses01F_impro04_F009.wav,neutral,Ses01,F,1.384
Ses04M_impro05_F019,/mnt/ddn/kyudan/IEMOCAP/data/Ses04M_impro05_F019.wav,neutral,Ses04,F,4.01
Ses04F_impro08_F005,/mnt/ddn/kyudan/IEMOCAP/data/Ses04F_impro08_F005.wav,neutral,Ses04,F,4.611
Ses04M_impro07_M035,/mnt/ddn/kyudan/IEMOCAP/data/Ses04M_impro07_M035.wav,neutral,Ses04,M,1.95
Ses03M_impro05b_M019,/mnt/ddn/kyudan/IEMOCAP/data/Ses03M_impro05b_M019.wav,neutral,Ses03,M,1.965
Ses03M_impro04_M038,/mnt/ddn/kyudan/IEMOCAP/data/Ses03M_impro04_M038.wav,neutral,Ses03,M,2.33
Ses02F_impro08_F019,/mnt/ddn/kyudan/IEMOCAP/data/Ses02F_impro08_F019.wav,neutral,Ses02,F,9.953
Ses03F_impro05_M009,/mnt/ddn/kyudan/IEMOCAP/data/Ses03F_impro05_M009.wav,neutral,Ses03,M,3.193
Ses01F_script02_2_M002,/mnt/ddn/kyudan/IEMOCAP/data/Ses01F_script02_2_M002.wav,neutral,Ses01,M,2.423
Ses02F_script03_1_M031,/mnt/ddn/kyudan/IEMOCAP/data/Ses02F_script03_1_M031.wav,neutral,Ses02,M,2.22
Ses01F_impro04_M008,/mnt/ddn/kyudan/IEMOCAP/data/Ses01F_impro04_M008.wav,neutral,Ses01,M,1.12
Ses02F_script02_2_M034,/mnt/ddn/kyudan/IEMOCAP/data/Ses02F_script02_2_M034.wav,neutral,Ses02,M,1.09
Ses02F_script02_1_F021,/mnt/ddn/kyudan/IEMOCAP/data/Ses02F_script02_1_F021.wav,neutral,Ses02,F,1.49
Ses03M_impro05a_F001,/mnt/ddn/kyudan/IEMOCAP/data/Ses03M_impro05a_F001.wav,neutral,Ses03,F,3.37
Ses05F_impro05_F005,/mnt/ddn/kyudan/IEMOCAP/data/Ses05F_impro05_F005.wav,neutral,Ses05,F,1.28
Ses01F_impro04_M023,/mnt/ddn/kyudan/IEMOCAP/data/Ses01F_impro04_M023.wav,neutral,Ses01,M,4.597
Ses02F_impro05_M016,/mnt/ddn/kyudan/IEMOCAP/data/Ses02F_impro05_M016.wav,neutral,Ses02,M,11.85
Ses01M_impro03_F021,/mnt/ddn/kyudan/IEMOCAP/data/Ses01M_impro03_F021.wav,neutral,Ses01,F,3.53
Ses03M_impro08b_M002,/mnt/ddn/kyudan/IEMOCAP/data/Ses03M_impro08b_M002.wav,neutral,Ses03,M,4.16
Ses01M_impro05_F029,/mnt/ddn/kyudan/IEMOCAP/data/Ses01M_impro05_F029.wav,neutral,Ses01,F,1.72
Ses05M_impro08_F017,/mnt/ddn/kyudan/IEMOCAP/data/Ses05M_impro08_F017.wav,neutral,Ses05,F,5.6
Ses05F_impro05_F002,/mnt/ddn/kyudan/IEMOCAP/data/Ses05F_impro05_F002.wav,neutral,Ses05,F,2.68
Ses01F_script03_2_F031,/mnt/ddn/kyudan/IEMOCAP/data/Ses01F_script03_2_F031.wav,neutral,Ses01,F,3.652
Ses04M_script01_1_M040,/mnt/ddn/kyudan/IEMOCAP/data/Ses04M_script01_1_M040.wav,neutral,Ses04,M,2.86
Ses05F_impro04_M003,/mnt/ddn/kyudan/IEMOCAP/data/Ses05F_impro04_M003.wav,neutral,Ses05,M,5.14
Ses01M_impro06_F021,/mnt/ddn/kyudan/IEMOCAP/data/Ses01M_impro06_F021.wav,neutral,Ses01,F,2.005
Ses02F_impro05_M009,/mnt/ddn/kyudan/IEMOCAP/data/Ses02F_impro05_M009.wav,neutral,Ses02,M,4.01
Ses03F_script01_1_M003,/mnt/ddn/kyudan/IEMOCAP/data/Ses03F_script01_1_M003.wav,neutral,Ses03,M,5.716
Ses02F_script03_2_F012,/mnt/ddn/kyudan/IEMOCAP/data/Ses02F_script03_2_F012.wav,neutral,Ses02,F,2.79
Ses01F_script02_2_M023,/mnt/ddn/kyudan/IEMOCAP/data/Ses01F_script02_2_M023.wav,neutral,Ses01,M,2.96
Ses05F_impro08_M016,/mnt/ddn/kyudan/IEMOCAP/data/Ses05F_impro08_M016.wav,neutral,Ses05,M,1.73
Ses01M_impro04_F017,/mnt/ddn/kyudan/IEMOCAP/data/Ses01M_impro04_F017.wav,neutral,Ses01,F,3.98
Ses05M_impro05_M004,/mnt/ddn/kyudan/IEMOCAP/data/Ses05M_impro05_M004.wav,neutral,Ses05,M,4.17
Ses02M_script02_2_M016,/mnt/ddn/kyudan/IEMOCAP/data/Ses02M_script02_2_M016.wav,neutral,Ses02,M,4.52
Ses03M_script03_2_F036,/mnt/ddn/kyudan/IEMOCAP/data/Ses03M_script03_2_F036.wav,neutral,Ses03,F,2.122
Ses05M_impro04_F019,/mnt/ddn/kyudan/IEMOCAP/data/Ses05M_impro04_F019.wav,neutral,Ses05,F,1.66
Ses02M_script03_2_M010,/mnt/ddn/kyudan/IEMOCAP/data/Ses02M_script03_2_M010.wav,neutral,Ses02,M,2.37
Ses02F_script01_1_M017,/mnt/ddn/kyudan/IEMOCAP/data/Ses02F_script01_1_M017.wav,neutral,Ses02,M,2.47
Ses01M_script01_3_M004,/mnt/ddn/kyudan/IEMOCAP/data/Ses01M_script01_3_M004.wav,neutral,Ses01,M,2.211
Ses01M_impro03_M003,/mnt/ddn/kyudan/IEMOCAP/data/Ses01M_impro03_M003.wav,neutral,Ses01,M,3.61
Ses01M_script02_2_F019,/mnt/ddn/kyudan/IEMOCAP/data/Ses01M_script02_2_F019.wav,neutral,Ses01,F,8.84
Ses03F_script01_1_M004,/mnt/ddn/kyudan/IEMOCAP/data/Ses03F_script01_1_M004.wav,neutral,Ses03,M,5.83
Ses01F_script01_1_M000,/mnt/ddn/kyudan/IEMOCAP/data/Ses01F_script01_1_M000.wav,neutral,Ses01,M,3.133
Ses03F_script02_2_M008,/mnt/ddn/kyudan/IEMOCAP/data/Ses03F_script02_2_M008.wav,neutral,Ses03,M,3.321
Ses04M_script01_1_F015,/mnt/ddn/kyudan/IEMOCAP/data/Ses04M_script01_1_F015.wav,neutral,Ses04,F,2.013
Ses05F_impro08_M022,/mnt/ddn/kyudan/IEMOCAP/data/Ses05F_impro08_M022.wav,neutral,Ses05,M,1.09
Ses05F_impro08_F022,/mnt/ddn/kyudan/IEMOCAP/data/Ses05F_impro08_F022.wav,neutral,Ses05,F,5.74
Ses03F_script03_2_M010,/mnt/ddn/kyudan/IEMOCAP/data/Ses03F_script03_2_M010.wav,neutral,Ses03,M,5.22
Ses01F_script02_2_M040,/mnt/ddn/kyudan/IEMOCAP/data/Ses01F_script02_2_M040.wav,neutral,Ses01,M,6.78
Ses04M_impro04_F001,/mnt/ddn/kyudan/IEMOCAP/data/Ses04M_impro04_F001.wav,neutral,Ses04,F,2.21
Ses05M_impro05_F021,/mnt/ddn/kyudan/IEMOCAP/data/Ses05M_impro05_F021.wav,neutral,Ses05,F,1.41
Ses01F_script01_3_M000,/mnt/ddn/kyudan/IEMOCAP/data/Ses01F_script01_3_M000.wav,neutral,Ses01,M,4.58
Ses05F_impro08_M020,/mnt/ddn/kyudan/IEMOCAP/data/Ses05F_impro08_M020.wav,neutral,Ses05,M,2.93
Ses01M_impro05_F021,/mnt/ddn/kyudan/IEMOCAP/data/Ses01M_impro05_F021.wav,neutral,Ses01,F,1.28
Ses05M_impro08_M014,/mnt/ddn/kyudan/IEMOCAP/data/Ses05M_impro08_M014.wav,neutral,Ses05,M,6.26
Ses05F_impro05_M001,/mnt/ddn/kyudan/IEMOCAP/data/Ses05F_impro05_M001.wav,neutral,Ses05,M,2.14
Ses05F_impro04_M016,/mnt/ddn/kyudan/IEMOCAP/data/Ses05F_impro04_M016.wav,neutral,Ses05,M,6.17
Ses02F_impro05_M010,/mnt/ddn/kyudan/IEMOCAP/data/Ses02F_impro05_M010.wav,neutral,Ses02,M,7.142
Ses04M_impro04_F012,/mnt/ddn/kyudan/IEMOCAP/data/Ses04M_impro04_F012.wav,neutral,Ses04,F,1.78
Ses02F_impro04_M016,/mnt/ddn/kyudan/IEMOCAP/data/Ses02F_impro04_M016.wav,neutral,Ses02,M,1.11
Ses04M_script01_1_F032,/mnt/ddn/kyudan/IEMOCAP/data/Ses04M_script01_1_F032.wav,neutral,Ses04,F,2.68
Ses03M_script01_1_M019,/mnt/ddn/kyudan/IEMOCAP/data/Ses03M_script01_1_M019.wav,neutral,Ses03,M,3.305
Ses05M_script01_1_F024,/mnt/ddn/kyudan/IEMOCAP/data/Ses05M_script01_1_F024.wav,neutral,Ses05,F,2.58
Ses03F_impro04_M001,/mnt/ddn/kyudan/IEMOCAP/data/Ses03F_impro04_M001.wav,neutral,Ses03,M,2.778
Ses03F_impro04_M007,/mnt/ddn/kyudan/IEMOCAP/data/Ses03F_impro04_M007.wav,neutral,Ses03,M,2.324
Ses02F_script02_2_M016,/mnt/ddn/kyudan/IEMOCAP/data/Ses02F_script02_2_M016.wav,neutral,Ses02,M,4.71
Ses01F_script02_1_F000,/mnt/ddn/kyudan/IEMOCAP/data/Ses01F_script02_1_F000.wav,neutral,Ses01,F,2.07
Ses04F_script02_2_M047,/mnt/ddn/kyudan/IEMOCAP/data/Ses04F_script02_2_M047.wav,neutral,Ses04,M,1.98
Ses04F_impro08_M012,/mnt/ddn/kyudan/IEMOCAP/data/Ses04F_impro08_M012.wav,neutral,Ses04,M,5.98
Ses01F_impro05_M008,/mnt/ddn/kyudan/IEMOCAP/data/Ses01F_impro05_M008.wav,neutral,Ses01,M,1.82
Ses01F_impro06_M008,/mnt/ddn/kyudan/IEMOCAP/data/Ses01F_impro06_M008.wav,neutral,Ses01,M,2.09
Ses01M_script01_2_M007,/mnt/ddn/kyudan/IEMOCAP/data/Ses01M_script01_2_M007.wav,neutral,Ses01,M,2.52
Ses02F_script01_1_F027,/mnt/ddn/kyudan/IEMOCAP/data/Ses02F_script01_1_F027.wav,neutral,Ses02,F,4.403
Ses05F_impro05_M025,/mnt/ddn/kyudan/IEMOCAP/data/Ses05F_impro05_M025.wav,neutral,Ses05,M,4.95
Ses03F_script03_2_M009,/mnt/ddn/kyudan/IEMOCAP/data/Ses03F_script03_2_M009.wav,neutral,Ses03,M,2.7
Ses01M_script01_3_M007,/mnt/ddn/kyudan/IEMOCAP/data/Ses01M_script01_3_M007.wav,neutral,Ses01,M,2.658
Ses03M_impro08a_M019,/mnt/ddn/kyudan/IEMOCAP/data/Ses03M_impro08a_M019.wav,neutral,Ses03,M,9.82
Ses05F_script01_2_M002,/mnt/ddn/kyudan/IEMOCAP/data/Ses05F_script01_2_M002.wav,neutral,Ses05,M,9.77
Ses01M_impro05_F004,/mnt/ddn/kyudan/IEMOCAP/data/Ses01M_impro05_F004.wav,neutral,Ses01,F,4.06
Ses01F_impro04_M015,/mnt/ddn/kyudan/IEMOCAP/data/Ses01F_impro04_M015.wav,neutral,Ses01,M,6.9
Ses01M_impro05_F032,/mnt/ddn/kyudan/IEMOCAP/data/Ses01M_impro05_F032.wav,neutral,Ses01,F,2.41
Ses02M_script03_2_M018,/mnt/ddn/kyudan/IEMOCAP/data/Ses02M_script03_2_M018.wav,neutral,Ses02,M,3.292
Ses01F_impro05_M011,/mnt/ddn/kyudan/IEMOCAP/data/Ses01F_impro05_M011.wav,neutral,Ses01,M,20.29
Ses05M_impro05_F015,/mnt/ddn/kyudan/IEMOCAP/data/Ses05M_impro05_F015.wav,neutral,Ses05,F,1.66
Ses01M_script02_2_M020,/mnt/ddn/kyudan/IEMOCAP/data/Ses01M_script02_2_M020.wav,neutral,Ses01,M,9.832
Ses05F_script03_2_F006,/mnt/ddn/kyudan/IEMOCAP/data/Ses05F_script03_2_F006.wav,neutral,Ses05,F,3.84
Ses05F_script03_2_F003,/mnt/ddn/kyudan/IEMOCAP/data/Ses05F_script03_2_F003.wav,neutral,Ses05,F,3.12
Ses02F_script02_2_M017,/mnt/ddn/kyudan/IEMOCAP/data/Ses02F_script02_2_M017.wav,neutral,Ses02,M,6.06
Ses04M_impro08_M019,/mnt/ddn/kyudan/IEMOCAP/data/Ses04M_impro08_M019.wav,neutral,Ses04,M,6.92
Ses02F_impro08_F016,/mnt/ddn/kyudan/IEMOCAP/data/Ses02F_impro08_F016.wav,neutral,Ses02,F,3.086
Ses02F_impro03_M015,/mnt/ddn/kyudan/IEMOCAP/data/Ses02F_impro03_M015.wav,neutral,Ses02,M,4.072
Ses01F_script01_1_F034,/mnt/ddn/kyudan/IEMOCAP/data/Ses01F_script01_1_F034.wav,neutral,Ses01,F,2.74
Ses02M_impro05_M001,/mnt/ddn/kyudan/IEMOCAP/data/Ses02M_impro05_M001.wav,neutral,Ses02,M,4.55
Ses02F_impro04_M012,/mnt/ddn/kyudan/IEMOCAP/data/Ses02F_impro04_M012.wav,neutral,Ses02,M,17.618
Ses01M_impro03_F017,/mnt/ddn/kyudan/IEMOCAP/data/Ses01M_impro03_F017.wav,neutral,Ses01,F,2.91
Ses03M_impro05a_F011,/mnt/ddn/kyudan/IEMOCAP/data/Ses03M_impro05a_F011.wav,neutral,Ses03,F,1.79
Ses04F_impro07_M031,/mnt/ddn/kyudan/IEMOCAP/data/Ses04F_impro07_M031.wav,neutral,Ses04,M,2.79
Ses05F_impro05_M002,/mnt/ddn/kyudan/IEMOCAP/data/Ses05F_impro05_M002.wav,neutral,Ses05,M,7.063
Ses02F_script02_1_M010,/mnt/ddn/kyudan/IEMOCAP/data/Ses02F_script02_1_M010.wav,neutral,Ses02,M,7.03
Ses04F_script01_2_M000,/mnt/ddn/kyudan/IEMOCAP/data/Ses04F_script01_2_M000.wav,neutral,Ses04,M,2.04
Ses03F_impro02_F001,/mnt/ddn/kyudan/IEMOCAP/data/Ses03F_impro02_F001.wav,neutral,Ses03,F,1.02
Ses03M_impro05b_F003,/mnt/ddn/kyudan/IEMOCAP/data/Ses03M_impro05b_F003.wav,neutral,Ses03,F,2.25
Ses02M_impro08_M029,/mnt/ddn/kyudan/IEMOCAP/data/Ses02M_impro08_M029.wav,neutral,Ses02,M,10.873
Ses05F_script02_1_F012,/mnt/ddn/kyudan/IEMOCAP/data/Ses05F_script02_1_F012.wav,neutral,Ses05,F,2.063
Ses03M_script01_2_M004,/mnt/ddn/kyudan/IEMOCAP/data/Ses03M_script01_2_M004.wav,neutral,Ses03,M,3.733
Ses01M_script02_2_M040,/mnt/ddn/kyudan/IEMOCAP/data/Ses01M_script02_2_M040.wav,neutral,Ses01,M,1.655
Ses02M_script01_2_M005,/mnt/ddn/kyudan/IEMOCAP/data/Ses02M_script01_2_M005.wav,neutral,Ses02,M,1.82
Ses05M_script01_2_F004,/mnt/ddn/kyudan/IEMOCAP/data/Ses05M_script01_2_F004.wav,neutral,Ses05,F,2.49
Ses04F_script01_1_M000,/mnt/ddn/kyudan/IEMOCAP/data/Ses04F_script01_1_M000.wav,neutral,Ses04,M,1.807
Ses03M_impro08a_M002,/mnt/ddn/kyudan/IEMOCAP/data/Ses03M_impro08a_M002.wav,neutral,Ses03,M,7.848
Ses02F_impro04_M015,/mnt/ddn/kyudan/IEMOCAP/data/Ses02F_impro04_M015.wav,neutral,Ses02,M,12.77
Ses01F_impro05_M000,/mnt/ddn/kyudan/IEMOCAP/data/Ses01F_impro05_M000.wav,neutral,Ses01,M,1.58
Ses02M_impro04_F004,/mnt/ddn/kyudan/IEMOCAP/data/Ses02M_impro04_F004.wav,neutral,Ses02,F,2.959
Ses04M_script01_1_F028,/mnt/ddn/kyudan/IEMOCAP/data/Ses04M_script01_1_F028.wav,neutral,Ses04,F,3.16
Ses01F_script01_1_M040,/mnt/ddn/kyudan/IEMOCAP/data/Ses01F_script01_1_M040.wav,neutral,Ses01,M,3.38
Ses05M_impro01_F003,/mnt/ddn/kyudan/IEMOCAP/data/Ses05M_impro01_F003.wav,neutral,Ses05,F,2.8
Ses03F_script02_2_M001,/mnt/ddn/kyudan/IEMOCAP/data/Ses03F_script02_2_M001.wav,neutral,Ses03,M,3.2
Ses05M_script01_1b_F022,/mnt/ddn/kyudan/IEMOCAP/data/Ses05M_script01_1b_F022.wav,neutral,Ses05,F,2.16
Ses04F_impro04_M014,/mnt/ddn/kyudan/IEMOCAP/data/Ses04F_impro04_M014.wav,neutral,Ses04,M,2.03
Ses05M_impro05_M000,/mnt/ddn/kyudan/IEMOCAP/data/Ses05M_impro05_M000.wav,neutral,Ses05,M,5.56
Ses05M_impro04_F014,/mnt/ddn/kyudan/IEMOCAP/data/Ses05M_impro04_F014.wav,neutral,Ses05,F,6.05
Ses02F_script02_2_M022,/mnt/ddn/kyudan/IEMOCAP/data/Ses02F_script02_2_M022.wav,neutral,Ses02,M,1.98
Ses05M_script03_2_M011,/mnt/ddn/kyudan/IEMOCAP/data/Ses05M_script03_2_M011.wav,neutral,Ses05,M,1.88
Ses03M_script01_1_M018,/mnt/ddn/kyudan/IEMOCAP/data/Ses03M_script01_1_M018.wav,neutral,Ses03,M,2.039
Ses04F_impro04_M028,/mnt/ddn/kyudan/IEMOCAP/data/Ses04F_impro04_M028.wav,neutral,Ses04,M,2.83
Ses02M_script02_2_M001,/mnt/ddn/kyudan/IEMOCAP/data/Ses02M_script02_2_M001.wav,neutral,Ses02,M,1.85
Ses05F_impro08_F005,/mnt/ddn/kyudan/IEMOCAP/data/Ses05F_impro08_F005.wav,neutral,Ses05,F,3.54
Ses01M_script01_3_M014,/mnt/ddn/kyudan/IEMOCAP/data/Ses01M_script01_3_M014.wav,neutral,Ses01,M,2.262
Ses01M_impro04_F015,/mnt/ddn/kyudan/IEMOCAP/data/Ses01M_impro04_F015.wav,neutral,Ses01,F,2.28
Ses01F_script02_1_M017,/mnt/ddn/kyudan/IEMOCAP/data/Ses01F_script02_1_M017.wav,neutral,Ses01,M,6.98
Ses05M_impro08_F006,/mnt/ddn/kyudan/IEMOCAP/data/Ses05M_impro08_F006.wav,neutral,Ses05,F,5.41
Ses01M_impro03_M021,/mnt/ddn/kyudan/IEMOCAP/data/Ses01M_impro03_M021.wav,neutral,Ses01,M,8.688
Ses02M_script01_1_M016,/mnt/ddn/kyudan/IEMOCAP/data/Ses02M_script01_1_M016.wav,neutral,Ses02,M,3.88
Ses02F_impro05_M003,/mnt/ddn/kyudan/IEMOCAP/data/Ses02F_impro05_M003.wav,neutral,Ses02,M,7.35
Ses01M_impro04_M025,/mnt/ddn/kyudan/IEMOCAP/data/Ses01M_impro04_M025.wav,neutral,Ses01,M,1.527
Ses04M_impro05_F010,/mnt/ddn/kyudan/IEMOCAP/data/Ses04M_impro05_F010.wav,neutral,Ses04,F,2.889
Ses05F_impro04_F044,/mnt/ddn/kyudan/IEMOCAP/data/Ses05F_impro04_F044.wav,neutral,Ses05,F,1.48
Ses04M_impro07_F023,/mnt/ddn/kyudan/IEMOCAP/data/Ses04M_impro07_F023.wav,neutral,Ses04,F,3.07
Ses01M_impro04_F006,/mnt/ddn/kyudan/IEMOCAP/data/Ses01M_impro04_F006.wav,neutral,Ses01,F,6.59
Ses05F_script03_1_F010,/mnt/ddn/kyudan/IEMOCAP/data/Ses05F_script03_1_F010.wav,neutral,Ses05,F,3.11
Ses04F_impro07_M063,/mnt/ddn/kyudan/IEMOCAP/data/Ses04F_impro07_M063.wav,neutral,Ses04,M,1.23
Ses01M_script01_3_M006,/mnt/ddn/kyudan/IEMOCAP/data/Ses01M_script01_3_M006.wav,neutral,Ses01,M,1.707
Ses05F_impro08_F021,/mnt/ddn/kyudan/IEMOCAP/data/Ses05F_impro08_F021.wav,neutral,Ses05,F,2.06
Ses02F_impro08_M006,/mnt/ddn/kyudan/IEMOCAP/data/Ses02F_impro08_M006.wav,neutral,Ses02,M,1.866
Ses02F_impro08_F015,/mnt/ddn/kyudan/IEMOCAP/data/Ses02F_impro08_F015.wav,neutral,Ses02,F,1.493
Ses03F_impro08_F011,/mnt/ddn/kyudan/IEMOCAP/data/Ses03F_impro08_F011.wav,neutral,Ses03,F,2.085
Ses03F_impro07_M004,/mnt/ddn/kyudan/IEMOCAP/data/Ses03F_impro07_M004.wav,neutral,Ses03,M,2.146
Ses05F_impro06_M012,/mnt/ddn/kyudan/IEMOCAP/data/Ses05F_impro06_M012.wav,neutral,Ses05,M,2.59
Ses03M_impro08a_M009,/mnt/ddn/kyudan/IEMOCAP/data/Ses03M_impro08a_M009.wav,neutral,Ses03,M,2.761
Ses03M_impro03_M038,/mnt/ddn/kyudan/IEMOCAP/data/Ses03M_impro03_M038.wav,neutral,Ses03,M,5.462
Ses01F_script02_1_F004,/mnt/ddn/kyudan/IEMOCAP/data/Ses01F_script02_1_F004.wav,neutral,Ses01,F,2.18
Ses04F_impro07_M009,/mnt/ddn/kyudan/IEMOCAP/data/Ses04F_impro07_M009.wav,neutral,Ses04,M,4.75
Ses03M_impro08a_M026,/mnt/ddn/kyudan/IEMOCAP/data/Ses03M_impro08a_M026.wav,neutral,Ses03,M,2.662
Ses03F_impro08_F023,/mnt/ddn/kyudan/IEMOCAP/data/Ses03F_impro08_F023.wav,neutral,Ses03,F,3.853
Ses01M_impro07_F020,/mnt/ddn/kyudan/IEMOCAP/data/Ses01M_impro07_F020.wav,neutral,Ses01,F,4.1
Ses05M_impro01_F012,/mnt/ddn/kyudan/IEMOCAP/data/Ses05M_impro01_F012.wav,neutral,Ses05,F,3.6
Ses05M_impro08_M006,/mnt/ddn/kyudan/IEMOCAP/data/Ses05M_impro08_M006.wav,neutral,Ses05,M,6.46
Ses05F_impro05_M004,/mnt/ddn/kyudan/IEMOCAP/data/Ses05F_impro05_M004.wav,neutral,Ses05,M,3.935
Ses03F_impro08_F026,/mnt/ddn/kyudan/IEMOCAP/data/Ses03F_impro08_F026.wav,neutral,Ses03,F,1.329
Ses03M_impro05b_F018,/mnt/ddn/kyudan/IEMOCAP/data/Ses03M_impro05b_F018.wav,neutral,Ses03,F,1.91
Ses04M_script03_2_M026,/mnt/ddn/kyudan/IEMOCAP/data/Ses04M_script03_2_M026.wav,neutral,Ses04,M,1.581
Ses05F_script01_1_F026,/mnt/ddn/kyudan/IEMOCAP/data/Ses05F_script01_1_F026.wav,neutral,Ses05,F,6.36
Ses04M_script01_1_M031,/mnt/ddn/kyudan/IEMOCAP/data/Ses04M_script01_1_M031.wav,neutral,Ses04,M,3.147
Ses01F_script02_1_M001,/mnt/ddn/kyudan/IEMOCAP/data/Ses01F_script02_1_M001.wav,neutral,Ses01,M,6.527
Ses02F_script03_1_M025,/mnt/ddn/kyudan/IEMOCAP/data/Ses02F_script03_1_M025.wav,neutral,Ses02,M,2.671
Ses02F_impro08_F018,/mnt/ddn/kyudan/IEMOCAP/data/Ses02F_impro08_F018.wav,neutral,Ses02,F,3.837
Ses03M_impro05a_F024,/mnt/ddn/kyudan/IEMOCAP/data/Ses03M_impro05a_F024.wav,neutral,Ses03,F,1.38
Ses02M_script02_2_M002,/mnt/ddn/kyudan/IEMOCAP/data/Ses02M_script02_2_M002.wav,neutral,Ses02,M,4.78
Ses02F_impro04_M010,/mnt/ddn/kyudan/IEMOCAP/data/Ses02F_impro04_M010.wav,neutral,Ses02,M,9.207
Ses03F_impro08_F024,/mnt/ddn/kyudan/IEMOCAP/data/Ses03F_impro08_F024.wav,neutral,Ses03,F,2.32
Ses03F_impro05_M013,/mnt/ddn/kyudan/IEMOCAP/data/Ses03F_impro05_M013.wav,neutral,Ses03,M,4.228
Ses01F_script02_2_F017,/mnt/ddn/kyudan/IEMOCAP/data/Ses01F_script02_2_F017.wav,neutral,Ses01,F,6.95
Ses01F_impro03_F019,/mnt/ddn/kyudan/IEMOCAP/data/Ses01F_impro03_F019.wav,neutral,Ses01,F,1.42
Ses01M_impro04_F021,/mnt/ddn/kyudan/IEMOCAP/data/Ses01M_impro04_F021.wav,neutral,Ses01,F,2.82
Ses04F_impro08_F006,/mnt/ddn/kyudan/IEMOCAP/data/Ses04F_impro08_F006.wav,neutral,Ses04,F,2.95
Ses02M_impro04_F015,/mnt/ddn/kyudan/IEMOCAP/data/Ses02M_impro04_F015.wav,neutral,Ses02,F,7.445
Ses02M_script03_2_M016,/mnt/ddn/kyudan/IEMOCAP/data/Ses02M_script03_2_M016.wav,neutral,Ses02,M,2.931
Ses05F_impro04_F045,/mnt/ddn/kyudan/IEMOCAP/data/Ses05F_impro04_F045.wav,neutral,Ses05,F,2.03
Ses02M_impro08_M004,/mnt/ddn/kyudan/IEMOCAP/data/Ses02M_impro08_M004.wav,neutral,Ses02,M,2.935
Ses04F_impro07_M076,/mnt/ddn/kyudan/IEMOCAP/data/Ses04F_impro07_M076.wav,neutral,Ses04,M,3.85
Ses02M_impro08_M015,/mnt/ddn/kyudan/IEMOCAP/data/Ses02M_impro08_M015.wav,neutral,Ses02,M,8.191
Ses05F_impro05_M016,/mnt/ddn/kyudan/IEMOCAP/data/Ses05F_impro05_M016.wav,neutral,Ses05,M,9.66
Ses01F_script02_2_F023,/mnt/ddn/kyudan/IEMOCAP/data/Ses01F_script02_2_F023.wav,neutral,Ses01,F,2.324
Ses02M_impro08_F010,/mnt/ddn/kyudan/IEMOCAP/data/Ses02M_impro08_F010.wav,neutral,Ses02,F,7.902
Ses02F_script03_2_F007,/mnt/ddn/kyudan/IEMOCAP/data/Ses02F_script03_2_F007.wav,neutral,Ses02,F,4.5
Ses03M_impro05b_F004,/mnt/ddn/kyudan/IEMOCAP/data/Ses03M_impro05b_F004.wav,neutral,Ses03,F,1.76
Ses01M_script02_2_M023,/mnt/ddn/kyudan/IEMOCAP/data/Ses01M_script02_2_M023.wav,neutral,Ses01,M,13.865
Ses03F_script01_1_M052,/mnt/ddn/kyudan/IEMOCAP/data/Ses03F_script01_1_M052.wav,neutral,Ses03,M,3.996
Ses02M_impro05_F003,/mnt/ddn/kyudan/IEMOCAP/data/Ses02M_impro05_F003.wav,neutral,Ses02,F,11.413
Ses04F_impro03_M030,/mnt/ddn/kyudan/IEMOCAP/data/Ses04F_impro03_M030.wav,neutral,Ses04,M,3.154
Ses04M_impro05_F017,/mnt/ddn/kyudan/IEMOCAP/data/Ses04M_impro05_F017.wav,neutral,Ses04,F,3.595
Ses03M_impro08a_F004,/mnt/ddn/kyudan/IEMOCAP/data/Ses03M_impro08a_F004.wav,neutral,Ses03,F,3.037
Ses05M_script03_1_F031,/mnt/ddn/kyudan/IEMOCAP/data/Ses05M_script03_1_F031.wav,neutral,Ses05,F,1.984
Ses05F_impro08_F011,/mnt/ddn/kyudan/IEMOCAP/data/Ses05F_impro08_F011.wav,neutral,Ses05,F,1.14
Ses01F_impro04_M020,/mnt/ddn/kyudan/IEMOCAP/data/Ses01F_impro04_M020.wav,neutral,Ses01,M,1.92
Ses05M_script02_2_M005,/mnt/ddn/kyudan/IEMOCAP/data/Ses05M_script02_2_M005.wav,neutral,Ses05,M,9.11
Ses02F_script02_2_M001,/mnt/ddn/kyudan/IEMOCAP/data/Ses02F_script02_2_M001.wav,neutral,Ses02,M,1.31
Ses01F_impro04_M007,/mnt/ddn/kyudan/IEMOCAP/data/Ses01F_impro04_M007.wav,neutral,Ses01,M,1.19
Ses01F_impro06_F016,/mnt/ddn/kyudan/IEMOCAP/data/Ses01F_impro06_F016.wav,neutral,Ses01,F,7.598
Ses01M_impro05_F003,/mnt/ddn/kyudan/IEMOCAP/data/Ses01M_impro05_F003.wav,neutral,Ses01,F,1.29
Ses04F_script03_1_M030,/mnt/ddn/kyudan/IEMOCAP/data/Ses04F_script03_1_M030.wav,neutral,Ses04,M,1.87
Ses01F_impro06_F018,/mnt/ddn/kyudan/IEMOCAP/data/Ses01F_impro06_F018.wav,neutral,Ses01,F,7.2
Ses04M_impro08_F020,/mnt/ddn/kyudan/IEMOCAP/data/Ses04M_impro08_F020.wav,neutral,Ses04,F,2.38
Ses01F_impro06_M005,/mnt/ddn/kyudan/IEMOCAP/data/Ses01F_impro06_M005.wav,neutral,Ses01,M,1.67
Ses05M_script03_1_F011,/mnt/ddn/kyudan/IEMOCAP/data/Ses05M_script03_1_F011.wav,neutral,Ses05,F,2.96
Ses05M_script03_1_F013,/mnt/ddn/kyudan/IEMOCAP/data/Ses05M_script03_1_F013.wav,neutral,Ses05,F,2.97
Ses04M_script01_2_M006,/mnt/ddn/kyudan/IEMOCAP/data/Ses04M_script01_2_M006.wav,neutral,Ses04,M,2.844
Ses05M_impro05_F001,/mnt/ddn/kyudan/IEMOCAP/data/Ses05M_impro05_F001.wav,neutral,Ses05,F,1.78
Ses02F_script03_1_F027,/mnt/ddn/kyudan/IEMOCAP/data/Ses02F_script03_1_F027.wav,neutral,Ses02,F,2.96
Ses04F_script02_2_F008,/mnt/ddn/kyudan/IEMOCAP/data/Ses04F_script02_2_F008.wav,neutral,Ses04,F,4.199
Ses03M_impro04_F001,/mnt/ddn/kyudan/IEMOCAP/data/Ses03M_impro04_F001.wav,neutral,Ses03,F,3.487
Ses03F_script03_2_F013,/mnt/ddn/kyudan/IEMOCAP/data/Ses03F_script03_2_F013.wav,neutral,Ses03,F,2.142
Ses04F_impro04_M031,/mnt/ddn/kyudan/IEMOCAP/data/Ses04F_impro04_M031.wav,neutral,Ses04,M,2.26
Ses01F_script01_1_M004,/mnt/ddn/kyudan/IEMOCAP/data/Ses01F_script01_1_M004.wav,neutral,Ses01,M,2.68
Ses02F_impro04_M007,/mnt/ddn/kyudan/IEMOCAP/data/Ses02F_impro04_M007.wav,neutral,Ses02,M,6.83
Ses05F_impro04_M020,/mnt/ddn/kyudan/IEMOCAP/data/Ses05F_impro04_M020.wav,neutral,Ses05,M,16.67
Ses02F_script01_1_M044,/mnt/ddn/kyudan/IEMOCAP/data/Ses02F_script01_1_M044.wav,neutral,Ses02,M,3.38
Ses04F_impro04_M026,/mnt/ddn/kyudan/IEMOCAP/data/Ses04F_impro04_M026.wav,neutral,Ses04,M,4.77
Ses02F_script02_1_M031,/mnt/ddn/kyudan/IEMOCAP/data/Ses02F_script02_1_M031.wav,neutral,Ses02,M,4.5
Ses03F_impro04_M006,/mnt/ddn/kyudan/IEMOCAP/data/Ses03F_impro04_M006.wav,neutral,Ses03,M,2.778
Ses03M_impro08b_M018,/mnt/ddn/kyudan/IEMOCAP/data/Ses03M_impro08b_M018.wav,neutral,Ses03,M,2.91
Ses05F_impro04_M031,/mnt/ddn/kyudan/IEMOCAP/data/Ses05F_impro04_M031.wav,neutral,Ses05,M,4.0
Ses01M_script02_2_F000,/mnt/ddn/kyudan/IEMOCAP/data/Ses01M_script02_2_F000.wav,neutral,Ses01,F,2.336
Ses02F_script02_2_M020,/mnt/ddn/kyudan/IEMOCAP/data/Ses02F_script02_2_M020.wav,neutral,Ses02,M,4.82
Ses03M_impro01_F001,/mnt/ddn/kyudan/IEMOCAP/data/Ses03M_impro01_F001.wav,neutral,Ses03,F,2.987
Ses02M_impro05_F010,/mnt/ddn/kyudan/IEMOCAP/data/Ses02M_impro05_F010.wav,neutral,Ses02,F,1.23
Ses03M_impro08a_M016,/mnt/ddn/kyudan/IEMOCAP/data/Ses03M_impro08a_M016.wav,neutral,Ses03,M,6.034
Ses03M_impro04_F023,/mnt/ddn/kyudan/IEMOCAP/data/Ses03M_impro04_F023.wav,neutral,Ses03,F,6.52
Ses03F_script01_1_M000,/mnt/ddn/kyudan/IEMOCAP/data/Ses03F_script01_1_M000.wav,neutral,Ses03,M,3.394
Ses02M_impro04_F006,/mnt/ddn/kyudan/IEMOCAP/data/Ses02M_impro04_F006.wav,neutral,Ses02,F,5.312
Ses02F_impro08_M016,/mnt/ddn/kyudan/IEMOCAP/data/Ses02F_impro08_M016.wav,neutral,Ses02,M,5.364
Ses05F_impro05_M039,/mnt/ddn/kyudan/IEMOCAP/data/Ses05F_impro05_M039.wav,neutral,Ses05,M,6.76
Ses04M_impro04_F011,/mnt/ddn/kyudan/IEMOCAP/data/Ses04M_impro04_F011.wav,neutral,Ses04,F,2.72
Ses02F_script01_2_M005,/mnt/ddn/kyudan/IEMOCAP/data/Ses02F_script01_2_M005.wav,neutral,Ses02,M,1.72
Ses03F_impro08_F010,/mnt/ddn/kyudan/IEMOCAP/data/Ses03F_impro08_F010.wav,neutral,Ses03,F,10.84
Ses01M_script02_2_M051,/mnt/ddn/kyudan/IEMOCAP/data/Ses01M_script02_2_M051.wav,neutral,Ses01,M,4.694
Ses01F_script03_2_M011,/mnt/ddn/kyudan/IEMOCAP/data/Ses01F_script03_2_M011.wav,neutral,Ses01,M,3.536
Ses01M_impro01_F024,/mnt/ddn/kyudan/IEMOCAP/data/Ses01M_impro01_F024.wav,neutral,Ses01,F,3.712
Ses03M_script03_2_F017,/mnt/ddn/kyudan/IEMOCAP/data/Ses03M_script03_2_F017.wav,neutral,Ses03,F,5.515
Ses05F_impro08_F024,/mnt/ddn/kyudan/IEMOCAP/data/Ses05F_impro08_F024.wav,neutral,Ses05,F,5.65
Ses04F_impro07_M072,/mnt/ddn/kyudan/IEMOCAP/data/Ses04F_impro07_M072.wav,neutral,Ses04,M,2.84
Ses01F_script01_3_M001,/mnt/ddn/kyudan/IEMOCAP/data/Ses01F_script01_3_M001.wav,neutral,Ses01,M,2.805
Ses05M_script03_2_F005,/mnt/ddn/kyudan/IEMOCAP/data/Ses05M_script03_2_F005.wav,neutral,Ses05,F,1.46
Ses02F_script03_2_M009,/mnt/ddn/kyudan/IEMOCAP/data/Ses02F_script03_2_M009.wav,neutral,Ses02,M,4.15
Ses01M_impro04_F022,/mnt/ddn/kyudan/IEMOCAP/data/Ses01M_impro04_F022.wav,neutral,Ses01,F,6.65
Ses01F_script01_3_F003,/mnt/ddn/kyudan/IEMOCAP/data/Ses01F_script01_3_F003.wav,neutral,Ses01,F,7.824
Ses02F_impro05_F004,/mnt/ddn/kyudan/IEMOCAP/data/Ses02F_impro05_F004.wav,neutral,Ses02,F,1.46
Ses05F_impro04_M025,/mnt/ddn/kyudan/IEMOCAP/data/Ses05F_impro04_M025.wav,neutral,Ses05,M,12.77
Ses02F_script02_1_M017,/mnt/ddn/kyudan/IEMOCAP/data/Ses02F_script02_1_M017.wav,neutral,Ses02,M,1.43
Ses02M_impro04_F008,/mnt/ddn/kyudan/IEMOCAP/data/Ses02M_impro04_F008.wav,neutral,Ses02,F,6.588
Ses05F_impro04_M010,/mnt/ddn/kyudan/IEMOCAP/data/Ses05F_impro04_M010.wav,neutral,Ses05,M,3.79
Ses01M_impro06_F001,/mnt/ddn/kyudan/IEMOCAP/data/Ses01M_impro06_F001.wav,neutral,Ses01,F,3.127
Ses01F_script02_1_M031,/mnt/ddn/kyudan/IEMOCAP/data/Ses01F_script02_1_M031.wav,neutral,Ses01,M,7.01
Ses02M_impro01_M005,/mnt/ddn/kyudan/IEMOCAP/data/Ses02M_impro01_M005.wav,neutral,Ses02,M,3.067
Ses01M_impro06_F008,/mnt/ddn/kyudan/IEMOCAP/data/Ses01M_impro06_F008.wav,neutral,Ses01,F,1.9
Ses03F_script01_1_M034,/mnt/ddn/kyudan/IEMOCAP/data/Ses03F_script01_1_M034.wav,neutral,Ses03,M,3.668
Ses01F_impro04_M027,/mnt/ddn/kyudan/IEMOCAP/data/Ses01F_impro04_M027.wav,neutral,Ses01,M,2.663
Ses03M_impro08a_M025,/mnt/ddn/kyudan/IEMOCAP/data/Ses03M_impro08a_M025.wav,neutral,Ses03,M,3.668
Ses05M_script03_2_F006,/mnt/ddn/kyudan/IEMOCAP/data/Ses05M_script03_2_F006.wav,neutral,Ses05,F,3.26
Ses05M_script03_2_F015,/mnt/ddn/kyudan/IEMOCAP/data/Ses05M_script03_2_F015.wav,neutral,Ses05,F,2.8
Ses05M_impro04_F011,/mnt/ddn/kyudan/IEMOCAP/data/Ses05M_impro04_F011.wav,neutral,Ses05,F,4.5
Ses02F_script03_1_M026,/mnt/ddn/kyudan/IEMOCAP/data/Ses02F_script03_1_M026.wav,neutral,Ses02,M,4.85
Ses03M_impro08a_M024,/mnt/ddn/kyudan/IEMOCAP/data/Ses03M_impro08a_M024.wav,neutral,Ses03,M,3.234
Ses03M_impro08a_M006,/mnt/ddn/kyudan/IEMOCAP/data/Ses03M_impro08a_M006.wav,neutral,Ses03,M,8.913
Ses02F_impro05_F000,/mnt/ddn/kyudan/IEMOCAP/data/Ses02F_impro05_F000.wav,neutral,Ses02,F,3.652
Ses02M_script02_1_F011,/mnt/ddn/kyudan/IEMOCAP/data/Ses02M_script02_1_F011.wav,neutral,Ses02,F,1.85
Ses01F_script03_2_F005,/mnt/ddn/kyudan/IEMOCAP/data/Ses01F_script03_2_F005.wav,neutral,Ses01,F,2.032
Ses04M_impro04_F006,/mnt/ddn/kyudan/IEMOCAP/data/Ses04M_impro04_F006.wav,neutral,Ses04,F,2.54
Ses01M_impro05_F018,/mnt/ddn/kyudan/IEMOCAP/data/Ses01M_impro05_F018.wav,neutral,Ses01,F,2.62
Ses02M_script02_2_M010,/mnt/ddn/kyudan/IEMOCAP/data/Ses02M_script02_2_M010.wav,neutral,Ses02,M,2.2
Ses05F_impro04_M041,/mnt/ddn/kyudan/IEMOCAP/data/Ses05F_impro04_M041.wav,neutral,Ses05,M,4.255
Ses03M_impro04_F030,/mnt/ddn/kyudan/IEMOCAP/data/Ses03M_impro04_F030.wav,neutral,Ses03,F,3.08
Ses01M_script02_1_M023,/mnt/ddn/kyudan/IEMOCAP/data/Ses01M_script02_1_M023.wav,neutral,Ses01,M,2.853
Ses02M_script01_1_M027,/mnt/ddn/kyudan/IEMOCAP/data/Ses02M_script01_1_M027.wav,neutral,Ses02,M,5.48
Ses04F_script01_3_F023,/mnt/ddn/kyudan/IEMOCAP/data/Ses04F_script01_3_F023.wav,neutral,Ses04,F,2.396
Ses05M_impro08_M020,/mnt/ddn/kyudan/IEMOCAP/data/Ses05M_impro08_M020.wav,neutral,Ses05,M,7.05
Ses02M_impro08_M017,/mnt/ddn/kyudan/IEMOCAP/data/Ses02M_impro08_M017.wav,neutral,Ses02,M,1.306
Ses05F_impro05_M019,/mnt/ddn/kyudan/IEMOCAP/data/Ses05F_impro05_M019.wav,neutral,Ses05,M,1.11
Ses02F_impro08_F026,/mnt/ddn/kyudan/IEMOCAP/data/Ses02F_impro08_F026.wav,neutral,Ses02,F,5.156
Ses05F_impro04_M027,/mnt/ddn/kyudan/IEMOCAP/data/Ses05F_impro04_M027.wav,neutral,Ses05,M,4.02
Ses03M_impro08a_M023,/mnt/ddn/kyudan/IEMOCAP/data/Ses03M_impro08a_M023.wav,neutral,Ses03,M,3.983
Ses03M_script03_2_F000,/mnt/ddn/kyudan/IEMOCAP/data/Ses03M_script03_2_F000.wav,neutral,Ses03,F,3.328
Ses02M_script01_2_M004,/mnt/ddn/kyudan/IEMOCAP/data/Ses02M_script01_2_M004.wav,neutral,Ses02,M,2.18
Ses02M_impro08_M016,/mnt/ddn/kyudan/IEMOCAP/data/Ses02M_impro08_M016.wav,neutral,Ses02,M,2.841
Ses04M_impro04_M004,/mnt/ddn/kyudan/IEMOCAP/data/Ses04M_impro04_M004.wav,neutral,Ses04,M,4.09
Ses03M_script03_2_M021,/mnt/ddn/kyudan/IEMOCAP/data/Ses03M_script03_2_M021.wav,neutral,Ses03,M,2.656
Ses05M_impro04_F034,/mnt/ddn/kyudan/IEMOCAP/data/Ses05M_impro04_F034.wav,neutral,Ses05,F,3.06
Ses05M_impro01_F001,/mnt/ddn/kyudan/IEMOCAP/data/Ses05M_impro01_F001.wav,neutral,Ses05,F,9.29
Ses02F_script03_1_M013,/mnt/ddn/kyudan/IEMOCAP/data/Ses02F_script03_1_M013.wav,neutral,Ses02,M,7.22
Ses05F_impro04_M007,/mnt/ddn/kyudan/IEMOCAP/data/Ses05F_impro04_M007.wav,neutral,Ses05,M,4.49
Ses04M_impro04_F007,/mnt/ddn/kyudan/IEMOCAP/data/Ses04M_impro04_F007.wav,neutral,Ses04,F,6.87
Ses04M_impro08_M027,/mnt/ddn/kyudan/IEMOCAP/data/Ses04M_impro08_M027.wav,neutral,Ses04,M,8.945
Ses03F_script01_1_F014,/mnt/ddn/kyudan/IEMOCAP/data/Ses03F_script01_1_F014.wav,neutral,Ses03,F,3.202
Ses02M_impro01_F000,/mnt/ddn/kyudan/IEMOCAP/data/Ses02M_impro01_F000.wav,neutral,Ses02,F,2.038
Ses04M_impro08_M024,/mnt/ddn/kyudan/IEMOCAP/data/Ses04M_impro08_M024.wav,neutral,Ses04,M,3.58
Ses03F_impro01_M005,/mnt/ddn/kyudan/IEMOCAP/data/Ses03F_impro01_M005.wav,neutral,Ses03,M,1.597
Ses04F_impro07_M026,/mnt/ddn/kyudan/IEMOCAP/data/Ses04F_impro07_M026.wav,neutral,Ses04,M,6.19
Ses01M_impro05_F006,/mnt/ddn/kyudan/IEMOCAP/data/Ses01M_impro05_F006.wav,neutral,Ses01,F,2.748
Ses04M_script03_2_F043,/mnt/ddn/kyudan/IEMOCAP/data/Ses04M_script03_2_F043.wav,neutral,Ses04,F,1.827
Ses05M_impro05_F002,/mnt/ddn/kyudan/IEMOCAP/data/Ses05M_impro05_F002.wav,neutral,Ses05,F,1.37
Ses01M_script02_1_M010,/mnt/ddn/kyudan/IEMOCAP/data/Ses01M_script02_1_M010.wav,neutral,Ses01,M,6.84
Ses03M_impro01_F000,/mnt/ddn/kyudan/IEMOCAP/data/Ses03M_impro01_F000.wav,neutral,Ses03,F,3.332
Ses01M_impro02_M000,/mnt/ddn/kyudan/IEMOCAP/data/Ses01M_impro02_M000.wav,neutral,Ses01,M,3.302
Ses03M_impro08a_M005,/mnt/ddn/kyudan/IEMOCAP/data/Ses03M_impro08a_M005.wav,neutral,Ses03,M,2.78
Ses05F_impro05_M053,/mnt/ddn/kyudan/IEMOCAP/data/Ses05F_impro05_M053.wav,neutral,Ses05,M,1.88
Ses05M_impro08_M011,/mnt/ddn/kyudan/IEMOCAP/data/Ses05M_impro08_M011.wav,neutral,Ses05,M,9.28
Ses02F_impro05_M015,/mnt/ddn/kyudan/IEMOCAP/data/Ses02F_impro05_M015.wav,neutral,Ses02,M,1.88
Ses04F_script02_2_M020,/mnt/ddn/kyudan/IEMOCAP/data/Ses04F_script02_2_M020.wav,neutral,Ses04,M,12.0
Ses04M_impro08_M012,/mnt/ddn/kyudan/IEMOCAP/data/Ses04M_impro08_M012.wav,neutral,Ses04,M,8.65
Ses01F_script02_2_M021,/mnt/ddn/kyudan/IEMOCAP/data/Ses01F_script02_2_M021.wav,neutral,Ses01,M,5.087
Ses05M_impro04_F015,/mnt/ddn/kyudan/IEMOCAP/data/Ses05M_impro04_F015.wav,neutral,Ses05,F,2.65
Ses05F_impro04_F041,/mnt/ddn/kyudan/IEMOCAP/data/Ses05F_impro04_F041.wav,neutral,Ses05,F,2.55
Ses02F_script02_2_M009,/mnt/ddn/kyudan/IEMOCAP/data/Ses02F_script02_2_M009.wav,neutral,Ses02,M,2.41
Ses01F_impro04_M022,/mnt/ddn/kyudan/IEMOCAP/data/Ses01F_impro04_M022.wav,neutral,Ses01,M,2.3
Ses04F_script03_1_M029,/mnt/ddn/kyudan/IEMOCAP/data/Ses04F_script03_1_M029.wav,neutral,Ses04,M,1.89
Ses05F_impro04_M024,/mnt/ddn/kyudan/IEMOCAP/data/Ses05F_impro04_M024.wav,neutral,Ses05,M,4.13
Ses02F_script03_1_M024,/mnt/ddn/kyudan/IEMOCAP/data/Ses02F_script03_1_M024.wav,neutral,Ses02,M,10.67
Ses03M_impro05a_F014,/mnt/ddn/kyudan/IEMOCAP/data/Ses03M_impro05a_F014.wav,neutral,Ses03,F,1.218
Ses05F_impro04_M013,/mnt/ddn/kyudan/IEMOCAP/data/Ses05F_impro04_M013.wav,neutral,Ses05,M,3.79
Ses01M_script02_1_M037,/mnt/ddn/kyudan/IEMOCAP/data/Ses01M_script02_1_M037.wav,neutral,Ses01,M,2.233
Ses02F_script02_2_M019,/mnt/ddn/kyudan/IEMOCAP/data/Ses02F_script02_2_M019.wav,neutral,Ses02,M,9.04
Ses01M_script02_1_F007,/mnt/ddn/kyudan/IEMOCAP/data/Ses01M_script02_1_F007.wav,neutral,Ses01,F,1.28
Ses02F_impro05_M004,/mnt/ddn/kyudan/IEMOCAP/data/Ses02F_impro05_M004.wav,neutral,Ses02,M,7.25
Ses03M_impro04_F031,/mnt/ddn/kyudan/IEMOCAP/data/Ses03M_impro04_F031.wav,neutral,Ses03,F,2.49
Ses05F_impro04_M040,/mnt/ddn/kyudan/IEMOCAP/data/Ses05F_impro04_M040.wav,neutral,Ses05,M,3.14
Ses05M_impro04_F017,/mnt/ddn/kyudan/IEMOCAP/data/Ses05M_impro04_F017.wav,neutral,Ses05,F,3.62
Ses02F_script02_1_F019,/mnt/ddn/kyudan/IEMOCAP/data/Ses02F_script02_1_F019.wav,neutral,Ses02,F,2.22
Ses03M_script02_1_F010,/mnt/ddn/kyudan/IEMOCAP/data/Ses03M_script02_1_F010.wav,neutral,Ses03,F,1.435
Ses03M_impro01_F003,/mnt/ddn/kyudan/IEMOCAP/data/Ses03M_impro01_F003.wav,neutral,Ses03,F,3.875
Ses01M_impro05_F024,/mnt/ddn/kyudan/IEMOCAP/data/Ses01M_impro05_F024.wav,neutral,Ses01,F,1.93
Ses02M_impro05_F000,/mnt/ddn/kyudan/IEMOCAP/data/Ses02M_impro05_F000.wav,neutral,Ses02,F,1.233
Ses04M_script02_2_M000,/mnt/ddn/kyudan/IEMOCAP/data/Ses04M_script02_2_M000.wav,neutral,Ses04,M,2.277
Ses02M_impro01_M004,/mnt/ddn/kyudan/IEMOCAP/data/Ses02M_impro01_M004.wav,neutral,Ses02,M,3.636
Ses01F_impro07_M012,/mnt/ddn/kyudan/IEMOCAP/data/Ses01F_impro07_M012.wav,neutral,Ses01,M,4.445
Ses04M_script02_2_M021,/mnt/ddn/kyudan/IEMOCAP/data/Ses04M_script02_2_M021.wav,neutral,Ses04,M,13.0
Ses02F_script03_1_M012,/mnt/ddn/kyudan/IEMOCAP/data/Ses02F_script03_1_M012.wav,neutral,Ses02,M,2.94
Ses01M_impro01_M003,/mnt/ddn/kyudan/IEMOCAP/data/Ses01M_impro01_M003.wav,neutral,Ses01,M,2.48
Ses02M_impro04_F005,/mnt/ddn/kyudan/IEMOCAP/data/Ses02M_impro04_F005.wav,neutral,Ses02,F,6.723
Ses05F_impro05_M040,/mnt/ddn/kyudan/IEMOCAP/data/Ses05F_impro05_M040.wav,neutral,Ses05,M,1.46
Ses01F_script02_2_F000,/mnt/ddn/kyudan/IEMOCAP/data/Ses01F_script02_2_F000.wav,neutral,Ses01,F,2.478
Ses04M_script01_2_M000,/mnt/ddn/kyudan/IEMOCAP/data/Ses04M_script01_2_M000.wav,neutral,Ses04,M,2.847
Ses03M_script01_1_F021,/mnt/ddn/kyudan/IEMOCAP/data/Ses03M_script01_1_F021.wav,neutral,Ses03,F,4.728
Ses05M_impro04_F005,/mnt/ddn/kyudan/IEMOCAP/data/Ses05M_impro04_F005.wav,neutral,Ses05,F,9.22
Ses01F_impro05_M016,/mnt/ddn/kyudan/IEMOCAP/data/Ses01F_impro05_M016.wav,neutral,Ses01,M,8.237
Ses05M_impro05_M006,/mnt/ddn/kyudan/IEMOCAP/data/Ses05M_impro05_M006.wav,neutral,Ses05,M,2.17
Ses02F_script02_2_M002,/mnt/ddn/kyudan/IEMOCAP/data/Ses02F_script02_2_M002.wav,neutral,Ses02,M,4.09
Ses04M_script02_2_M020,/mnt/ddn/kyudan/IEMOCAP/data/Ses04M_script02_2_M020.wav,neutral,Ses04,M,2.357
Ses04M_impro02_M008,/mnt/ddn/kyudan/IEMOCAP/data/Ses04M_impro02_M008.wav,neutral,Ses04,M,3.88
Ses01M_script02_2_M039,/mnt/ddn/kyudan/IEMOCAP/data/Ses01M_script02_2_M039.wav,neutral,Ses01,M,1.385
Ses01F_impro06_M010,/mnt/ddn/kyudan/IEMOCAP/data/Ses01F_impro06_M010.wav,neutral,Ses01,M,1.59
Ses05F_impro08_F015,/mnt/ddn/kyudan/IEMOCAP/data/Ses05F_impro08_F015.wav,neutral,Ses05,F,2.18
Ses03M_impro08b_M005,/mnt/ddn/kyudan/IEMOCAP/data/Ses03M_impro08b_M005.wav,neutral,Ses03,M,10.9
Ses05F_impro08_F002,/mnt/ddn/kyudan/IEMOCAP/data/Ses05F_impro08_F002.wav,neutral,Ses05,F,4.45
Ses05F_impro06_M023,/mnt/ddn/kyudan/IEMOCAP/data/Ses05F_impro06_M023.wav,neutral,Ses05,M,2.09
Ses05F_impro08_F000,/mnt/ddn/kyudan/IEMOCAP/data/Ses05F_impro08_F000.wav,neutral,Ses05,F,1.746
Ses04F_impro04_M001,/mnt/ddn/kyudan/IEMOCAP/data/Ses04F_impro04_M001.wav,neutral,Ses04,M,3.07
Ses03F_script01_1_F053,/mnt/ddn/kyudan/IEMOCAP/data/Ses03F_script01_1_F053.wav,neutral,Ses03,F,4.762
Ses03F_script03_1_F000,/mnt/ddn/kyudan/IEMOCAP/data/Ses03F_script03_1_F000.wav,neutral,Ses03,F,1.66
Ses04M_impro05_F001,/mnt/ddn/kyudan/IEMOCAP/data/Ses04M_impro05_F001.wav,neutral,Ses04,F,1.99
Ses01M_impro06_F009,/mnt/ddn/kyudan/IEMOCAP/data/Ses01M_impro06_F009.wav,neutral,Ses01,F,3.97
Ses03M_impro04_F003,/mnt/ddn/kyudan/IEMOCAP/data/Ses03M_impro04_F003.wav,neutral,Ses03,F,1.71
Ses04F_impro07_M033,/mnt/ddn/kyudan/IEMOCAP/data/Ses04F_impro07_M033.wav,neutral,Ses04,M,1.04
Ses04M_impro07_M032,/mnt/ddn/kyudan/IEMOCAP/data/Ses04M_impro07_M032.wav,neutral,Ses04,M,3.373
Ses05F_impro04_M004,/mnt/ddn/kyudan/IEMOCAP/data/Ses05F_impro04_M004.wav,neutral,Ses05,M,1.96
Ses05F_impro05_M000,/mnt/ddn/kyudan/IEMOCAP/data/Ses05F_impro05_M000.wav,neutral,Ses05,M,2.09
Ses02F_impro06_M006,/mnt/ddn/kyudan/IEMOCAP/data/Ses02F_impro06_M006.wav,neutral,Ses02,M,2.384
Ses04M_script02_1_M012,/mnt/ddn/kyudan/IEMOCAP/data/Ses04M_script02_1_M012.wav,neutral,Ses04,M,1.86
Ses02F_impro08_F023,/mnt/ddn/kyudan/IEMOCAP/data/Ses02F_impro08_F023.wav,neutral,Ses02,F,10.05
Ses02M_script01_3_M036,/mnt/ddn/kyudan/IEMOCAP/data/Ses02M_script01_3_M036.wav,neutral,Ses02,M,3.467
Ses05M_impro03_F026,/mnt/ddn/kyudan/IEMOCAP/data/Ses05M_impro03_F026.wav,neutral,Ses05,F,2.06
Ses01M_impro05_F019,/mnt/ddn/kyudan/IEMOCAP/data/Ses01M_impro05_F019.wav,neutral,Ses01,F,3.25
Ses04M_impro06_M019,/mnt/ddn/kyudan/IEMOCAP/data/Ses04M_impro06_M019.wav,sad,Ses04,M,9.56
Ses05F_impro06_F019,/mnt/ddn/kyudan/IEMOCAP/data/Ses05F_impro06_F019.wav,sad,Ses05,F,5.1
Ses03M_impro06_M011,/mnt/ddn/kyudan/IEMOCAP/data/Ses03M_impro06_M011.wav,sad,Ses03,M,5.33
Ses03M_impro02_M011,/mnt/ddn/kyudan/IEMOCAP/data/Ses03M_impro02_M011.wav,sad,Ses03,M,2.288
Ses04M_script02_2_F021,/mnt/ddn/kyudan/IEMOCAP/data/Ses04M_script02_2_F021.wav,sad,Ses04,F,2.335
Ses05F_impro06_F013,/mnt/ddn/kyudan/IEMOCAP/data/Ses05F_impro06_F013.wav,sad,Ses05,F,3.17
Ses03M_script01_3_M043,/mnt/ddn/kyudan/IEMOCAP/data/Ses03M_script01_3_M043.wav,sad,Ses03,M,2.791
Ses05F_impro02_F008,/mnt/ddn/kyudan/IEMOCAP/data/Ses05F_impro02_F008.wav,sad,Ses05,F,2.68
Ses03F_impro02_F031,/mnt/ddn/kyudan/IEMOCAP/data/Ses03F_impro02_F031.wav,sad,Ses03,F,4.335
Ses03F_impro02_F015,/mnt/ddn/kyudan/IEMOCAP/data/Ses03F_impro02_F015.wav,sad,Ses03,F,1.865
Ses03M_impro06_M007,/mnt/ddn/kyudan/IEMOCAP/data/Ses03M_impro06_M007.wav,sad,Ses03,M,2.872
Ses03M_impro02_F015,/mnt/ddn/kyudan/IEMOCAP/data/Ses03M_impro02_F015.wav,sad,Ses03,F,3.8
Ses02M_script01_3_M030,/mnt/ddn/kyudan/IEMOCAP/data/Ses02M_script01_3_M030.wav,sad,Ses02,M,16.674
Ses02M_impro06_M017,/mnt/ddn/kyudan/IEMOCAP/data/Ses02M_impro06_M017.wav,sad,Ses02,M,14.961
Ses05M_script02_2_F027,/mnt/ddn/kyudan/IEMOCAP/data/Ses05M_script02_2_F027.wav,sad,Ses05,F,10.08
Ses01F_script02_2_F024,/mnt/ddn/kyudan/IEMOCAP/data/Ses01F_script02_2_F024.wav,sad,Ses01,F,1.674
Ses04F_impro02_F000,/mnt/ddn/kyudan/IEMOCAP/data/Ses04F_impro02_F000.wav,sad,Ses04,F,3.61
Ses02M_impro06_F004,/mnt/ddn/kyudan/IEMOCAP/data/Ses02M_impro06_F004.wav,sad,Ses02,F,4.739
Ses02M_script01_3_M034,/mnt/ddn/kyudan/IEMOCAP/data/Ses02M_script01_3_M034.wav,sad,Ses02,M,13.234
Ses04M_impro06_F013,/mnt/ddn/kyudan/IEMOCAP/data/Ses04M_impro06_F013.wav,sad,Ses04,F,2.97
Ses01M_script01_3_F021,/mnt/ddn/kyudan/IEMOCAP/data/Ses01M_script01_3_F021.wav,sad,Ses01,F,3.03
Ses05F_impro06_M008,/mnt/ddn/kyudan/IEMOCAP/data/Ses05F_impro06_M008.wav,sad,Ses05,M,6.61
Ses05M_script01_3_M027,/mnt/ddn/kyudan/IEMOCAP/data/Ses05M_script01_3_M027.wav,sad,Ses05,M,7.94
Ses02F_script01_1_F004,/mnt/ddn/kyudan/IEMOCAP/data/Ses02F_script01_1_F004.wav,sad,Ses02,F,1.995
Ses01M_script01_3_M028,/mnt/ddn/kyudan/IEMOCAP/data/Ses01M_script01_3_M028.wav,sad,Ses01,M,13.851
Ses02M_impro02_F012,/mnt/ddn/kyudan/IEMOCAP/data/Ses02M_impro02_F012.wav,sad,Ses02,F,4.17
Ses05M_impro02_F005,/mnt/ddn/kyudan/IEMOCAP/data/Ses05M_impro02_F005.wav,sad,Ses05,F,2.33
Ses05M_impro04_M041,/mnt/ddn/kyudan/IEMOCAP/data/Ses05M_impro04_M041.wav,sad,Ses05,M,2.09
Ses05M_script01_3_M040,/mnt/ddn/kyudan/IEMOCAP/data/Ses05M_script01_3_M040.wav,sad,Ses05,M,2.44
Ses05F_impro06_F023,/mnt/ddn/kyudan/IEMOCAP/data/Ses05F_impro06_F023.wav,sad,Ses05,F,6.66
Ses05M_impro02_M000,/mnt/ddn/kyudan/IEMOCAP/data/Ses05M_impro02_M000.wav,sad,Ses05,M,9.47
Ses04M_script01_3_M025,/mnt/ddn/kyudan/IEMOCAP/data/Ses04M_script01_3_M025.wav,sad,Ses04,M,4.051
Ses05F_impro02_F010,/mnt/ddn/kyudan/IEMOCAP/data/Ses05F_impro02_F010.wav,sad,Ses05,F,10.96
Ses02M_impro06_F006,/mnt/ddn/kyudan/IEMOCAP/data/Ses02M_impro06_F006.wav,sad,Ses02,F,2.19
Ses05F_impro02_M026,/mnt/ddn/kyudan/IEMOCAP/data/Ses05F_impro02_M026.wav,sad,Ses05,M,10.88
Ses02F_impro02_M011,/mnt/ddn/kyudan/IEMOCAP/data/Ses02F_impro02_M011.wav,sad,Ses02,M,4.398
Ses01F_impro06_M003,/mnt/ddn/kyudan/IEMOCAP/data/Ses01F_impro06_M003.wav,sad,Ses01,M,6.05
Ses01M_impro02_M021,/mnt/ddn/kyudan/IEMOCAP/data/Ses01M_impro02_M021.wav,sad,Ses01,M,3.76
Ses01F_impro06_F023,/mnt/ddn/kyudan/IEMOCAP/data/Ses01F_impro06_F023.wav,sad,Ses01,F,4.03
Ses01M_script01_1_F006,/mnt/ddn/kyudan/IEMOCAP/data/Ses01M_script01_1_F006.wav,sad,Ses01,F,2.213
Ses03F_impro02_M018,/mnt/ddn/kyudan/IEMOCAP/data/Ses03F_impro02_M018.wav,sad,Ses03,M,4.09
Ses02F_impro02_F002,/mnt/ddn/kyudan/IEMOCAP/data/Ses02F_impro02_F002.wav,sad,Ses02,F,7.282
Ses03M_impro06_M016,/mnt/ddn/kyudan/IEMOCAP/data/Ses03M_impro06_M016.wav,sad,Ses03,M,4.648
Ses02F_script01_3_M025,/mnt/ddn/kyudan/IEMOCAP/data/Ses02F_script01_3_M025.wav,sad,Ses02,M,1.57
Ses01F_script01_3_M026,/mnt/ddn/kyudan/IEMOCAP/data/Ses01F_script01_3_M026.wav,sad,Ses01,M,3.212
Ses02F_script01_3_M029,/mnt/ddn/kyudan/IEMOCAP/data/Ses02F_script01_3_M029.wav,sad,Ses02,M,13.71
Ses02M_script02_2_F019,/mnt/ddn/kyudan/IEMOCAP/data/Ses02M_script02_2_F019.wav,sad,Ses02,F,5.58
Ses03F_impro06_F004,/mnt/ddn/kyudan/IEMOCAP/data/Ses03F_impro06_F004.wav,sad,Ses03,F,3.538
Ses03M_impro02_M002,/mnt/ddn/kyudan/IEMOCAP/data/Ses03M_impro02_M002.wav,sad,Ses03,M,3.005
Ses03F_script01_3_F033,/mnt/ddn/kyudan/IEMOCAP/data/Ses03F_script01_3_F033.wav,sad,Ses03,F,8.585
Ses01M_script01_3_F009,/mnt/ddn/kyudan/IEMOCAP/data/Ses01M_script01_3_F009.wav,sad,Ses01,F,5.48
Ses03F_script01_3_M025,/mnt/ddn/kyudan/IEMOCAP/data/Ses03F_script01_3_M025.wav,sad,Ses03,M,4.293
Ses02M_impro06_M012,/mnt/ddn/kyudan/IEMOCAP/data/Ses02M_impro06_M012.wav,sad,Ses02,M,2.88
Ses02F_script02_1_F000,/mnt/ddn/kyudan/IEMOCAP/data/Ses02F_script02_1_F000.wav,sad,Ses02,F,1.34
Ses03M_script02_2_F040,/mnt/ddn/kyudan/IEMOCAP/data/Ses03M_script02_2_F040.wav,sad,Ses03,F,10.115
Ses04M_impro06_M003,/mnt/ddn/kyudan/IEMOCAP/data/Ses04M_impro06_M003.wav,sad,Ses04,M,1.596
Ses01M_script02_2_F022,/mnt/ddn/kyudan/IEMOCAP/data/Ses01M_script02_2_F022.wav,sad,Ses01,F,9.808
Ses05M_impro02_F023,/mnt/ddn/kyudan/IEMOCAP/data/Ses05M_impro02_F023.wav,sad,Ses05,F,1.26
Ses05F_impro06_F016,/mnt/ddn/kyudan/IEMOCAP/data/Ses05F_impro06_F016.wav,sad,Ses05,F,4.79
Ses03F_impro06_F032,/mnt/ddn/kyudan/IEMOCAP/data/Ses03F_impro06_F032.wav,sad,Ses03,F,1.758
Ses02M_impro06_M007,/mnt/ddn/kyudan/IEMOCAP/data/Ses02M_impro06_M007.wav,sad,Ses02,M,6.48
Ses01F_script02_2_F035,/mnt/ddn/kyudan/IEMOCAP/data/Ses01F_script02_2_F035.wav,sad,Ses01,F,13.543
Ses02M_script01_3_M028,/mnt/ddn/kyudan/IEMOCAP/data/Ses02M_script01_3_M028.wav,sad,Ses02,M,15.192
Ses01M_impro02_F009,/mnt/ddn/kyudan/IEMOCAP/data/Ses01M_impro02_F009.wav,sad,Ses01,F,3.3
Ses02M_impro02_F010,/mnt/ddn/kyudan/IEMOCAP/data/Ses02M_impro02_F010.wav,sad,Ses02,F,6.719
Ses05F_script02_2_F018,/mnt/ddn/kyudan/IEMOCAP/data/Ses05F_script02_2_F018.wav,sad,Ses05,F,1.838
Ses02F_script01_3_F023,/mnt/ddn/kyudan/IEMOCAP/data/Ses02F_script01_3_F023.wav,sad,Ses02,F,1.42
Ses01M_impro06_M001,/mnt/ddn/kyudan/IEMOCAP/data/Ses01M_impro06_M001.wav,sad,Ses01,M,3.709
Ses01M_script02_2_F023,/mnt/ddn/kyudan/IEMOCAP/data/Ses01M_script02_2_F023.wav,sad,Ses01,F,5.867
Ses03F_impro02_F020,/mnt/ddn/kyudan/IEMOCAP/data/Ses03F_impro02_F020.wav,sad,Ses03,F,3.79
Ses04F_impro06_M001,/mnt/ddn/kyudan/IEMOCAP/data/Ses04F_impro06_M001.wav,sad,Ses04,M,24.36
Ses05F_impro02_F009,/mnt/ddn/kyudan/IEMOCAP/data/Ses05F_impro02_F009.wav,sad,Ses05,F,4.16
Ses03M_script01_1_M005,/mnt/ddn/kyudan/IEMOCAP/data/Ses03M_script01_1_M005.wav,sad,Ses03,M,2.39
Ses02M_impro06_F013,/mnt/ddn/kyudan/IEMOCAP/data/Ses02M_impro06_F013.wav,sad,Ses02,F,2.571
Ses04F_impro02_F003,/mnt/ddn/kyudan/IEMOCAP/data/Ses04F_impro02_F003.wav,sad,Ses04,F,5.48
Ses03M_script01_1_M003,/mnt/ddn/kyudan/IEMOCAP/data/Ses03M_script01_1_M003.wav,sad,Ses03,M,5.959
Ses01F_impro06_F024,/mnt/ddn/kyudan/IEMOCAP/data/Ses01F_impro06_F024.wav,sad,Ses01,F,6.9
Ses04M_script01_3_M033,/mnt/ddn/kyudan/IEMOCAP/data/Ses04M_script01_3_M033.wav,sad,Ses04,M,10.5
Ses04F_impro02_F005,/mnt/ddn/kyudan/IEMOCAP/data/Ses04F_impro02_F005.wav,sad,Ses04,F,3.97
Ses05M_script01_3_M033,/mnt/ddn/kyudan/IEMOCAP/data/Ses05M_script01_3_M033.wav,sad,Ses05,M,15.51
Ses02F_impro06_F004,/mnt/ddn/kyudan/IEMOCAP/data/Ses02F_impro06_F004.wav,sad,Ses02,F,2.411
Ses05F_script01_1_M009,/mnt/ddn/kyudan/IEMOCAP/data/Ses05F_script01_1_M009.wav,sad,Ses05,M,7.9
Ses03M_script02_1_F000,/mnt/ddn/kyudan/IEMOCAP/data/Ses03M_script02_1_F000.wav,sad,Ses03,F,2.309
Ses03M_script02_2_F020,/mnt/ddn/kyudan/IEMOCAP/data/Ses03M_script02_2_F020.wav,sad,Ses03,F,8.042
Ses03F_script01_3_F032,/mnt/ddn/kyudan/IEMOCAP/data/Ses03F_script01_3_F032.wav,sad,Ses03,F,3.392
Ses05F_script01_3_M024,/mnt/ddn/kyudan/IEMOCAP/data/Ses05F_script01_3_M024.wav,sad,Ses05,M,3.946
Ses03M_script01_3_F029,/mnt/ddn/kyudan/IEMOCAP/data/Ses03M_script01_3_F029.wav,sad,Ses03,F,2.203
Ses04F_impro06_M002,/mnt/ddn/kyudan/IEMOCAP/data/Ses04F_impro06_M002.wav,sad,Ses04,M,8.884
Ses03M_impro02_F016,/mnt/ddn/kyudan/IEMOCAP/data/Ses03M_impro02_F016.wav,sad,Ses03,F,2.847
Ses01M_impro02_M009,/mnt/ddn/kyudan/IEMOCAP/data/Ses01M_impro02_M009.wav,sad,Ses01,M,2.922
Ses01M_script02_2_F024,/mnt/ddn/kyudan/IEMOCAP/data/Ses01M_script02_2_F024.wav,sad,Ses01,F,6.665
Ses05F_script01_1_F009,/mnt/ddn/kyudan/IEMOCAP/data/Ses05F_script01_1_F009.wav,sad,Ses05,F,1.72
Ses03F_impro04_F023,/mnt/ddn/kyudan/IEMOCAP/data/Ses03F_impro04_F023.wav,sad,Ses03,F,2.35
Ses05F_impro06_F002,/mnt/ddn/kyudan/IEMOCAP/data/Ses05F_impro06_F002.wav,sad,Ses05,F,7.633
Ses03F_impro06_F013,/mnt/ddn/kyudan/IEMOCAP/data/Ses03F_impro06_F013.wav,sad,Ses03,F,5.207
Ses01M_script01_3_M034,/mnt/ddn/kyudan/IEMOCAP/data/Ses01M_script01_3_M034.wav,sad,Ses01,M,14.25
Ses05M_script01_1b_M004,/mnt/ddn/kyudan/IEMOCAP/data/Ses05M_script01_1b_M004.wav,sad,Ses05,M,5.83
Ses03F_script01_3_F008,/mnt/ddn/kyudan/IEMOCAP/data/Ses03F_script01_3_F008.wav,sad,Ses03,F,4.066
Ses03M_script01_3_M033,/mnt/ddn/kyudan/IEMOCAP/data/Ses03M_script01_3_M033.wav,sad,Ses03,M,11.655
Ses05F_script02_2_F029,/mnt/ddn/kyudan/IEMOCAP/data/Ses05F_script02_2_F029.wav,sad,Ses05,F,2.005
Ses03M_impro02_F027,/mnt/ddn/kyudan/IEMOCAP/data/Ses03M_impro02_F027.wav,sad,Ses03,F,4.755
Ses01M_impro06_M006,/mnt/ddn/kyudan/IEMOCAP/data/Ses01M_impro06_M006.wav,sad,Ses01,M,15.58
Ses05F_script01_3_F025,/mnt/ddn/kyudan/IEMOCAP/data/Ses05F_script01_3_F025.wav,sad,Ses05,F,17.276
Ses05F_impro02_M033,/mnt/ddn/kyudan/IEMOCAP/data/Ses05F_impro02_M033.wav,sad,Ses05,M,9.33
Ses04M_impro02_F003,/mnt/ddn/kyudan/IEMOCAP/data/Ses04M_impro02_F003.wav,sad,Ses04,F,5.01
Ses05M_script02_2_F030,/mnt/ddn/kyudan/IEMOCAP/data/Ses05M_script02_2_F030.wav,sad,Ses05,F,1.58
Ses02M_script01_3_M032,/mnt/ddn/kyudan/IEMOCAP/data/Ses02M_script01_3_M032.wav,sad,Ses02,M,20.512
Ses01F_impro06_M017,/mnt/ddn/kyudan/IEMOCAP/data/Ses01F_impro06_M017.wav,sad,Ses01,M,1.77
Ses01F_script01_3_M036,/mnt/ddn/kyudan/IEMOCAP/data/Ses01F_script01_3_M036.wav,sad,Ses01,M,10.68
Ses03M_script01_3_M028,/mnt/ddn/kyudan/IEMOCAP/data/Ses03M_script01_3_M028.wav,sad,Ses03,M,2.66
Ses01F_impro02_M010,/mnt/ddn/kyudan/IEMOCAP/data/Ses01F_impro02_M010.wav,sad,Ses01,M,4.219
Ses03M_script01_2_F011,/mnt/ddn/kyudan/IEMOCAP/data/Ses03M_script01_2_F011.wav,sad,Ses03,F,6.551
Ses04F_script01_3_M032,/mnt/ddn/kyudan/IEMOCAP/data/Ses04F_script01_3_M032.wav,sad,Ses04,M,8.521
Ses01M_impro02_M015,/mnt/ddn/kyudan/IEMOCAP/data/Ses01M_impro02_M015.wav,sad,Ses01,M,2.282
Ses01F_script01_3_M021,/mnt/ddn/kyudan/IEMOCAP/data/Ses01F_script01_3_M021.wav,sad,Ses01,M,3.56
Ses02F_impro02_F004,/mnt/ddn/kyudan/IEMOCAP/data/Ses02F_impro02_F004.wav,sad,Ses02,F,12.175
Ses05F_impro02_M031,/mnt/ddn/kyudan/IEMOCAP/data/Ses05F_impro02_M031.wav,sad,Ses05,M,2.091
Ses02M_impro06_M016,/mnt/ddn/kyudan/IEMOCAP/data/Ses02M_impro06_M016.wav,sad,Ses02,M,12.089
Ses03F_script02_2_F038,/mnt/ddn/kyudan/IEMOCAP/data/Ses03F_script02_2_F038.wav,sad,Ses03,F,3.854
Ses05M_script02_1_F011,/mnt/ddn/kyudan/IEMOCAP/data/Ses05M_script02_1_F011.wav,sad,Ses05,F,1.88
Ses01F_script02_2_F046,/mnt/ddn/kyudan/IEMOCAP/data/Ses01F_script02_2_F046.wav,sad,Ses01,F,2.524
Ses03F_impro06_M008,/mnt/ddn/kyudan/IEMOCAP/data/Ses03F_impro06_M008.wav,sad,Ses03,M,2.448
Ses05M_script02_2_M027,/mnt/ddn/kyudan/IEMOCAP/data/Ses05M_script02_2_M027.wav,sad,Ses05,M,1.33
Ses05M_impro06_M014,/mnt/ddn/kyudan/IEMOCAP/data/Ses05M_impro06_M014.wav,sad,Ses05,M,7.545
Ses03M_script02_2_F036,/mnt/ddn/kyudan/IEMOCAP/data/Ses03M_script02_2_F036.wav,sad,Ses03,F,4.443
Ses05M_impro02_M025,/mnt/ddn/kyudan/IEMOCAP/data/Ses05M_impro02_M025.wav,sad,Ses05,M,9.38
Ses02M_impro06_F018,/mnt/ddn/kyudan/IEMOCAP/data/Ses02M_impro06_F018.wav,sad,Ses02,F,2.015
Ses05F_impro02_F027,/mnt/ddn/kyudan/IEMOCAP/data/Ses05F_impro02_F027.wav,sad,Ses05,F,1.76
Ses04M_script03_1_M016,/mnt/ddn/kyudan/IEMOCAP/data/Ses04M_script03_1_M016.wav,sad,Ses04,M,3.512
Ses04M_impro02_F030,/mnt/ddn/kyudan/IEMOCAP/data/Ses04M_impro02_F030.wav,sad,Ses04,F,4.022
Ses03M_impro02_M004,/mnt/ddn/kyudan/IEMOCAP/data/Ses03M_impro02_M004.wav,sad,Ses03,M,4.556
Ses05M_impro06_F003,/mnt/ddn/kyudan/IEMOCAP/data/Ses05M_impro06_F003.wav,sad,Ses05,F,1.71
Ses03M_script03_1_F019,/mnt/ddn/kyudan/IEMOCAP/data/Ses03M_script03_1_F019.wav,sad,Ses03,F,3.34
Ses01M_script01_3_M032,/mnt/ddn/kyudan/IEMOCAP/data/Ses01M_script01_3_M032.wav,sad,Ses01,M,23.859
Ses01F_script01_3_F026,/mnt/ddn/kyudan/IEMOCAP/data/Ses01F_script01_3_F026.wav,sad,Ses01,F,3.03
Ses02M_script02_2_F023,/mnt/ddn/kyudan/IEMOCAP/data/Ses02M_script02_2_F023.wav,sad,Ses02,F,1.01
Ses02F_impro04_F016,/mnt/ddn/kyudan/IEMOCAP/data/Ses02F_impro04_F016.wav,sad,Ses02,F,7.87
Ses01F_script01_3_F030,/mnt/ddn/kyudan/IEMOCAP/data/Ses01F_script01_3_F030.wav,sad,Ses01,F,2.6
Ses01M_impro02_M017,/mnt/ddn/kyudan/IEMOCAP/data/Ses01M_impro02_M017.wav,sad,Ses01,M,6.68
Ses01M_script01_3_F006,/mnt/ddn/kyudan/IEMOCAP/data/Ses01M_script01_3_F006.wav,sad,Ses01,F,5.45
Ses03M_impro06_M000,/mnt/ddn/kyudan/IEMOCAP/data/Ses03M_impro06_M000.wav,sad,Ses03,M,3.067
Ses03M_script01_3_M036,/mnt/ddn/kyudan/IEMOCAP/data/Ses03M_script01_3_M036.wav,sad,Ses03,M,12.673
Ses02F_script01_1_F044,/mnt/ddn/kyudan/IEMOCAP/data/Ses02F_script01_1_F044.wav,sad,Ses02,F,2.68
Ses04M_script01_3_M032,/mnt/ddn/kyudan/IEMOCAP/data/Ses04M_script01_3_M032.wav,sad,Ses04,M,16.71
Ses04F_script01_3_M023,/mnt/ddn/kyudan/IEMOCAP/data/Ses04F_script01_3_M023.wav,sad,Ses04,M,3.389
Ses05M_impro06_F004,/mnt/ddn/kyudan/IEMOCAP/data/Ses05M_impro06_F004.wav,sad,Ses05,F,1.69
Ses03M_impro06_M013,/mnt/ddn/kyudan/IEMOCAP/data/Ses03M_impro06_M013.wav,sad,Ses03,M,3.432
Ses03F_impro02_F026,/mnt/ddn/kyudan/IEMOCAP/data/Ses03F_impro02_F026.wav,sad,Ses03,F,2.29
Ses02M_impro06_M018,/mnt/ddn/kyudan/IEMOCAP/data/Ses02M_impro06_M018.wav,sad,Ses02,M,2.611
Ses03F_script01_2_F012,/mnt/ddn/kyudan/IEMOCAP/data/Ses03F_script01_2_F012.wav,sad,Ses03,F,4.61
Ses03F_impro02_F012,/mnt/ddn/kyudan/IEMOCAP/data/Ses03F_impro02_F012.wav,sad,Ses03,F,1.0
Ses05M_script02_2_M032,/mnt/ddn/kyudan/IEMOCAP/data/Ses05M_script02_2_M032.wav,sad,Ses05,M,4.26
Ses04M_impro06_F000,/mnt/ddn/kyudan/IEMOCAP/data/Ses04M_impro06_F000.wav,sad,Ses04,F,3.176
Ses03F_impro06_F025,/mnt/ddn/kyudan/IEMOCAP/data/Ses03F_impro06_F025.wav,sad,Ses03,F,9.39
Ses03M_script02_2_F021,/mnt/ddn/kyudan/IEMOCAP/data/Ses03M_script02_2_F021.wav,sad,Ses03,F,10.457
Ses03M_script01_3_F004,/mnt/ddn/kyudan/IEMOCAP/data/Ses03M_script01_3_F004.wav,sad,Ses03,F,6.172
Ses04F_script02_2_F041,/mnt/ddn/kyudan/IEMOCAP/data/Ses04F_script02_2_F041.wav,sad,Ses04,F,3.681
Ses03M_impro02_M016,/mnt/ddn/kyudan/IEMOCAP/data/Ses03M_impro02_M016.wav,sad,Ses03,M,3.164
Ses05F_script01_1_M006,/mnt/ddn/kyudan/IEMOCAP/data/Ses05F_script01_1_M006.wav,sad,Ses05,M,2.06
Ses04F_impro02_M004,/mnt/ddn/kyudan/IEMOCAP/data/Ses04F_impro02_M004.wav,sad,Ses04,M,8.653
Ses05M_script01_1b_M001,/mnt/ddn/kyudan/IEMOCAP/data/Ses05M_script01_1b_M001.wav,sad,Ses05,M,2.36
Ses05F_script01_3_F022,/mnt/ddn/kyudan/IEMOCAP/data/Ses05F_script01_3_F022.wav,sad,Ses05,F,1.793
Ses02F_impro02_M007,/mnt/ddn/kyudan/IEMOCAP/data/Ses02F_impro02_M007.wav,sad,Ses02,M,13.498
Ses03M_impro06_M005,/mnt/ddn/kyudan/IEMOCAP/data/Ses03M_impro06_M005.wav,sad,Ses03,M,4.405
Ses05F_impro06_F012,/mnt/ddn/kyudan/IEMOCAP/data/Ses05F_impro06_F012.wav,sad,Ses05,F,4.13
Ses02M_script02_2_F044,/mnt/ddn/kyudan/IEMOCAP/data/Ses02M_script02_2_F044.wav,sad,Ses02,F,2.19
Ses05M_script01_3_M039,/mnt/ddn/kyudan/IEMOCAP/data/Ses05M_script01_3_M039.wav,sad,Ses05,M,2.28
Ses02M_script03_1_F015,/mnt/ddn/kyudan/IEMOCAP/data/Ses02M_script03_1_F015.wav,sad,Ses02,F,2.508
Ses02F_script02_1_F006,/mnt/ddn/kyudan/IEMOCAP/data/Ses02F_script02_1_F006.wav,sad,Ses02,F,1.48
Ses03M_impro02_M012,/mnt/ddn/kyudan/IEMOCAP/data/Ses03M_impro02_M012.wav,sad,Ses03,M,3.263
Ses03F_impro06_M015,/mnt/ddn/kyudan/IEMOCAP/data/Ses03F_impro06_M015.wav,sad,Ses03,M,2.358
Ses05F_script01_1_F006,/mnt/ddn/kyudan/IEMOCAP/data/Ses05F_script01_1_F006.wav,sad,Ses05,F,2.36
Ses02M_script01_1_M004,/mnt/ddn/kyudan/IEMOCAP/data/Ses02M_script01_1_M004.wav,sad,Ses02,M,4.02
Ses03M_impro06_M032,/mnt/ddn/kyudan/IEMOCAP/data/Ses03M_impro06_M032.wav,sad,Ses03,M,2.239
Ses02F_impro02_F011,/mnt/ddn/kyudan/IEMOCAP/data/Ses02F_impro02_F011.wav,sad,Ses02,F,8.229
Ses01F_impro02_F012,/mnt/ddn/kyudan/IEMOCAP/data/Ses01F_impro02_F012.wav,sad,Ses01,F,3.03
Ses01M_impro06_M025,/mnt/ddn/kyudan/IEMOCAP/data/Ses01M_impro06_M025.wav,sad,Ses01,M,1.34
Ses02F_script01_3_F021,/mnt/ddn/kyudan/IEMOCAP/data/Ses02F_script01_3_F021.wav,sad,Ses02,F,2.194
Ses05F_impro06_F001,/mnt/ddn/kyudan/IEMOCAP/data/Ses05F_impro06_F001.wav,sad,Ses05,F,6.308
Ses03F_script01_3_F028,/mnt/ddn/kyudan/IEMOCAP/data/Ses03F_script01_3_F028.wav,sad,Ses03,F,4.171
Ses03F_script01_2_F011,/mnt/ddn/kyudan/IEMOCAP/data/Ses03F_script01_2_F011.wav,sad,Ses03,F,7.005
Ses05F_impro02_F002,/mnt/ddn/kyudan/IEMOCAP/data/Ses05F_impro02_F002.wav,sad,Ses05,F,5.66
Ses02M_impro02_M018,/mnt/ddn/kyudan/IEMOCAP/data/Ses02M_impro02_M018.wav,sad,Ses02,M,12.589
Ses03M_script01_3_M041,/mnt/ddn/kyudan/IEMOCAP/data/Ses03M_script01_3_M041.wav,sad,Ses03,M,4.781
Ses03M_impro06_F015,/mnt/ddn/kyudan/IEMOCAP/data/Ses03M_impro06_F015.wav,sad,Ses03,F,2.166
Ses03M_script01_3_M029,/mnt/ddn/kyudan/IEMOCAP/data/Ses03M_script01_3_M029.wav,sad,Ses03,M,2.508
Ses05F_impro04_F022,/mnt/ddn/kyudan/IEMOCAP/data/Ses05F_impro04_F022.wav,sad,Ses05,F,2.19
Ses02F_script02_2_F031,/mnt/ddn/kyudan/IEMOCAP/data/Ses02F_script02_2_F031.wav,sad,Ses02,F,5.024
Ses03F_script01_3_F025,/mnt/ddn/kyudan/IEMOCAP/data/Ses03F_script01_3_F025.wav,sad,Ses03,F,3.743
Ses03F_script01_3_F031,/mnt/ddn/kyudan/IEMOCAP/data/Ses03F_script01_3_F031.wav,sad,Ses03,F,3.328
Ses04F_script01_3_M031,/mnt/ddn/kyudan/IEMOCAP/data/Ses04F_script01_3_M031.wav,sad,Ses04,M,10.168
Ses03M_script01_1_F041,/mnt/ddn/kyudan/IEMOCAP/data/Ses03M_script01_1_F041.wav,sad,Ses03,F,2.9
Ses05F_script01_1_F010,/mnt/ddn/kyudan/IEMOCAP/data/Ses05F_script01_1_F010.wav,sad,Ses05,F,2.42
Ses01M_impro06_M013,/mnt/ddn/kyudan/IEMOCAP/data/Ses01M_impro06_M013.wav,sad,Ses01,M,5.132
Ses01M_script02_2_F040,/mnt/ddn/kyudan/IEMOCAP/data/Ses01M_script02_2_F040.wav,sad,Ses01,F,10.619
Ses05M_script02_2_F025,/mnt/ddn/kyudan/IEMOCAP/data/Ses05M_script02_2_F025.wav,sad,Ses05,F,5.208
Ses03F_impro02_M016,/mnt/ddn/kyudan/IEMOCAP/data/Ses03F_impro02_M016.wav,sad,Ses03,M,3.132
Ses05M_script01_3_F019,/mnt/ddn/kyudan/IEMOCAP/data/Ses05M_script01_3_F019.wav,sad,Ses05,F,4.18
Ses03M_impro02_M001,/mnt/ddn/kyudan/IEMOCAP/data/Ses03M_impro02_M001.wav,sad,Ses03,M,2.109
Ses02F_script02_2_F023,/mnt/ddn/kyudan/IEMOCAP/data/Ses02F_script02_2_F023.wav,sad,Ses02,F,1.15
Ses01M_script01_1_M004,/mnt/ddn/kyudan/IEMOCAP/data/Ses01M_script01_1_M004.wav,sad,Ses01,M,4.97
Ses01M_impro06_M018,/mnt/ddn/kyudan/IEMOCAP/data/Ses01M_impro06_M018.wav,sad,Ses01,M,3.88
Ses02M_script02_2_M035,/mnt/ddn/kyudan/IEMOCAP/data/Ses02M_script02_2_M035.wav,sad,Ses02,M,2.14
Ses02F_script02_2_F020,/mnt/ddn/kyudan/IEMOCAP/data/Ses02F_script02_2_F020.wav,sad,Ses02,F,5.28
Ses03M_script01_1_M007,/mnt/ddn/kyudan/IEMOCAP/data/Ses03M_script01_1_M007.wav,sad,Ses03,M,6.328
Ses03M_impro06_M010,/mnt/ddn/kyudan/IEMOCAP/data/Ses03M_impro06_M010.wav,sad,Ses03,M,5.987
Ses05F_script02_1_F009,/mnt/ddn/kyudan/IEMOCAP/data/Ses05F_script02_1_F009.wav,sad,Ses05,F,1.94
Ses05M_script01_3_F020,/mnt/ddn/kyudan/IEMOCAP/data/Ses05M_script01_3_F020.wav,sad,Ses05,F,2.21
Ses02F_script01_3_M028,/mnt/ddn/kyudan/IEMOCAP/data/Ses02F_script01_3_M028.wav,sad,Ses02,M,8.99
Ses01F_script01_3_M028,/mnt/ddn/kyudan/IEMOCAP/data/Ses01F_script01_3_M028.wav,sad,Ses01,M,11.062
Ses03M_script02_2_M037,/mnt/ddn/kyudan/IEMOCAP/data/Ses03M_script02_2_M037.wav,sad,Ses03,M,4.83
Ses03M_script01_3_M039,/mnt/ddn/kyudan/IEMOCAP/data/Ses03M_script01_3_M039.wav,sad,Ses03,M,6.346
Ses02F_script02_2_M038,/mnt/ddn/kyudan/IEMOCAP/data/Ses02F_script02_2_M038.wav,sad,Ses02,M,5.33
Ses03M_script02_2_F041,/mnt/ddn/kyudan/IEMOCAP/data/Ses03M_script02_2_F041.wav,sad,Ses03,F,8.475
Ses01M_script02_2_M036,/mnt/ddn/kyudan/IEMOCAP/data/Ses01M_script02_2_M036.wav,sad,Ses01,M,9.902
Ses03F_script01_3_M039,/mnt/ddn/kyudan/IEMOCAP/data/Ses03F_script01_3_M039.wav,sad,Ses03,M,14.224
Ses01M_script01_3_M020,/mnt/ddn/kyudan/IEMOCAP/data/Ses01M_script01_3_M020.wav,sad,Ses01,M,3.95
Ses03M_script01_2_F010,/mnt/ddn/kyudan/IEMOCAP/data/Ses03M_script01_2_F010.wav,sad,Ses03,F,5.168
Ses03F_script01_3_M033,/mnt/ddn/kyudan/IEMOCAP/data/Ses03F_script01_3_M033.wav,sad,Ses03,M,10.702
Ses01M_script01_1_M038,/mnt/ddn/kyudan/IEMOCAP/data/Ses01M_script01_1_M038.wav,sad,Ses01,M,2.68
Ses03F_impro02_F033,/mnt/ddn/kyudan/IEMOCAP/data/Ses03F_impro02_F033.wav,sad,Ses03,F,4.668
Ses01M_script02_2_M037,/mnt/ddn/kyudan/IEMOCAP/data/Ses01M_script02_2_M037.wav,sad,Ses01,M,14.855
Ses05F_impro06_F018,/mnt/ddn/kyudan/IEMOCAP/data/Ses05F_impro06_F018.wav,sad,Ses05,F,1.51
Ses01M_script01_1_F031,/mnt/ddn/kyudan/IEMOCAP/data/Ses01M_script01_1_F031.wav,sad,Ses01,F,9.17
Ses05F_impro02_F038,/mnt/ddn/kyudan/IEMOCAP/data/Ses05F_impro02_F038.wav,sad,Ses05,F,8.134
Ses05M_impro06_M000,/mnt/ddn/kyudan/IEMOCAP/data/Ses05M_impro06_M000.wav,sad,Ses05,M,3.96
Ses02M_impro06_M013,/mnt/ddn/kyudan/IEMOCAP/data/Ses02M_impro06_M013.wav,sad,Ses02,M,5.944
Ses02F_script01_3_M033,/mnt/ddn/kyudan/IEMOCAP/data/Ses02F_script01_3_M033.wav,sad,Ses02,M,11.74
Ses01M_script01_3_M035,/mnt/ddn/kyudan/IEMOCAP/data/Ses01M_script01_3_M035.wav,sad,Ses01,M,8.006
Ses05F_impro06_F026,/mnt/ddn/kyudan/IEMOCAP/data/Ses05F_impro06_F026.wav,sad,Ses05,F,3.96
Ses05F_impro06_F022,/mnt/ddn/kyudan/IEMOCAP/data/Ses05F_impro06_F022.wav,sad,Ses05,F,6.71
Ses02M_impro06_F016,/mnt/ddn/kyudan/IEMOCAP/data/Ses02M_impro06_F016.wav,sad,Ses02,F,1.783
Ses04M_impro06_F011,/mnt/ddn/kyudan/IEMOCAP/data/Ses04M_impro06_F011.wav,sad,Ses04,F,5.19
Ses04M_impro06_M017,/mnt/ddn/kyudan/IEMOCAP/data/Ses04M_impro06_M017.wav,sad,Ses04,M,2.82
Ses02F_impro06_F009,/mnt/ddn/kyudan/IEMOCAP/data/Ses02F_impro06_F009.wav,sad,Ses02,F,2.11
Ses03F_impro02_M014,/mnt/ddn/kyudan/IEMOCAP/data/Ses03F_impro02_M014.wav,sad,Ses03,M,2.145
Ses05M_impro02_M019,/mnt/ddn/kyudan/IEMOCAP/data/Ses05M_impro02_M019.wav,sad,Ses05,M,4.41
Ses05F_script01_1_M002,/mnt/ddn/kyudan/IEMOCAP/data/Ses05F_script01_1_M002.wav,sad,Ses05,M,7.08
Ses02M_script02_2_F038,/mnt/ddn/kyudan/IEMOCAP/data/Ses02M_script02_2_F038.wav,sad,Ses02,F,7.35
Ses05F_impro06_M001,/mnt/ddn/kyudan/IEMOCAP/data/Ses05F_impro06_M001.wav,sad,Ses05,M,5.367
Ses05M_script01_3_F010,/mnt/ddn/kyudan/IEMOCAP/data/Ses05M_script01_3_F010.wav,sad,Ses05,F,2.67
Ses02F_script02_2_F034,/mnt/ddn/kyudan/IEMOCAP/data/Ses02F_script02_2_F034.wav,sad,Ses02,F,15.35
Ses05F_impro02_F028,/mnt/ddn/kyudan/IEMOCAP/data/Ses05F_impro02_F028.wav,sad,Ses05,F,1.85
Ses02M_impro02_F005,/mnt/ddn/kyudan/IEMOCAP/data/Ses02M_impro02_F005.wav,sad,Ses02,F,1.562
Ses04M_script01_3_M034,/mnt/ddn/kyudan/IEMOCAP/data/Ses04M_script01_3_M034.wav,sad,Ses04,M,14.57
Ses05F_script01_1_F000,/mnt/ddn/kyudan/IEMOCAP/data/Ses05F_script01_1_F000.wav,sad,Ses05,F,5.466
Ses02F_script02_2_F017,/mnt/ddn/kyudan/IEMOCAP/data/Ses02F_script02_2_F017.wav,sad,Ses02,F,9.537
Ses03M_impro02_F017,/mnt/ddn/kyudan/IEMOCAP/data/Ses03M_impro02_F017.wav,sad,Ses03,F,3.476
Ses03F_script02_1_F015,/mnt/ddn/kyudan/IEMOCAP/data/Ses03F_script02_1_F015.wav,sad,Ses03,F,4.701
Ses05F_script01_3_M033,/mnt/ddn/kyudan/IEMOCAP/data/Ses05F_script01_3_M033.wav,sad,Ses05,M,14.161
Ses01M_impro02_F021,/mnt/ddn/kyudan/IEMOCAP/data/Ses01M_impro02_F021.wav,sad,Ses01,F,2.205
Ses05M_script01_2_F003,/mnt/ddn/kyudan/IEMOCAP/data/Ses05M_script01_2_F003.wav,sad,Ses05,F,2.41
Ses04M_impro06_M000,/mnt/ddn/kyudan/IEMOCAP/data/Ses04M_impro06_M000.wav,sad,Ses04,M,2.103
Ses01M_script01_3_F025,/mnt/ddn/kyudan/IEMOCAP/data/Ses01M_script01_3_F025.wav,sad,Ses01,F,3.211
Ses01F_impro06_F007,/mnt/ddn/kyudan/IEMOCAP/data/Ses01F_impro06_F007.wav,sad,Ses01,F,8.0
Ses03M_impro06_M001,/mnt/ddn/kyudan/IEMOCAP/data/Ses03M_impro06_M001.wav,sad,Ses03,M,2.75
Ses04M_script02_1_F006,/mnt/ddn/kyudan/IEMOCAP/data/Ses04M_script02_1_F006.wav,sad,Ses04,F,1.58
Ses04F_impro06_F006,/mnt/ddn/kyudan/IEMOCAP/data/Ses04F_impro06_F006.wav,sad,Ses04,F,2.95
Ses05M_impro06_M007,/mnt/ddn/kyudan/IEMOCAP/data/Ses05M_impro06_M007.wav,sad,Ses05,M,5.93
Ses04F_script01_3_M029,/mnt/ddn/kyudan/IEMOCAP/data/Ses04F_script01_3_M029.wav,sad,Ses04,M,2.35
Ses01M_impro02_F013,/mnt/ddn/kyudan/IEMOCAP/data/Ses01M_impro02_F013.wav,sad,Ses01,F,4.06
Ses03M_impro06_F005,/mnt/ddn/kyudan/IEMOCAP/data/Ses03M_impro06_F005.wav,sad,Ses03,F,3.845
Ses04M_impro06_F018,/mnt/ddn/kyudan/IEMOCAP/data/Ses04M_impro06_F018.wav,sad,Ses04,F,6.604
Ses05F_impro06_M004,/mnt/ddn/kyudan/IEMOCAP/data/Ses05F_impro06_M004.wav,sad,Ses05,M,3.63
Ses05F_script02_2_F001,/mnt/ddn/kyudan/IEMOCAP/data/Ses05F_script02_2_F001.wav,sad,Ses05,F,2.153
Ses04F_script02_2_M037,/mnt/ddn/kyudan/IEMOCAP/data/Ses04F_script02_2_M037.wav,sad,Ses04,M,1.38
Ses03M_impro02_F032,/mnt/ddn/kyudan/IEMOCAP/data/Ses03M_impro02_F032.wav,sad,Ses03,F,3.761
Ses02M_impro02_F001,/mnt/ddn/kyudan/IEMOCAP/data/Ses02M_impro02_F001.wav,sad,Ses02,F,7.807
Ses02F_script01_1_F005,/mnt/ddn/kyudan/IEMOCAP/data/Ses02F_script01_1_F005.wav,sad,Ses02,F,2.76
Ses01F_script01_3_M022,/mnt/ddn/kyudan/IEMOCAP/data/Ses01F_script01_3_M022.wav,sad,Ses01,M,2.82
Ses02F_script02_1_F008,/mnt/ddn/kyudan/IEMOCAP/data/Ses02F_script02_1_F008.wav,sad,Ses02,F,2.43
Ses05M_impro02_M032,/mnt/ddn/kyudan/IEMOCAP/data/Ses05M_impro02_M032.wav,sad,Ses05,M,4.13
Ses05M_script01_2_F001,/mnt/ddn/kyudan/IEMOCAP/data/Ses05M_script01_2_F001.wav,sad,Ses05,F,3.75
Ses02M_impro02_F006,/mnt/ddn/kyudan/IEMOCAP/data/Ses02M_impro02_F006.wav,sad,Ses02,F,1.454
Ses03M_impro02_M028,/mnt/ddn/kyudan/IEMOCAP/data/Ses03M_impro02_M028.wav,sad,Ses03,M,3.999
Ses05M_script02_2_F026,/mnt/ddn/kyudan/IEMOCAP/data/Ses05M_script02_2_F026.wav,sad,Ses05,F,4.467
Ses02M_impro02_F009,/mnt/ddn/kyudan/IEMOCAP/data/Ses02M_impro02_F009.wav,sad,Ses02,F,4.815
Ses02M_impro02_M013,/mnt/ddn/kyudan/IEMOCAP/data/Ses02M_impro02_M013.wav,sad,Ses02,M,8.616
Ses05M_script01_1_F005,/mnt/ddn/kyudan/IEMOCAP/data/Ses05M_script01_1_F005.wav,sad,Ses05,F,1.67
Ses03M_script01_1_F045,/mnt/ddn/kyudan/IEMOCAP/data/Ses03M_script01_1_F045.wav,sad,Ses03,F,3.287
Ses03F_script02_2_F037,/mnt/ddn/kyudan/IEMOCAP/data/Ses03F_script02_2_F037.wav,sad,Ses03,F,5.381
Ses05F_impro06_F015,/mnt/ddn/kyudan/IEMOCAP/data/Ses05F_impro06_F015.wav,sad,Ses05,F,1.66
Ses01F_script02_2_M038,/mnt/ddn/kyudan/IEMOCAP/data/Ses01F_script02_2_M038.wav,sad,Ses01,M,3.624
Ses01M_impro06_M007,/mnt/ddn/kyudan/IEMOCAP/data/Ses01M_impro06_M007.wav,sad,Ses01,M,4.0
Ses03M_script01_3_F008,/mnt/ddn/kyudan/IEMOCAP/data/Ses03M_script01_3_F008.wav,sad,Ses03,F,6.198
Ses02M_impro06_M001,/mnt/ddn/kyudan/IEMOCAP/data/Ses02M_impro06_M001.wav,sad,Ses02,M,4.45
Ses05F_impro02_M030,/mnt/ddn/kyudan/IEMOCAP/data/Ses05F_impro02_M030.wav,sad,Ses05,M,6.94
Ses03F_impro06_F009,/mnt/ddn/kyudan/IEMOCAP/data/Ses03F_impro06_F009.wav,sad,Ses03,F,3.249
Ses02F_impro06_F010,/mnt/ddn/kyudan/IEMOCAP/data/Ses02F_impro06_F010.wav,sad,Ses02,F,3.329
Ses05F_impro04_F019,/mnt/ddn/kyudan/IEMOCAP/data/Ses05F_impro04_F019.wav,sad,Ses05,F,2.12
Ses03F_script02_2_F024,/mnt/ddn/kyudan/IEMOCAP/data/Ses03F_script02_2_F024.wav,sad,Ses03,F,3.151
Ses05F_impro02_F021,/mnt/ddn/kyudan/IEMOCAP/data/Ses05F_impro02_F021.wav,sad,Ses05,F,3.14
Ses03F_script03_1_F015,/mnt/ddn/kyudan/IEMOCAP/data/Ses03F_script03_1_F015.wav,sad,Ses03,F,5.1
Ses01M_impro06_M016,/mnt/ddn/kyudan/IEMOCAP/data/Ses01M_impro06_M016.wav,sad,Ses01,M,2.262
Ses02F_script01_3_M031,/mnt/ddn/kyudan/IEMOCAP/data/Ses02F_script01_3_M031.wav,sad,Ses02,M,15.31
Ses05F_impro06_F008,/mnt/ddn/kyudan/IEMOCAP/data/Ses05F_impro06_F008.wav,sad,Ses05,F,2.36
Ses01M_impro06_M019,/mnt/ddn/kyudan/IEMOCAP/data/Ses01M_impro06_M019.wav,sad,Ses01,M,2.85
Ses03F_script02_2_F026,/mnt/ddn/kyudan/IEMOCAP/data/Ses03F_script02_2_F026.wav,sad,Ses03,F,2.795
Ses03F_impro06_M014,/mnt/ddn/kyudan/IEMOCAP/data/Ses03F_impro06_M014.wav,sad,Ses03,M,3.026
Ses02M_script02_2_F020,/mnt/ddn/kyudan/IEMOCAP/data/Ses02M_script02_2_F020.wav,sad,Ses02,F,5.41
Ses01M_impro06_M017,/mnt/ddn/kyudan/IEMOCAP/data/Ses01M_impro06_M017.wav,sad,Ses01,M,23.74
Ses03M_impro02_M005,/mnt/ddn/kyudan/IEMOCAP/data/Ses03M_impro02_M005.wav,sad,Ses03,M,2.069
Ses04M_impro06_M020,/mnt/ddn/kyudan/IEMOCAP/data/Ses04M_impro06_M020.wav,sad,Ses04,M,2.52
Ses01M_script02_2_M042,/mnt/ddn/kyudan/IEMOCAP/data/Ses01M_script02_2_M042.wav,sad,Ses01,M,3.369
Ses02M_script01_1_M036,/mnt/ddn/kyudan/IEMOCAP/data/Ses02M_script01_1_M036.wav,sad,Ses02,M,5.01
Ses02F_script01_3_F020,/mnt/ddn/kyudan/IEMOCAP/data/Ses02F_script01_3_F020.wav,sad,Ses02,F,9.094
Ses03F_script02_2_F025,/mnt/ddn/kyudan/IEMOCAP/data/Ses03F_script02_2_F025.wav,sad,Ses03,F,2.687
Ses05M_impro02_M028,/mnt/ddn/kyudan/IEMOCAP/data/Ses05M_impro02_M028.wav,sad,Ses05,M,10.81
Ses04M_impro06_F004,/mnt/ddn/kyudan/IEMOCAP/data/Ses04M_impro06_F004.wav,sad,Ses04,F,5.376
Ses03M_impro02_M000,/mnt/ddn/kyudan/IEMOCAP/data/Ses03M_impro02_M000.wav,sad,Ses03,M,3.422
Ses03M_script01_3_M034,/mnt/ddn/kyudan/IEMOCAP/data/Ses03M_script01_3_M034.wav,sad,Ses03,M,7.78
Ses03M_impro02_F031,/mnt/ddn/kyudan/IEMOCAP/data/Ses03M_impro02_F031.wav,sad,Ses03,F,3.084
Ses05M_impro06_M011,/mnt/ddn/kyudan/IEMOCAP/data/Ses05M_impro06_M011.wav,sad,Ses05,M,12.43
Ses03M_script01_1_M045,/mnt/ddn/kyudan/IEMOCAP/data/Ses03M_script01_1_M045.wav,sad,Ses03,M,3.589
Ses05M_script02_2_F024,/mnt/ddn/kyudan/IEMOCAP/data/Ses05M_script02_2_F024.wav,sad,Ses05,F,3.95
Ses03F_impro06_M013,/mnt/ddn/kyudan/IEMOCAP/data/Ses03F_impro06_M013.wav,sad,Ses03,M,2.781
Ses05M_impro02_M012,/mnt/ddn/kyudan/IEMOCAP/data/Ses05M_impro02_M012.wav,sad,Ses05,M,8.67
Ses03M_impro06_F010,/mnt/ddn/kyudan/IEMOCAP/data/Ses03M_impro06_F010.wav,sad,Ses03,F,8.396
Ses03F_script01_3_F029,/mnt/ddn/kyudan/IEMOCAP/data/Ses03F_script01_3_F029.wav,sad,Ses03,F,1.938
Ses03M_impro02_M031,/mnt/ddn/kyudan/IEMOCAP/data/Ses03M_impro02_M031.wav,sad,Ses03,M,3.283
Ses03F_script01_2_F007,/mnt/ddn/kyudan/IEMOCAP/data/Ses03F_script01_2_F007.wav,sad,Ses03,F,5.793
Ses03M_impro06_M019,/mnt/ddn/kyudan/IEMOCAP/data/Ses03M_impro06_M019.wav,sad,Ses03,M,8.348
Ses04M_script01_1_M034,/mnt/ddn/kyudan/IEMOCAP/data/Ses04M_script01_1_M034.wav,sad,Ses04,M,12.046
Ses03M_impro06_F011,/mnt/ddn/kyudan/IEMOCAP/data/Ses03M_impro06_F011.wav,sad,Ses03,F,3.894
Ses01F_impro06_F017,/mnt/ddn/kyudan/IEMOCAP/data/Ses01F_impro06_F017.wav,sad,Ses01,F,5.27
Ses01F_impro06_F006,/mnt/ddn/kyudan/IEMOCAP/data/Ses01F_impro06_F006.wav,sad,Ses01,F,12.04
Ses02F_impro02_F013,/mnt/ddn/kyudan/IEMOCAP/data/Ses02F_impro02_F013.wav,sad,Ses02,F,13.114
Ses03F_impro06_F016,/mnt/ddn/kyudan/IEMOCAP/data/Ses03F_impro06_F016.wav,sad,Ses03,F,4.65
Ses01M_impro06_M014,/mnt/ddn/kyudan/IEMOCAP/data/Ses01M_impro06_M014.wav,sad,Ses01,M,3.32
Ses02F_script02_2_F032,/mnt/ddn/kyudan/IEMOCAP/data/Ses02F_script02_2_F032.wav,sad,Ses02,F,14.5
Ses05F_script01_1_F008,/mnt/ddn/kyudan/IEMOCAP/data/Ses05F_script01_1_F008.wav,sad,Ses05,F,2.25
Ses05M_script02_2_F032,/mnt/ddn/kyudan/IEMOCAP/data/Ses05M_script02_2_F032.wav,sad,Ses05,F,11.46
Ses05M_script02_2_M029,/mnt/ddn/kyudan/IEMOCAP/data/Ses05M_script02_2_M029.wav,sad,Ses05,M,3.65
Ses05M_script02_2_F031,/mnt/ddn/kyudan/IEMOCAP/data/Ses05M_script02_2_F031.wav,sad,Ses05,F,6.39
Ses01F_impro02_F004,/mnt/ddn/kyudan/IEMOCAP/data/Ses01F_impro02_F004.wav,sad,Ses01,F,5.77
Ses01M_impro02_M019,/mnt/ddn/kyudan/IEMOCAP/data/Ses01M_impro02_M019.wav,sad,Ses01,M,3.52
Ses03M_impro06_F004,/mnt/ddn/kyudan/IEMOCAP/data/Ses03M_impro06_F004.wav,sad,Ses03,F,3.383
Ses05M_impro06_F001,/mnt/ddn/kyudan/IEMOCAP/data/Ses05M_impro06_F001.wav,sad,Ses05,F,1.93
Ses04M_script01_3_M026,/mnt/ddn/kyudan/IEMOCAP/data/Ses04M_script01_3_M026.wav,sad,Ses04,M,2.476
Ses05F_script01_1_M004,/mnt/ddn/kyudan/IEMOCAP/data/Ses05F_script01_1_M004.wav,sad,Ses05,M,4.22
Ses05M_impro02_F020,/mnt/ddn/kyudan/IEMOCAP/data/Ses05M_impro02_F020.wav,sad,Ses05,F,2.86
Ses03M_impro06_M006,/mnt/ddn/kyudan/IEMOCAP/data/Ses03M_impro06_M006.wav,sad,Ses03,M,4.527
Ses02F_script02_2_F036,/mnt/ddn/kyudan/IEMOCAP/data/Ses02F_script02_2_F036.wav,sad,Ses02,F,4.3
Ses05F_impro06_F000,/mnt/ddn/kyudan/IEMOCAP/data/Ses05F_impro06_F000.wav,sad,Ses05,F,5.397
Ses02F_script02_2_M036,/mnt/ddn/kyudan/IEMOCAP/data/Ses02F_script02_2_M036.wav,sad,Ses02,M,2.13
Ses02M_script02_2_F031,/mnt/ddn/kyudan/IEMOCAP/data/Ses02M_script02_2_F031.wav,sad,Ses02,F,5.31
Ses02M_script01_3_M022,/mnt/ddn/kyudan/IEMOCAP/data/Ses02M_script01_3_M022.wav,sad,Ses02,M,5.823
Ses01F_impro02_F007,/mnt/ddn/kyudan/IEMOCAP/data/Ses01F_impro02_F007.wav,sad,Ses01,F,6.18
Ses01M_impro02_M007,/mnt/ddn/kyudan/IEMOCAP/data/Ses01M_impro02_M007.wav,sad,Ses01,M,8.52
Ses03M_impro06_M022,/mnt/ddn/kyudan/IEMOCAP/data/Ses03M_impro06_M022.wav,sad,Ses03,M,3.042
Ses05F_script01_3_M036,/mnt/ddn/kyudan/IEMOCAP/data/Ses05F_script01_3_M036.wav,sad,Ses05,M,12.999
Ses03F_impro06_M009,/mnt/ddn/kyudan/IEMOCAP/data/Ses03F_impro06_M009.wav,sad,Ses03,M,3.341
Ses04M_impro06_F007,/mnt/ddn/kyudan/IEMOCAP/data/Ses04M_impro06_F007.wav,sad,Ses04,F,5.58
Ses02M_impro06_F010,/mnt/ddn/kyudan/IEMOCAP/data/Ses02M_impro06_F010.wav,sad,Ses02,F,1.552
Ses04M_impro06_M008,/mnt/ddn/kyudan/IEMOCAP/data/Ses04M_impro06_M008.wav,sad,Ses04,M,12.11
Ses03F_script02_2_F039,/mnt/ddn/kyudan/IEMOCAP/data/Ses03F_script02_2_F039.wav,sad,Ses03,F,12.241
Ses01M_script02_2_M045,/mnt/ddn/kyudan/IEMOCAP/data/Ses01M_script02_2_M045.wav,sad,Ses01,M,1.88
Ses03M_script01_3_M037,/mnt/ddn/kyudan/IEMOCAP/data/Ses03M_script01_3_M037.wav,sad,Ses03,M,11.887
Ses05F_impro06_F005,/mnt/ddn/kyudan/IEMOCAP/data/Ses05F_impro06_F005.wav,sad,Ses05,F,1.36
Ses05F_script02_2_M032,/mnt/ddn/kyudan/IEMOCAP/data/Ses05F_script02_2_M032.wav,sad,Ses05,M,3.943
Ses03F_impro02_F008,/mnt/ddn/kyudan/IEMOCAP/data/Ses03F_impro02_F008.wav,sad,Ses03,F,13.33
Ses01F_script01_3_M029,/mnt/ddn/kyudan/IEMOCAP/data/Ses01F_script01_3_M029.wav,sad,Ses01,M,20.85
Ses01F_script01_3_M030,/mnt/ddn/kyudan/IEMOCAP/data/Ses01F_script01_3_M030.wav,sad,Ses01,M,15.215
Ses02M_impro06_M003,/mnt/ddn/kyudan/IEMOCAP/data/Ses02M_impro06_M003.wav,sad,Ses02,M,7.97
Ses01M_script02_2_F025,/mnt/ddn/kyudan/IEMOCAP/data/Ses01M_script02_2_F025.wav,sad,Ses01,F,2.171
Ses01F_impro02_F014,/mnt/ddn/kyudan/IEMOCAP/data/Ses01F_impro02_F014.wav,sad,Ses01,F,7.4
Ses03F_script01_3_F009,/mnt/ddn/kyudan/IEMOCAP/data/Ses03F_script01_3_F009.wav,sad,Ses03,F,2.107
Ses04M_impro06_F014,/mnt/ddn/kyudan/IEMOCAP/data/Ses04M_impro06_F014.wav,sad,Ses04,F,5.43
Ses02F_script02_1_F017,/mnt/ddn/kyudan/IEMOCAP/data/Ses02F_script02_1_F017.wav,sad,Ses02,F,1.27
Ses03F_impro04_F022,/mnt/ddn/kyudan/IEMOCAP/data/Ses03F_impro04_F022.wav,sad,Ses03,F,5.412
Ses04F_impro06_M014,/mnt/ddn/kyudan/IEMOCAP/data/Ses04F_impro06_M014.wav,sad,Ses04,M,1.77
Ses05M_impro02_M006,/mnt/ddn/kyudan/IEMOCAP/data/Ses05M_impro02_M006.wav,sad,Ses05,M,1.26
Ses03F_impro06_F005,/mnt/ddn/kyudan/IEMOCAP/data/Ses03F_impro06_F005.wav,sad,Ses03,F,8.722
Ses04M_impro06_M006,/mnt/ddn/kyudan/IEMOCAP/data/Ses04M_impro06_M006.wav,sad,Ses04,M,6.32
Ses05M_script01_1b_M003,/mnt/ddn/kyudan/IEMOCAP/data/Ses05M_script01_1b_M003.wav,sad,Ses05,M,6.5
Ses02M_script01_3_F019,/mnt/ddn/kyudan/IEMOCAP/data/Ses02M_script01_3_F019.wav,sad,Ses02,F,9.555
Ses03M_script01_1_M036,/mnt/ddn/kyudan/IEMOCAP/data/Ses03M_script01_1_M036.wav,sad,Ses03,M,11.004
Ses04F_impro06_F001,/mnt/ddn/kyudan/IEMOCAP/data/Ses04F_impro06_F001.wav,sad,Ses04,F,12.0
Ses05M_impro06_M010,/mnt/ddn/kyudan/IEMOCAP/data/Ses05M_impro06_M010.wav,sad,Ses05,M,13.74
Ses03F_script02_1_F000,/mnt/ddn/kyudan/IEMOCAP/data/Ses03F_script02_1_F000.wav,sad,Ses03,F,1.216
Ses04F_impro02_F009,/mnt/ddn/kyudan/IEMOCAP/data/Ses04F_impro02_F009.wav,sad,Ses04,F,9.528
Ses05F_script01_3_M035,/mnt/ddn/kyudan/IEMOCAP/data/Ses05F_script01_3_M035.wav,sad,Ses05,M,11.719
Ses02F_script01_3_F009,/mnt/ddn/kyudan/IEMOCAP/data/Ses02F_script01_3_F009.wav,sad,Ses02,F,2.58
Ses02M_script02_2_F017,/mnt/ddn/kyudan/IEMOCAP/data/Ses02M_script02_2_F017.wav,sad,Ses02,F,8.743
Ses02M_impro06_F017,/mnt/ddn/kyudan/IEMOCAP/data/Ses02M_impro06_F017.wav,sad,Ses02,F,2.038
Ses02F_impro02_F008,/mnt/ddn/kyudan/IEMOCAP/data/Ses02F_impro02_F008.wav,sad,Ses02,F,11.2
Ses05M_impro02_M007,/mnt/ddn/kyudan/IEMOCAP/data/Ses05M_impro02_M007.wav,sad,Ses05,M,4.87
Ses01F_impro02_F002,/mnt/ddn/kyudan/IEMOCAP/data/Ses01F_impro02_F002.wav,sad,Ses01,F,5.723
Ses01F_impro02_F008,/mnt/ddn/kyudan/IEMOCAP/data/Ses01F_impro02_F008.wav,sad,Ses01,F,3.887
Ses05F_script01_1_M037,/mnt/ddn/kyudan/IEMOCAP/data/Ses05F_script01_1_M037.wav,sad,Ses05,M,2.11
Ses02F_script02_2_F033,/mnt/ddn/kyudan/IEMOCAP/data/Ses02F_script02_2_F033.wav,sad,Ses02,F,3.34
Ses05F_script01_3_M027,/mnt/ddn/kyudan/IEMOCAP/data/Ses05F_script01_3_M027.wav,sad,Ses05,M,7.115
Ses05F_script01_3_M026,/mnt/ddn/kyudan/IEMOCAP/data/Ses05F_script01_3_M026.wav,sad,Ses05,M,2.083
Ses03M_impro04_M026,/mnt/ddn/kyudan/IEMOCAP/data/Ses03M_impro04_M026.wav,sad,Ses03,M,1.52
Ses03M_impro06_F012,/mnt/ddn/kyudan/IEMOCAP/data/Ses03M_impro06_F012.wav,sad,Ses03,F,2.312
Ses04M_script02_2_F018,/mnt/ddn/kyudan/IEMOCAP/data/Ses04M_script02_2_F018.wav,sad,Ses04,F,4.2
Ses01M_script02_2_F035,/mnt/ddn/kyudan/IEMOCAP/data/Ses01M_script02_2_F035.wav,sad,Ses01,F,5.703
Ses02M_script02_2_M037,/mnt/ddn/kyudan/IEMOCAP/data/Ses02M_script02_2_M037.wav,sad,Ses02,M,3.67
Ses01F_impro06_F000,/mnt/ddn/kyudan/IEMOCAP/data/Ses01F_impro06_F000.wav,sad,Ses01,F,3.376
Ses05M_script01_3_M019,/mnt/ddn/kyudan/IEMOCAP/data/Ses05M_script01_3_M019.wav,sad,Ses05,M,4.48
Ses03F_impro06_F033,/mnt/ddn/kyudan/IEMOCAP/data/Ses03F_impro06_F033.wav,sad,Ses03,F,4.005
Ses05F_impro02_F007,/mnt/ddn/kyudan/IEMOCAP/data/Ses05F_impro02_F007.wav,sad,Ses05,F,3.16
Ses04M_impro06_F012,/mnt/ddn/kyudan/IEMOCAP/data/Ses04M_impro06_F012.wav,sad,Ses04,F,15.01
Ses05M_impro06_M008,/mnt/ddn/kyudan/IEMOCAP/data/Ses05M_impro06_M008.wav,sad,Ses05,M,8.44
Ses03F_impro06_M005,/mnt/ddn/kyudan/IEMOCAP/data/Ses03F_impro06_M005.wav,sad,Ses03,M,4.139
Ses04F_script02_2_F036,/mnt/ddn/kyudan/IEMOCAP/data/Ses04F_script02_2_F036.wav,sad,Ses04,F,10.827
Ses03F_script02_1_F010,/mnt/ddn/kyudan/IEMOCAP/data/Ses03F_script02_1_F010.wav,sad,Ses03,F,2.733
Ses02M_impro06_F009,/mnt/ddn/kyudan/IEMOCAP/data/Ses02M_impro06_F009.wav,sad,Ses02,F,3.018
Ses05F_script02_2_F027,/mnt/ddn/kyudan/IEMOCAP/data/Ses05F_script02_2_F027.wav,sad,Ses05,F,4.377
Ses03F_impro02_F042,/mnt/ddn/kyudan/IEMOCAP/data/Ses03F_impro02_F042.wav,sad,Ses03,F,1.657
Ses02F_impro06_F006,/mnt/ddn/kyudan/IEMOCAP/data/Ses02F_impro06_F006.wav,sad,Ses02,F,6.065
Ses02F_script01_3_M030,/mnt/ddn/kyudan/IEMOCAP/data/Ses02F_script01_3_M030.wav,sad,Ses02,M,11.65
Ses01F_impro02_M013,/mnt/ddn/kyudan/IEMOCAP/data/Ses01F_impro02_M013.wav,sad,Ses01,M,4.73
Ses02M_impro02_M000,/mnt/ddn/kyudan/IEMOCAP/data/Ses02M_impro02_M000.wav,sad,Ses02,M,8.063
Ses03F_impro04_F024,/mnt/ddn/kyudan/IEMOCAP/data/Ses03F_impro04_F024.wav,sad,Ses03,F,1.623
Ses01F_impro06_F028,/mnt/ddn/kyudan/IEMOCAP/data/Ses01F_impro06_F028.wav,sad,Ses01,F,29.13
Ses02F_script02_2_M035,/mnt/ddn/kyudan/IEMOCAP/data/Ses02F_script02_2_M035.wav,sad,Ses02,M,1.96
Ses01M_impro02_M014,/mnt/ddn/kyudan/IEMOCAP/data/Ses01M_impro02_M014.wav,sad,Ses01,M,8.34
Ses05M_script02_2_M031,/mnt/ddn/kyudan/IEMOCAP/data/Ses05M_script02_2_M031.wav,sad,Ses05,M,3.63
Ses01F_script01_3_F027,/mnt/ddn/kyudan/IEMOCAP/data/Ses01F_script01_3_F027.wav,sad,Ses01,F,3.14
Ses03F_script01_3_M032,/mnt/ddn/kyudan/IEMOCAP/data/Ses03F_script01_3_M032.wav,sad,Ses03,M,6.563
Ses01M_script02_2_F033,/mnt/ddn/kyudan/IEMOCAP/data/Ses01M_script02_2_F033.wav,sad,Ses01,F,4.64
Ses01M_impro06_F005,/mnt/ddn/kyudan/IEMOCAP/data/Ses01M_impro06_F005.wav,sad,Ses01,F,2.065
Ses04F_script02_2_F026,/mnt/ddn/kyudan/IEMOCAP/data/Ses04F_script02_2_F026.wav,sad,Ses04,F,1.26
Ses03F_script03_1_F014,/mnt/ddn/kyudan/IEMOCAP/data/Ses03F_script03_1_F014.wav,sad,Ses03,F,2.827
Ses03F_script01_3_M030,/mnt/ddn/kyudan/IEMOCAP/data/Ses03F_script01_3_M030.wav,sad,Ses03,M,2.37
Ses01F_script02_1_M003,/mnt/ddn/kyudan/IEMOCAP/data/Ses01F_script02_1_M003.wav,sad,Ses01,M,6.6
Ses02M_script01_3_M029,/mnt/ddn/kyudan/IEMOCAP/data/Ses02M_script01_3_M029.wav,sad,Ses02,M,10.164
Ses05M_script01_2_F009,/mnt/ddn/kyudan/IEMOCAP/data/Ses05M_script01_2_F009.wav,sad,Ses05,F,8.35
Ses04F_script02_2_F037,/mnt/ddn/kyudan/IEMOCAP/data/Ses04F_script02_2_F037.wav,sad,Ses04,F,13.625
Ses03F_script01_3_F007,/mnt/ddn/kyudan/IEMOCAP/data/Ses03F_script01_3_F007.wav,sad,Ses03,F,4.309
Ses03F_impro06_F001,/mnt/ddn/kyudan/IEMOCAP/data/Ses03F_impro06_F001.wav,sad,Ses03,F,3.115
Ses05F_impro02_M024,/mnt/ddn/kyudan/IEMOCAP/data/Ses05F_impro02_M024.wav,sad,Ses05,M,3.47
Ses04F_script02_2_F023,/mnt/ddn/kyudan/IEMOCAP/data/Ses04F_script02_2_F023.wav,sad,Ses04,F,3.83
Ses05M_script01_3_M030,/mnt/ddn/kyudan/IEMOCAP/data/Ses05M_script01_3_M030.wav,sad,Ses05,M,12.7
Ses03M_impro02_F024,/mnt/ddn/kyudan/IEMOCAP/data/Ses03M_impro02_F024.wav,sad,Ses03,F,6.205
Ses03F_impro06_F012,/mnt/ddn/kyudan/IEMOCAP/data/Ses03F_impro06_F012.wav,sad,Ses03,F,3.805
Ses03F_script02_2_F022,/mnt/ddn/kyudan/IEMOCAP/data/Ses03F_script02_2_F022.wav,sad,Ses03,F,5.987
Ses02M_impro02_F003,/mnt/ddn/kyudan/IEMOCAP/data/Ses02M_impro02_F003.wav,sad,Ses02,F,1.334
Ses05F_impro04_F042,/mnt/ddn/kyudan/IEMOCAP/data/Ses05F_impro04_F042.wav,sad,Ses05,F,8.42
Ses05M_impro06_F009,/mnt/ddn/kyudan/IEMOCAP/data/Ses05M_impro06_F009.wav,sad,Ses05,F,4.48
Ses02F_script02_2_F044,/mnt/ddn/kyudan/IEMOCAP/data/Ses02F_script02_2_F044.wav,sad,Ses02,F,2.33
Ses03M_script01_3_F007,/mnt/ddn/kyudan/IEMOCAP/data/Ses03M_script01_3_F007.wav,sad,Ses03,F,7.675
Ses04M_impro06_M011,/mnt/ddn/kyudan/IEMOCAP/data/Ses04M_impro06_M011.wav,sad,Ses04,M,7.04
Ses03F_script01_3_M038,/mnt/ddn/kyudan/IEMOCAP/data/Ses03F_script01_3_M038.wav,sad,Ses03,M,11.144
Ses03M_script01_3_M030,/mnt/ddn/kyudan/IEMOCAP/data/Ses03M_script01_3_M030.wav,sad,Ses03,M,5.586
Ses05F_script01_3_M021,/mnt/ddn/kyudan/IEMOCAP/data/Ses05F_script01_3_M021.wav,sad,Ses05,M,6.71
Ses04M_impro06_M004,/mnt/ddn/kyudan/IEMOCAP/data/Ses04M_impro06_M004.wav,sad,Ses04,M,1.35
Ses05F_script01_1_F005,/mnt/ddn/kyudan/IEMOCAP/data/Ses05F_script01_1_F005.wav,sad,Ses05,F,1.83
Ses01F_script01_3_M023,/mnt/ddn/kyudan/IEMOCAP/data/Ses01F_script01_3_M023.wav,sad,Ses01,M,7.575
Ses02M_script03_1_M009,/mnt/ddn/kyudan/IEMOCAP/data/Ses02M_script03_1_M009.wav,sad,Ses02,M,1.982
Ses03M_script03_2_F009,/mnt/ddn/kyudan/IEMOCAP/data/Ses03M_script03_2_F009.wav,sad,Ses03,F,1.494
Ses01M_impro02_F017,/mnt/ddn/kyudan/IEMOCAP/data/Ses01M_impro02_F017.wav,sad,Ses01,F,4.94
Ses04M_script02_2_F020,/mnt/ddn/kyudan/IEMOCAP/data/Ses04M_script02_2_F020.wav,sad,Ses04,F,2.2
Ses05M_impro02_M004,/mnt/ddn/kyudan/IEMOCAP/data/Ses05M_impro02_M004.wav,sad,Ses05,M,2.19
Ses02M_impro06_F005,/mnt/ddn/kyudan/IEMOCAP/data/Ses02M_impro06_F005.wav,sad,Ses02,F,1.54
Ses05F_impro06_F021,/mnt/ddn/kyudan/IEMOCAP/data/Ses05F_impro06_F021.wav,sad,Ses05,F,4.9
Ses02F_script01_3_F026,/mnt/ddn/kyudan/IEMOCAP/data/Ses02F_script01_3_F026.wav,sad,Ses02,F,2.26
Ses04M_script02_2_F019,/mnt/ddn/kyudan/IEMOCAP/data/Ses04M_script02_2_F019.wav,sad,Ses04,F,5.33
Ses03F_impro02_F041,/mnt/ddn/kyudan/IEMOCAP/data/Ses03F_impro02_F041.wav,sad,Ses03,F,6.95
Ses02M_impro06_F014,/mnt/ddn/kyudan/IEMOCAP/data/Ses02M_impro06_F014.wav,sad,Ses02,F,2.825
Ses04F_script02_2_M041,/mnt/ddn/kyudan/IEMOCAP/data/Ses04F_script02_2_M041.wav,sad,Ses04,M,5.822
Ses03M_impro06_M012,/mnt/ddn/kyudan/IEMOCAP/data/Ses03M_impro06_M012.wav,sad,Ses03,M,3.139
Ses05M_script01_3_F023,/mnt/ddn/kyudan/IEMOCAP/data/Ses05M_script01_3_F023.wav,sad,Ses05,F,1.62
Ses03M_script01_3_F033,/mnt/ddn/kyudan/IEMOCAP/data/Ses03M_script01_3_F033.wav,sad,Ses03,F,12.821
Ses05F_script01_1_F039,/mnt/ddn/kyudan/IEMOCAP/data/Ses05F_script01_1_F039.wav,sad,Ses05,F,2.52
Ses03F_script01_1_M040,/mnt/ddn/kyudan/IEMOCAP/data/Ses03F_script01_1_M040.wav,sad,Ses03,M,8.458
Ses05M_script01_3_F025,/mnt/ddn/kyudan/IEMOCAP/data/Ses05M_script01_3_F025.wav,sad,Ses05,F,10.56
Ses01M_script01_3_M005,/mnt/ddn/kyudan/IEMOCAP/data/Ses01M_script01_3_M005.wav,sad,Ses01,M,13.848
Ses05F_impro06_F017,/mnt/ddn/kyudan/IEMOCAP/data/Ses05F_impro06_F017.wav,sad,Ses05,F,3.45
Ses05F_impro06_F025,/mnt/ddn/kyudan/IEMOCAP/data/Ses05F_impro06_F025.wav,sad,Ses05,F,1.85
Ses01M_impro02_M018,/mnt/ddn/kyudan/IEMOCAP/data/Ses01M_impro02_M018.wav,sad,Ses01,M,3.19
Ses02M_impro06_M006,/mnt/ddn/kyudan/IEMOCAP/data/Ses02M_impro06_M006.wav,sad,Ses02,M,12.943
Ses03F_impro02_F038,/mnt/ddn/kyudan/IEMOCAP/data/Ses03F_impro02_F038.wav,sad,Ses03,F,2.73
Ses02F_impro02_F010,/mnt/ddn/kyudan/IEMOCAP/data/Ses02F_impro02_F010.wav,sad,Ses02,F,7.817
Ses04M_impro06_M018,/mnt/ddn/kyudan/IEMOCAP/data/Ses04M_impro06_M018.wav,sad,Ses04,M,7.37
Ses04F_impro02_F007,/mnt/ddn/kyudan/IEMOCAP/data/Ses04F_impro02_F007.wav,sad,Ses04,F,7.29
Ses03M_impro04_F009,/mnt/ddn/kyudan/IEMOCAP/data/Ses03M_impro04_F009.wav,sad,Ses03,F,3.85
Ses01M_script01_3_M040,/mnt/ddn/kyudan/IEMOCAP/data/Ses01M_script01_3_M040.wav,sad,Ses01,M,10.43
Ses03F_script01_3_M042,/mnt/ddn/kyudan/IEMOCAP/data/Ses03F_script01_3_M042.wav,sad,Ses03,M,2.928
Ses04M_impro06_F006,/mnt/ddn/kyudan/IEMOCAP/data/Ses04M_impro06_F006.wav,sad,Ses04,F,4.59
Ses02F_impro06_F011,/mnt/ddn/kyudan/IEMOCAP/data/Ses02F_impro06_F011.wav,sad,Ses02,F,2.16
Ses03F_script01_2_F009,/mnt/ddn/kyudan/IEMOCAP/data/Ses03F_script01_2_F009.wav,sad,Ses03,F,2.291
Ses03M_script01_2_F017,/mnt/ddn/kyudan/IEMOCAP/data/Ses03M_script01_2_F017.wav,sad,Ses03,F,10.575
Ses04F_script02_2_F022,/mnt/ddn/kyudan/IEMOCAP/data/Ses04F_script02_2_F022.wav,sad,Ses04,F,9.7
Ses02M_impro02_M007,/mnt/ddn/kyudan/IEMOCAP/data/Ses02M_impro02_M007.wav,sad,Ses02,M,2.079
Ses03M_script01_1_M046,/mnt/ddn/kyudan/IEMOCAP/data/Ses03M_script01_1_M046.wav,sad,Ses03,M,3.515
Ses03F_script02_2_F040,/mnt/ddn/kyudan/IEMOCAP/data/Ses03F_script02_2_F040.wav,sad,Ses03,F,2.244
Ses04M_script01_3_M024,/mnt/ddn/kyudan/IEMOCAP/data/Ses04M_script01_3_M024.wav,sad,Ses04,M,9.304
Ses01M_script01_3_M008,/mnt/ddn/kyudan/IEMOCAP/data/Ses01M_script01_3_M008.wav,sad,Ses01,M,13.43
Ses01M_impro06_M015,/mnt/ddn/kyudan/IEMOCAP/data/Ses01M_impro06_M015.wav,sad,Ses01,M,5.02
Ses05M_script01_3_M023,/mnt/ddn/kyudan/IEMOCAP/data/Ses05M_script01_3_M023.wav,sad,Ses05,M,3.97
Ses03M_script02_2_F024,/mnt/ddn/kyudan/IEMOCAP/data/Ses03M_script02_2_F024.wav,sad,Ses03,F,3.645
Ses03M_impro06_M017,/mnt/ddn/kyudan/IEMOCAP/data/Ses03M_impro06_M017.wav,sad,Ses03,M,4.941
Ses01F_script02_2_F040,/mnt/ddn/kyudan/IEMOCAP/data/Ses01F_script02_2_F040.wav,sad,Ses01,F,9.989
Ses03F_script01_2_F020,/mnt/ddn/kyudan/IEMOCAP/data/Ses03F_script01_2_F020.wav,sad,Ses03,F,2.49
Ses04F_script03_1_F010,/mnt/ddn/kyudan/IEMOCAP/data/Ses04F_script03_1_F010.wav,sad,Ses04,F,2.73
Ses04F_script01_1_M032,/mnt/ddn/kyudan/IEMOCAP/data/Ses04F_script01_1_M032.wav,sad,Ses04,M,7.261
Ses01F_impro06_F005,/mnt/ddn/kyudan/IEMOCAP/data/Ses01F_impro06_F005.wav,sad,Ses01,F,6.688
Ses05F_script01_1_F002,/mnt/ddn/kyudan/IEMOCAP/data/Ses05F_script01_1_F002.wav,sad,Ses05,F,1.53
