encoder,dataset,fold,method,hyper,accuracy,macro_f1,weighted_f1,n_iter
mel_only,iemocap_4class,Ses01,mlp,h512_a1e-05,0.3807030665669409,0.3720730723177138,0.363371421350158,300.0
mel_only,iemocap_4class,Ses01,mlp,h512_a1e-04,0.3769633507853403,0.3619624522709595,0.3569736231921512,300.0
mel_only,iemocap_4class,Ses01,mlp,h512_a1e-03,0.3769633507853403,0.3649801120963597,0.3581499297404689,300.0
mel_only,iemocap_4class,Ses01,mlp,h512_a1e-02,0.3866866118175018,0.3770139075774912,0.3731991985674167,300.0
mel_only,iemocap_4class,Ses01,knn,k11,0.4525056095736724,0.4328866094391479,0.4156092548122773,
mel_only,iemocap_4class,Ses02,mlp,h512_a1e-05,0.4601769911504424,0.4262304061118426,0.4423392298225675,233.0
mel_only,iemocap_4class,Ses02,mlp,h512_a1e-04,0.5068382944489139,0.471017247799954,0.4955443826977695,229.0
mel_only,iemocap_4class,Ses02,mlp,h512_a1e-03,0.4899436846339501,0.4542896446936186,0.4788953859413384,229.0
mel_only,iemocap_4class,Ses02,mlp,h512_a1e-02,0.4802896218825422,0.4475015540078678,0.4630591889477903,233.0
mel_only,iemocap_4class,Ses02,knn,k11,0.4674175382139984,0.4543837620056037,0.4549106525024353,
mel_only,iemocap_4class,Ses03,mlp,h512_a1e-05,0.4478737997256515,0.4300230027026475,0.4431208619519882,300.0
mel_only,iemocap_4class,Ses03,mlp,h512_a1e-04,0.4382716049382716,0.4196476302102649,0.4322174428057649,300.0
mel_only,iemocap_4class,Ses03,mlp,h512_a1e-03,0.4581618655692729,0.440887770485169,0.4527642544747358,300.0
mel_only,iemocap_4class,Ses03,mlp,h512_a1e-02,0.4499314128943759,0.4301077915928006,0.4417452976302289,300.0
mel_only,iemocap_4class,Ses03,knn,k11,0.4142661179698216,0.4017551550554466,0.4022622839599202,
mel_only,iemocap_4class,Ses04,mlp,h512_a1e-05,0.4932432432432432,0.4389412132717122,0.481896599885293,300.0
mel_only,iemocap_4class,Ses04,mlp,h512_a1e-04,0.4834834834834834,0.432524287429856,0.4741088703789997,300.0
mel_only,iemocap_4class,Ses04,mlp,h512_a1e-03,0.4977477477477477,0.4418098379053345,0.4876580027800314,300.0
mel_only,iemocap_4class,Ses04,mlp,h512_a1e-02,0.4932432432432432,0.4409249261686119,0.4833001036750509,300.0
mel_only,iemocap_4class,Ses04,knn,k11,0.481981981981982,0.4635185119118731,0.4840044334009116,
mel_only,iemocap_4class,Ses05,mlp,h512_a1e-05,0.4863968148639681,0.4675638166132772,0.4879088922835266,300.0
mel_only,iemocap_4class,Ses05,mlp,h512_a1e-04,0.4804246848042468,0.4620778075689233,0.4819373218510277,300.0
mel_only,iemocap_4class,Ses05,mlp,h512_a1e-03,0.4731254147312541,0.4584215267166315,0.473632262409824,300.0
mel_only,iemocap_4class,Ses05,mlp,h512_a1e-02,0.4771068347710683,0.4567684137368385,0.4786791461868336,300.0
mel_only,iemocap_4class,Ses05,knn,k11,0.4671532846715328,0.4620652439266488,0.4654784574966562,
mel_only,ravdess,1,mlp,h512_a1e-05,0.4466666666666666,0.4306489730499127,0.4393589045865735,300.0
mel_only,ravdess,1,mlp,h512_a1e-04,0.43,0.4147901102706735,0.4224427842887184,300.0
mel_only,ravdess,1,mlp,h512_a1e-03,0.4433333333333333,0.4275345211876772,0.436036822600189,300.0
mel_only,ravdess,1,mlp,h512_a1e-02,0.4366666666666666,0.4209238797110214,0.4289854716917562,300.0
mel_only,ravdess,1,knn,k11,0.26,0.2157865822559804,0.2270715792125806,
mel_only,ravdess,2,mlp,h512_a1e-05,0.3666666666666666,0.3423655132217583,0.3604279760079708,300.0
mel_only,ravdess,2,mlp,h512_a1e-04,0.3633333333333333,0.340975850867854,0.3589456694971394,300.0
mel_only,ravdess,2,mlp,h512_a1e-03,0.3733333333333333,0.350167310604907,0.3685735263736292,300.0
mel_only,ravdess,2,mlp,h512_a1e-02,0.37,0.348327294411479,0.3667872092770062,300.0
mel_only,ravdess,2,knn,k11,0.2933333333333333,0.2592621598982596,0.2765463038914769,
mel_only,ravdess,3,mlp,h512_a1e-05,0.3866666666666666,0.3748804118960468,0.3850576245409684,300.0
mel_only,ravdess,3,mlp,h512_a1e-04,0.4,0.3923308715879356,0.3956291201699886,300.0
mel_only,ravdess,3,mlp,h512_a1e-03,0.4066666666666667,0.3994236223732376,0.403194721007644,300.0
mel_only,ravdess,3,mlp,h512_a1e-02,0.4166666666666667,0.4122079134826634,0.412338013697747,300.0
mel_only,ravdess,3,knn,k11,0.3366666666666666,0.2885534804967866,0.3046157760219692,
mel_only,ravdess,4,mlp,h512_a1e-05,0.3833333333333333,0.3628130378634306,0.3688187555391746,300.0
mel_only,ravdess,4,mlp,h512_a1e-04,0.4,0.3805994084133505,0.3847605810954527,300.0
mel_only,ravdess,4,mlp,h512_a1e-03,0.4,0.3800243599683168,0.3863116982519189,300.0
mel_only,ravdess,4,mlp,h512_a1e-02,0.3866666666666666,0.3679622863379198,0.3729809103051632,300.0
mel_only,ravdess,4,knn,k11,0.3466666666666667,0.2934153199702051,0.3004763413015521,
mel_only,ravdess,5,mlp,h512_a1e-05,0.325,0.3129019377284462,0.322167864011792,300.0
mel_only,ravdess,5,mlp,h512_a1e-04,0.3125,0.2982014696981506,0.3069704565669163,300.0
mel_only,ravdess,5,mlp,h512_a1e-03,0.3125,0.2964563291195551,0.310159478333586,300.0
mel_only,ravdess,5,mlp,h512_a1e-02,0.3125,0.3001405836696915,0.3090388448032264,300.0
mel_only,ravdess,5,knn,k11,0.2875,0.2560487074734046,0.2588329070192506,
mel_only,cremad,1,mlp,h512_a1e-05,0.3547758284600389,0.351294148476157,0.3533084864300602,300.0
mel_only,cremad,1,mlp,h512_a1e-04,0.336582196231319,0.3348170575608413,0.3367231984331348,300.0
mel_only,cremad,1,mlp,h512_a1e-03,0.3463287849252761,0.3461695481921976,0.3480118524527868,300.0
mel_only,cremad,1,mlp,h512_a1e-02,0.3567251461988304,0.3554011122059755,0.3570141884724561,300.0
mel_only,cremad,1,knn,k11,0.3521767381416504,0.3292259836269541,0.3312171184173317,
mel_only,cremad,2,mlp,h512_a1e-05,0.4370988446726572,0.4329017411446623,0.4346843913161871,300.0
mel_only,cremad,2,mlp,h512_a1e-04,0.4441591784338896,0.4390993040573379,0.4415210962235482,300.0
mel_only,cremad,2,mlp,h512_a1e-03,0.441591784338896,0.4376760593061249,0.4400504426958758,300.0
mel_only,cremad,2,mlp,h512_a1e-02,0.4319640564826701,0.429663707065006,0.4317485280541129,300.0
mel_only,cremad,2,knn,k11,0.3857509627727856,0.3498030197173127,0.3507632745890872,
mel_only,cremad,3,mlp,h512_a1e-05,0.4236200256739409,0.4206310284711885,0.4214630815087155,300.0
mel_only,cremad,3,mlp,h512_a1e-04,0.4326059050064185,0.4291642733820091,0.4300053899952419,300.0
mel_only,cremad,3,mlp,h512_a1e-03,0.4306803594351733,0.4267039331666303,0.4273766435605103,300.0
mel_only,cremad,3,mlp,h512_a1e-02,0.4242618741976893,0.4200375391681181,0.4207796647670871,300.0
mel_only,cremad,3,knn,k11,0.4274711168164313,0.3911242374732112,0.391908380851232,
mel_only,cremad,4,mlp,h512_a1e-05,0.4168272318561336,0.411300877874043,0.4120319602200272,300.0
mel_only,cremad,4,mlp,h512_a1e-04,0.4181117533718689,0.4121941595081207,0.4121027981970344,300.0
mel_only,cremad,4,mlp,h512_a1e-03,0.4052665382145151,0.3998134934805465,0.4001673642209186,300.0
mel_only,cremad,4,mlp,h512_a1e-02,0.411689145793192,0.4061718088530274,0.4065288108186148,300.0
mel_only,cremad,4,knn,k11,0.4065510597302504,0.3750981019038144,0.3747579191216763,
mel_only,cremad,5,mlp,h512_a1e-05,0.340650406504065,0.3080622780269983,0.3129446795050376,300.0
mel_only,cremad,5,mlp,h512_a1e-04,0.3504065040650406,0.3216255628465445,0.3262682806897741,300.0
mel_only,cremad,5,mlp,h512_a1e-03,0.3552845528455284,0.3284289816308053,0.332955124039919,300.0
mel_only,cremad,5,mlp,h512_a1e-02,0.3536585365853658,0.3258045951296935,0.330058501783814,300.0
mel_only,cremad,5,knn,k11,0.3601626016260162,0.3224154013086159,0.3252135255431601,
mel_only,esc50,1,mlp,h512_a1e-05,0.3225,0.3170882629925973,0.3170882629925973,300.0
mel_only,esc50,1,mlp,h512_a1e-04,0.32,0.314680115001733,0.314680115001733,300.0
mel_only,esc50,1,mlp,h512_a1e-03,0.32,0.3140579410384364,0.3140579410384364,300.0
mel_only,esc50,1,mlp,h512_a1e-02,0.325,0.3207610166633992,0.3207610166633992,300.0
mel_only,esc50,1,knn,k11,0.2225,0.1917598765542499,0.1917598765542499,
mel_only,esc50,2,mlp,h512_a1e-05,0.2825,0.2791392643132581,0.2791392643132581,300.0
mel_only,esc50,2,mlp,h512_a1e-04,0.285,0.2827575083556508,0.2827575083556508,300.0
mel_only,esc50,2,mlp,h512_a1e-03,0.275,0.2671783795256806,0.2671783795256806,300.0
mel_only,esc50,2,mlp,h512_a1e-02,0.28,0.2716454909727355,0.2716454909727355,300.0
mel_only,esc50,2,knn,k11,0.205,0.185796438690585,0.185796438690585,
mel_only,esc50,3,mlp,h512_a1e-05,0.3275,0.3050706677448857,0.3050706677448857,300.0
mel_only,esc50,3,mlp,h512_a1e-04,0.3275,0.3063160478264799,0.3063160478264799,300.0
mel_only,esc50,3,mlp,h512_a1e-03,0.3325,0.3121213452526145,0.3121213452526145,300.0
mel_only,esc50,3,mlp,h512_a1e-02,0.34,0.317671025494151,0.317671025494151,300.0
mel_only,esc50,3,knn,k11,0.2175,0.1861774848482009,0.1861774848482009,
mel_only,esc50,4,mlp,h512_a1e-05,0.3975,0.3807213126428767,0.3807213126428767,300.0
mel_only,esc50,4,mlp,h512_a1e-04,0.395,0.3786656244848464,0.3786656244848464,300.0
mel_only,esc50,4,mlp,h512_a1e-03,0.395,0.3760029424666657,0.3760029424666657,300.0
mel_only,esc50,4,mlp,h512_a1e-02,0.395,0.3797035836002587,0.3797035836002587,300.0
mel_only,esc50,4,knn,k11,0.2525,0.2310620130526824,0.2310620130526824,
mel_only,esc50,5,mlp,h512_a1e-05,0.3325,0.3100490573239456,0.3100490573239456,300.0
mel_only,esc50,5,mlp,h512_a1e-04,0.33,0.3065447344895723,0.3065447344895723,300.0
mel_only,esc50,5,mlp,h512_a1e-03,0.3275,0.3022105254333674,0.3022105254333674,300.0
mel_only,esc50,5,mlp,h512_a1e-02,0.3325,0.3110879610502027,0.3110879610502027,300.0
mel_only,esc50,5,knn,k11,0.2,0.1762439247674541,0.1762439247674541,
whisper_tiny,iemocap_4class,Ses01,mlp,h512_a1e-05,0.6679132385938669,0.6637274141442069,0.6560877648184595,68.0
whisper_tiny,iemocap_4class,Ses01,mlp,h512_a1e-04,0.6664173522812267,0.661953796381997,0.6548765807974626,68.0
whisper_tiny,iemocap_4class,Ses01,mlp,h512_a1e-03,0.668661181750187,0.6641114905789484,0.6573181051941063,68.0
whisper_tiny,iemocap_4class,Ses01,mlp,h512_a1e-02,0.6551982049364248,0.6494864648505604,0.6411275436998213,112.0
whisper_tiny,iemocap_4class,Ses01,knn,k11,0.6185489902767389,0.6121077084896173,0.6068332820651577,
whisper_tiny,iemocap_4class,Ses02,mlp,h512_a1e-05,0.6950925181013676,0.6882002010384559,0.6870969646082913,87.0
whisper_tiny,iemocap_4class,Ses02,mlp,h512_a1e-04,0.6910699919549477,0.6831475045152753,0.6827431352614202,92.0
whisper_tiny,iemocap_4class,Ses02,mlp,h512_a1e-03,0.6934835076427996,0.6846328458579195,0.6849661562366792,87.0
whisper_tiny,iemocap_4class,Ses02,mlp,h512_a1e-02,0.6999195494770716,0.6932321589936132,0.6923960237426137,75.0
whisper_tiny,iemocap_4class,Ses02,knn,k11,0.6870474658085277,0.6787599540060977,0.670039406323533,
whisper_tiny,iemocap_4class,Ses03,mlp,h512_a1e-05,0.6454046639231824,0.6419298080521025,0.6447038936615698,68.0
whisper_tiny,iemocap_4class,Ses03,mlp,h512_a1e-04,0.6440329218106996,0.6399657300085779,0.6431008426522562,68.0
whisper_tiny,iemocap_4class,Ses03,mlp,h512_a1e-03,0.6454046639231824,0.641699434715,0.6447379060099,67.0
whisper_tiny,iemocap_4class,Ses03,mlp,h512_a1e-02,0.6515775034293553,0.6489661119580652,0.6520097512725892,111.0
whisper_tiny,iemocap_4class,Ses03,knn,k11,0.6310013717421125,0.6230089454962536,0.628154432789188,
whisper_tiny,iemocap_4class,Ses04,mlp,h512_a1e-05,0.6666666666666666,0.6539855327928397,0.6715450069770716,70.0
whisper_tiny,iemocap_4class,Ses04,mlp,h512_a1e-04,0.6704204204204204,0.6570935839957804,0.6753888566259059,70.0
whisper_tiny,iemocap_4class,Ses04,mlp,h512_a1e-03,0.6659159159159159,0.6535477567898011,0.6708618926164569,70.0
whisper_tiny,iemocap_4class,Ses04,mlp,h512_a1e-02,0.6561561561561562,0.646365340051105,0.6614389065364575,115.0
whisper_tiny,iemocap_4class,Ses04,knn,k11,0.6448948948948949,0.639006029681282,0.6536512218397519,
whisper_tiny,iemocap_4class,Ses05,mlp,h512_a1e-05,0.6735235567352356,0.6600269648534567,0.6722363541937201,69.0
whisper_tiny,iemocap_4class,Ses05,mlp,h512_a1e-04,0.6721964167219642,0.6580425385348225,0.6707838664950863,69.0
whisper_tiny,iemocap_4class,Ses05,mlp,h512_a1e-03,0.6695421366954214,0.6556850908941458,0.6681910966718105,68.0
whisper_tiny,iemocap_4class,Ses05,mlp,h512_a1e-02,0.6642335766423357,0.6525184020981839,0.6633791259835967,121.0
whisper_tiny,iemocap_4class,Ses05,knn,k11,0.6250829462508295,0.614426716408738,0.6241809182544972,
whisper_tiny,ravdess,1,mlp,h512_a1e-05,0.7533333333333333,0.7468472642685815,0.7476574900497521,76.0
whisper_tiny,ravdess,1,mlp,h512_a1e-04,0.7533333333333333,0.7468472642685815,0.7476574900497521,76.0
whisper_tiny,ravdess,1,mlp,h512_a1e-03,0.7533333333333333,0.7468472642685815,0.7476574900497521,76.0
whisper_tiny,ravdess,1,mlp,h512_a1e-02,0.7433333333333333,0.736621095718103,0.7377291687659765,82.0
whisper_tiny,ravdess,1,knn,k11,0.5866666666666667,0.5709201795064973,0.5724223850219843,
whisper_tiny,ravdess,2,mlp,h512_a1e-05,0.68,0.678890112837313,0.6908161203598006,76.0
whisper_tiny,ravdess,2,mlp,h512_a1e-04,0.68,0.678890112837313,0.6908161203598006,76.0
whisper_tiny,ravdess,2,mlp,h512_a1e-03,0.68,0.678890112837313,0.6908161203598006,76.0
whisper_tiny,ravdess,2,mlp,h512_a1e-02,0.6766666666666666,0.6746036531259922,0.6873933219550814,82.0
whisper_tiny,ravdess,2,knn,k11,0.4933333333333333,0.4859826133574743,0.48578886165538,
whisper_tiny,ravdess,3,mlp,h512_a1e-05,0.6766666666666666,0.6649968307500957,0.671234714704864,76.0
whisper_tiny,ravdess,3,mlp,h512_a1e-04,0.6766666666666666,0.6649968307500957,0.671234714704864,76.0
whisper_tiny,ravdess,3,mlp,h512_a1e-03,0.68,0.6692402435872585,0.6750683810385303,75.0
whisper_tiny,ravdess,3,mlp,h512_a1e-02,0.6766666666666666,0.6649870366226545,0.6712242676355934,82.0
whisper_tiny,ravdess,3,knn,k11,0.52,0.5059694399257955,0.5115525877727003,
whisper_tiny,ravdess,4,mlp,h512_a1e-05,0.7033333333333334,0.6884545493766185,0.7010181860017265,73.0
whisper_tiny,ravdess,4,mlp,h512_a1e-04,0.7033333333333334,0.6884545493766185,0.7010181860017265,73.0
whisper_tiny,ravdess,4,mlp,h512_a1e-03,0.7,0.6854324965250507,0.6977946629600541,73.0
whisper_tiny,ravdess,4,mlp,h512_a1e-02,0.71,0.694457805301785,0.7074216589885707,80.0
whisper_tiny,ravdess,4,knn,k11,0.5466666666666666,0.5339066401695631,0.5422895318271259,
whisper_tiny,ravdess,5,mlp,h512_a1e-05,0.7,0.6882591684367078,0.6910058580971942,75.0
whisper_tiny,ravdess,5,mlp,h512_a1e-04,0.7041666666666667,0.6944231557707718,0.6950037471078709,75.0
whisper_tiny,ravdess,5,mlp,h512_a1e-03,0.7041666666666667,0.6944231557707718,0.6950037471078709,75.0
whisper_tiny,ravdess,5,mlp,h512_a1e-02,0.7,0.6882591684367078,0.6910058580971942,82.0
whisper_tiny,ravdess,5,knn,k11,0.5833333333333334,0.5416989165387638,0.5409327450172347,
whisper_tiny,cremad,1,mlp,h512_a1e-05,0.6647173489278753,0.670518680547378,0.6678756076856512,87.0
whisper_tiny,cremad,1,mlp,h512_a1e-04,0.654320987654321,0.6609080436528344,0.6583070615731125,88.0
whisper_tiny,cremad,1,mlp,h512_a1e-03,0.6582196231319039,0.6647207277664927,0.6619666971014755,88.0
whisper_tiny,cremad,1,mlp,h512_a1e-02,0.6432748538011696,0.6501780146722002,0.6478735242711107,99.0
whisper_tiny,cremad,1,knn,k11,0.5549057829759584,0.5448475091964976,0.5415506095812954,
whisper_tiny,cremad,2,mlp,h512_a1e-05,0.7021822849807445,0.7019616523273218,0.6998598488909066,105.0
whisper_tiny,cremad,2,mlp,h512_a1e-04,0.6983311938382541,0.6986055229431795,0.6960703461686074,105.0
whisper_tiny,cremad,2,mlp,h512_a1e-03,0.6989730423620025,0.6995687036984674,0.6971191598862349,105.0
whisper_tiny,cremad,2,mlp,h512_a1e-02,0.7053915275994865,0.7058896242846936,0.7037377212902026,74.0
whisper_tiny,cremad,2,knn,k11,0.5770218228498074,0.5606275081247819,0.5576877053890485,
whisper_tiny,cremad,3,mlp,h512_a1e-05,0.7034659820282413,0.7036246411824343,0.7014160033044743,82.0
whisper_tiny,cremad,3,mlp,h512_a1e-04,0.7060333761232349,0.7055874964825799,0.7034923290382007,82.0
whisper_tiny,cremad,3,mlp,h512_a1e-03,0.6970474967907574,0.6964958306546328,0.6942762167681604,82.0
whisper_tiny,cremad,3,mlp,h512_a1e-02,0.6957637997432606,0.6948493129512506,0.6927224356561278,65.0
whisper_tiny,cremad,3,knn,k11,0.5750962772785623,0.5559081457958723,0.5534841956350625,
whisper_tiny,cremad,4,mlp,h512_a1e-05,0.6955684007707129,0.6952733682130549,0.6935250210855477,121.0
whisper_tiny,cremad,4,mlp,h512_a1e-04,0.6904303147077714,0.6895750850225683,0.6876786652857194,103.0
whisper_tiny,cremad,4,mlp,h512_a1e-03,0.6923570969813745,0.6917308072643906,0.6901702699611121,103.0
whisper_tiny,cremad,4,mlp,h512_a1e-02,0.6859344894026975,0.6854048373253218,0.6837375393177073,135.0
whisper_tiny,cremad,4,knn,k11,0.5600513808606294,0.5425677893753112,0.5402801271321077,
whisper_tiny,cremad,5,mlp,h512_a1e-05,0.6991869918699187,0.69561076822428,0.693833642902825,102.0
whisper_tiny,cremad,5,mlp,h512_a1e-04,0.6926829268292682,0.6884545764101916,0.686309254458909,97.0
whisper_tiny,cremad,5,mlp,h512_a1e-03,0.6658536585365854,0.663215539175602,0.6611444626723125,62.0
whisper_tiny,cremad,5,mlp,h512_a1e-02,0.6983739837398374,0.6946087702998858,0.6924467590504416,77.0
whisper_tiny,cremad,5,knn,k11,0.5300813008130081,0.510639285556108,0.5086442199650395,
whisper_tiny,esc50,1,mlp,h512_a1e-05,0.77,0.7634768132138572,0.7634768132138572,93.0
whisper_tiny,esc50,1,mlp,h512_a1e-04,0.77,0.7634768132138572,0.7634768132138572,93.0
whisper_tiny,esc50,1,mlp,h512_a1e-03,0.7675,0.7607863370233809,0.7607863370233809,93.0
whisper_tiny,esc50,1,mlp,h512_a1e-02,0.765,0.7579547595880883,0.7579547595880883,130.0
whisper_tiny,esc50,1,knn,k11,0.6025,0.5870273920552558,0.5870273920552558,
whisper_tiny,esc50,2,mlp,h512_a1e-05,0.7625,0.7559828774970113,0.7559828774970113,90.0
whisper_tiny,esc50,2,mlp,h512_a1e-04,0.7625,0.7559828774970113,0.7559828774970113,90.0
whisper_tiny,esc50,2,mlp,h512_a1e-03,0.7625,0.7559828774970113,0.7559828774970113,90.0
whisper_tiny,esc50,2,mlp,h512_a1e-02,0.7675,0.7620438478304274,0.7620438478304274,117.0
whisper_tiny,esc50,2,knn,k11,0.6475,0.625686932173135,0.625686932173135,
whisper_tiny,esc50,3,mlp,h512_a1e-05,0.775,0.772027115053027,0.772027115053027,93.0
whisper_tiny,esc50,3,mlp,h512_a1e-04,0.7725,0.7700487377371883,0.7700487377371883,93.0
whisper_tiny,esc50,3,mlp,h512_a1e-03,0.77,0.7673723030607538,0.7673723030607538,90.0
whisper_tiny,esc50,3,mlp,h512_a1e-02,0.775,0.771940930511734,0.771940930511734,114.0
whisper_tiny,esc50,3,knn,k11,0.6175,0.5905149302022367,0.5905149302022367,
whisper_tiny,esc50,4,mlp,h512_a1e-05,0.8,0.7964742928210419,0.7964742928210419,95.0
whisper_tiny,esc50,4,mlp,h512_a1e-04,0.7975,0.7929473002058139,0.7929473002058139,95.0
whisper_tiny,esc50,4,mlp,h512_a1e-03,0.7975,0.793292673442828,0.793292673442828,95.0
whisper_tiny,esc50,4,mlp,h512_a1e-02,0.8,0.7970625281151594,0.7970625281151594,135.0
whisper_tiny,esc50,4,knn,k11,0.6525,0.632271564177137,0.632271564177137,
whisper_tiny,esc50,5,mlp,h512_a1e-05,0.7725,0.7679124544186463,0.7679124544186463,94.0
whisper_tiny,esc50,5,mlp,h512_a1e-04,0.77,0.7650992676054595,0.7650992676054595,94.0
whisper_tiny,esc50,5,mlp,h512_a1e-03,0.77,0.7649572345439217,0.7649572345439217,91.0
whisper_tiny,esc50,5,mlp,h512_a1e-02,0.7725,0.7691785740918867,0.7691785740918867,130.0
whisper_tiny,esc50,5,knn,k11,0.61,0.5884552140326134,0.5884552140326134,
whisper_small,iemocap_4class,Ses01,mlp,h512_a1e-05,0.6828721017202692,0.678116495788919,0.6742015166523492,54.0
whisper_small,iemocap_4class,Ses01,mlp,h512_a1e-04,0.6791323859386686,0.6736536180616143,0.6693758752237763,54.0
whisper_small,iemocap_4class,Ses01,mlp,h512_a1e-03,0.6783844427823486,0.6729909854148202,0.6692600526989299,54.0
whisper_small,iemocap_4class,Ses01,mlp,h512_a1e-02,0.6761406133133882,0.6739834422668509,0.6684517611391182,97.0
whisper_small,iemocap_4class,Ses01,knn,k11,0.6611817501869858,0.6527817156425267,0.6491414185651313,
whisper_small,iemocap_4class,Ses02,mlp,h512_a1e-05,0.6798069187449718,0.6794704390178347,0.6755405691702774,71.0
whisper_small,iemocap_4class,Ses02,mlp,h512_a1e-04,0.7095736122284795,0.7020966239698793,0.6998749641965388,71.0
whisper_small,iemocap_4class,Ses02,mlp,h512_a1e-03,0.7248592115848753,0.7143289496563667,0.7131715045526883,71.0
whisper_small,iemocap_4class,Ses02,mlp,h512_a1e-02,0.7296862429605793,0.7238398067244333,0.7211909879884764,62.0
whisper_small,iemocap_4class,Ses02,knn,k11,0.7135961383748994,0.7045685641830554,0.6987570304578181,
whisper_small,iemocap_4class,Ses03,mlp,h512_a1e-05,0.6906721536351166,0.6795815710809301,0.6874740021063409,54.0
whisper_small,iemocap_4class,Ses03,mlp,h512_a1e-04,0.6934156378600823,0.6820751641562233,0.6900052041900242,54.0
whisper_small,iemocap_4class,Ses03,mlp,h512_a1e-03,0.6927297668038409,0.6818275151543323,0.6896640232025752,53.0
whisper_small,iemocap_4class,Ses03,mlp,h512_a1e-02,0.659122085048011,0.645460442241175,0.6550397574841255,98.0
whisper_small,iemocap_4class,Ses03,knn,k11,0.6721536351165981,0.661609390144503,0.6694376706099296,
whisper_small,iemocap_4class,Ses04,mlp,h512_a1e-05,0.6824324324324325,0.6755736799287394,0.6867677909919649,54.0
whisper_small,iemocap_4class,Ses04,mlp,h512_a1e-04,0.6876876876876877,0.6807645756490956,0.6919290432201358,54.0
whisper_small,iemocap_4class,Ses04,mlp,h512_a1e-03,0.6824324324324325,0.6743432232460446,0.6869710564242086,54.0
whisper_small,iemocap_4class,Ses04,mlp,h512_a1e-02,0.6621621621621622,0.6570852368789413,0.6675406293341853,97.0
whisper_small,iemocap_4class,Ses04,knn,k11,0.6884384384384384,0.6778132672974362,0.6968077183219128,
whisper_small,iemocap_4class,Ses05,mlp,h512_a1e-05,0.6960849369608494,0.6881855408891113,0.6969403995995782,54.0
whisper_small,iemocap_4class,Ses05,mlp,h512_a1e-04,0.6974120769741208,0.6899097601583916,0.6980959581603613,54.0
whisper_small,iemocap_4class,Ses05,mlp,h512_a1e-03,0.6987392169873922,0.6919583185752936,0.6993829808651154,54.0
whisper_small,iemocap_4class,Ses05,mlp,h512_a1e-02,0.6808228268082283,0.6697034231508182,0.6804932194027337,107.0
whisper_small,iemocap_4class,Ses05,knn,k11,0.6443264764432648,0.6355409989850398,0.6439752940433517,
whisper_small,ravdess,1,mlp,h512_a1e-05,0.8333333333333334,0.82687047920434,0.8292174000401847,54.0
whisper_small,ravdess,1,mlp,h512_a1e-04,0.8333333333333334,0.82687047920434,0.8292174000401847,54.0
whisper_small,ravdess,1,mlp,h512_a1e-03,0.8333333333333334,0.82687047920434,0.8292174000401847,54.0
whisper_small,ravdess,1,mlp,h512_a1e-02,0.8333333333333334,0.82687047920434,0.8292174000401847,66.0
whisper_small,ravdess,1,knn,k11,0.61,0.59420160681107,0.5908771941577968,
whisper_small,ravdess,2,mlp,h512_a1e-05,0.76,0.7603337922927402,0.7680119590907509,54.0
whisper_small,ravdess,2,mlp,h512_a1e-04,0.76,0.7603337922927402,0.7680119590907509,54.0
whisper_small,ravdess,2,mlp,h512_a1e-03,0.7566666666666667,0.7573295566963941,0.764807441121315,54.0
whisper_small,ravdess,2,mlp,h512_a1e-02,0.76,0.7599119143682618,0.7675619559713073,66.0
whisper_small,ravdess,2,knn,k11,0.6033333333333334,0.5977024219682807,0.6005122130624623,
whisper_small,ravdess,3,mlp,h512_a1e-05,0.73,0.7134936833716092,0.716615484485272,52.0
whisper_small,ravdess,3,mlp,h512_a1e-04,0.73,0.7134936833716092,0.716615484485272,52.0
whisper_small,ravdess,3,mlp,h512_a1e-03,0.73,0.7131259787870372,0.7170313470698093,52.0
whisper_small,ravdess,3,mlp,h512_a1e-02,0.73,0.712431994986559,0.7170703184618533,65.0
whisper_small,ravdess,3,knn,k11,0.57,0.5497769513985122,0.5554209962204285,
whisper_small,ravdess,4,mlp,h512_a1e-05,0.7366666666666667,0.7283206772316966,0.7372357494075035,52.0
whisper_small,ravdess,4,mlp,h512_a1e-04,0.7366666666666667,0.7283206772316966,0.7372357494075035,52.0
whisper_small,ravdess,4,mlp,h512_a1e-03,0.7366666666666667,0.7283206772316966,0.7372357494075035,52.0
whisper_small,ravdess,4,mlp,h512_a1e-02,0.7366666666666667,0.727324227527687,0.737216018134796,64.0
whisper_small,ravdess,4,knn,k11,0.62,0.6152402905177685,0.6138320674613773,
whisper_small,ravdess,5,mlp,h512_a1e-05,0.775,0.7730429905408682,0.7712458565769261,52.0
whisper_small,ravdess,5,mlp,h512_a1e-04,0.775,0.7730429905408682,0.7712458565769261,52.0
whisper_small,ravdess,5,mlp,h512_a1e-03,0.775,0.7730429905408682,0.7712458565769261,52.0
whisper_small,ravdess,5,mlp,h512_a1e-02,0.7708333333333334,0.7720594048532687,0.7686280710591729,190.0
whisper_small,ravdess,5,knn,k11,0.6208333333333333,0.5969385657091678,0.596482897762735,
whisper_small,cremad,1,mlp,h512_a1e-05,0.7251461988304093,0.7293227027965209,0.727834995406508,63.0
whisper_small,cremad,1,mlp,h512_a1e-04,0.7277452891487979,0.7318563998214046,0.7304328991786108,62.0
whisper_small,cremad,1,mlp,h512_a1e-03,0.7270955165692008,0.7310600211761416,0.7296163393980878,62.0
whisper_small,cremad,1,mlp,h512_a1e-02,0.7212475633528265,0.7244732883416712,0.7234878860537656,86.0
whisper_small,cremad,1,knn,k11,0.6140350877192983,0.6070943337533524,0.6030707024325811,
whisper_small,cremad,2,mlp,h512_a1e-05,0.7541720154043645,0.7560593095936179,0.7538536530454091,47.0
whisper_small,cremad,2,mlp,h512_a1e-04,0.7496790757381258,0.7512650384222036,0.7490438780571125,80.0
whisper_small,cremad,2,mlp,h512_a1e-03,0.7439024390243902,0.7452576324035945,0.7429922704552966,47.0
whisper_small,cremad,2,mlp,h512_a1e-02,0.751604621309371,0.7528484190801857,0.7509119412842244,61.0
whisper_small,cremad,2,knn,k11,0.6418485237483954,0.6297204712171847,0.6265227113630818,
whisper_small,cremad,3,mlp,h512_a1e-05,0.7419768934531451,0.7422795073809364,0.7408716904877884,157.0
whisper_small,cremad,3,mlp,h512_a1e-04,0.7445442875481386,0.7441710006964412,0.7423225710536212,95.0
whisper_small,cremad,3,mlp,h512_a1e-03,0.7464698331193839,0.7465473911582575,0.744994046026073,47.0
whisper_small,cremad,3,mlp,h512_a1e-02,0.7503209242618742,0.7502651591887144,0.7484782261990562,56.0
whisper_small,cremad,3,knn,k11,0.6270860077021823,0.6101273252698625,0.6076106605153524,
whisper_small,cremad,4,mlp,h512_a1e-05,0.72703917790623,0.7269533043771851,0.724975654488858,76.0
whisper_small,cremad,4,mlp,h512_a1e-04,0.7263969171483622,0.7272786777748451,0.7247920511818298,76.0
whisper_small,cremad,4,mlp,h512_a1e-03,0.7276814386640976,0.7276905188507089,0.7258374646026704,74.0
whisper_small,cremad,4,mlp,h512_a1e-02,0.7321772639691715,0.7321749644305476,0.730242571553706,50.0
whisper_small,cremad,4,knn,k11,0.6082209377007065,0.5947296868775686,0.5927066213202776,
whisper_small,cremad,5,mlp,h512_a1e-05,0.7235772357723578,0.7206853939030892,0.7189150564185491,127.0
whisper_small,cremad,5,mlp,h512_a1e-04,0.7252032520325203,0.7219691777387722,0.7200417180525077,66.0
whisper_small,cremad,5,mlp,h512_a1e-03,0.7138211382113822,0.7107672112271307,0.7093151523758429,76.0
whisper_small,cremad,5,mlp,h512_a1e-02,0.7211382113821139,0.7178620353523227,0.7160692336176278,52.0
whisper_small,cremad,5,knn,k11,0.6048780487804878,0.5893271217639466,0.5877963814374794,
whisper_small,esc50,1,mlp,h512_a1e-05,0.855,0.8509979530273647,0.8509979530273647,62.0
whisper_small,esc50,1,mlp,h512_a1e-04,0.855,0.8509979530273647,0.8509979530273647,62.0
whisper_small,esc50,1,mlp,h512_a1e-03,0.855,0.8509979530273647,0.8509979530273647,62.0
whisper_small,esc50,1,mlp,h512_a1e-02,0.8625,0.8587413556515723,0.8587413556515723,227.0
whisper_small,esc50,1,knn,k11,0.71,0.699317893492816,0.699317893492816,
whisper_small,esc50,2,mlp,h512_a1e-05,0.8825,0.8812157417745652,0.8812157417745652,71.0
whisper_small,esc50,2,mlp,h512_a1e-04,0.8825,0.8812157417745652,0.8812157417745652,71.0
whisper_small,esc50,2,mlp,h512_a1e-03,0.8825,0.8812157417745652,0.8812157417745652,71.0
whisper_small,esc50,2,mlp,h512_a1e-02,0.885,0.8824963206727913,0.8824963206727913,226.0
whisper_small,esc50,2,knn,k11,0.7375,0.7277636305329804,0.7277636305329804,
whisper_small,esc50,3,mlp,h512_a1e-05,0.8375,0.8351497869175887,0.8351497869175887,65.0
whisper_small,esc50,3,mlp,h512_a1e-04,0.84,0.8372553940727314,0.8372553940727314,65.0
whisper_small,esc50,3,mlp,h512_a1e-03,0.8375,0.8350022120981874,0.8350022120981874,65.0
whisper_small,esc50,3,mlp,h512_a1e-02,0.845,0.8407290568049081,0.8407290568049081,246.0
whisper_small,esc50,3,knn,k11,0.745,0.7408552799797383,0.7408552799797383,
whisper_small,esc50,4,mlp,h512_a1e-05,0.875,0.870361106385874,0.870361106385874,68.0
whisper_small,esc50,4,mlp,h512_a1e-04,0.8775,0.8725104011915157,0.8725104011915157,68.0
whisper_small,esc50,4,mlp,h512_a1e-03,0.875,0.870361106385874,0.870361106385874,68.0
whisper_small,esc50,4,mlp,h512_a1e-02,0.8875,0.8831264643509223,0.8831264643509223,220.0
whisper_small,esc50,4,knn,k11,0.7075,0.6945774408881824,0.6945774408881824,
whisper_small,esc50,5,mlp,h512_a1e-05,0.845,0.8300416233233571,0.8300416233233571,65.0
whisper_small,esc50,5,mlp,h512_a1e-04,0.845,0.8300416233233571,0.8300416233233571,65.0
whisper_small,esc50,5,mlp,h512_a1e-03,0.845,0.8300416233233571,0.8300416233233571,65.0
whisper_small,esc50,5,mlp,h512_a1e-02,0.86,0.8498547367665015,0.8498547367665015,216.0
whisper_small,esc50,5,knn,k11,0.73,0.7139595488043463,0.7139595488043463,
wavtok_40_unify,iemocap_4class,Ses01,mlp,h512_a1e-05,0.394166043380703,0.3458840255415121,0.3480549912409396,92.0
wavtok_40_unify,iemocap_4class,Ses01,mlp,h512_a1e-04,0.3896783844427823,0.3336064789180621,0.3454917516045506,127.0
wavtok_40_unify,iemocap_4class,Ses01,mlp,h512_a1e-03,0.3964098728496634,0.3466645988420181,0.3502799889221101,92.0
wavtok_40_unify,iemocap_4class,Ses01,mlp,h512_a1e-02,0.4255796559461481,0.3835600061046238,0.395635464326536,291.0
wavtok_40_unify,iemocap_4class,Ses01,knn,k11,0.3679880329094989,0.338169658776062,0.3494746357864959,
wavtok_40_unify,iemocap_4class,Ses02,mlp,h512_a1e-05,0.4883346741753821,0.4468706443980502,0.4628147405483146,76.0
wavtok_40_unify,iemocap_4class,Ses02,mlp,h512_a1e-04,0.496379726468222,0.4538769227604374,0.4717410526276469,139.0
wavtok_40_unify,iemocap_4class,Ses02,mlp,h512_a1e-03,0.4923572003218021,0.4428575837805173,0.4626119658975052,76.0
wavtok_40_unify,iemocap_4class,Ses02,mlp,h512_a1e-02,0.4915526950925181,0.3718027613377146,0.412866978864458,187.0
wavtok_40_unify,iemocap_4class,Ses02,knn,k11,0.4078841512469831,0.3729211610076982,0.3984077416539436,
wavtok_40_unify,iemocap_4class,Ses03,mlp,h512_a1e-05,0.3319615912208505,0.2929677702473844,0.3170125487782773,86.0
wavtok_40_unify,iemocap_4class,Ses03,mlp,h512_a1e-04,0.360082304526749,0.3557317268628153,0.3590085427418418,244.0
wavtok_40_unify,iemocap_4class,Ses03,mlp,h512_a1e-03,0.3676268861454047,0.3657483868024398,0.3694602904332366,152.0
wavtok_40_unify,iemocap_4class,Ses03,mlp,h512_a1e-02,0.3936899862825789,0.3816283681328774,0.3867687047427782,244.0
wavtok_40_unify,iemocap_4class,Ses03,knn,k11,0.3840877914951989,0.3661834326656006,0.3739852975139167,
wavtok_40_unify,iemocap_4class,Ses04,mlp,h512_a1e-05,0.4774774774774775,0.4254571154837733,0.4462399654412486,141.0
wavtok_40_unify,iemocap_4class,Ses04,mlp,h512_a1e-04,0.4774774774774775,0.4228141098571532,0.4460215124833505,141.0
wavtok_40_unify,iemocap_4class,Ses04,mlp,h512_a1e-03,0.4722222222222222,0.4116076388004742,0.4332415449317023,141.0
wavtok_40_unify,iemocap_4class,Ses04,mlp,h512_a1e-02,0.4857357357357357,0.4514109153288729,0.4700751620270066,300.0
wavtok_40_unify,iemocap_4class,Ses04,knn,k11,0.4241741741741742,0.3854514354646237,0.4150370119280998,
wavtok_40_unify,iemocap_4class,Ses05,mlp,h512_a1e-05,0.484406104844061,0.4548729671069675,0.4779031949208756,97.0
wavtok_40_unify,iemocap_4class,Ses05,mlp,h512_a1e-04,0.4724618447246184,0.4421276261812511,0.466291201409979,97.0
wavtok_40_unify,iemocap_4class,Ses05,mlp,h512_a1e-03,0.4804246848042468,0.4548975656786664,0.4757936173336604,97.0
wavtok_40_unify,iemocap_4class,Ses05,mlp,h512_a1e-02,0.4817518248175182,0.4486489083539818,0.4744006278374523,97.0
wavtok_40_unify,iemocap_4class,Ses05,knn,k11,0.4240212342402123,0.4050775216901333,0.4240791748042664,
wavtok_40_unify,ravdess,1,mlp,h512_a1e-05,0.29,0.2803574859293912,0.2842331701765359,230.0
wavtok_40_unify,ravdess,1,mlp,h512_a1e-04,0.3466666666666667,0.3357586906815487,0.3390949843460329,223.0
wavtok_40_unify,ravdess,1,mlp,h512_a1e-03,0.3466666666666667,0.331961873708877,0.3357018606917676,223.0
wavtok_40_unify,ravdess,1,mlp,h512_a1e-02,0.3266666666666666,0.3128677851767157,0.3141177943845752,223.0
wavtok_40_unify,ravdess,1,knn,k11,0.24,0.2282521184832804,0.2292845292190452,
wavtok_40_unify,ravdess,2,mlp,h512_a1e-05,0.2566666666666666,0.2259311375329986,0.2356598800351985,231.0
wavtok_40_unify,ravdess,2,mlp,h512_a1e-04,0.24,0.2100590081310213,0.2198962753397561,201.0
wavtok_40_unify,ravdess,2,mlp,h512_a1e-03,0.26,0.2281826486712921,0.238061491916045,231.0
wavtok_40_unify,ravdess,2,mlp,h512_a1e-02,0.23,0.2097084595410633,0.2185608183822624,300.0
wavtok_40_unify,ravdess,2,knn,k11,0.23,0.2106441178983434,0.2211782871617418,
wavtok_40_unify,ravdess,3,mlp,h512_a1e-05,0.2533333333333333,0.2568541343812811,0.2549301242924142,234.0
wavtok_40_unify,ravdess,3,mlp,h512_a1e-04,0.36,0.3403242343251231,0.3398241108163632,155.0
wavtok_40_unify,ravdess,3,mlp,h512_a1e-03,0.26,0.260634397987655,0.2599309284749675,234.0
wavtok_40_unify,ravdess,3,mlp,h512_a1e-02,0.2566666666666666,0.2550352023667346,0.2553708825245169,234.0
wavtok_40_unify,ravdess,3,knn,k11,0.2433333333333333,0.240564031832824,0.2454905228439012,
wavtok_40_unify,ravdess,4,mlp,h512_a1e-05,0.28,0.2730187417555502,0.2659947659806949,263.0
wavtok_40_unify,ravdess,4,mlp,h512_a1e-04,0.3333333333333333,0.3037138886354203,0.2987362559858898,99.0
wavtok_40_unify,ravdess,4,mlp,h512_a1e-03,0.2866666666666667,0.2778633992575977,0.2724560019431469,263.0
wavtok_40_unify,ravdess,4,mlp,h512_a1e-02,0.2566666666666666,0.2483717903223159,0.2437177884650158,263.0
wavtok_40_unify,ravdess,4,knn,k11,0.27,0.2616708931348706,0.2677681016133654,
wavtok_40_unify,ravdess,5,mlp,h512_a1e-05,0.3,0.2819968951515414,0.274990236548741,261.0
wavtok_40_unify,ravdess,5,mlp,h512_a1e-04,0.3166666666666666,0.3128389379522688,0.3063444397986593,237.0
wavtok_40_unify,ravdess,5,mlp,h512_a1e-03,0.2833333333333333,0.2587050411494151,0.2529635381455831,261.0
wavtok_40_unify,ravdess,5,mlp,h512_a1e-02,0.3083333333333333,0.2910968710197065,0.285503329087687,261.0
wavtok_40_unify,ravdess,5,knn,k11,0.275,0.270644032249048,0.2690791245950629,
wavtok_40_unify,cremad,1,mlp,h512_a1e-05,0.3905133203378817,0.3602235855324739,0.3611994159065389,132.0
wavtok_40_unify,cremad,1,mlp,h512_a1e-04,0.3885640025990903,0.3577017113236342,0.3585917188482161,132.0
wavtok_40_unify,cremad,1,mlp,h512_a1e-03,0.3846653671215074,0.3513434998747554,0.3520425022407915,132.0
wavtok_40_unify,cremad,1,mlp,h512_a1e-02,0.3892137751786874,0.3760771002522899,0.3775442321566098,192.0
wavtok_40_unify,cremad,1,knn,k11,0.2969460688758934,0.290496115459506,0.2926664404589081,
wavtok_40_unify,cremad,2,mlp,h512_a1e-05,0.3870346598202824,0.3595638582058897,0.3582442190219309,128.0
wavtok_40_unify,cremad,2,mlp,h512_a1e-04,0.3748395378690629,0.3645446989662533,0.3642957049977099,92.0
wavtok_40_unify,cremad,2,mlp,h512_a1e-03,0.3908857509627728,0.3592651702896172,0.3581804593757784,128.0
wavtok_40_unify,cremad,2,mlp,h512_a1e-02,0.3966623876765083,0.3590055413402238,0.3572657960801862,235.0
wavtok_40_unify,cremad,2,knn,k11,0.3202824133504492,0.3008342314681009,0.3011722440053889,
wavtok_40_unify,cremad,3,mlp,h512_a1e-05,0.4184852374839538,0.3818764566387714,0.3800362021150951,210.0
wavtok_40_unify,cremad,3,mlp,h512_a1e-04,0.4229781771501925,0.3698286859596744,0.3674979153776355,236.0
wavtok_40_unify,cremad,3,mlp,h512_a1e-03,0.4165596919127086,0.365085750882228,0.3635872741356716,178.0
wavtok_40_unify,cremad,3,mlp,h512_a1e-02,0.4236200256739409,0.3635603371250624,0.3611814404484895,233.0
wavtok_40_unify,cremad,3,knn,k11,0.3433889602053915,0.3216030641086351,0.3221709601178434,
wavtok_40_unify,cremad,4,mlp,h512_a1e-05,0.403339755940912,0.3547856007212888,0.352254361575722,225.0
wavtok_40_unify,cremad,4,mlp,h512_a1e-04,0.4104046242774566,0.3663121769302805,0.3639720697271728,225.0
wavtok_40_unify,cremad,4,mlp,h512_a1e-03,0.4078355812459858,0.3624675526695496,0.3601577862548417,225.0
wavtok_40_unify,cremad,4,mlp,h512_a1e-02,0.4174694926140013,0.3688242118410573,0.366724210625871,129.0
wavtok_40_unify,cremad,4,knn,k11,0.3166345536287733,0.3010761594977608,0.3019856679370444,
wavtok_40_unify,cremad,5,mlp,h512_a1e-05,0.3878048780487805,0.3505929018934295,0.3513321263906132,139.0
wavtok_40_unify,cremad,5,mlp,h512_a1e-04,0.3886178861788618,0.3530975987912385,0.3539804327019832,139.0
wavtok_40_unify,cremad,5,mlp,h512_a1e-03,0.3845528455284553,0.3443630508121673,0.3456699510309037,139.0
wavtok_40_unify,cremad,5,mlp,h512_a1e-02,0.3821138211382114,0.3426867067745676,0.3438247025284248,139.0
wavtok_40_unify,cremad,5,knn,k11,0.3113821138211382,0.301391541294207,0.305002197604118,
wavtok_40_unify,esc50,1,mlp,h512_a1e-05,0.19,0.1670512096130887,0.1670512096130887,300.0
wavtok_40_unify,esc50,1,mlp,h512_a1e-04,0.18,0.1585487106110353,0.1585487106110353,300.0
wavtok_40_unify,esc50,1,mlp,h512_a1e-03,0.2025,0.1784816888993359,0.1784816888993359,300.0
wavtok_40_unify,esc50,1,mlp,h512_a1e-02,0.19,0.1717451809389217,0.1717451809389217,300.0
wavtok_40_unify,esc50,1,knn,k11,0.1425,0.1315871506890082,0.1315871506890082,
wavtok_40_unify,esc50,2,mlp,h512_a1e-05,0.2125,0.1961877594369854,0.1961877594369854,300.0
wavtok_40_unify,esc50,2,mlp,h512_a1e-04,0.2125,0.1944759891848328,0.1944759891848328,300.0
wavtok_40_unify,esc50,2,mlp,h512_a1e-03,0.2075,0.1885780594706291,0.1885780594706291,300.0
wavtok_40_unify,esc50,2,mlp,h512_a1e-02,0.2025,0.1858538058313263,0.1858538058313263,300.0
wavtok_40_unify,esc50,2,knn,k11,0.1525,0.1438721310292585,0.1438721310292585,
wavtok_40_unify,esc50,3,mlp,h512_a1e-05,0.185,0.1703627659264353,0.1703627659264353,300.0
wavtok_40_unify,esc50,3,mlp,h512_a1e-04,0.195,0.1731511447253994,0.1731511447253994,300.0
wavtok_40_unify,esc50,3,mlp,h512_a1e-03,0.1825,0.1599715679265161,0.1599715679265161,300.0
wavtok_40_unify,esc50,3,mlp,h512_a1e-02,0.18,0.1567083000680389,0.1567083000680389,300.0
wavtok_40_unify,esc50,3,knn,k11,0.165,0.1524547956866573,0.1524547956866573,
wavtok_40_unify,esc50,4,mlp,h512_a1e-05,0.2175,0.1942643665569207,0.1942643665569207,245.0
wavtok_40_unify,esc50,4,mlp,h512_a1e-04,0.2075,0.1901014935469101,0.1901014935469101,300.0
wavtok_40_unify,esc50,4,mlp,h512_a1e-03,0.205,0.1896230316922873,0.1896230316922873,300.0
wavtok_40_unify,esc50,4,mlp,h512_a1e-02,0.2175,0.2026664147626569,0.2026664147626569,300.0
wavtok_40_unify,esc50,4,knn,k11,0.18,0.1695077697328471,0.1695077697328471,
wavtok_40_unify,esc50,5,mlp,h512_a1e-05,0.1625,0.141380298579989,0.141380298579989,300.0
wavtok_40_unify,esc50,5,mlp,h512_a1e-04,0.145,0.1276378352708024,0.1276378352708024,300.0
wavtok_40_unify,esc50,5,mlp,h512_a1e-03,0.1525,0.1334784251255404,0.1334784251255404,300.0
wavtok_40_unify,esc50,5,mlp,h512_a1e-02,0.1525,0.1345220751270286,0.1345220751270286,300.0
wavtok_40_unify,esc50,5,knn,k11,0.13,0.1217468492306963,0.1217468492306963,
encodec_24k,iemocap_4class,Ses01,mlp,h512_a1e-05,0.43754674644727,0.4321943202526928,0.4121979317554685,290.0
encodec_24k,iemocap_4class,Ses01,mlp,h512_a1e-04,0.4397905759162304,0.4343986539997581,0.4182332586146425,300.0
encodec_24k,iemocap_4class,Ses01,mlp,h512_a1e-03,0.4233358264771877,0.425516311337714,0.4050392669208059,300.0
encodec_24k,iemocap_4class,Ses01,mlp,h512_a1e-02,0.431563201196709,0.4325738492661074,0.4119622098439627,300.0
encodec_24k,iemocap_4class,Ses01,knn,k11,0.4308152580403889,0.4188920351708156,0.4050991009303268,
encodec_24k,iemocap_4class,Ses02,mlp,h512_a1e-05,0.4473049074818986,0.4240881858339158,0.441702152694672,300.0
encodec_24k,iemocap_4class,Ses02,mlp,h512_a1e-04,0.4577634754625905,0.4241919650503939,0.4518266294382026,300.0
encodec_24k,iemocap_4class,Ses02,mlp,h512_a1e-03,0.4505229283990346,0.4205859089131147,0.436894076229058,300.0
encodec_24k,iemocap_4class,Ses02,mlp,h512_a1e-02,0.4537409493161705,0.4307219031685547,0.4480308589491619,300.0
encodec_24k,iemocap_4class,Ses02,knn,k11,0.4529364440868865,0.4380384528286073,0.4407329854843541,
encodec_24k,iemocap_4class,Ses03,mlp,h512_a1e-05,0.4396433470507545,0.4241553527600452,0.4367313704758698,300.0
encodec_24k,iemocap_4class,Ses03,mlp,h512_a1e-04,0.443758573388203,0.4291078450450318,0.4396508274352874,300.0
encodec_24k,iemocap_4class,Ses03,mlp,h512_a1e-03,0.4417009602194787,0.4260784419379498,0.437814943398562,300.0
encodec_24k,iemocap_4class,Ses03,mlp,h512_a1e-02,0.4465020576131687,0.4266893880486738,0.439730651751114,300.0
encodec_24k,iemocap_4class,Ses03,knn,k11,0.3957475994513031,0.3678383062639585,0.3764305884005327,
encodec_24k,iemocap_4class,Ses04,mlp,h512_a1e-05,0.4572072072072072,0.4218893579856804,0.4521932518838955,300.0
encodec_24k,iemocap_4class,Ses04,mlp,h512_a1e-04,0.4737237237237237,0.4369312970691512,0.4661933724777619,300.0
encodec_24k,iemocap_4class,Ses04,mlp,h512_a1e-03,0.4602102102102102,0.4239881141329947,0.4506113080123274,300.0
encodec_24k,iemocap_4class,Ses04,mlp,h512_a1e-02,0.4632132132132132,0.4346803168943588,0.458165905438511,300.0
encodec_24k,iemocap_4class,Ses04,knn,k11,0.4902402402402402,0.4591322252882296,0.4807436447525653,
encodec_24k,iemocap_4class,Ses05,mlp,h512_a1e-05,0.444591904445919,0.4403979506804756,0.4492469110925475,300.0
encodec_24k,iemocap_4class,Ses05,mlp,h512_a1e-04,0.4505640345056403,0.4446645196586081,0.4542128829798257,300.0
encodec_24k,iemocap_4class,Ses05,mlp,h512_a1e-03,0.4664897146648971,0.4545749463822474,0.4689000734389026,300.0
encodec_24k,iemocap_4class,Ses05,mlp,h512_a1e-02,0.4505640345056403,0.4511979129658302,0.4525151041870578,287.0
encodec_24k,iemocap_4class,Ses05,knn,k11,0.424684804246848,0.4113017805053776,0.4113336711335895,
encodec_24k,ravdess,1,mlp,h512_a1e-05,0.4066666666666667,0.3881750000982283,0.4013549207396975,300.0
encodec_24k,ravdess,1,mlp,h512_a1e-04,0.41,0.388855767902683,0.4020810730644492,300.0
encodec_24k,ravdess,1,mlp,h512_a1e-03,0.41,0.3890095199660008,0.4019353578824334,300.0
encodec_24k,ravdess,1,mlp,h512_a1e-02,0.4133333333333333,0.3928136747422693,0.4034973770894283,300.0
encodec_24k,ravdess,1,knn,k11,0.3533333333333333,0.3097712622122396,0.322803632074008,
encodec_24k,ravdess,2,mlp,h512_a1e-05,0.42,0.4241767069814297,0.4241723258306967,300.0
encodec_24k,ravdess,2,mlp,h512_a1e-04,0.43,0.4351775485362636,0.4359065568225196,300.0
encodec_24k,ravdess,2,mlp,h512_a1e-03,0.4266666666666667,0.4300810577383922,0.4304702999714567,300.0
encodec_24k,ravdess,2,mlp,h512_a1e-02,0.42,0.4246578899367516,0.4246855876497068,300.0
encodec_24k,ravdess,2,knn,k11,0.27,0.2373689786729063,0.2433170340412235,
encodec_24k,ravdess,3,mlp,h512_a1e-05,0.4166666666666667,0.4045098105436703,0.4136993534688039,300.0
encodec_24k,ravdess,3,mlp,h512_a1e-04,0.4133333333333333,0.4000134030904587,0.4096596867007447,300.0
encodec_24k,ravdess,3,mlp,h512_a1e-03,0.4133333333333333,0.4001233423028096,0.4094069274418375,300.0
encodec_24k,ravdess,3,mlp,h512_a1e-02,0.41,0.3971506804899555,0.4066061159268745,300.0
encodec_24k,ravdess,3,knn,k11,0.3333333333333333,0.2931711418078613,0.3053084771876447,
encodec_24k,ravdess,4,mlp,h512_a1e-05,0.38,0.3642298258790017,0.3689039711336802,300.0
encodec_24k,ravdess,4,mlp,h512_a1e-04,0.39,0.3735489351083912,0.3782501772469304,300.0
encodec_24k,ravdess,4,mlp,h512_a1e-03,0.3733333333333333,0.355460051355343,0.3595495449751109,300.0
encodec_24k,ravdess,4,mlp,h512_a1e-02,0.3833333333333333,0.365895745286846,0.3700867747706155,300.0
encodec_24k,ravdess,4,knn,k11,0.3366666666666666,0.2993156575812954,0.3148255903089373,
encodec_24k,ravdess,5,mlp,h512_a1e-05,0.3416666666666667,0.3209864260172882,0.3349781136777,300.0
encodec_24k,ravdess,5,mlp,h512_a1e-04,0.3458333333333333,0.327406048247468,0.3418257107232251,300.0
encodec_24k,ravdess,5,mlp,h512_a1e-03,0.3333333333333333,0.3144297710087184,0.3283742118829838,300.0
encodec_24k,ravdess,5,mlp,h512_a1e-02,0.3458333333333333,0.3254896145195939,0.3401713782945844,300.0
encodec_24k,ravdess,5,knn,k11,0.3041666666666666,0.2742980731127222,0.2820582955307634,
encodec_24k,cremad,1,mlp,h512_a1e-05,0.3775178687459389,0.3767523505851026,0.3790397896363346,300.0
encodec_24k,cremad,1,mlp,h512_a1e-04,0.3788174139051332,0.3793321174193913,0.3810083142128094,300.0
encodec_24k,cremad,1,mlp,h512_a1e-03,0.3762183235867446,0.3750912267088427,0.3775725621428578,300.0
encodec_24k,cremad,1,mlp,h512_a1e-02,0.3794671864847303,0.3812882379441931,0.3830927980637575,300.0
encodec_24k,cremad,1,knn,k11,0.3684210526315789,0.3312460761221502,0.3327590836853615,
encodec_24k,cremad,2,mlp,h512_a1e-05,0.4537869062901155,0.4494532174235226,0.4503229763009677,300.0
encodec_24k,cremad,2,mlp,h512_a1e-04,0.4409499358151476,0.4346544606636287,0.435228108395906,300.0
encodec_24k,cremad,2,mlp,h512_a1e-03,0.4428754813863928,0.4368972149091979,0.4380681496901811,300.0
encodec_24k,cremad,2,mlp,h512_a1e-02,0.438382541720154,0.431036773642788,0.4320471732533342,300.0
encodec_24k,cremad,2,knn,k11,0.3857509627727856,0.3365315893671713,0.3369347988639316,
encodec_24k,cremad,3,mlp,h512_a1e-05,0.4370988446726572,0.4336039468879816,0.4339672567990416,300.0
encodec_24k,cremad,3,mlp,h512_a1e-04,0.4345314505776637,0.4295066120029625,0.4302931080524835,300.0
encodec_24k,cremad,3,mlp,h512_a1e-03,0.4293966623876765,0.4247563906825161,0.4252541605507005,300.0
encodec_24k,cremad,3,mlp,h512_a1e-02,0.4191270860077022,0.4172421979641796,0.4179033606182332,300.0
encodec_24k,cremad,3,knn,k11,0.4005134788189987,0.3495016114152764,0.3484843631276297,
encodec_24k,cremad,4,mlp,h512_a1e-05,0.394990366088632,0.3947459031929797,0.395586822552959,300.0
encodec_24k,cremad,4,mlp,h512_a1e-04,0.394990366088632,0.3951536789870268,0.3953970146107566,300.0
encodec_24k,cremad,4,mlp,h512_a1e-03,0.4046242774566474,0.4047586166311288,0.4056957106814622,300.0
encodec_24k,cremad,4,mlp,h512_a1e-02,0.3924213230571612,0.3919349645886825,0.3927039805758928,300.0
encodec_24k,cremad,4,knn,k11,0.4026974951830443,0.3636892096891012,0.3640814982767744,
encodec_24k,cremad,5,mlp,h512_a1e-05,0.3902439024390244,0.3829600481840864,0.3853318960492035,300.0
encodec_24k,cremad,5,mlp,h512_a1e-04,0.3878048780487805,0.3825739647971069,0.3844595942337501,300.0
encodec_24k,cremad,5,mlp,h512_a1e-03,0.3983739837398374,0.3901382178220432,0.392293414648703,300.0
encodec_24k,cremad,5,mlp,h512_a1e-02,0.3959349593495935,0.3908010175768683,0.3919047073172822,300.0
encodec_24k,cremad,5,knn,k11,0.3536585365853658,0.3069576897764084,0.3103962894359686,
encodec_24k,esc50,1,mlp,h512_a1e-05,0.39,0.3840660332787268,0.3840660332787268,300.0
encodec_24k,esc50,1,mlp,h512_a1e-04,0.3975,0.3951898342455617,0.3951898342455617,273.0
encodec_24k,esc50,1,mlp,h512_a1e-03,0.39,0.3858612330222237,0.3858612330222237,273.0
encodec_24k,esc50,1,mlp,h512_a1e-02,0.3875,0.3850563258894528,0.3850563258894528,273.0
encodec_24k,esc50,1,knn,k11,0.325,0.2992622998700254,0.2992622998700254,
encodec_24k,esc50,2,mlp,h512_a1e-05,0.3975,0.3870955144614587,0.3870955144614587,300.0
encodec_24k,esc50,2,mlp,h512_a1e-04,0.4025,0.3920681570937999,0.3920681570937999,300.0
encodec_24k,esc50,2,mlp,h512_a1e-03,0.385,0.3727408737222306,0.3727408737222306,300.0
encodec_24k,esc50,2,mlp,h512_a1e-02,0.3975,0.3828350601926453,0.3828350601926453,300.0
encodec_24k,esc50,2,knn,k11,0.2675,0.2417383685164827,0.2417383685164827,
encodec_24k,esc50,3,mlp,h512_a1e-05,0.3775,0.3608777356114817,0.3608777356114817,300.0
encodec_24k,esc50,3,mlp,h512_a1e-04,0.3725,0.3566717108066549,0.3566717108066549,300.0
encodec_24k,esc50,3,mlp,h512_a1e-03,0.39,0.3746940184970202,0.3746940184970202,300.0
encodec_24k,esc50,3,mlp,h512_a1e-02,0.385,0.3678071583387373,0.3678071583387373,300.0
encodec_24k,esc50,3,knn,k11,0.295,0.2587209829672678,0.2587209829672678,
encodec_24k,esc50,4,mlp,h512_a1e-05,0.43,0.4020833336254389,0.4020833336254389,300.0
encodec_24k,esc50,4,mlp,h512_a1e-04,0.43,0.4006818006405435,0.4006818006405435,300.0
encodec_24k,esc50,4,mlp,h512_a1e-03,0.4325,0.4058070269256028,0.4058070269256028,300.0
encodec_24k,esc50,4,mlp,h512_a1e-02,0.435,0.4075321014726587,0.4075321014726587,300.0
encodec_24k,esc50,4,knn,k11,0.31,0.2794745923002081,0.2794745923002081,
encodec_24k,esc50,5,mlp,h512_a1e-05,0.375,0.3584073198230555,0.3584073198230555,300.0
encodec_24k,esc50,5,mlp,h512_a1e-04,0.385,0.3679891546362134,0.3679891546362134,300.0
encodec_24k,esc50,5,mlp,h512_a1e-03,0.3775,0.3637082989265113,0.3637082989265113,300.0
encodec_24k,esc50,5,mlp,h512_a1e-02,0.375,0.3600346210392111,0.3600346210392111,300.0
encodec_24k,esc50,5,knn,k11,0.2725,0.255578340926478,0.255578340926478,
dacvae,iemocap_4class,Ses01,mlp,h512_a1e-05,0.4480179506357516,0.4281974843525686,0.4205831545666283,131.0
dacvae,iemocap_4class,Ses01,mlp,h512_a1e-04,0.4412864622288706,0.4229101318832982,0.4142326142565056,131.0
dacvae,iemocap_4class,Ses01,mlp,h512_a1e-03,0.4442782348541511,0.4243984845877888,0.4167168211836201,131.0
dacvae,iemocap_4class,Ses01,mlp,h512_a1e-02,0.4442782348541511,0.4223804058813357,0.4120208299942069,143.0
dacvae,iemocap_4class,Ses01,knn,k11,0.431563201196709,0.413877486473675,0.3854419995132012,
dacvae,iemocap_4class,Ses02,mlp,h512_a1e-05,0.4489139179404666,0.4187775612557534,0.4387905579824355,161.0
dacvae,iemocap_4class,Ses02,mlp,h512_a1e-04,0.4384553499597747,0.4049675598902046,0.426467839679637,156.0
dacvae,iemocap_4class,Ses02,mlp,h512_a1e-03,0.4432823813354787,0.4120210192746964,0.4307451569121956,156.0
dacvae,iemocap_4class,Ses02,mlp,h512_a1e-02,0.4432823813354787,0.4150542549066486,0.4334265848957183,144.0
dacvae,iemocap_4class,Ses02,knn,k11,0.4279967819790828,0.4130724087095299,0.415480110243956,
dacvae,iemocap_4class,Ses03,mlp,h512_a1e-05,0.4272976680384088,0.423757863842424,0.4288755860199739,125.0
dacvae,iemocap_4class,Ses03,mlp,h512_a1e-04,0.4259259259259259,0.4220725895592823,0.4278425788033516,125.0
dacvae,iemocap_4class,Ses03,mlp,h512_a1e-03,0.4252400548696845,0.4211563562156002,0.4274466336587151,125.0
dacvae,iemocap_4class,Ses03,mlp,h512_a1e-02,0.4279835390946502,0.4237437040059157,0.4300052403017642,134.0
dacvae,iemocap_4class,Ses03,knn,k11,0.3978052126200274,0.3716084810908425,0.365125978846283,
dacvae,iemocap_4class,Ses04,mlp,h512_a1e-05,0.4572072072072072,0.4105599108341166,0.4538945182739831,127.0
dacvae,iemocap_4class,Ses04,mlp,h512_a1e-04,0.4527027027027027,0.4014762641225479,0.4491729922639265,127.0
dacvae,iemocap_4class,Ses04,mlp,h512_a1e-03,0.4632132132132132,0.4161283603338358,0.4596353780511579,127.0
dacvae,iemocap_4class,Ses04,mlp,h512_a1e-02,0.4542042042042042,0.4055492829062161,0.4505685739115519,124.0
dacvae,iemocap_4class,Ses04,knn,k11,0.4617117117117117,0.4298155153385402,0.4592746194752871,
dacvae,iemocap_4class,Ses05,mlp,h512_a1e-05,0.418049104180491,0.411512117418478,0.4113281208109098,126.0
dacvae,iemocap_4class,Ses05,mlp,h512_a1e-04,0.418049104180491,0.4099922055634595,0.4107780261678742,126.0
dacvae,iemocap_4class,Ses05,mlp,h512_a1e-03,0.4173855341738553,0.4119527891261132,0.4115017911042899,123.0
dacvae,iemocap_4class,Ses05,mlp,h512_a1e-02,0.4147312541473125,0.4079712577356538,0.4084325732051635,134.0
dacvae,iemocap_4class,Ses05,knn,k11,0.4140676841406768,0.4063165342811005,0.4032458114425166,
dacvae,ravdess,1,mlp,h512_a1e-05,0.34,0.3415647572588908,0.3408063293114443,144.0
dacvae,ravdess,1,mlp,h512_a1e-04,0.34,0.3415647572588908,0.3408063293114443,144.0
dacvae,ravdess,1,mlp,h512_a1e-03,0.3433333333333333,0.3444049538878687,0.3445081412899172,142.0
dacvae,ravdess,1,mlp,h512_a1e-02,0.3433333333333333,0.3462090361859444,0.3457602268336348,137.0
dacvae,ravdess,1,knn,k11,0.28,0.2543840557353764,0.2522953737367825,
dacvae,ravdess,2,mlp,h512_a1e-05,0.29,0.2708903961369329,0.2803476053417607,140.0
dacvae,ravdess,2,mlp,h512_a1e-04,0.29,0.2704456216739792,0.2798731792479434,140.0
dacvae,ravdess,2,mlp,h512_a1e-03,0.29,0.2711692661254612,0.2806450666628575,140.0
dacvae,ravdess,2,mlp,h512_a1e-02,0.2933333333333333,0.2736266418086427,0.2832662673915845,137.0
dacvae,ravdess,2,knn,k11,0.26,0.1948945903543742,0.2078875630446658,
dacvae,ravdess,3,mlp,h512_a1e-05,0.3633333333333333,0.3501887126831857,0.3501428139965675,142.0
dacvae,ravdess,3,mlp,h512_a1e-04,0.3633333333333333,0.3501887126831857,0.3501428139965675,142.0
dacvae,ravdess,3,mlp,h512_a1e-03,0.3666666666666666,0.3525837025011117,0.3526974698023554,142.0
dacvae,ravdess,3,mlp,h512_a1e-02,0.36,0.3468836146821194,0.3466173761287636,134.0
dacvae,ravdess,3,knn,k11,0.27,0.2406269245617363,0.2441687195325187,
dacvae,ravdess,4,mlp,h512_a1e-05,0.3266666666666666,0.3069828559005973,0.3191150462939705,146.0
dacvae,ravdess,4,mlp,h512_a1e-04,0.3266666666666666,0.3069828559005973,0.3191150462939705,146.0
dacvae,ravdess,4,mlp,h512_a1e-03,0.33,0.3101067723324812,0.3224472238213132,146.0
dacvae,ravdess,4,mlp,h512_a1e-02,0.3233333333333333,0.3044329175567084,0.3161262948561879,137.0
dacvae,ravdess,4,knn,k11,0.3133333333333333,0.2731358019941262,0.2750846928587753,
dacvae,ravdess,5,mlp,h512_a1e-05,0.3375,0.3202423444183873,0.3262072186616643,150.0
dacvae,ravdess,5,mlp,h512_a1e-04,0.3375,0.3191063268942458,0.3249954666359134,150.0
dacvae,ravdess,5,mlp,h512_a1e-03,0.3291666666666666,0.3088210977082604,0.3140245555041957,150.0
dacvae,ravdess,5,mlp,h512_a1e-02,0.3375,0.3155264566305601,0.3211769383546488,150.0
dacvae,ravdess,5,knn,k11,0.3208333333333333,0.2744520607376447,0.2874155314534877,
dacvae,cremad,1,mlp,h512_a1e-05,0.3554256010396361,0.353353336468559,0.3557327134687895,125.0
dacvae,cremad,1,mlp,h512_a1e-04,0.3541260558804418,0.3508034126535824,0.35347872155283,125.0
dacvae,cremad,1,mlp,h512_a1e-03,0.350227420402859,0.3472618314495716,0.3497608009942343,123.0
dacvae,cremad,1,mlp,h512_a1e-02,0.3521767381416504,0.3485020386322277,0.3513626873721668,149.0
dacvae,cremad,1,knn,k11,0.3261858349577647,0.274170663308618,0.2777180505938522,
dacvae,cremad,2,mlp,h512_a1e-05,0.3613607188703466,0.3560131700271083,0.3567986248129031,121.0
dacvae,cremad,2,mlp,h512_a1e-04,0.358793324775353,0.3542033596949412,0.3546010137514278,121.0
dacvae,cremad,2,mlp,h512_a1e-03,0.3600770218228498,0.3549651037858707,0.3555301737556958,121.0
dacvae,cremad,2,mlp,h512_a1e-02,0.3677792041078305,0.3620868327106734,0.3628627254753775,121.0
dacvae,cremad,2,knn,k11,0.3267008985879333,0.2680894853204023,0.2705379639049478,
dacvae,cremad,3,mlp,h512_a1e-05,0.358793324775353,0.3567016778867737,0.3570273861404759,128.0
dacvae,cremad,3,mlp,h512_a1e-04,0.3664955070603337,0.3609657035138944,0.3612509072758833,121.0
dacvae,cremad,3,mlp,h512_a1e-03,0.3677792041078305,0.3638093658388879,0.3640014917522795,121.0
dacvae,cremad,3,mlp,h512_a1e-02,0.358793324775353,0.3547647543278553,0.3549249842117775,121.0
dacvae,cremad,3,knn,k11,0.355584082156611,0.2962686211703289,0.2997879611039814,
dacvae,cremad,4,mlp,h512_a1e-05,0.3384714193962749,0.3363412402748092,0.3384891264182437,125.0
dacvae,cremad,4,mlp,h512_a1e-04,0.3384714193962749,0.3371246175594722,0.33929212586996,125.0
dacvae,cremad,4,mlp,h512_a1e-03,0.3397559409120103,0.3379708813892639,0.3400562391991742,125.0
dacvae,cremad,4,mlp,h512_a1e-02,0.3468208092485549,0.3443833096717974,0.3459027912377129,160.0
dacvae,cremad,4,knn,k11,0.3493898522800256,0.295836364962385,0.2986133369605629,
dacvae,cremad,5,mlp,h512_a1e-05,0.3276422764227642,0.3160638486754295,0.316819848074753,134.0
dacvae,cremad,5,mlp,h512_a1e-04,0.3430894308943089,0.3246652657786459,0.3257747551543934,157.0
dacvae,cremad,5,mlp,h512_a1e-03,0.3512195121951219,0.3332291869109348,0.3339287901393611,157.0
dacvae,cremad,5,mlp,h512_a1e-02,0.3439024390243902,0.3272885667509531,0.3279221892651685,112.0
dacvae,cremad,5,knn,k11,0.3268292682926829,0.2686122845186989,0.2712858569240431,
dacvae,esc50,1,mlp,h512_a1e-05,0.2975,0.2967360763419587,0.2967360763419587,287.0
dacvae,esc50,1,mlp,h512_a1e-04,0.295,0.2933440289328834,0.2933440289328834,287.0
dacvae,esc50,1,mlp,h512_a1e-03,0.295,0.2931629081273044,0.2931629081273044,267.0
dacvae,esc50,1,mlp,h512_a1e-02,0.2975,0.289447866856226,0.289447866856226,300.0
dacvae,esc50,1,knn,k11,0.255,0.2383077202482236,0.2383077202482236,
dacvae,esc50,2,mlp,h512_a1e-05,0.2925,0.2861006959792125,0.2861006959792125,282.0
dacvae,esc50,2,mlp,h512_a1e-04,0.29,0.2824977740122308,0.2824977740122308,282.0
dacvae,esc50,2,mlp,h512_a1e-03,0.2925,0.2849905504883833,0.2849905504883833,291.0
dacvae,esc50,2,mlp,h512_a1e-02,0.29,0.2809807404497806,0.2809807404497806,300.0
dacvae,esc50,2,knn,k11,0.235,0.2174518730573567,0.2174518730573567,
dacvae,esc50,3,mlp,h512_a1e-05,0.375,0.3562878999076334,0.3562878999076334,284.0
dacvae,esc50,3,mlp,h512_a1e-04,0.3775,0.3577991872248838,0.3577991872248838,284.0
dacvae,esc50,3,mlp,h512_a1e-03,0.375,0.3534985220504806,0.3534985220504806,300.0
dacvae,esc50,3,mlp,h512_a1e-02,0.3725,0.3537274633205445,0.3537274633205445,300.0
dacvae,esc50,3,knn,k11,0.3025,0.2741525553336699,0.2741525553336699,
dacvae,esc50,4,mlp,h512_a1e-05,0.345,0.3323135812244171,0.3323135812244171,300.0
dacvae,esc50,4,mlp,h512_a1e-04,0.345,0.3317210951071632,0.3317210951071632,299.0
dacvae,esc50,4,mlp,h512_a1e-03,0.3475,0.3346617015251689,0.3346617015251689,300.0
dacvae,esc50,4,mlp,h512_a1e-02,0.3325,0.3189137858357672,0.3189137858357672,300.0
dacvae,esc50,4,knn,k11,0.3,0.2646173605473511,0.2646173605473511,
dacvae,esc50,5,mlp,h512_a1e-05,0.32,0.3094483313384242,0.3094483313384242,258.0
dacvae,esc50,5,mlp,h512_a1e-04,0.3225,0.3118253655529197,0.3118253655529197,258.0
dacvae,esc50,5,mlp,h512_a1e-03,0.3325,0.3216517149860802,0.3216517149860802,291.0
dacvae,esc50,5,mlp,h512_a1e-02,0.33,0.3172528800001542,0.3172528800001542,300.0
dacvae,esc50,5,knn,k11,0.2575,0.2332729581593106,0.2332729581593106,
mel_only,iemocap_4class,Ses01,mlp,h64x3_a1e-05,0.3769633507853403,0.35823388934414746,0.3397523047377422,500.0
mel_only,iemocap_4class,Ses01,mlp,h64x3_a1e-04,0.3844427823485415,0.37915749280018934,0.3686527843464601,334.0
mel_only,iemocap_4class,Ses01,mlp,h64x3_a1e-03,0.34181002243829467,0.3077592666847474,0.3124996650230531,500.0
mel_only,iemocap_4class,Ses01,mlp,h64x3_a1e-02,0.4023934181002244,0.3861148486475712,0.3892571834294923,500.0
mel_only,iemocap_4class,Ses02,mlp,h64x3_a1e-05,0.4497184231697506,0.42389126985824976,0.44369728662891095,500.0
mel_only,iemocap_4class,Ses02,mlp,h64x3_a1e-04,0.4320193081255028,0.4157561066442317,0.4330020299714707,500.0
mel_only,iemocap_4class,Ses02,mlp,h64x3_a1e-03,0.43041029766693484,0.4145785768087288,0.43340697861749744,500.0
mel_only,iemocap_4class,Ses02,mlp,h64x3_a1e-02,0.43925985518905875,0.4265524709920232,0.44090912989625847,500.0
mel_only,iemocap_4class,Ses03,mlp,h64x3_a1e-05,0.4094650205761317,0.40635288839287637,0.4101333396676572,314.0
mel_only,iemocap_4class,Ses03,mlp,h64x3_a1e-04,0.4163237311385459,0.40632206179194164,0.411988617356409,500.0
mel_only,iemocap_4class,Ses03,mlp,h64x3_a1e-03,0.41289437585733885,0.395852960884359,0.40541382836368645,500.0
mel_only,iemocap_4class,Ses03,mlp,h64x3_a1e-02,0.40329218106995884,0.3926924667102255,0.40142304816958746,500.0
mel_only,iemocap_4class,Ses04,mlp,h64x3_a1e-05,0.49024024024024027,0.4378552742516573,0.47608162805198717,500.0
mel_only,iemocap_4class,Ses04,mlp,h64x3_a1e-04,0.4797297297297297,0.44496840778281704,0.47965154021185846,500.0
mel_only,iemocap_4class,Ses04,mlp,h64x3_a1e-03,0.47072072072072074,0.4217486847571994,0.4611337847435818,500.0
mel_only,iemocap_4class,Ses04,mlp,h64x3_a1e-02,0.45645645645645644,0.39393884902605447,0.44933085606156714,500.0
mel_only,iemocap_4class,Ses05,mlp,h64x3_a1e-05,0.40212342402123424,0.3770723510364963,0.4052877678883066,500.0
mel_only,iemocap_4class,Ses05,mlp,h64x3_a1e-04,0.4107498341074983,0.37807140266791245,0.4087333174122993,497.0
mel_only,iemocap_4class,Ses05,mlp,h64x3_a1e-03,0.39946914399469147,0.3713418494238799,0.3965240171219116,500.0
mel_only,iemocap_4class,Ses05,mlp,h64x3_a1e-02,0.4233576642335766,0.39605437635988927,0.419025658594088,500.0
mel_only,ravdess,1,mlp,h64x3_a1e-05,0.34,0.3052025138068898,0.32204057613085785,386.0
mel_only,ravdess,1,mlp,h64x3_a1e-04,0.36333333333333334,0.3423779795787387,0.35818563435767214,420.0
mel_only,ravdess,1,mlp,h64x3_a1e-03,0.35,0.3283782966205268,0.3436035163952287,441.0
mel_only,ravdess,1,mlp,h64x3_a1e-02,0.36333333333333334,0.35107978539874896,0.3649612949015226,383.0
mel_only,ravdess,2,mlp,h64x3_a1e-05,0.36,0.34286613657165516,0.3554674687533552,500.0
mel_only,ravdess,2,mlp,h64x3_a1e-04,0.36,0.3318776523509021,0.35400282917429554,500.0
mel_only,ravdess,2,mlp,h64x3_a1e-03,0.35333333333333333,0.34566828804858085,0.3553795072518195,500.0
mel_only,ravdess,2,mlp,h64x3_a1e-02,0.3566666666666667,0.3291245122167655,0.3510661463645498,500.0
mel_only,ravdess,3,mlp,h64x3_a1e-05,0.38,0.3788566657311059,0.38633599900206844,365.0
mel_only,ravdess,3,mlp,h64x3_a1e-04,0.3466666666666667,0.3352821215514702,0.34130773237599,500.0
mel_only,ravdess,3,mlp,h64x3_a1e-03,0.35,0.34626334343101883,0.35225354923240304,500.0
mel_only,ravdess,3,mlp,h64x3_a1e-02,0.38666666666666666,0.3843632667981315,0.3867990787875721,459.0
mel_only,ravdess,4,mlp,h64x3_a1e-05,0.3933333333333333,0.37924370733766843,0.387859954493513,500.0
mel_only,ravdess,4,mlp,h64x3_a1e-04,0.38666666666666666,0.3763285523866825,0.38058378921246133,500.0
mel_only,ravdess,4,mlp,h64x3_a1e-03,0.37,0.34956019823310064,0.3574795960640253,377.0
mel_only,ravdess,4,mlp,h64x3_a1e-02,0.36333333333333334,0.35157325907416287,0.3566206717480726,500.0
mel_only,ravdess,5,mlp,h64x3_a1e-05,0.32083333333333336,0.28882218645588187,0.2964827959877232,387.0
mel_only,ravdess,5,mlp,h64x3_a1e-04,0.3,0.27444632950905196,0.28286620826644554,500.0
mel_only,ravdess,5,mlp,h64x3_a1e-03,0.31666666666666665,0.296021603899339,0.30549996723621803,393.0
mel_only,ravdess,5,mlp,h64x3_a1e-02,0.3416666666666667,0.3258694756316784,0.32708128682763643,500.0
mel_only,cremad,1,mlp,h64x3_a1e-05,0.3144899285250162,0.3058774737766889,0.30774384768141677,500.0
mel_only,cremad,1,mlp,h64x3_a1e-04,0.34632878492527613,0.3292927315703448,0.33191519090649824,500.0
mel_only,cremad,1,mlp,h64x3_a1e-03,0.31643924626380765,0.3179887342391952,0.3203023209808943,500.0
mel_only,cremad,1,mlp,h64x3_a1e-02,0.3190383365821962,0.31219791255121804,0.3138210059961301,500.0
mel_only,cremad,2,mlp,h64x3_a1e-05,0.4184852374839538,0.4167365458164964,0.4170777787529148,500.0
mel_only,cremad,2,mlp,h64x3_a1e-04,0.42041078305519897,0.4165312343143049,0.41758164555454713,500.0
mel_only,cremad,2,mlp,h64x3_a1e-03,0.417201540436457,0.41402770341746314,0.4153216569213989,500.0
mel_only,cremad,2,mlp,h64x3_a1e-02,0.417201540436457,0.4142391210738999,0.41585375291262244,473.0
mel_only,cremad,3,mlp,h64x3_a1e-05,0.42041078305519897,0.4130064298107348,0.4141617386714887,500.0
mel_only,cremad,3,mlp,h64x3_a1e-04,0.4024390243902439,0.40169162052649626,0.40301939792341707,500.0
mel_only,cremad,3,mlp,h64x3_a1e-03,0.4159178433889602,0.4087535464955963,0.4096549775858579,500.0
mel_only,cremad,3,mlp,h64x3_a1e-02,0.4120667522464698,0.40653276076448835,0.40769272178375976,500.0
mel_only,cremad,4,mlp,h64x3_a1e-05,0.3821451509312781,0.38023080452626523,0.38044800150022223,500.0
mel_only,cremad,4,mlp,h64x3_a1e-04,0.38985228002569045,0.3841945694787197,0.38445811463095275,500.0
mel_only,cremad,4,mlp,h64x3_a1e-03,0.3904945407835581,0.38991853608971644,0.3889818788447668,477.0
mel_only,cremad,4,mlp,h64x3_a1e-02,0.3590237636480411,0.3546443211002384,0.3542718375244921,500.0
mel_only,cremad,5,mlp,h64x3_a1e-05,0.33658536585365856,0.3192476631237385,0.32336254187288815,500.0
mel_only,cremad,5,mlp,h64x3_a1e-04,0.35528455284552846,0.3339898329013373,0.33708366157837344,500.0
mel_only,cremad,5,mlp,h64x3_a1e-03,0.34065040650406503,0.32646376743284755,0.3297392052115673,500.0
mel_only,cremad,5,mlp,h64x3_a1e-02,0.33658536585365856,0.30872967152983416,0.3121000870388809,482.0
mel_only,esc50,1,mlp,h64x3_a1e-05,0.28,0.2672141375995865,0.2672141375995865,500.0
mel_only,esc50,1,mlp,h64x3_a1e-04,0.2775,0.26713542088398734,0.26713542088398734,500.0
mel_only,esc50,1,mlp,h64x3_a1e-03,0.2825,0.2761701719183884,0.2761701719183884,500.0
mel_only,esc50,1,mlp,h64x3_a1e-02,0.285,0.27413671024687314,0.27413671024687314,500.0
mel_only,esc50,2,mlp,h64x3_a1e-05,0.215,0.20358724192259733,0.20358724192259733,500.0
mel_only,esc50,2,mlp,h64x3_a1e-04,0.24,0.22993120541487147,0.22993120541487147,500.0
mel_only,esc50,2,mlp,h64x3_a1e-03,0.2475,0.23530333638383177,0.23530333638383177,500.0
mel_only,esc50,2,mlp,h64x3_a1e-02,0.255,0.2474970698988871,0.2474970698988871,500.0
mel_only,esc50,3,mlp,h64x3_a1e-05,0.25,0.2321314064780884,0.2321314064780884,500.0
mel_only,esc50,3,mlp,h64x3_a1e-04,0.25,0.24527566453229396,0.24527566453229396,500.0
mel_only,esc50,3,mlp,h64x3_a1e-03,0.2825,0.27087291516010054,0.27087291516010054,500.0
mel_only,esc50,3,mlp,h64x3_a1e-02,0.2775,0.2624835105816395,0.2624835105816395,500.0
mel_only,esc50,4,mlp,h64x3_a1e-05,0.3375,0.3234848293777086,0.3234848293777086,500.0
mel_only,esc50,4,mlp,h64x3_a1e-04,0.3525,0.3323884366482293,0.3323884366482293,500.0
mel_only,esc50,4,mlp,h64x3_a1e-03,0.3375,0.31068024736365024,0.31068024736365024,500.0
mel_only,esc50,4,mlp,h64x3_a1e-02,0.325,0.3042192648708734,0.3042192648708734,500.0
mel_only,esc50,5,mlp,h64x3_a1e-05,0.265,0.2416082172490168,0.2416082172490168,500.0
mel_only,esc50,5,mlp,h64x3_a1e-04,0.2825,0.26477003989414816,0.26477003989414816,500.0
mel_only,esc50,5,mlp,h64x3_a1e-03,0.28,0.2649401623936554,0.2649401623936554,500.0
mel_only,esc50,5,mlp,h64x3_a1e-02,0.2825,0.2637926884604903,0.2637926884604903,500.0
whisper_tiny,iemocap_4class,Ses01,mlp,h64x3_a1e-05,0.637247569184742,0.6300327950548454,0.6266043487999826,92.0
whisper_tiny,iemocap_4class,Ses01,mlp,h64x3_a1e-04,0.6335078534031413,0.6282629332775906,0.6240491886974818,94.0
whisper_tiny,iemocap_4class,Ses01,mlp,h64x3_a1e-03,0.6305160807778609,0.6283839070013016,0.6207692892412973,92.0
whisper_tiny,iemocap_4class,Ses01,mlp,h64x3_a1e-02,0.6522064323111444,0.6473967568884258,0.6407277568169162,155.0
whisper_tiny,iemocap_4class,Ses02,mlp,h64x3_a1e-05,0.6757843925985519,0.6605949501380868,0.6682511242055026,92.0
whisper_tiny,iemocap_4class,Ses02,mlp,h64x3_a1e-04,0.6781979082864039,0.6643689384419651,0.6715248499508871,92.0
whisper_tiny,iemocap_4class,Ses02,mlp,h64x3_a1e-03,0.6733708769107,0.6670245774419447,0.6673989682083259,130.0
whisper_tiny,iemocap_4class,Ses02,mlp,h64x3_a1e-02,0.6733708769107,0.6552500796749263,0.6670452582425891,140.0
whisper_tiny,iemocap_4class,Ses03,mlp,h64x3_a1e-05,0.6111111111111112,0.6075355558656692,0.6106422300171949,95.0
whisper_tiny,iemocap_4class,Ses03,mlp,h64x3_a1e-04,0.6104252400548696,0.6080307299619901,0.6103182285653171,95.0
whisper_tiny,iemocap_4class,Ses03,mlp,h64x3_a1e-03,0.6035665294924554,0.6025430639430225,0.603705492836766,95.0
whisper_tiny,iemocap_4class,Ses03,mlp,h64x3_a1e-02,0.6145404663923183,0.6124863111354438,0.6148520487305275,163.0
whisper_tiny,iemocap_4class,Ses04,mlp,h64x3_a1e-05,0.6321321321321322,0.6185303767595827,0.6391853102438241,94.0
whisper_tiny,iemocap_4class,Ses04,mlp,h64x3_a1e-04,0.6306306306306306,0.6136742939640909,0.6379035818445494,95.0
whisper_tiny,iemocap_4class,Ses04,mlp,h64x3_a1e-03,0.6336336336336337,0.6193423180288615,0.6408395946344538,97.0
whisper_tiny,iemocap_4class,Ses04,mlp,h64x3_a1e-02,0.6366366366366366,0.6235445741692603,0.6433236094084619,150.0
whisper_tiny,iemocap_4class,Ses05,mlp,h64x3_a1e-05,0.6111479761114798,0.5936640440649161,0.6105291100343865,94.0
whisper_tiny,iemocap_4class,Ses05,mlp,h64x3_a1e-04,0.6151293961512939,0.6015538291197126,0.6153474934199852,94.0
whisper_tiny,iemocap_4class,Ses05,mlp,h64x3_a1e-03,0.6078301260783012,0.5930924237644956,0.6077334574754059,93.0
whisper_tiny,iemocap_4class,Ses05,mlp,h64x3_a1e-02,0.6184472461844724,0.6061933213616111,0.6178605861921425,147.0
whisper_tiny,ravdess,1,mlp,h64x3_a1e-05,0.7133333333333334,0.7026251525751309,0.7050223849690286,128.0
whisper_tiny,ravdess,1,mlp,h64x3_a1e-04,0.7233333333333334,0.7151295743617679,0.7145779289646093,128.0
whisper_tiny,ravdess,1,mlp,h64x3_a1e-03,0.7166666666666667,0.7090596162084442,0.7091080350667848,128.0
whisper_tiny,ravdess,1,mlp,h64x3_a1e-02,0.7233333333333334,0.7097921977091832,0.7134753139200984,500.0
whisper_tiny,ravdess,2,mlp,h64x3_a1e-05,0.6866666666666666,0.6929997644853079,0.6975330821176616,128.0
whisper_tiny,ravdess,2,mlp,h64x3_a1e-04,0.6766666666666666,0.682825914977736,0.6879436022388781,128.0
whisper_tiny,ravdess,2,mlp,h64x3_a1e-03,0.6833333333333333,0.6835653295106118,0.6935807959224303,128.0
whisper_tiny,ravdess,2,mlp,h64x3_a1e-02,0.6866666666666666,0.6889813058051586,0.6993578373032803,500.0
whisper_tiny,ravdess,3,mlp,h64x3_a1e-05,0.66,0.6457489721388051,0.6460316080172411,128.0
whisper_tiny,ravdess,3,mlp,h64x3_a1e-04,0.6633333333333333,0.6504514440047142,0.6510475780075442,128.0
whisper_tiny,ravdess,3,mlp,h64x3_a1e-03,0.6633333333333333,0.6496782860586783,0.6537744855214136,127.0
whisper_tiny,ravdess,3,mlp,h64x3_a1e-02,0.6966666666666667,0.6829153637922509,0.6889368818722281,500.0
whisper_tiny,ravdess,4,mlp,h64x3_a1e-05,0.66,0.6482835268143241,0.6604946766639611,128.0
whisper_tiny,ravdess,4,mlp,h64x3_a1e-04,0.6666666666666666,0.655010930945677,0.6661580011388035,128.0
whisper_tiny,ravdess,4,mlp,h64x3_a1e-03,0.6766666666666666,0.6650271128152827,0.6752537265378519,128.0
whisper_tiny,ravdess,4,mlp,h64x3_a1e-02,0.6733333333333333,0.6578837189081435,0.669996601755988,500.0
whisper_tiny,ravdess,5,mlp,h64x3_a1e-05,0.6458333333333334,0.6389429928812869,0.6370947479622616,129.0
whisper_tiny,ravdess,5,mlp,h64x3_a1e-04,0.65,0.6424000190674419,0.6407822425608269,126.0
whisper_tiny,ravdess,5,mlp,h64x3_a1e-03,0.65,0.6431697235009395,0.6416032606232244,126.0
whisper_tiny,ravdess,5,mlp,h64x3_a1e-02,0.6791666666666667,0.6676634839608085,0.6664600971772434,500.0
whisper_tiny,cremad,1,mlp,h64x3_a1e-05,0.6309291747888239,0.635886839898876,0.6342308545888746,157.0
whisper_tiny,cremad,1,mlp,h64x3_a1e-04,0.6270305393112411,0.631752064005603,0.6302715272427123,149.0
whisper_tiny,cremad,1,mlp,h64x3_a1e-03,0.6328784925276153,0.6380366308427523,0.6364984863927686,157.0
whisper_tiny,cremad,1,mlp,h64x3_a1e-02,0.6276803118908382,0.6329606930964188,0.6313938918210529,88.0
whisper_tiny,cremad,2,mlp,h64x3_a1e-05,0.686777920410783,0.6879936781919005,0.6858217693037795,125.0
whisper_tiny,cremad,2,mlp,h64x3_a1e-04,0.6732991014120667,0.6753534296347316,0.6734768406506604,151.0
whisper_tiny,cremad,2,mlp,h64x3_a1e-03,0.6816431322207959,0.6829523562856896,0.6808480047504437,125.0
whisper_tiny,cremad,2,mlp,h64x3_a1e-02,0.6797175866495507,0.680491852039518,0.6785677045659759,125.0
whisper_tiny,cremad,3,mlp,h64x3_a1e-05,0.6790757381258024,0.680547179773736,0.6781172960171661,150.0
whisper_tiny,cremad,3,mlp,h64x3_a1e-04,0.6732991014120667,0.6736849987433079,0.671579754810218,137.0
whisper_tiny,cremad,3,mlp,h64x3_a1e-03,0.6829268292682927,0.6829520579085394,0.6805628138841934,125.0
whisper_tiny,cremad,3,mlp,h64x3_a1e-02,0.6732991014120667,0.6745032145245031,0.6722748945713461,145.0
whisper_tiny,cremad,4,mlp,h64x3_a1e-05,0.6480411046885035,0.6474277420819693,0.6443690766311667,92.0
whisper_tiny,cremad,4,mlp,h64x3_a1e-04,0.653179190751445,0.6524587967108761,0.649688634172113,192.0
whisper_tiny,cremad,4,mlp,h64x3_a1e-03,0.6384071933204881,0.6386406077905267,0.6361808400310965,149.0
whisper_tiny,cremad,4,mlp,h64x3_a1e-02,0.653179190751445,0.6528925028001268,0.6502055831763569,118.0
whisper_tiny,cremad,5,mlp,h64x3_a1e-05,0.6617886178861788,0.6589305878799433,0.6570752363648199,118.0
whisper_tiny,cremad,5,mlp,h64x3_a1e-04,0.6642276422764227,0.6606777565775187,0.6586493515054576,151.0
whisper_tiny,cremad,5,mlp,h64x3_a1e-03,0.6747967479674797,0.6713312055437686,0.6693364250208717,118.0
whisper_tiny,cremad,5,mlp,h64x3_a1e-02,0.6487804878048781,0.6447381495263067,0.6430593766075343,137.0
whisper_tiny,esc50,1,mlp,h64x3_a1e-05,0.7125,0.7035727487167115,0.7035727487167115,209.0
whisper_tiny,esc50,1,mlp,h64x3_a1e-04,0.71,0.6982039400228254,0.6982039400228254,209.0
whisper_tiny,esc50,1,mlp,h64x3_a1e-03,0.7125,0.7022676501345232,0.7022676501345232,209.0
whisper_tiny,esc50,1,mlp,h64x3_a1e-02,0.7075,0.6992313249186314,0.6992313249186314,380.0
whisper_tiny,esc50,2,mlp,h64x3_a1e-05,0.68,0.6685399484528572,0.6685399484528572,222.0
whisper_tiny,esc50,2,mlp,h64x3_a1e-04,0.6675,0.6567380547840905,0.6567380547840905,222.0
whisper_tiny,esc50,2,mlp,h64x3_a1e-03,0.675,0.6650849960003952,0.6650849960003952,222.0
whisper_tiny,esc50,2,mlp,h64x3_a1e-02,0.685,0.6745815507162257,0.6745815507162257,483.0
whisper_tiny,esc50,3,mlp,h64x3_a1e-05,0.685,0.6757419828193821,0.6757419828193821,210.0
whisper_tiny,esc50,3,mlp,h64x3_a1e-04,0.7,0.6908333787329614,0.6908333787329614,206.0
whisper_tiny,esc50,3,mlp,h64x3_a1e-03,0.69,0.6809066614873588,0.6809066614873588,209.0
whisper_tiny,esc50,3,mlp,h64x3_a1e-02,0.7475,0.7405333692794991,0.7405333692794991,499.0
whisper_tiny,esc50,4,mlp,h64x3_a1e-05,0.77,0.768036244457297,0.768036244457297,217.0
whisper_tiny,esc50,4,mlp,h64x3_a1e-04,0.7625,0.7613439350467215,0.7613439350467215,217.0
whisper_tiny,esc50,4,mlp,h64x3_a1e-03,0.76,0.7579783924365968,0.7579783924365968,213.0
whisper_tiny,esc50,4,mlp,h64x3_a1e-02,0.7725,0.7667361030782084,0.7667361030782084,488.0
whisper_tiny,esc50,5,mlp,h64x3_a1e-05,0.68,0.668419874758884,0.668419874758884,209.0
whisper_tiny,esc50,5,mlp,h64x3_a1e-04,0.6875,0.6751755592189029,0.6751755592189029,209.0
whisper_tiny,esc50,5,mlp,h64x3_a1e-03,0.6775,0.6629239594255073,0.6629239594255073,209.0
whisper_tiny,esc50,5,mlp,h64x3_a1e-02,0.74,0.7306973429047732,0.7306973429047732,464.0
whisper_small,iemocap_4class,Ses01,mlp,h64x3_a1e-05,0.6507105459985041,0.6447520952688139,0.642542060893818,76.0
whisper_small,iemocap_4class,Ses01,mlp,h64x3_a1e-04,0.6492146596858639,0.6436101878989474,0.6417996170813952,75.0
whisper_small,iemocap_4class,Ses01,mlp,h64x3_a1e-03,0.6581899775617053,0.6521271929734952,0.6493672343805105,76.0
whisper_small,iemocap_4class,Ses01,mlp,h64x3_a1e-02,0.6447270007479432,0.6340702206142464,0.6328720690192048,182.0
whisper_small,iemocap_4class,Ses02,mlp,h64x3_a1e-05,0.6886564762670957,0.6807187707075832,0.6764083707940783,90.0
whisper_small,iemocap_4class,Ses02,mlp,h64x3_a1e-04,0.6878519710378117,0.6815346006272871,0.6769736351975825,90.0
whisper_small,iemocap_4class,Ses02,mlp,h64x3_a1e-03,0.6854384553499597,0.6744996833652972,0.6729653665619768,99.0
whisper_small,iemocap_4class,Ses02,mlp,h64x3_a1e-02,0.6967015285599356,0.690212235974121,0.6859143695705121,143.0
whisper_small,iemocap_4class,Ses03,mlp,h64x3_a1e-05,0.6550068587105624,0.6412007557507164,0.6512434801682273,79.0
whisper_small,iemocap_4class,Ses03,mlp,h64x3_a1e-04,0.654320987654321,0.6398647601517863,0.6499867351733062,75.0
whisper_small,iemocap_4class,Ses03,mlp,h64x3_a1e-03,0.6556927297668038,0.6426921076116789,0.651925346855986,75.0
whisper_small,iemocap_4class,Ses03,mlp,h64x3_a1e-02,0.644718792866941,0.6319224549904976,0.6410142925537795,151.0
whisper_small,iemocap_4class,Ses04,mlp,h64x3_a1e-05,0.6328828828828829,0.630168404120662,0.6387561447831476,75.0
whisper_small,iemocap_4class,Ses04,mlp,h64x3_a1e-04,0.6448948948948949,0.6395389279437642,0.6512889651733302,75.0
whisper_small,iemocap_4class,Ses04,mlp,h64x3_a1e-03,0.6351351351351351,0.6316160673634534,0.6414258985658415,75.0
whisper_small,iemocap_4class,Ses04,mlp,h64x3_a1e-02,0.6306306306306306,0.6202336851155663,0.6363316494445793,147.0
whisper_small,iemocap_4class,Ses05,mlp,h64x3_a1e-05,0.6529528865295289,0.6426210221292696,0.6546437011903906,76.0
whisper_small,iemocap_4class,Ses05,mlp,h64x3_a1e-04,0.6595885865958858,0.6495076147180846,0.662079121545483,76.0
whisper_small,iemocap_4class,Ses05,mlp,h64x3_a1e-03,0.654943596549436,0.6466781002148352,0.6571961888812362,75.0
whisper_small,iemocap_4class,Ses05,mlp,h64x3_a1e-02,0.6688785666887856,0.6608713332282169,0.6710422976608162,155.0
whisper_small,ravdess,1,mlp,h64x3_a1e-05,0.7766666666666666,0.768962964338592,0.7728197545537576,103.0
whisper_small,ravdess,1,mlp,h64x3_a1e-04,0.78,0.7732798399916747,0.7763469808396045,103.0
whisper_small,ravdess,1,mlp,h64x3_a1e-03,0.7766666666666666,0.7689199932667002,0.7727739187437395,103.0
whisper_small,ravdess,1,mlp,h64x3_a1e-02,0.7933333333333333,0.7844596876414167,0.7893495927434369,500.0
whisper_small,ravdess,2,mlp,h64x3_a1e-05,0.7266666666666667,0.728613472196587,0.7371877036763594,103.0
whisper_small,ravdess,2,mlp,h64x3_a1e-04,0.72,0.7222941503507263,0.7317374162880865,103.0
whisper_small,ravdess,2,mlp,h64x3_a1e-03,0.72,0.7229350560879542,0.7311307264938178,103.0
whisper_small,ravdess,2,mlp,h64x3_a1e-02,0.7533333333333333,0.7601764212143962,0.7608548492953559,500.0
whisper_small,ravdess,3,mlp,h64x3_a1e-05,0.7133333333333334,0.7044691485493098,0.703206808097987,103.0
whisper_small,ravdess,3,mlp,h64x3_a1e-04,0.7333333333333333,0.7247969352025276,0.7241371390459614,103.0
whisper_small,ravdess,3,mlp,h64x3_a1e-03,0.7266666666666667,0.7178599482371273,0.7184950558973803,100.0
whisper_small,ravdess,3,mlp,h64x3_a1e-02,0.7533333333333333,0.741844563485043,0.744517241986385,500.0
whisper_small,ravdess,4,mlp,h64x3_a1e-05,0.74,0.7285171522035219,0.7413126046268461,100.0
whisper_small,ravdess,4,mlp,h64x3_a1e-04,0.7466666666666667,0.7342952496972981,0.7474759086202074,100.0
whisper_small,ravdess,4,mlp,h64x3_a1e-03,0.7433333333333333,0.7322024686354109,0.7443492998777718,100.0
whisper_small,ravdess,4,mlp,h64x3_a1e-02,0.7666666666666667,0.7548874222900406,0.7676064128358724,500.0
whisper_small,ravdess,5,mlp,h64x3_a1e-05,0.7291666666666666,0.7339694245537568,0.7251229417462295,101.0
whisper_small,ravdess,5,mlp,h64x3_a1e-04,0.725,0.7282802100690032,0.7216598102805,100.0
whisper_small,ravdess,5,mlp,h64x3_a1e-03,0.7333333333333333,0.7348867099420124,0.7287067434783765,100.0
whisper_small,ravdess,5,mlp,h64x3_a1e-02,0.7375,0.7330999651164489,0.728639962790879,500.0
whisper_small,cremad,1,mlp,h64x3_a1e-05,0.6985055230669266,0.7031986953501104,0.7015058747644406,92.0
whisper_small,cremad,1,mlp,h64x3_a1e-04,0.7056530214424951,0.7100973515857293,0.7087967442041584,92.0
whisper_small,cremad,1,mlp,h64x3_a1e-03,0.7115009746588694,0.715512666451047,0.7140256265579308,91.0
whisper_small,cremad,1,mlp,h64x3_a1e-02,0.714100064977258,0.7181128035987251,0.7167490194417763,140.0
whisper_small,cremad,2,mlp,h64x3_a1e-05,0.7400513478818999,0.7416932487326399,0.7392441752100726,113.0
whisper_small,cremad,2,mlp,h64x3_a1e-04,0.7374839537869063,0.738772920443401,0.7365372652686378,186.0
whisper_small,cremad,2,mlp,h64x3_a1e-03,0.7349165596919127,0.736622443793729,0.7343813376643022,86.0
whisper_small,cremad,2,mlp,h64x3_a1e-02,0.7400513478818999,0.7414595699958527,0.7390435292304026,127.0
whisper_small,cremad,3,mlp,h64x3_a1e-05,0.7317073170731707,0.7319800447279855,0.7301769440385271,122.0
whisper_small,cremad,3,mlp,h64x3_a1e-04,0.7381258023106547,0.7391334831662748,0.7375672929914345,114.0
whisper_small,cremad,3,mlp,h64x3_a1e-03,0.733632862644416,0.7348156941750221,0.7331004870501324,98.0
whisper_small,cremad,3,mlp,h64x3_a1e-02,0.727214377406932,0.728484914933541,0.726616626376732,114.0
whisper_small,cremad,4,mlp,h64x3_a1e-05,0.720616570327553,0.7214759589572899,0.7193803482532498,101.0
whisper_small,cremad,4,mlp,h64x3_a1e-04,0.7180475272960822,0.719018285104814,0.717164469140732,111.0
whisper_small,cremad,4,mlp,h64x3_a1e-03,0.7013487475915221,0.7024942262591019,0.7002284360805188,111.0
whisper_small,cremad,4,mlp,h64x3_a1e-02,0.6987797045600513,0.6987139171315103,0.6968894633914651,117.0
whisper_small,cremad,5,mlp,h64x3_a1e-05,0.7113821138211383,0.7066848993808191,0.7049319754985274,130.0
whisper_small,cremad,5,mlp,h64x3_a1e-04,0.7170731707317073,0.7146526014790565,0.7131851429313008,117.0
whisper_small,cremad,5,mlp,h64x3_a1e-03,0.7138211382113822,0.7110666570390437,0.7090860747375334,155.0
whisper_small,cremad,5,mlp,h64x3_a1e-02,0.7048780487804878,0.7008055724635557,0.6993153483308433,84.0
whisper_small,esc50,1,mlp,h64x3_a1e-05,0.81,0.8000757814596823,0.8000757814596823,153.0
whisper_small,esc50,1,mlp,h64x3_a1e-04,0.8125,0.8025579370749648,0.8025579370749648,151.0
whisper_small,esc50,1,mlp,h64x3_a1e-03,0.8175,0.8082683661741408,0.8082683661741408,151.0
whisper_small,esc50,1,mlp,h64x3_a1e-02,0.8025,0.792542767174346,0.792542767174346,386.0
whisper_small,esc50,2,mlp,h64x3_a1e-05,0.8375,0.8346063015072303,0.8346063015072303,164.0
whisper_small,esc50,2,mlp,h64x3_a1e-04,0.845,0.8428064902074192,0.8428064902074192,164.0
whisper_small,esc50,2,mlp,h64x3_a1e-03,0.835,0.833779692443779,0.833779692443779,164.0
whisper_small,esc50,2,mlp,h64x3_a1e-02,0.845,0.842830983945535,0.842830983945535,439.0
whisper_small,esc50,3,mlp,h64x3_a1e-05,0.79,0.7876622368000075,0.7876622368000075,164.0
whisper_small,esc50,3,mlp,h64x3_a1e-04,0.7975,0.7956898265133557,0.7956898265133557,164.0
whisper_small,esc50,3,mlp,h64x3_a1e-03,0.81,0.8068685726038666,0.8068685726038666,164.0
whisper_small,esc50,3,mlp,h64x3_a1e-02,0.815,0.8112366452888728,0.8112366452888728,426.0
whisper_small,esc50,4,mlp,h64x3_a1e-05,0.8175,0.8142430472863909,0.8142430472863909,164.0
whisper_small,esc50,4,mlp,h64x3_a1e-04,0.825,0.819837302532349,0.819837302532349,169.0
whisper_small,esc50,4,mlp,h64x3_a1e-03,0.8225,0.8187313891818535,0.8187313891818535,169.0
whisper_small,esc50,4,mlp,h64x3_a1e-02,0.855,0.8510192483814774,0.8510192483814774,436.0
whisper_small,esc50,5,mlp,h64x3_a1e-05,0.82,0.8140493163527218,0.8140493163527218,161.0
whisper_small,esc50,5,mlp,h64x3_a1e-04,0.8075,0.8021716413960995,0.8021716413960995,161.0
whisper_small,esc50,5,mlp,h64x3_a1e-03,0.815,0.8100073713696004,0.8100073713696004,153.0
whisper_small,esc50,5,mlp,h64x3_a1e-02,0.8225,0.8166430612730922,0.8166430612730922,414.0
wavtok_40_unify,iemocap_4class,Ses01,mlp,h64x3_a1e-05,0.37471952131638,0.35927869259842515,0.36331364201362937,500.0
wavtok_40_unify,iemocap_4class,Ses01,mlp,h64x3_a1e-04,0.37920718025430067,0.3576577848048782,0.36372601555814155,500.0
wavtok_40_unify,iemocap_4class,Ses01,mlp,h64x3_a1e-03,0.3807030665669409,0.3612232501387761,0.36565887961826243,500.0
wavtok_40_unify,iemocap_4class,Ses01,mlp,h64x3_a1e-02,0.3769633507853403,0.35617778594843397,0.3571199475164431,500.0
wavtok_40_unify,iemocap_4class,Ses02,mlp,h64x3_a1e-05,0.43041029766693484,0.40643074851928,0.4201011766070756,423.0
wavtok_40_unify,iemocap_4class,Ses02,mlp,h64x3_a1e-04,0.46259050683829445,0.4296102985283557,0.4498014873240571,274.0
wavtok_40_unify,iemocap_4class,Ses02,mlp,h64x3_a1e-03,0.416733708769107,0.40151569488801575,0.41594532686316726,500.0
wavtok_40_unify,iemocap_4class,Ses02,mlp,h64x3_a1e-02,0.416733708769107,0.40085484394765886,0.4139968585808541,460.0
wavtok_40_unify,iemocap_4class,Ses03,mlp,h64x3_a1e-05,0.3559670781893004,0.3487733807674543,0.35040219756514124,500.0
wavtok_40_unify,iemocap_4class,Ses03,mlp,h64x3_a1e-04,0.35253772290809327,0.3450401276291257,0.34456674308543533,500.0
wavtok_40_unify,iemocap_4class,Ses03,mlp,h64x3_a1e-03,0.34156378600823045,0.34099696913259064,0.34177652279630405,500.0
wavtok_40_unify,iemocap_4class,Ses03,mlp,h64x3_a1e-02,0.34156378600823045,0.337074720575729,0.3400740952714306,500.0
wavtok_40_unify,iemocap_4class,Ses04,mlp,h64x3_a1e-05,0.4009009009009009,0.37780212375118327,0.4039772542459284,500.0
wavtok_40_unify,iemocap_4class,Ses04,mlp,h64x3_a1e-04,0.4009009009009009,0.38000672369564126,0.40454738670346263,500.0
wavtok_40_unify,iemocap_4class,Ses04,mlp,h64x3_a1e-03,0.4196696696696697,0.3942421258047495,0.4180371082640816,500.0
wavtok_40_unify,iemocap_4class,Ses04,mlp,h64x3_a1e-02,0.4286786786786787,0.40797529835482665,0.42988517599163195,500.0
wavtok_40_unify,iemocap_4class,Ses05,mlp,h64x3_a1e-05,0.4359654943596549,0.43344394327513946,0.4355878319313721,500.0
wavtok_40_unify,iemocap_4class,Ses05,mlp,h64x3_a1e-04,0.40610484406104846,0.40232212773154885,0.404522228827215,491.0
wavtok_40_unify,iemocap_4class,Ses05,mlp,h64x3_a1e-03,0.44127405441274054,0.43033085262240023,0.44027497971968654,500.0
wavtok_40_unify,iemocap_4class,Ses05,mlp,h64x3_a1e-02,0.42800265428002654,0.4254732099940386,0.42830451646999546,500.0
wavtok_40_unify,ravdess,1,mlp,h64x3_a1e-05,0.2833333333333333,0.2827696203267872,0.281620928348573,500.0
wavtok_40_unify,ravdess,1,mlp,h64x3_a1e-04,0.27,0.2616200675486149,0.2669401932639771,500.0
wavtok_40_unify,ravdess,1,mlp,h64x3_a1e-03,0.28,0.2708077515944869,0.27709689581843305,484.0
wavtok_40_unify,ravdess,1,mlp,h64x3_a1e-02,0.26666666666666666,0.2532496741682472,0.2590218746683526,386.0
wavtok_40_unify,ravdess,2,mlp,h64x3_a1e-05,0.24333333333333335,0.2264834096730582,0.233501495570454,500.0
wavtok_40_unify,ravdess,2,mlp,h64x3_a1e-04,0.19333333333333333,0.17196120229691123,0.17912420718122143,500.0
wavtok_40_unify,ravdess,2,mlp,h64x3_a1e-03,0.24333333333333335,0.21905652659247138,0.23366029503196947,420.0
wavtok_40_unify,ravdess,2,mlp,h64x3_a1e-02,0.21333333333333335,0.20217581163656437,0.2114875324123353,422.0
wavtok_40_unify,ravdess,3,mlp,h64x3_a1e-05,0.23,0.23560838465172967,0.23919439817396618,500.0
wavtok_40_unify,ravdess,3,mlp,h64x3_a1e-04,0.24666666666666667,0.24646847696931434,0.25113500288491575,500.0
wavtok_40_unify,ravdess,3,mlp,h64x3_a1e-03,0.2,0.20073351933414646,0.1996230003332345,437.0
wavtok_40_unify,ravdess,3,mlp,h64x3_a1e-02,0.18666666666666668,0.19907919119653544,0.1956844706096378,500.0
wavtok_40_unify,ravdess,4,mlp,h64x3_a1e-05,0.22666666666666666,0.22372139160094437,0.2241433974178189,438.0
wavtok_40_unify,ravdess,4,mlp,h64x3_a1e-04,0.17666666666666667,0.176619407863287,0.17786771926469916,500.0
wavtok_40_unify,ravdess,4,mlp,h64x3_a1e-03,0.20666666666666667,0.19748435596888553,0.20672841107269357,398.0
wavtok_40_unify,ravdess,4,mlp,h64x3_a1e-02,0.21,0.21120659560588484,0.21258862261453115,500.0
wavtok_40_unify,ravdess,5,mlp,h64x3_a1e-05,0.29583333333333334,0.2963643282828314,0.2946165738242675,500.0
wavtok_40_unify,ravdess,5,mlp,h64x3_a1e-04,0.23333333333333334,0.2377026900790224,0.22472070725546173,446.0
wavtok_40_unify,ravdess,5,mlp,h64x3_a1e-03,0.29583333333333334,0.2887094346255037,0.28820364384745084,500.0
wavtok_40_unify,ravdess,5,mlp,h64x3_a1e-02,0.2625,0.2743815159166274,0.26190438620850515,500.0
wavtok_40_unify,cremad,1,mlp,h64x3_a1e-05,0.3027940220922677,0.29677064954457183,0.29920797669381216,500.0
wavtok_40_unify,cremad,1,mlp,h64x3_a1e-04,0.30994152046783624,0.3047159949868505,0.30722251778101084,500.0
wavtok_40_unify,cremad,1,mlp,h64x3_a1e-03,0.2930474333983106,0.2875501587429483,0.29034800459246335,500.0
wavtok_40_unify,cremad,1,mlp,h64x3_a1e-02,0.31513970110461337,0.31155277010180965,0.3142048770002692,500.0
wavtok_40_unify,cremad,2,mlp,h64x3_a1e-05,0.34082156611039793,0.32257345869270665,0.32284589649565243,500.0
wavtok_40_unify,cremad,2,mlp,h64x3_a1e-04,0.3465982028241335,0.3324599697490543,0.333392089246288,500.0
wavtok_40_unify,cremad,2,mlp,h64x3_a1e-03,0.32541720154043646,0.3127274726524764,0.3136186189076472,500.0
wavtok_40_unify,cremad,2,mlp,h64x3_a1e-02,0.35301668806161746,0.3361758428456105,0.3366783324152155,500.0
wavtok_40_unify,cremad,3,mlp,h64x3_a1e-05,0.35879332477535303,0.3425459705664531,0.3428387031886984,500.0
wavtok_40_unify,cremad,3,mlp,h64x3_a1e-04,0.35494223363286265,0.3328606272048033,0.3330405986313789,500.0
wavtok_40_unify,cremad,3,mlp,h64x3_a1e-03,0.3575096277278562,0.3300185916238622,0.3295596009487777,500.0
wavtok_40_unify,cremad,3,mlp,h64x3_a1e-02,0.36713735558408217,0.35494514702050245,0.35550439913620546,500.0
wavtok_40_unify,cremad,4,mlp,h64x3_a1e-05,0.36673089274245346,0.3524321890712634,0.3526328120968787,500.0
wavtok_40_unify,cremad,4,mlp,h64x3_a1e-04,0.3243416827231856,0.31060708627674544,0.3107014652644345,500.0
wavtok_40_unify,cremad,4,mlp,h64x3_a1e-03,0.33140655105973027,0.3141941841832205,0.31426305490880235,500.0
wavtok_40_unify,cremad,4,mlp,h64x3_a1e-02,0.340398201669878,0.32799293927246165,0.327740319651937,500.0
wavtok_40_unify,cremad,5,mlp,h64x3_a1e-05,0.3203252032520325,0.3039656636934054,0.3051710346482335,500.0
wavtok_40_unify,cremad,5,mlp,h64x3_a1e-04,0.3121951219512195,0.2977131081895194,0.2986392752248672,500.0
wavtok_40_unify,cremad,5,mlp,h64x3_a1e-03,0.34146341463414637,0.31658724842784797,0.3190304030127281,500.0
wavtok_40_unify,cremad,5,mlp,h64x3_a1e-02,0.33658536585365856,0.3185439822209701,0.32063707269642616,500.0
wavtok_40_unify,esc50,1,mlp,h64x3_a1e-05,0.1625,0.15044676988108135,0.15044676988108135,500.0
wavtok_40_unify,esc50,1,mlp,h64x3_a1e-04,0.18,0.17431826343591048,0.17431826343591048,500.0
wavtok_40_unify,esc50,1,mlp,h64x3_a1e-03,0.14,0.12893616187733836,0.12893616187733836,500.0
wavtok_40_unify,esc50,1,mlp,h64x3_a1e-02,0.165,0.15346949215215472,0.15346949215215472,500.0
wavtok_40_unify,esc50,2,mlp,h64x3_a1e-05,0.1925,0.1896641102275777,0.1896641102275777,500.0
wavtok_40_unify,esc50,2,mlp,h64x3_a1e-04,0.1675,0.1519501163549845,0.1519501163549845,500.0
wavtok_40_unify,esc50,2,mlp,h64x3_a1e-03,0.16,0.15411176934520587,0.15411176934520587,500.0
wavtok_40_unify,esc50,2,mlp,h64x3_a1e-02,0.1625,0.15013475338021037,0.15013475338021037,500.0
wavtok_40_unify,esc50,3,mlp,h64x3_a1e-05,0.145,0.14172010243835523,0.14172010243835523,500.0
wavtok_40_unify,esc50,3,mlp,h64x3_a1e-04,0.1125,0.10412728481795419,0.10412728481795419,500.0
wavtok_40_unify,esc50,3,mlp,h64x3_a1e-03,0.135,0.12846091707109342,0.12846091707109342,500.0
wavtok_40_unify,esc50,3,mlp,h64x3_a1e-02,0.1375,0.12979878948021364,0.12979878948021364,500.0
wavtok_40_unify,esc50,4,mlp,h64x3_a1e-05,0.1775,0.1703005693996406,0.1703005693996406,500.0
wavtok_40_unify,esc50,4,mlp,h64x3_a1e-04,0.2175,0.20947856965875544,0.20947856965875544,500.0
wavtok_40_unify,esc50,4,mlp,h64x3_a1e-03,0.2,0.19283634391064733,0.19283634391064733,500.0
wavtok_40_unify,esc50,4,mlp,h64x3_a1e-02,0.1875,0.18074164466424528,0.18074164466424528,500.0
wavtok_40_unify,esc50,5,mlp,h64x3_a1e-05,0.1275,0.11435822118235633,0.11435822118235633,500.0
wavtok_40_unify,esc50,5,mlp,h64x3_a1e-04,0.155,0.14389621180333254,0.14389621180333254,500.0
wavtok_40_unify,esc50,5,mlp,h64x3_a1e-03,0.13,0.11944925811240253,0.11944925811240253,500.0
wavtok_40_unify,esc50,5,mlp,h64x3_a1e-02,0.1475,0.13955952668949034,0.13955952668949034,500.0
wavtok_40_unify_postvq,iemocap_4class,Ses01,mlp,h64x3_a1e-05,0.4106207928197457,0.41573693709122345,0.4041397649903082,500.0
wavtok_40_unify_postvq,iemocap_4class,Ses01,mlp,h64x3_a1e-04,0.38219895287958117,0.3889982379830606,0.37979417756266526,500.0
wavtok_40_unify_postvq,iemocap_4class,Ses01,mlp,h64x3_a1e-03,0.38668661181750186,0.3823580997098996,0.37475692281331957,500.0
wavtok_40_unify_postvq,iemocap_4class,Ses01,mlp,h64x3_a1e-02,0.40089753178758414,0.39991060024563313,0.3880840956066472,500.0
wavtok_40_unify_postvq,iemocap_4class,Ses02,mlp,h64x3_a1e-05,0.4416733708769107,0.4183663870171922,0.4313077264358046,327.0
wavtok_40_unify_postvq,iemocap_4class,Ses02,mlp,h64x3_a1e-04,0.47144006436041835,0.44007624445678506,0.4495904823353488,274.0
wavtok_40_unify_postvq,iemocap_4class,Ses02,mlp,h64x3_a1e-03,0.4247787610619469,0.40048244832032664,0.41155586561659724,500.0
wavtok_40_unify_postvq,iemocap_4class,Ses02,mlp,h64x3_a1e-02,0.4416733708769107,0.42348704679565174,0.4267252954866855,500.0
wavtok_40_unify_postvq,iemocap_4class,Ses03,mlp,h64x3_a1e-05,0.39849108367626884,0.3877119142796406,0.3891207022832387,500.0
wavtok_40_unify_postvq,iemocap_4class,Ses03,mlp,h64x3_a1e-04,0.3834019204389575,0.37716407942794017,0.38389854844168325,368.0
wavtok_40_unify_postvq,iemocap_4class,Ses03,mlp,h64x3_a1e-03,0.39300411522633744,0.378750372633894,0.38167756862803476,500.0
wavtok_40_unify_postvq,iemocap_4class,Ses03,mlp,h64x3_a1e-02,0.38065843621399176,0.3649006432190569,0.36746160081694,500.0
wavtok_40_unify_postvq,iemocap_4class,Ses04,mlp,h64x3_a1e-05,0.4114114114114114,0.4020268228664814,0.41777078441483995,500.0
wavtok_40_unify_postvq,iemocap_4class,Ses04,mlp,h64x3_a1e-04,0.39864864864864863,0.3776375925789591,0.400231356766039,500.0
wavtok_40_unify_postvq,iemocap_4class,Ses04,mlp,h64x3_a1e-03,0.3993993993993994,0.3907041929985653,0.40364093609141666,500.0
wavtok_40_unify_postvq,iemocap_4class,Ses04,mlp,h64x3_a1e-02,0.38963963963963966,0.3756391507194362,0.39300954859236154,500.0
wavtok_40_unify_postvq,iemocap_4class,Ses05,mlp,h64x3_a1e-05,0.43994691439946915,0.4333877671050669,0.442155582528145,500.0
wavtok_40_unify_postvq,iemocap_4class,Ses05,mlp,h64x3_a1e-04,0.43928334439283345,0.43336421237784417,0.43982804507335904,500.0
wavtok_40_unify_postvq,iemocap_4class,Ses05,mlp,h64x3_a1e-03,0.43198407431984076,0.4281138966626692,0.43182741875243535,500.0
wavtok_40_unify_postvq,iemocap_4class,Ses05,mlp,h64x3_a1e-02,0.40676841406768416,0.4122163695320453,0.40412466576258094,471.0
wavtok_40_unify_postvq,ravdess,1,mlp,h64x3_a1e-05,0.23,0.22714362204957675,0.22787211577180078,500.0
wavtok_40_unify_postvq,ravdess,1,mlp,h64x3_a1e-04,0.26,0.2538017854253758,0.2570466907785205,498.0
wavtok_40_unify_postvq,ravdess,1,mlp,h64x3_a1e-03,0.23666666666666666,0.23480299461565524,0.23243850957201423,500.0
wavtok_40_unify_postvq,ravdess,1,mlp,h64x3_a1e-02,0.22333333333333333,0.21366766635558496,0.219578844112624,500.0
wavtok_40_unify_postvq,ravdess,2,mlp,h64x3_a1e-05,0.22333333333333333,0.21671986878753127,0.2178345267067,500.0
wavtok_40_unify_postvq,ravdess,2,mlp,h64x3_a1e-04,0.21666666666666667,0.19937386252839207,0.20822100891917378,500.0
wavtok_40_unify_postvq,ravdess,2,mlp,h64x3_a1e-03,0.19666666666666666,0.1870945265725713,0.19216008760333533,500.0
wavtok_40_unify_postvq,ravdess,2,mlp,h64x3_a1e-02,0.22,0.20056612279152325,0.20880899251608634,500.0
wavtok_40_unify_postvq,ravdess,3,mlp,h64x3_a1e-05,0.22333333333333333,0.2173801962044737,0.22795064065732096,500.0
wavtok_40_unify_postvq,ravdess,3,mlp,h64x3_a1e-04,0.24666666666666667,0.23914194088804624,0.25091807028058266,500.0
wavtok_40_unify_postvq,ravdess,3,mlp,h64x3_a1e-03,0.26666666666666666,0.26366063993222677,0.26980944449913713,500.0
wavtok_40_unify_postvq,ravdess,3,mlp,h64x3_a1e-02,0.23,0.2365063750692252,0.23601330413888083,500.0
wavtok_40_unify_postvq,ravdess,4,mlp,h64x3_a1e-05,0.24666666666666667,0.2386653128081878,0.24008358003887859,500.0
wavtok_40_unify_postvq,ravdess,4,mlp,h64x3_a1e-04,0.19666666666666666,0.18970184310489768,0.18666235813542026,500.0
wavtok_40_unify_postvq,ravdess,4,mlp,h64x3_a1e-03,0.23,0.22905087087945802,0.2291694137865734,500.0
wavtok_40_unify_postvq,ravdess,4,mlp,h64x3_a1e-02,0.20666666666666667,0.203337866029559,0.20240097014167452,500.0
wavtok_40_unify_postvq,ravdess,5,mlp,h64x3_a1e-05,0.2791666666666667,0.2687664652867123,0.2676366105915407,500.0
wavtok_40_unify_postvq,ravdess,5,mlp,h64x3_a1e-04,0.26666666666666666,0.2625921502520314,0.25859291725808087,500.0
wavtok_40_unify_postvq,ravdess,5,mlp,h64x3_a1e-03,0.24583333333333332,0.262235683457312,0.2511466337830376,500.0
wavtok_40_unify_postvq,ravdess,5,mlp,h64x3_a1e-02,0.2625,0.2671964195220548,0.254901987275138,500.0
wavtok_40_unify_postvq,cremad,1,mlp,h64x3_a1e-05,0.3112410656270305,0.30428058344396636,0.30626397773923136,500.0
wavtok_40_unify_postvq,cremad,1,mlp,h64x3_a1e-04,0.33073424301494475,0.32065188187016735,0.3217290366939043,500.0
wavtok_40_unify_postvq,cremad,1,mlp,h64x3_a1e-03,0.3157894736842105,0.3117607708420405,0.31362189984754735,500.0
wavtok_40_unify_postvq,cremad,1,mlp,h64x3_a1e-02,0.32423651721897334,0.3154840553728548,0.3166707130851633,500.0
wavtok_40_unify_postvq,cremad,2,mlp,h64x3_a1e-05,0.3427471116816431,0.32623367447599455,0.3273086988205664,500.0
wavtok_40_unify_postvq,cremad,2,mlp,h64x3_a1e-04,0.3491655969191271,0.32865248265655667,0.32966945731307934,500.0
wavtok_40_unify_postvq,cremad,2,mlp,h64x3_a1e-03,0.3337612323491656,0.3101549723022894,0.3104825455258849,500.0
wavtok_40_unify_postvq,cremad,2,mlp,h64x3_a1e-02,0.3575096277278562,0.3449856137067772,0.3462234434936417,500.0
wavtok_40_unify_postvq,cremad,3,mlp,h64x3_a1e-05,0.3581514762516046,0.34535109624979116,0.3462337984670175,500.0
wavtok_40_unify_postvq,cremad,3,mlp,h64x3_a1e-04,0.33697047496790755,0.3316217921557177,0.3323596440860108,500.0
wavtok_40_unify_postvq,cremad,3,mlp,h64x3_a1e-03,0.3465982028241335,0.34164258819866905,0.3419232767643498,500.0
wavtok_40_unify_postvq,cremad,3,mlp,h64x3_a1e-02,0.35173299101412064,0.3358666887305297,0.33594384666028443,500.0
wavtok_40_unify_postvq,cremad,4,mlp,h64x3_a1e-05,0.34425176621708414,0.3238165182530768,0.3249798618392648,500.0
wavtok_40_unify_postvq,cremad,4,mlp,h64x3_a1e-04,0.3519588953114965,0.33362635180446665,0.3344529425771764,500.0
wavtok_40_unify_postvq,cremad,4,mlp,h64x3_a1e-03,0.34104046242774566,0.32254567194219697,0.32389092316559404,500.0
wavtok_40_unify_postvq,cremad,4,mlp,h64x3_a1e-02,0.35452793834296725,0.3341565125985794,0.33616133967375633,500.0
wavtok_40_unify_postvq,cremad,5,mlp,h64x3_a1e-05,0.33170731707317075,0.31715665265915016,0.319422853352241,500.0
wavtok_40_unify_postvq,cremad,5,mlp,h64x3_a1e-04,0.32195121951219513,0.31586717835951345,0.31793189312846815,500.0
wavtok_40_unify_postvq,cremad,5,mlp,h64x3_a1e-03,0.34065040650406503,0.32761675695033565,0.3296395839231772,500.0
wavtok_40_unify_postvq,cremad,5,mlp,h64x3_a1e-02,0.35365853658536583,0.32742926510416254,0.3293806452185964,500.0
wavtok_40_unify_postvq,esc50,1,mlp,h64x3_a1e-05,0.1375,0.12843642076055592,0.12843642076055592,500.0
wavtok_40_unify_postvq,esc50,1,mlp,h64x3_a1e-04,0.155,0.14309364460788612,0.14309364460788612,500.0
wavtok_40_unify_postvq,esc50,1,mlp,h64x3_a1e-03,0.13,0.12092389516228526,0.12092389516228526,500.0
wavtok_40_unify_postvq,esc50,1,mlp,h64x3_a1e-02,0.1275,0.11753365722086949,0.11753365722086949,500.0
wavtok_40_unify_postvq,esc50,2,mlp,h64x3_a1e-05,0.135,0.12382637923689209,0.12382637923689209,500.0
wavtok_40_unify_postvq,esc50,2,mlp,h64x3_a1e-04,0.1325,0.13063745484858688,0.13063745484858688,495.0
wavtok_40_unify_postvq,esc50,2,mlp,h64x3_a1e-03,0.1575,0.14548349872559052,0.14548349872559052,500.0
wavtok_40_unify_postvq,esc50,2,mlp,h64x3_a1e-02,0.1375,0.12305103654515419,0.12305103654515419,500.0
wavtok_40_unify_postvq,esc50,3,mlp,h64x3_a1e-05,0.1225,0.11673548721660178,0.11673548721660178,500.0
wavtok_40_unify_postvq,esc50,3,mlp,h64x3_a1e-04,0.1275,0.12375500866522537,0.12375500866522537,500.0
wavtok_40_unify_postvq,esc50,3,mlp,h64x3_a1e-03,0.15,0.1443632279002997,0.1443632279002997,500.0
wavtok_40_unify_postvq,esc50,3,mlp,h64x3_a1e-02,0.1325,0.12881559111832364,0.12881559111832364,500.0
wavtok_40_unify_postvq,esc50,4,mlp,h64x3_a1e-05,0.1825,0.16554671328133438,0.16554671328133438,462.0
wavtok_40_unify_postvq,esc50,4,mlp,h64x3_a1e-04,0.16,0.1544040022420558,0.1544040022420558,500.0
wavtok_40_unify_postvq,esc50,4,mlp,h64x3_a1e-03,0.1625,0.1594874726580609,0.1594874726580609,500.0
wavtok_40_unify_postvq,esc50,4,mlp,h64x3_a1e-02,0.1725,0.1706167320736576,0.1706167320736576,500.0
wavtok_40_unify_postvq,esc50,5,mlp,h64x3_a1e-05,0.1225,0.11761747695925916,0.11761747695925916,500.0
wavtok_40_unify_postvq,esc50,5,mlp,h64x3_a1e-04,0.1325,0.12606387397469643,0.12606387397469643,500.0
wavtok_40_unify_postvq,esc50,5,mlp,h64x3_a1e-03,0.1125,0.10315941116062262,0.10315941116062262,500.0
wavtok_40_unify_postvq,esc50,5,mlp,h64x3_a1e-02,0.1175,0.10856369090445009,0.10856369090445009,414.0
encodec_24k,iemocap_4class,Ses01,mlp,h64x3_a1e-05,0.43455497382198954,0.43294464796454296,0.4316093060479147,500.0
encodec_24k,iemocap_4class,Ses01,mlp,h64x3_a1e-04,0.39416604338070305,0.38718517783000783,0.3822964709597232,500.0
encodec_24k,iemocap_4class,Ses01,mlp,h64x3_a1e-03,0.4255796559461481,0.4260121087700228,0.4111162729464433,412.0
encodec_24k,iemocap_4class,Ses01,mlp,h64x3_a1e-02,0.4053851907255049,0.4005470694122153,0.3943090291319036,500.0
encodec_24k,iemocap_4class,Ses02,mlp,h64x3_a1e-05,0.44086886564762673,0.42047991309454436,0.4389357654112128,500.0
encodec_24k,iemocap_4class,Ses02,mlp,h64x3_a1e-04,0.45293644408688655,0.42133161378457806,0.45114197000093875,500.0
encodec_24k,iemocap_4class,Ses02,mlp,h64x3_a1e-03,0.4239742558326629,0.3974583231489615,0.4160888655547778,500.0
encodec_24k,iemocap_4class,Ses02,mlp,h64x3_a1e-02,0.4432823813354787,0.4192318550739109,0.43704550221974425,500.0
encodec_24k,iemocap_4class,Ses03,mlp,h64x3_a1e-05,0.4204389574759945,0.3913434567613594,0.40433830236321866,500.0
encodec_24k,iemocap_4class,Ses03,mlp,h64x3_a1e-04,0.43689986282578874,0.4064720909558781,0.4182026829130124,314.0
encodec_24k,iemocap_4class,Ses03,mlp,h64x3_a1e-03,0.406721536351166,0.39489954131463856,0.4028394094717832,500.0
encodec_24k,iemocap_4class,Ses03,mlp,h64x3_a1e-02,0.4094650205761317,0.3899479888116601,0.40109069287800897,500.0
encodec_24k,iemocap_4class,Ses04,mlp,h64x3_a1e-05,0.4587087087087087,0.42890739443887405,0.4515129251054405,498.0
encodec_24k,iemocap_4class,Ses04,mlp,h64x3_a1e-04,0.4451951951951952,0.418942089808429,0.4429402367744775,500.0
encodec_24k,iemocap_4class,Ses04,mlp,h64x3_a1e-03,0.4436936936936937,0.4277398363846704,0.4374170423768022,462.0
encodec_24k,iemocap_4class,Ses04,mlp,h64x3_a1e-02,0.4466966966966967,0.4280946194853883,0.44163885708873296,500.0
encodec_24k,iemocap_4class,Ses05,mlp,h64x3_a1e-05,0.39084273390842733,0.3856563581687219,0.3939216204048411,408.0
encodec_24k,iemocap_4class,Ses05,mlp,h64x3_a1e-04,0.41605839416058393,0.40252371513477936,0.41839404063300845,500.0
encodec_24k,iemocap_4class,Ses05,mlp,h64x3_a1e-03,0.40278699402786994,0.3988094003951811,0.40585844159680695,500.0
encodec_24k,iemocap_4class,Ses05,mlp,h64x3_a1e-02,0.40610484406104846,0.3992521953341616,0.4093078312918128,446.0
encodec_24k,ravdess,1,mlp,h64x3_a1e-05,0.37333333333333335,0.35655913345786766,0.3659153279406444,500.0
encodec_24k,ravdess,1,mlp,h64x3_a1e-04,0.4066666666666667,0.38312030757711424,0.39723308998701706,500.0
encodec_24k,ravdess,1,mlp,h64x3_a1e-03,0.39,0.3666267412559259,0.379303818123968,431.0
encodec_24k,ravdess,1,mlp,h64x3_a1e-02,0.4033333333333333,0.3766198227908721,0.3896065988557181,376.0
encodec_24k,ravdess,2,mlp,h64x3_a1e-05,0.41,0.40392095956225216,0.4058490235330689,500.0
encodec_24k,ravdess,2,mlp,h64x3_a1e-04,0.37,0.36101599121919076,0.36603610491951777,500.0
encodec_24k,ravdess,2,mlp,h64x3_a1e-03,0.4166666666666667,0.4146200937009017,0.4130947666142951,500.0
encodec_24k,ravdess,2,mlp,h64x3_a1e-02,0.41,0.4035926016322392,0.4046923234614852,335.0
encodec_24k,ravdess,3,mlp,h64x3_a1e-05,0.37333333333333335,0.33634960380567025,0.35210624405938157,500.0
encodec_24k,ravdess,3,mlp,h64x3_a1e-04,0.39,0.3389515891780579,0.3615483617899284,309.0
encodec_24k,ravdess,3,mlp,h64x3_a1e-03,0.36666666666666664,0.3401637225038091,0.3507200918828509,500.0
encodec_24k,ravdess,3,mlp,h64x3_a1e-02,0.38333333333333336,0.3479584374112746,0.36004455546091507,500.0
encodec_24k,ravdess,4,mlp,h64x3_a1e-05,0.4266666666666667,0.4259781727732683,0.4264697408806335,318.0
encodec_24k,ravdess,4,mlp,h64x3_a1e-04,0.4033333333333333,0.38979788890760814,0.3967367957871629,500.0
encodec_24k,ravdess,4,mlp,h64x3_a1e-03,0.4166666666666667,0.40419215588333235,0.4144716329422212,500.0
encodec_24k,ravdess,4,mlp,h64x3_a1e-02,0.41333333333333333,0.40867167295476536,0.41315222350947334,379.0
encodec_24k,ravdess,5,mlp,h64x3_a1e-05,0.3541666666666667,0.33228138284290487,0.34808426868322545,500.0
encodec_24k,ravdess,5,mlp,h64x3_a1e-04,0.29583333333333334,0.2770818566093371,0.2888873137166262,403.0
encodec_24k,ravdess,5,mlp,h64x3_a1e-03,0.3458333333333333,0.32708234411525566,0.3418702898632902,298.0
encodec_24k,ravdess,5,mlp,h64x3_a1e-02,0.30833333333333335,0.27952608015459074,0.2918119458156904,298.0
encodec_24k,cremad,1,mlp,h64x3_a1e-05,0.36907082521117607,0.36774973919321746,0.3695177883857603,475.0
encodec_24k,cremad,1,mlp,h64x3_a1e-04,0.3684210526315789,0.3702721201344041,0.371293947542249,500.0
encodec_24k,cremad,1,mlp,h64x3_a1e-03,0.3677712800519818,0.36688799277175166,0.36894502628392917,500.0
encodec_24k,cremad,1,mlp,h64x3_a1e-02,0.3599740090968161,0.35771400228130673,0.3599588391056161,491.0
encodec_24k,cremad,2,mlp,h64x3_a1e-05,0.40436456996148906,0.39947416797709545,0.40079569695652145,500.0
encodec_24k,cremad,2,mlp,h64x3_a1e-04,0.41335044929396664,0.40744253737793873,0.4093939741842645,483.0
encodec_24k,cremad,2,mlp,h64x3_a1e-03,0.4216944801026958,0.4178548211387835,0.41901297847459845,500.0
encodec_24k,cremad,2,mlp,h64x3_a1e-02,0.42297817715019254,0.41889248239955196,0.4202784218357059,422.0
encodec_24k,cremad,3,mlp,h64x3_a1e-05,0.38767650834403083,0.3823740080829032,0.3827744120164249,483.0
encodec_24k,cremad,3,mlp,h64x3_a1e-04,0.3645699614890886,0.3635929273734632,0.3637685077977176,422.0
encodec_24k,cremad,3,mlp,h64x3_a1e-03,0.4017971758664955,0.3972247252833738,0.39771839841262385,461.0
encodec_24k,cremad,3,mlp,h64x3_a1e-02,0.4024390243902439,0.39517476172498034,0.39589946695267353,500.0
encodec_24k,cremad,4,mlp,h64x3_a1e-05,0.37764932562620424,0.374306884219318,0.3751075374840592,500.0
encodec_24k,cremad,4,mlp,h64x3_a1e-04,0.36673089274245346,0.3652409729803631,0.36674390806579077,500.0
encodec_24k,cremad,4,mlp,h64x3_a1e-03,0.38599871547848424,0.38317578180295603,0.38469357905987644,431.0
encodec_24k,cremad,4,mlp,h64x3_a1e-02,0.3808606294155427,0.3801665721677248,0.38227568932744244,472.0
encodec_24k,cremad,5,mlp,h64x3_a1e-05,0.3772357723577236,0.36670199630261074,0.3688166791392598,500.0
encodec_24k,cremad,5,mlp,h64x3_a1e-04,0.3967479674796748,0.39249309344745026,0.39539525978752776,479.0
encodec_24k,cremad,5,mlp,h64x3_a1e-03,0.36097560975609755,0.3544285694588021,0.3560093275836801,434.0
encodec_24k,cremad,5,mlp,h64x3_a1e-02,0.3617886178861789,0.3516274166279956,0.3542823641927275,500.0
encodec_24k,esc50,1,mlp,h64x3_a1e-05,0.33,0.32193659430811133,0.32193659430811133,500.0
encodec_24k,esc50,1,mlp,h64x3_a1e-04,0.375,0.36953217799236104,0.36953217799236104,389.0
encodec_24k,esc50,1,mlp,h64x3_a1e-03,0.36,0.3425161123556601,0.3425161123556601,434.0
encodec_24k,esc50,1,mlp,h64x3_a1e-02,0.38,0.37045191976925734,0.37045191976925734,399.0
encodec_24k,esc50,2,mlp,h64x3_a1e-05,0.3325,0.32315451421643365,0.32315451421643365,500.0
encodec_24k,esc50,2,mlp,h64x3_a1e-04,0.32,0.3132897846907135,0.3132897846907135,500.0
encodec_24k,esc50,2,mlp,h64x3_a1e-03,0.335,0.3208683772367983,0.3208683772367983,419.0
encodec_24k,esc50,2,mlp,h64x3_a1e-02,0.355,0.34923144313546783,0.34923144313546783,421.0
encodec_24k,esc50,3,mlp,h64x3_a1e-05,0.355,0.3372383567584806,0.3372383567584806,444.0
encodec_24k,esc50,3,mlp,h64x3_a1e-04,0.365,0.36251871974621175,0.36251871974621175,451.0
encodec_24k,esc50,3,mlp,h64x3_a1e-03,0.3975,0.38157139534162016,0.38157139534162016,500.0
encodec_24k,esc50,3,mlp,h64x3_a1e-02,0.3575,0.3465274056704128,0.3465274056704128,415.0
encodec_24k,esc50,4,mlp,h64x3_a1e-05,0.3475,0.3344164178726704,0.3344164178726704,460.0
encodec_24k,esc50,4,mlp,h64x3_a1e-04,0.3475,0.33112320763107755,0.33112320763107755,500.0
encodec_24k,esc50,4,mlp,h64x3_a1e-03,0.345,0.3317135000922859,0.3317135000922859,500.0
encodec_24k,esc50,4,mlp,h64x3_a1e-02,0.37,0.3551641094003876,0.3551641094003876,500.0
encodec_24k,esc50,5,mlp,h64x3_a1e-05,0.3275,0.3160957390749422,0.3160957390749422,422.0
encodec_24k,esc50,5,mlp,h64x3_a1e-04,0.3275,0.31442416115016736,0.31442416115016736,500.0
encodec_24k,esc50,5,mlp,h64x3_a1e-03,0.3175,0.30133026054724804,0.30133026054724804,422.0
encodec_24k,esc50,5,mlp,h64x3_a1e-02,0.3425,0.32938214588988585,0.32938214588988585,464.0
dacvae,iemocap_4class,Ses01,mlp,h64x3_a1e-05,0.42034405385190726,0.40366868865466277,0.40008302418517766,173.0
dacvae,iemocap_4class,Ses01,mlp,h64x3_a1e-04,0.4083769633507853,0.3904077358005872,0.38560384311206913,171.0
dacvae,iemocap_4class,Ses01,mlp,h64x3_a1e-03,0.41735228122662676,0.39596637698838366,0.39885737184837916,184.0
dacvae,iemocap_4class,Ses01,mlp,h64x3_a1e-02,0.42034405385190726,0.39850245789330035,0.3945058202074013,166.0
dacvae,iemocap_4class,Ses02,mlp,h64x3_a1e-05,0.43845534995977475,0.4154873854277516,0.4388978869926041,161.0
dacvae,iemocap_4class,Ses02,mlp,h64x3_a1e-04,0.42156074014481093,0.3978921938286796,0.41925664850729255,165.0
dacvae,iemocap_4class,Ses02,mlp,h64x3_a1e-03,0.415124698310539,0.40039847951707974,0.41537524374252455,165.0
dacvae,iemocap_4class,Ses02,mlp,h64x3_a1e-02,0.4352373290426388,0.4157029054280046,0.4375944929783778,207.0
dacvae,iemocap_4class,Ses03,mlp,h64x3_a1e-05,0.39300411522633744,0.3774721184800302,0.38885462998084774,175.0
dacvae,iemocap_4class,Ses03,mlp,h64x3_a1e-04,0.39300411522633744,0.38173388076691867,0.39123536217576266,175.0
dacvae,iemocap_4class,Ses03,mlp,h64x3_a1e-03,0.4046639231824417,0.39653596618906795,0.40397097641067925,175.0
dacvae,iemocap_4class,Ses03,mlp,h64x3_a1e-02,0.3840877914951989,0.3703519501075626,0.38101474498650906,167.0
dacvae,iemocap_4class,Ses04,mlp,h64x3_a1e-05,0.3978978978978979,0.3562978122791708,0.39728994180503313,172.0
dacvae,iemocap_4class,Ses04,mlp,h64x3_a1e-04,0.41066066066066065,0.36866409549200324,0.4089370356991398,167.0
dacvae,iemocap_4class,Ses04,mlp,h64x3_a1e-03,0.41216216216216217,0.3752696454267984,0.41043404548953494,185.0
dacvae,iemocap_4class,Ses04,mlp,h64x3_a1e-02,0.42117117117117114,0.38655494697031206,0.42096698322571274,154.0
dacvae,iemocap_4class,Ses05,mlp,h64x3_a1e-05,0.37823490378234903,0.37825146491879913,0.37371288517105705,181.0
dacvae,iemocap_4class,Ses05,mlp,h64x3_a1e-04,0.38354346383543464,0.380662449280623,0.3817077478186317,180.0
dacvae,iemocap_4class,Ses05,mlp,h64x3_a1e-03,0.3861977438619774,0.3806060889128817,0.3800568368390337,181.0
dacvae,iemocap_4class,Ses05,mlp,h64x3_a1e-02,0.39747843397478433,0.394319696586196,0.39463847290196963,176.0
dacvae,ravdess,1,mlp,h64x3_a1e-05,0.3,0.3018977638416473,0.2991671385739476,212.0
dacvae,ravdess,1,mlp,h64x3_a1e-04,0.30666666666666664,0.3097147263312283,0.3036957080866436,212.0
dacvae,ravdess,1,mlp,h64x3_a1e-03,0.30666666666666664,0.3047111563860191,0.3014958217137144,209.0
dacvae,ravdess,1,mlp,h64x3_a1e-02,0.31333333333333335,0.3134447214792597,0.3084151103186178,500.0
dacvae,ravdess,2,mlp,h64x3_a1e-05,0.2866666666666667,0.28537035322025717,0.2826896170783519,211.0
dacvae,ravdess,2,mlp,h64x3_a1e-04,0.3,0.29550837923825235,0.2952089378541358,207.0
dacvae,ravdess,2,mlp,h64x3_a1e-03,0.2966666666666667,0.29019464387989086,0.2904933344242645,204.0
dacvae,ravdess,2,mlp,h64x3_a1e-02,0.30333333333333334,0.29674192016697887,0.2998580481781108,500.0
dacvae,ravdess,3,mlp,h64x3_a1e-05,0.31,0.3036723542218292,0.3037913916730958,216.0
dacvae,ravdess,3,mlp,h64x3_a1e-04,0.31,0.3012442539712099,0.3043575072662603,214.0
dacvae,ravdess,3,mlp,h64x3_a1e-03,0.33,0.3185883034684956,0.31970173753620656,211.0
dacvae,ravdess,3,mlp,h64x3_a1e-02,0.32666666666666666,0.32377053320785565,0.3240219020883794,500.0
dacvae,ravdess,4,mlp,h64x3_a1e-05,0.3433333333333333,0.3291405555947142,0.3381800334945768,213.0
dacvae,ravdess,4,mlp,h64x3_a1e-04,0.33666666666666667,0.3245899829198345,0.3337293151144901,213.0
dacvae,ravdess,4,mlp,h64x3_a1e-03,0.3566666666666667,0.3426722737339316,0.35301709198286046,209.0
dacvae,ravdess,4,mlp,h64x3_a1e-02,0.3233333333333333,0.30987889714124006,0.3172041569506561,500.0
dacvae,ravdess,5,mlp,h64x3_a1e-05,0.3125,0.3075975778149691,0.30588186078041146,232.0
dacvae,ravdess,5,mlp,h64x3_a1e-04,0.3125,0.30677552634339,0.30671440758679547,232.0
dacvae,ravdess,5,mlp,h64x3_a1e-03,0.32083333333333336,0.3149644410950748,0.3154492499885926,232.0
dacvae,ravdess,5,mlp,h64x3_a1e-02,0.29583333333333334,0.2897108277324405,0.2923582162479365,500.0
dacvae,cremad,1,mlp,h64x3_a1e-05,0.32943469785575047,0.32641868867229745,0.329568363873607,212.0
dacvae,cremad,1,mlp,h64x3_a1e-04,0.31773879142300193,0.3162380763134633,0.3192223693355283,260.0
dacvae,cremad,1,mlp,h64x3_a1e-03,0.3333333333333333,0.3354449043344303,0.3374016718413137,223.0
dacvae,cremad,1,mlp,h64x3_a1e-02,0.3300844704353476,0.3270242893191561,0.33047176912511983,164.0
dacvae,cremad,2,mlp,h64x3_a1e-05,0.3305519897304236,0.3240337508814286,0.3251795429259445,207.0
dacvae,cremad,2,mlp,h64x3_a1e-04,0.3453145057766367,0.3393724851684081,0.34176852744634373,250.0
dacvae,cremad,2,mlp,h64x3_a1e-03,0.33825417201540436,0.33146924102101294,0.3329996501444437,221.0
dacvae,cremad,2,mlp,h64x3_a1e-02,0.32734274711168165,0.32238175973517985,0.32334076253331595,171.0
dacvae,cremad,3,mlp,h64x3_a1e-05,0.33889602053915274,0.33704965965630623,0.3381928569301534,154.0
dacvae,cremad,3,mlp,h64x3_a1e-04,0.3363286264441592,0.335557157664461,0.33622115337985437,284.0
dacvae,cremad,3,mlp,h64x3_a1e-03,0.34403080872913994,0.3412688853291539,0.3423201962490191,228.0
dacvae,cremad,3,mlp,h64x3_a1e-02,0.3318356867779204,0.32955000192274914,0.3299018056179341,174.0
dacvae,cremad,4,mlp,h64x3_a1e-05,0.3114964675658317,0.30816707357561024,0.31045396152946225,185.0
dacvae,cremad,4,mlp,h64x3_a1e-04,0.33140655105973027,0.33096165930280114,0.3323134176916262,183.0
dacvae,cremad,4,mlp,h64x3_a1e-03,0.3371868978805395,0.3344697658443449,0.33692490135563713,276.0
dacvae,cremad,4,mlp,h64x3_a1e-02,0.3269107257546564,0.32387209717850335,0.3264739030808551,233.0
dacvae,cremad,5,mlp,h64x3_a1e-05,0.33495934959349594,0.3234480442043764,0.32440313609209337,226.0
dacvae,cremad,5,mlp,h64x3_a1e-04,0.33739837398373984,0.32520110372367356,0.3269882520933837,222.0
dacvae,cremad,5,mlp,h64x3_a1e-03,0.33495934959349594,0.31991778912613206,0.3209349248829374,287.0
dacvae,cremad,5,mlp,h64x3_a1e-02,0.3284552845528455,0.31390716850659767,0.31510332225395693,257.0
dacvae,esc50,1,mlp,h64x3_a1e-05,0.25,0.2528759017040751,0.2528759017040751,488.0
dacvae,esc50,1,mlp,h64x3_a1e-04,0.27,0.2694738897004343,0.2694738897004343,500.0
dacvae,esc50,1,mlp,h64x3_a1e-03,0.2725,0.2717466983070025,0.2717466983070025,460.0
dacvae,esc50,1,mlp,h64x3_a1e-02,0.2525,0.25360570526824394,0.25360570526824394,416.0
dacvae,esc50,2,mlp,h64x3_a1e-05,0.2375,0.23719770419676195,0.23719770419676195,354.0
dacvae,esc50,2,mlp,h64x3_a1e-04,0.24,0.23089800528613547,0.23089800528613547,483.0
dacvae,esc50,2,mlp,h64x3_a1e-03,0.2325,0.21692630295625315,0.21692630295625315,302.0
dacvae,esc50,2,mlp,h64x3_a1e-02,0.24,0.2345803328766177,0.2345803328766177,354.0
dacvae,esc50,3,mlp,h64x3_a1e-05,0.3275,0.32279703217319317,0.32279703217319317,420.0
dacvae,esc50,3,mlp,h64x3_a1e-04,0.3325,0.32689878027029734,0.32689878027029734,420.0
dacvae,esc50,3,mlp,h64x3_a1e-03,0.325,0.3150076421342675,0.3150076421342675,417.0
dacvae,esc50,3,mlp,h64x3_a1e-02,0.335,0.32734215629571667,0.32734215629571667,372.0
dacvae,esc50,4,mlp,h64x3_a1e-05,0.295,0.28662673260691834,0.28662673260691834,328.0
dacvae,esc50,4,mlp,h64x3_a1e-04,0.29,0.2742749128752225,0.2742749128752225,358.0
dacvae,esc50,4,mlp,h64x3_a1e-03,0.3075,0.29427885140390186,0.29427885140390186,326.0
dacvae,esc50,4,mlp,h64x3_a1e-02,0.305,0.28955670816971124,0.28955670816971124,318.0
dacvae,esc50,5,mlp,h64x3_a1e-05,0.285,0.270972858575295,0.270972858575295,327.0
dacvae,esc50,5,mlp,h64x3_a1e-04,0.285,0.27207836652511574,0.27207836652511574,326.0
dacvae,esc50,5,mlp,h64x3_a1e-03,0.2825,0.274294697906153,0.274294697906153,326.0
dacvae,esc50,5,mlp,h64x3_a1e-02,0.2825,0.2712169644791128,0.2712169644791128,327.0
